ISO-10303-21;
HEADER;
FILE_DESCRIPTION(('Open CASCADE Model'),'2;1');
FILE_NAME('Open CASCADE Shape Model','2026-06-22T19:37:30',('Author'),(
    'Open CASCADE'),'Open CASCADE STEP processor 7.9','Open CASCADE 7.9'
  ,'Unknown');
FILE_SCHEMA(('AUTOMOTIVE_DESIGN { 1 0 10303 214 1 1 1 1 }'));
ENDSEC;
DATA;
#1 = APPLICATION_PROTOCOL_DEFINITION('international standard',
  'automotive_design',2000,#2);
#2 = APPLICATION_CONTEXT(
  'core data for automotive mechanical design processes');
#3 = SHAPE_DEFINITION_REPRESENTATION(#4,#10);
#4 = PRODUCT_DEFINITION_SHAPE('','',#5);
#5 = PRODUCT_DEFINITION('design','',#6,#9);
#6 = PRODUCT_DEFINITION_FORMATION('','',#7);
#7 = PRODUCT('Open CASCADE STEP translator 7.9 1',
  'Open CASCADE STEP translator 7.9 1','',(#8));
#8 = PRODUCT_CONTEXT('',#2,'mechanical');
#9 = PRODUCT_DEFINITION_CONTEXT('part definition',#2,'design');
#10 = ADVANCED_BREP_SHAPE_REPRESENTATION('',(#11,#15),#3154);
#11 = AXIS2_PLACEMENT_3D('',#12,#13,#14);
#12 = CARTESIAN_POINT('',(0.,0.,0.));
#13 = DIRECTION('',(0.,0.,1.));
#14 = DIRECTION('',(1.,0.,-0.));
#15 = BREP_WITH_VOIDS('',#16,(#490,#502,#514,#526,#538,#550,#562,#574,
    #586,#598,#610,#622,#634,#646,#658,#670,#682,#694,#706,#718,#730,
    #742,#754,#766,#778,#790,#802,#814,#826,#838,#850,#862,#874,#886,
    #898,#910,#922,#934,#946,#958,#970,#982,#994,#1006,#1018,#1030,#1042
    ,#1054,#1066,#1078,#1090,#1102,#1114,#1126,#1138,#1150,#1162,#1174,
    #1186,#1198,#1210,#1222,#1234,#1246,#1258,#1270,#1282,#1294,#1306,
    #1318,#1330,#1342,#1354,#1366,#1378,#1390,#1402,#1414,#1426,#1438,
    #1450,#1462,#1474,#1486,#1498,#1510,#1522,#1534,#1546,#1558,#1570,
    #1582,#1594,#1606,#1618,#1630,#1642,#1654,#1666,#1678,#1690,#1702,
    #1714,#1726,#1738,#1750,#1762,#1774,#1786,#1798,#1810,#1822,#1834,
    #1846,#1858,#1870,#1882,#1894,#1906,#1918,#1930,#1942,#1954,#1966,
    #1978,#1990,#2002,#2014,#2026,#2038,#2050,#2062,#2074,#2086,#2098,
    #2110,#2122,#2134,#2146,#2158,#2170,#2182,#2194,#2206,#2218,#2230,
    #2242,#2254,#2266,#2278,#2290,#2302,#2314,#2326,#2338,#2350,#2362,
    #2374,#2386,#2398,#2410,#2422,#2434,#2446,#2458,#2470,#2482,#2494,
    #2506,#2518,#2530,#2542,#2554,#2566,#2578,#2590,#2602,#2614,#2626,
    #2638,#2650,#2662,#2674,#2686,#2698,#2710,#2722,#2734,#2746,#2758,
    #2770,#2782,#2794,#2806,#2818,#2830,#2842,#2854,#2866,#2878,#2890,
    #2902,#2914,#2926,#2938,#2950,#2962,#2974,#2986,#2998,#3010,#3022,
    #3034,#3046,#3058,#3070,#3082,#3094,#3106,#3118,#3130,#3142));
#16 = CLOSED_SHELL('',(#17,#249,#346,#399,#428,#457,#486));
#17 = ADVANCED_FACE('',(#18),#31,.T.);
#18 = FACE_BOUND('',#19,.F.);
#19 = EDGE_LOOP('',(#20,#54,#77,#100,#123,#146,#169,#192,#215,#242,#243,
    #244,#245,#246,#247,#248));
#20 = ORIENTED_EDGE('',*,*,#21,.F.);
#21 = EDGE_CURVE('',#22,#22,#24,.T.);
#22 = VERTEX_POINT('',#23);
#23 = CARTESIAN_POINT('',(15.85,0.,0.));
#24 = SURFACE_CURVE('',#25,(#30,#42),.PCURVE_S1.);
#25 = CIRCLE('',#26,15.85);
#26 = AXIS2_PLACEMENT_3D('',#27,#28,#29);
#27 = CARTESIAN_POINT('',(0.,0.,0.));
#28 = DIRECTION('',(0.,0.,1.));
#29 = DIRECTION('',(1.,0.,0.));
#30 = PCURVE('',#31,#36);
#31 = CYLINDRICAL_SURFACE('',#32,15.85);
#32 = AXIS2_PLACEMENT_3D('',#33,#34,#35);
#33 = CARTESIAN_POINT('',(0.,0.,0.));
#34 = DIRECTION('',(-0.,-0.,-1.));
#35 = DIRECTION('',(1.,0.,0.));
#36 = DEFINITIONAL_REPRESENTATION('',(#37),#41);
#37 = LINE('',#38,#39);
#38 = CARTESIAN_POINT('',(-0.,0.));
#39 = VECTOR('',#40,1.);
#40 = DIRECTION('',(-1.,0.));
#41 = ( GEOMETRIC_REPRESENTATION_CONTEXT(2) 
PARAMETRIC_REPRESENTATION_CONTEXT() REPRESENTATION_CONTEXT('2D SPACE',''
  ) );
#42 = PCURVE('',#43,#48);
#43 = PLANE('',#44);
#44 = AXIS2_PLACEMENT_3D('',#45,#46,#47);
#45 = CARTESIAN_POINT('',(-6.901906031745E-16,7.333594807994E-16,0.));
#46 = DIRECTION('',(0.,0.,1.));
#47 = DIRECTION('',(1.,0.,-0.));
#48 = DEFINITIONAL_REPRESENTATION('',(#49),#53);
#49 = CIRCLE('',#50,15.85);
#50 = AXIS2_PLACEMENT_2D('',#51,#52);
#51 = CARTESIAN_POINT('',(6.901906031745E-16,-7.333594807994E-16));
#52 = DIRECTION('',(1.,0.));
#53 = ( GEOMETRIC_REPRESENTATION_CONTEXT(2) 
PARAMETRIC_REPRESENTATION_CONTEXT() REPRESENTATION_CONTEXT('2D SPACE',''
  ) );
#54 = ORIENTED_EDGE('',*,*,#55,.T.);
#55 = EDGE_CURVE('',#22,#56,#58,.T.);
#56 = VERTEX_POINT('',#57);
#57 = CARTESIAN_POINT('',(15.85,0.,7.776888838089));
#58 = SEAM_CURVE('',#59,(#63,#70),.PCURVE_S1.);
#59 = LINE('',#60,#61);
#60 = CARTESIAN_POINT('',(15.85,0.,0.));
#61 = VECTOR('',#62,1.);
#62 = DIRECTION('',(0.,0.,1.));
#63 = PCURVE('',#31,#64);
#64 = DEFINITIONAL_REPRESENTATION('',(#65),#69);
#65 = LINE('',#66,#67);
#66 = CARTESIAN_POINT('',(-6.28318530718,0.));
#67 = VECTOR('',#68,1.);
#68 = DIRECTION('',(-0.,-1.));
#69 = ( GEOMETRIC_REPRESENTATION_CONTEXT(2) 
PARAMETRIC_REPRESENTATION_CONTEXT() REPRESENTATION_CONTEXT('2D SPACE',''
  ) );
#70 = PCURVE('',#31,#71);
#71 = DEFINITIONAL_REPRESENTATION('',(#72),#76);
#72 = LINE('',#73,#74);
#73 = CARTESIAN_POINT('',(-0.,0.));
#74 = VECTOR('',#75,1.);
#75 = DIRECTION('',(-0.,-1.));
#76 = ( GEOMETRIC_REPRESENTATION_CONTEXT(2) 
PARAMETRIC_REPRESENTATION_CONTEXT() REPRESENTATION_CONTEXT('2D SPACE',''
  ) );
#77 = ORIENTED_EDGE('',*,*,#78,.T.);
#78 = EDGE_CURVE('',#56,#79,#81,.T.);
#79 = VERTEX_POINT('',#80);
#80 = CARTESIAN_POINT('',(15.85,0.,11.641305768683));
#81 = SEAM_CURVE('',#82,(#86,#93),.PCURVE_S1.);
#82 = LINE('',#83,#84);
#83 = CARTESIAN_POINT('',(15.85,0.,0.));
#84 = VECTOR('',#85,1.);
#85 = DIRECTION('',(0.,0.,1.));
#86 = PCURVE('',#31,#87);
#87 = DEFINITIONAL_REPRESENTATION('',(#88),#92);
#88 = LINE('',#89,#90);
#89 = CARTESIAN_POINT('',(-6.28318530718,0.));
#90 = VECTOR('',#91,1.);
#91 = DIRECTION('',(-0.,-1.));
#92 = ( GEOMETRIC_REPRESENTATION_CONTEXT(2) 
PARAMETRIC_REPRESENTATION_CONTEXT() REPRESENTATION_CONTEXT('2D SPACE',''
  ) );
#93 = PCURVE('',#31,#94);
#94 = DEFINITIONAL_REPRESENTATION('',(#95),#99);
#95 = LINE('',#96,#97);
#96 = CARTESIAN_POINT('',(-0.,0.));
#97 = VECTOR('',#98,1.);
#98 = DIRECTION('',(-0.,-1.));
#99 = ( GEOMETRIC_REPRESENTATION_CONTEXT(2) 
PARAMETRIC_REPRESENTATION_CONTEXT() REPRESENTATION_CONTEXT('2D SPACE',''
  ) );
#100 = ORIENTED_EDGE('',*,*,#101,.T.);
#101 = EDGE_CURVE('',#79,#102,#104,.T.);
#102 = VERTEX_POINT('',#103);
#103 = CARTESIAN_POINT('',(15.85,0.,13.133164127505));
#104 = SEAM_CURVE('',#105,(#109,#116),.PCURVE_S1.);
#105 = LINE('',#106,#107);
#106 = CARTESIAN_POINT('',(15.85,0.,0.));
#107 = VECTOR('',#108,1.);
#108 = DIRECTION('',(0.,0.,1.));
#109 = PCURVE('',#31,#110);
#110 = DEFINITIONAL_REPRESENTATION('',(#111),#115);
#111 = LINE('',#112,#113);
#112 = CARTESIAN_POINT('',(-6.28318530718,0.));
#113 = VECTOR('',#114,1.);
#114 = DIRECTION('',(-0.,-1.));
#115 = ( GEOMETRIC_REPRESENTATION_CONTEXT(2) 
PARAMETRIC_REPRESENTATION_CONTEXT() REPRESENTATION_CONTEXT('2D SPACE',''
  ) );
#116 = PCURVE('',#31,#117);
#117 = DEFINITIONAL_REPRESENTATION('',(#118),#122);
#118 = LINE('',#119,#120);
#119 = CARTESIAN_POINT('',(-0.,0.));
#120 = VECTOR('',#121,1.);
#121 = DIRECTION('',(-0.,-1.));
#122 = ( GEOMETRIC_REPRESENTATION_CONTEXT(2) 
PARAMETRIC_REPRESENTATION_CONTEXT() REPRESENTATION_CONTEXT('2D SPACE',''
  ) );
#123 = ORIENTED_EDGE('',*,*,#124,.T.);
#124 = EDGE_CURVE('',#102,#125,#127,.T.);
#125 = VERTEX_POINT('',#126);
#126 = CARTESIAN_POINT('',(15.85,0.,16.429242222329));
#127 = SEAM_CURVE('',#128,(#132,#139),.PCURVE_S1.);
#128 = LINE('',#129,#130);
#129 = CARTESIAN_POINT('',(15.85,0.,0.));
#130 = VECTOR('',#131,1.);
#131 = DIRECTION('',(0.,0.,1.));
#132 = PCURVE('',#31,#133);
#133 = DEFINITIONAL_REPRESENTATION('',(#134),#138);
#134 = LINE('',#135,#136);
#135 = CARTESIAN_POINT('',(-6.28318530718,0.));
#136 = VECTOR('',#137,1.);
#137 = DIRECTION('',(-0.,-1.));
#138 = ( GEOMETRIC_REPRESENTATION_CONTEXT(2) 
PARAMETRIC_REPRESENTATION_CONTEXT() REPRESENTATION_CONTEXT('2D SPACE',''
  ) );
#139 = PCURVE('',#31,#140);
#140 = DEFINITIONAL_REPRESENTATION('',(#141),#145);
#141 = LINE('',#142,#143);
#142 = CARTESIAN_POINT('',(-0.,0.));
#143 = VECTOR('',#144,1.);
#144 = DIRECTION('',(-0.,-1.));
#145 = ( GEOMETRIC_REPRESENTATION_CONTEXT(2) 
PARAMETRIC_REPRESENTATION_CONTEXT() REPRESENTATION_CONTEXT('2D SPACE',''
  ) );
#146 = ORIENTED_EDGE('',*,*,#147,.T.);
#147 = EDGE_CURVE('',#125,#148,#150,.T.);
#148 = VERTEX_POINT('',#149);
#149 = CARTESIAN_POINT('',(15.85,0.,17.789884766349));
#150 = SEAM_CURVE('',#151,(#155,#162),.PCURVE_S1.);
#151 = LINE('',#152,#153);
#152 = CARTESIAN_POINT('',(15.85,0.,0.));
#153 = VECTOR('',#154,1.);
#154 = DIRECTION('',(0.,0.,1.));
#155 = PCURVE('',#31,#156);
#156 = DEFINITIONAL_REPRESENTATION('',(#157),#161);
#157 = LINE('',#158,#159);
#158 = CARTESIAN_POINT('',(-6.28318530718,0.));
#159 = VECTOR('',#160,1.);
#160 = DIRECTION('',(-0.,-1.));
#161 = ( GEOMETRIC_REPRESENTATION_CONTEXT(2) 
PARAMETRIC_REPRESENTATION_CONTEXT() REPRESENTATION_CONTEXT('2D SPACE',''
  ) );
#162 = PCURVE('',#31,#163);
#163 = DEFINITIONAL_REPRESENTATION('',(#164),#168);
#164 = LINE('',#165,#166);
#165 = CARTESIAN_POINT('',(-0.,0.));
#166 = VECTOR('',#167,1.);
#167 = DIRECTION('',(-0.,-1.));
#168 = ( GEOMETRIC_REPRESENTATION_CONTEXT(2) 
PARAMETRIC_REPRESENTATION_CONTEXT() REPRESENTATION_CONTEXT('2D SPACE',''
  ) );
#169 = ORIENTED_EDGE('',*,*,#170,.T.);
#170 = EDGE_CURVE('',#148,#171,#173,.T.);
#171 = VERTEX_POINT('',#172);
#172 = CARTESIAN_POINT('',(15.85,0.,20.888274222635));
#173 = SEAM_CURVE('',#174,(#178,#185),.PCURVE_S1.);
#174 = LINE('',#175,#176);
#175 = CARTESIAN_POINT('',(15.85,0.,0.));
#176 = VECTOR('',#177,1.);
#177 = DIRECTION('',(0.,0.,1.));
#178 = PCURVE('',#31,#179);
#179 = DEFINITIONAL_REPRESENTATION('',(#180),#184);
#180 = LINE('',#181,#182);
#181 = CARTESIAN_POINT('',(-6.28318530718,0.));
#182 = VECTOR('',#183,1.);
#183 = DIRECTION('',(-0.,-1.));
#184 = ( GEOMETRIC_REPRESENTATION_CONTEXT(2) 
PARAMETRIC_REPRESENTATION_CONTEXT() REPRESENTATION_CONTEXT('2D SPACE',''
  ) );
#185 = PCURVE('',#31,#186);
#186 = DEFINITIONAL_REPRESENTATION('',(#187),#191);
#187 = LINE('',#188,#189);
#188 = CARTESIAN_POINT('',(-0.,0.));
#189 = VECTOR('',#190,1.);
#190 = DIRECTION('',(-0.,-1.));
#191 = ( GEOMETRIC_REPRESENTATION_CONTEXT(2) 
PARAMETRIC_REPRESENTATION_CONTEXT() REPRESENTATION_CONTEXT('2D SPACE',''
  ) );
#192 = ORIENTED_EDGE('',*,*,#193,.T.);
#193 = EDGE_CURVE('',#171,#194,#196,.T.);
#194 = VERTEX_POINT('',#195);
#195 = CARTESIAN_POINT('',(15.85,0.,29.5));
#196 = SEAM_CURVE('',#197,(#201,#208),.PCURVE_S1.);
#197 = LINE('',#198,#199);
#198 = CARTESIAN_POINT('',(15.85,0.,0.));
#199 = VECTOR('',#200,1.);
#200 = DIRECTION('',(0.,0.,1.));
#201 = PCURVE('',#31,#202);
#202 = DEFINITIONAL_REPRESENTATION('',(#203),#207);
#203 = LINE('',#204,#205);
#204 = CARTESIAN_POINT('',(-6.28318530718,0.));
#205 = VECTOR('',#206,1.);
#206 = DIRECTION('',(-0.,-1.));
#207 = ( GEOMETRIC_REPRESENTATION_CONTEXT(2) 
PARAMETRIC_REPRESENTATION_CONTEXT() REPRESENTATION_CONTEXT('2D SPACE',''
  ) );
#208 = PCURVE('',#31,#209);
#209 = DEFINITIONAL_REPRESENTATION('',(#210),#214);
#210 = LINE('',#211,#212);
#211 = CARTESIAN_POINT('',(-0.,0.));
#212 = VECTOR('',#213,1.);
#213 = DIRECTION('',(-0.,-1.));
#214 = ( GEOMETRIC_REPRESENTATION_CONTEXT(2) 
PARAMETRIC_REPRESENTATION_CONTEXT() REPRESENTATION_CONTEXT('2D SPACE',''
  ) );
#215 = ORIENTED_EDGE('',*,*,#216,.T.);
#216 = EDGE_CURVE('',#194,#194,#217,.T.);
#217 = SURFACE_CURVE('',#218,(#223,#230),.PCURVE_S1.);
#218 = CIRCLE('',#219,15.85);
#219 = AXIS2_PLACEMENT_3D('',#220,#221,#222);
#220 = CARTESIAN_POINT('',(0.,0.,29.5));
#221 = DIRECTION('',(0.,0.,1.));
#222 = DIRECTION('',(1.,0.,-0.));
#223 = PCURVE('',#31,#224);
#224 = DEFINITIONAL_REPRESENTATION('',(#225),#229);
#225 = LINE('',#226,#227);
#226 = CARTESIAN_POINT('',(-0.,-29.5));
#227 = VECTOR('',#228,1.);
#228 = DIRECTION('',(-1.,0.));
#229 = ( GEOMETRIC_REPRESENTATION_CONTEXT(2) 
PARAMETRIC_REPRESENTATION_CONTEXT() REPRESENTATION_CONTEXT('2D SPACE',''
  ) );
#230 = PCURVE('',#231,#236);
#231 = CONICAL_SURFACE('',#232,15.85,0.785398163397);
#232 = AXIS2_PLACEMENT_3D('',#233,#234,#235);
#233 = CARTESIAN_POINT('',(0.,0.,29.5));
#234 = DIRECTION('',(-0.,-0.,-1.));
#235 = DIRECTION('',(1.,0.,0.));
#236 = DEFINITIONAL_REPRESENTATION('',(#237),#241);
#237 = LINE('',#238,#239);
#238 = CARTESIAN_POINT('',(-0.,-0.));
#239 = VECTOR('',#240,1.);
#240 = DIRECTION('',(-1.,-0.));
#241 = ( GEOMETRIC_REPRESENTATION_CONTEXT(2) 
PARAMETRIC_REPRESENTATION_CONTEXT() REPRESENTATION_CONTEXT('2D SPACE',''
  ) );
#242 = ORIENTED_EDGE('',*,*,#193,.F.);
#243 = ORIENTED_EDGE('',*,*,#170,.F.);
#244 = ORIENTED_EDGE('',*,*,#147,.F.);
#245 = ORIENTED_EDGE('',*,*,#124,.F.);
#246 = ORIENTED_EDGE('',*,*,#101,.F.);
#247 = ORIENTED_EDGE('',*,*,#78,.F.);
#248 = ORIENTED_EDGE('',*,*,#55,.F.);
#249 = ADVANCED_FACE('',(#250,#253,#284,#315),#43,.F.);
#250 = FACE_BOUND('',#251,.F.);
#251 = EDGE_LOOP('',(#252));
#252 = ORIENTED_EDGE('',*,*,#21,.T.);
#253 = FACE_BOUND('',#254,.F.);
#254 = EDGE_LOOP('',(#255));
#255 = ORIENTED_EDGE('',*,*,#256,.F.);
#256 = EDGE_CURVE('',#257,#257,#259,.T.);
#257 = VERTEX_POINT('',#258);
#258 = CARTESIAN_POINT('',(12.398576674291,1.058942274384,
    -1.873501354055E-16));
#259 = SURFACE_CURVE('',#260,(#265,#272),.PCURVE_S1.);
#260 = CIRCLE('',#261,0.294811092476);
#261 = AXIS2_PLACEMENT_3D('',#262,#263,#264);
#262 = CARTESIAN_POINT('',(12.103765581815,1.058942274384,0.));
#263 = DIRECTION('',(0.,0.,1.));
#264 = DIRECTION('',(1.,0.,-0.));
#265 = PCURVE('',#43,#266);
#266 = DEFINITIONAL_REPRESENTATION('',(#267),#271);
#267 = CIRCLE('',#268,0.294811092476);
#268 = AXIS2_PLACEMENT_2D('',#269,#270);
#269 = CARTESIAN_POINT('',(12.103765581815,1.058942274384));
#270 = DIRECTION('',(1.,0.));
#271 = ( GEOMETRIC_REPRESENTATION_CONTEXT(2) 
PARAMETRIC_REPRESENTATION_CONTEXT() REPRESENTATION_CONTEXT('2D SPACE',''
  ) );
#272 = PCURVE('',#273,#278);
#273 = SPHERICAL_SURFACE('',#274,0.3);
#274 = AXIS2_PLACEMENT_3D('',#275,#276,#277);
#275 = CARTESIAN_POINT('',(12.103765581815,1.058942274384,
    5.555555555556E-02));
#276 = DIRECTION('',(0.,0.,1.));
#277 = DIRECTION('',(1.,0.,0.));
#278 = DEFINITIONAL_REPRESENTATION('',(#279),#283);
#279 = LINE('',#280,#281);
#280 = CARTESIAN_POINT('',(0.,-0.186260303577));
#281 = VECTOR('',#282,1.);
#282 = DIRECTION('',(1.,0.));
#283 = ( GEOMETRIC_REPRESENTATION_CONTEXT(2) 
PARAMETRIC_REPRESENTATION_CONTEXT() REPRESENTATION_CONTEXT('2D SPACE',''
  ) );
#284 = FACE_BOUND('',#285,.F.);
#285 = EDGE_LOOP('',(#286));
#286 = ORIENTED_EDGE('',*,*,#287,.F.);
#287 = EDGE_CURVE('',#288,#288,#290,.T.);
#288 = VERTEX_POINT('',#289);
#289 = CARTESIAN_POINT('',(11.124951157242,5.134811880149,
    -5.551115123126E-17));
#290 = SURFACE_CURVE('',#291,(#296,#303),.PCURVE_S1.);
#291 = CIRCLE('',#292,0.113311544747);
#292 = AXIS2_PLACEMENT_3D('',#293,#294,#295);
#293 = CARTESIAN_POINT('',(11.011639612495,5.134811880149,0.));
#294 = DIRECTION('',(0.,0.,1.));
#295 = DIRECTION('',(1.,0.,-0.));
#296 = PCURVE('',#43,#297);
#297 = DEFINITIONAL_REPRESENTATION('',(#298),#302);
#298 = CIRCLE('',#299,0.113311544747);
#299 = AXIS2_PLACEMENT_2D('',#300,#301);
#300 = CARTESIAN_POINT('',(11.011639612495,5.134811880149));
#301 = DIRECTION('',(1.,0.));
#302 = ( GEOMETRIC_REPRESENTATION_CONTEXT(2) 
PARAMETRIC_REPRESENTATION_CONTEXT() REPRESENTATION_CONTEXT('2D SPACE',''
  ) );
#303 = PCURVE('',#304,#309);
#304 = SPHERICAL_SURFACE('',#305,0.3);
#305 = AXIS2_PLACEMENT_3D('',#306,#307,#308);
#306 = CARTESIAN_POINT('',(11.011639612495,5.134811880149,0.277777777778
    ));
#307 = DIRECTION('',(0.,0.,1.));
#308 = DIRECTION('',(1.,0.,0.));
#309 = DEFINITIONAL_REPRESENTATION('',(#310),#314);
#310 = LINE('',#311,#312);
#311 = CARTESIAN_POINT('',(0.,-1.183479725906));
#312 = VECTOR('',#313,1.);
#313 = DIRECTION('',(1.,0.));
#314 = ( GEOMETRIC_REPRESENTATION_CONTEXT(2) 
PARAMETRIC_REPRESENTATION_CONTEXT() REPRESENTATION_CONTEXT('2D SPACE',''
  ) );
#315 = FACE_BOUND('',#316,.F.);
#316 = EDGE_LOOP('',(#317));
#317 = ORIENTED_EDGE('',*,*,#318,.F.);
#318 = EDGE_CURVE('',#319,#319,#321,.T.);
#319 = VERTEX_POINT('',#320);
#320 = CARTESIAN_POINT('',(11.985442615197,3.144651397996,0.));
#321 = SURFACE_CURVE('',#322,(#327,#334),.PCURVE_S1.);
#322 = CIRCLE('',#323,0.249443825785);
#323 = AXIS2_PLACEMENT_3D('',#324,#325,#326);
#324 = CARTESIAN_POINT('',(11.735998789412,3.144651397996,0.));
#325 = DIRECTION('',(0.,0.,1.));
#326 = DIRECTION('',(1.,0.,-0.));
#327 = PCURVE('',#43,#328);
#328 = DEFINITIONAL_REPRESENTATION('',(#329),#333);
#329 = CIRCLE('',#330,0.249443825785);
#330 = AXIS2_PLACEMENT_2D('',#331,#332);
#331 = CARTESIAN_POINT('',(11.735998789412,3.144651397996));
#332 = DIRECTION('',(1.,0.));
#333 = ( GEOMETRIC_REPRESENTATION_CONTEXT(2) 
PARAMETRIC_REPRESENTATION_CONTEXT() REPRESENTATION_CONTEXT('2D SPACE',''
  ) );
#334 = PCURVE('',#335,#340);
#335 = SPHERICAL_SURFACE('',#336,0.3);
#336 = AXIS2_PLACEMENT_3D('',#337,#338,#339);
#337 = CARTESIAN_POINT('',(11.735998789412,3.144651397996,0.166666666667
    ));
#338 = DIRECTION('',(0.,0.,1.));
#339 = DIRECTION('',(1.,0.,0.));
#340 = DEFINITIONAL_REPRESENTATION('',(#341),#345);
#341 = LINE('',#342,#343);
#342 = CARTESIAN_POINT('',(0.,-0.589030970216));
#343 = VECTOR('',#344,1.);
#344 = DIRECTION('',(1.,0.));
#345 = ( GEOMETRIC_REPRESENTATION_CONTEXT(2) 
PARAMETRIC_REPRESENTATION_CONTEXT() REPRESENTATION_CONTEXT('2D SPACE',''
  ) );
#346 = ADVANCED_FACE('',(#347),#231,.T.);
#347 = FACE_BOUND('',#348,.T.);
#348 = EDGE_LOOP('',(#349,#370,#371,#372));
#349 = ORIENTED_EDGE('',*,*,#350,.F.);
#350 = EDGE_CURVE('',#194,#351,#353,.T.);
#351 = VERTEX_POINT('',#352);
#352 = CARTESIAN_POINT('',(14.35,0.,31.));
#353 = SEAM_CURVE('',#354,(#358,#364),.PCURVE_S1.);
#354 = LINE('',#355,#356);
#355 = CARTESIAN_POINT('',(15.85,0.,29.5));
#356 = VECTOR('',#357,1.);
#357 = DIRECTION('',(-0.707106781187,0.,0.707106781187));
#358 = PCURVE('',#231,#359);
#359 = DEFINITIONAL_REPRESENTATION('',(#360),#363);
#360 = B_SPLINE_CURVE_WITH_KNOTS('',1,(#361,#362),.UNSPECIFIED.,.F.,.F.,
  (2,2),(0.,2.12132034356),.PIECEWISE_BEZIER_KNOTS.);
#361 = CARTESIAN_POINT('',(0.,0.));
#362 = CARTESIAN_POINT('',(0.,-1.5));
#363 = ( GEOMETRIC_REPRESENTATION_CONTEXT(2) 
PARAMETRIC_REPRESENTATION_CONTEXT() REPRESENTATION_CONTEXT('2D SPACE',''
  ) );
#364 = PCURVE('',#231,#365);
#365 = DEFINITIONAL_REPRESENTATION('',(#366),#369);
#366 = B_SPLINE_CURVE_WITH_KNOTS('',1,(#367,#368),.UNSPECIFIED.,.F.,.F.,
  (2,2),(0.,2.12132034356),.PIECEWISE_BEZIER_KNOTS.);
#367 = CARTESIAN_POINT('',(-6.28318530718,0.));
#368 = CARTESIAN_POINT('',(-6.28318530718,-1.5));
#369 = ( GEOMETRIC_REPRESENTATION_CONTEXT(2) 
PARAMETRIC_REPRESENTATION_CONTEXT() REPRESENTATION_CONTEXT('2D SPACE',''
  ) );
#370 = ORIENTED_EDGE('',*,*,#216,.T.);
#371 = ORIENTED_EDGE('',*,*,#350,.T.);
#372 = ORIENTED_EDGE('',*,*,#373,.F.);
#373 = EDGE_CURVE('',#351,#351,#374,.T.);
#374 = SURFACE_CURVE('',#375,(#380,#387),.PCURVE_S1.);
#375 = CIRCLE('',#376,14.35);
#376 = AXIS2_PLACEMENT_3D('',#377,#378,#379);
#377 = CARTESIAN_POINT('',(0.,0.,31.));
#378 = DIRECTION('',(0.,0.,1.));
#379 = DIRECTION('',(1.,0.,-0.));
#380 = PCURVE('',#231,#381);
#381 = DEFINITIONAL_REPRESENTATION('',(#382),#386);
#382 = LINE('',#383,#384);
#383 = CARTESIAN_POINT('',(-0.,-1.5));
#384 = VECTOR('',#385,1.);
#385 = DIRECTION('',(-1.,-0.));
#386 = ( GEOMETRIC_REPRESENTATION_CONTEXT(2) 
PARAMETRIC_REPRESENTATION_CONTEXT() REPRESENTATION_CONTEXT('2D SPACE',''
  ) );
#387 = PCURVE('',#388,#393);
#388 = PLANE('',#389);
#389 = AXIS2_PLACEMENT_3D('',#390,#391,#392);
#390 = CARTESIAN_POINT('',(-6.901906031745E-16,7.333594807994E-16,31.));
#391 = DIRECTION('',(0.,0.,1.));
#392 = DIRECTION('',(1.,0.,-0.));
#393 = DEFINITIONAL_REPRESENTATION('',(#394),#398);
#394 = CIRCLE('',#395,14.35);
#395 = AXIS2_PLACEMENT_2D('',#396,#397);
#396 = CARTESIAN_POINT('',(6.901906031745E-16,-7.333594807994E-16));
#397 = DIRECTION('',(1.,0.));
#398 = ( GEOMETRIC_REPRESENTATION_CONTEXT(2) 
PARAMETRIC_REPRESENTATION_CONTEXT() REPRESENTATION_CONTEXT('2D SPACE',''
  ) );
#399 = ADVANCED_FACE('',(#400),#273,.F.);
#400 = FACE_BOUND('',#401,.F.);
#401 = EDGE_LOOP('',(#402,#426,#427));
#402 = ORIENTED_EDGE('',*,*,#403,.T.);
#403 = EDGE_CURVE('',#257,#404,#406,.T.);
#404 = VERTEX_POINT('',#405);
#405 = CARTESIAN_POINT('',(12.103765581815,1.058942274384,0.355555555556
    ));
#406 = SEAM_CURVE('',#407,(#412,#419),.PCURVE_S1.);
#407 = CIRCLE('',#408,0.3);
#408 = AXIS2_PLACEMENT_3D('',#409,#410,#411);
#409 = CARTESIAN_POINT('',(12.103765581815,1.058942274384,
    5.555555555556E-02));
#410 = DIRECTION('',(-2.449293598295E-16,-1.,0.));
#411 = DIRECTION('',(1.,-2.449293598295E-16,0.));
#412 = PCURVE('',#273,#413);
#413 = DEFINITIONAL_REPRESENTATION('',(#414),#418);
#414 = LINE('',#415,#416);
#415 = CARTESIAN_POINT('',(6.28318530718,-6.28318530718));
#416 = VECTOR('',#417,1.);
#417 = DIRECTION('',(0.,1.));
#418 = ( GEOMETRIC_REPRESENTATION_CONTEXT(2) 
PARAMETRIC_REPRESENTATION_CONTEXT() REPRESENTATION_CONTEXT('2D SPACE',''
  ) );
#419 = PCURVE('',#273,#420);
#420 = DEFINITIONAL_REPRESENTATION('',(#421),#425);
#421 = LINE('',#422,#423);
#422 = CARTESIAN_POINT('',(0.,-6.28318530718));
#423 = VECTOR('',#424,1.);
#424 = DIRECTION('',(0.,1.));
#425 = ( GEOMETRIC_REPRESENTATION_CONTEXT(2) 
PARAMETRIC_REPRESENTATION_CONTEXT() REPRESENTATION_CONTEXT('2D SPACE',''
  ) );
#426 = ORIENTED_EDGE('',*,*,#403,.F.);
#427 = ORIENTED_EDGE('',*,*,#256,.T.);
#428 = ADVANCED_FACE('',(#429),#304,.F.);
#429 = FACE_BOUND('',#430,.F.);
#430 = EDGE_LOOP('',(#431,#455,#456));
#431 = ORIENTED_EDGE('',*,*,#432,.T.);
#432 = EDGE_CURVE('',#288,#433,#435,.T.);
#433 = VERTEX_POINT('',#434);
#434 = CARTESIAN_POINT('',(11.011639612495,5.134811880149,0.577777777778
    ));
#435 = SEAM_CURVE('',#436,(#441,#448),.PCURVE_S1.);
#436 = CIRCLE('',#437,0.3);
#437 = AXIS2_PLACEMENT_3D('',#438,#439,#440);
#438 = CARTESIAN_POINT('',(11.011639612495,5.134811880149,0.277777777778
    ));
#439 = DIRECTION('',(-2.449293598295E-16,-1.,0.));
#440 = DIRECTION('',(1.,-2.449293598295E-16,0.));
#441 = PCURVE('',#304,#442);
#442 = DEFINITIONAL_REPRESENTATION('',(#443),#447);
#443 = LINE('',#444,#445);
#444 = CARTESIAN_POINT('',(6.28318530718,-6.28318530718));
#445 = VECTOR('',#446,1.);
#446 = DIRECTION('',(0.,1.));
#447 = ( GEOMETRIC_REPRESENTATION_CONTEXT(2) 
PARAMETRIC_REPRESENTATION_CONTEXT() REPRESENTATION_CONTEXT('2D SPACE',''
  ) );
#448 = PCURVE('',#304,#449);
#449 = DEFINITIONAL_REPRESENTATION('',(#450),#454);
#450 = LINE('',#451,#452);
#451 = CARTESIAN_POINT('',(0.,-6.28318530718));
#452 = VECTOR('',#453,1.);
#453 = DIRECTION('',(0.,1.));
#454 = ( GEOMETRIC_REPRESENTATION_CONTEXT(2) 
PARAMETRIC_REPRESENTATION_CONTEXT() REPRESENTATION_CONTEXT('2D SPACE',''
  ) );
#455 = ORIENTED_EDGE('',*,*,#432,.F.);
#456 = ORIENTED_EDGE('',*,*,#287,.T.);
#457 = ADVANCED_FACE('',(#458),#335,.F.);
#458 = FACE_BOUND('',#459,.F.);
#459 = EDGE_LOOP('',(#460,#484,#485));
#460 = ORIENTED_EDGE('',*,*,#461,.T.);
#461 = EDGE_CURVE('',#319,#462,#464,.T.);
#462 = VERTEX_POINT('',#463);
#463 = CARTESIAN_POINT('',(11.735998789412,3.144651397996,0.466666666667
    ));
#464 = SEAM_CURVE('',#465,(#470,#477),.PCURVE_S1.);
#465 = CIRCLE('',#466,0.3);
#466 = AXIS2_PLACEMENT_3D('',#467,#468,#469);
#467 = CARTESIAN_POINT('',(11.735998789412,3.144651397996,0.166666666667
    ));
#468 = DIRECTION('',(-2.449293598295E-16,-1.,0.));
#469 = DIRECTION('',(1.,-2.449293598295E-16,0.));
#470 = PCURVE('',#335,#471);
#471 = DEFINITIONAL_REPRESENTATION('',(#472),#476);
#472 = LINE('',#473,#474);
#473 = CARTESIAN_POINT('',(6.28318530718,-6.28318530718));
#474 = VECTOR('',#475,1.);
#475 = DIRECTION('',(0.,1.));
#476 = ( GEOMETRIC_REPRESENTATION_CONTEXT(2) 
PARAMETRIC_REPRESENTATION_CONTEXT() REPRESENTATION_CONTEXT('2D SPACE',''
  ) );
#477 = PCURVE('',#335,#478);
#478 = DEFINITIONAL_REPRESENTATION('',(#479),#483);
#479 = LINE('',#480,#481);
#480 = CARTESIAN_POINT('',(0.,-6.28318530718));
#481 = VECTOR('',#482,1.);
#482 = DIRECTION('',(0.,1.));
#483 = ( GEOMETRIC_REPRESENTATION_CONTEXT(2) 
PARAMETRIC_REPRESENTATION_CONTEXT() REPRESENTATION_CONTEXT('2D SPACE',''
  ) );
#484 = ORIENTED_EDGE('',*,*,#461,.F.);
#485 = ORIENTED_EDGE('',*,*,#318,.T.);
#486 = ADVANCED_FACE('',(#487),#388,.T.);
#487 = FACE_BOUND('',#488,.T.);
#488 = EDGE_LOOP('',(#489));
#489 = ORIENTED_EDGE('',*,*,#373,.T.);
#490 = ORIENTED_CLOSED_SHELL('',*,#491,.F.);
#491 = CLOSED_SHELL('',(#492));
#492 = ADVANCED_FACE('',(#493),#497,.T.);
#493 = FACE_BOUND('',#494,.T.);
#494 = VERTEX_LOOP('',#495);
#495 = VERTEX_POINT('',#496);
#496 = CARTESIAN_POINT('',(-6.968953701665,-9.952697338111,
    2.311111111111));
#497 = SPHERICAL_SURFACE('',#498,0.3);
#498 = AXIS2_PLACEMENT_3D('',#499,#500,#501);
#499 = CARTESIAN_POINT('',(-6.968953701665,-9.952697338111,
    2.611111111111));
#500 = DIRECTION('',(0.,0.,1.));
#501 = DIRECTION('',(1.,0.,0.));
#502 = ORIENTED_CLOSED_SHELL('',*,#503,.F.);
#503 = CLOSED_SHELL('',(#504));
#504 = ADVANCED_FACE('',(#505),#509,.T.);
#505 = FACE_BOUND('',#506,.T.);
#506 = VERTEX_LOOP('',#507);
#507 = VERTEX_POINT('',#508);
#508 = CARTESIAN_POINT('',(-9.952697338111,-6.968953701665,
    2.088888888889));
#509 = SPHERICAL_SURFACE('',#510,0.3);
#510 = AXIS2_PLACEMENT_3D('',#511,#512,#513);
#511 = CARTESIAN_POINT('',(-9.952697338111,-6.968953701665,
    2.388888888889));
#512 = DIRECTION('',(0.,0.,1.));
#513 = DIRECTION('',(1.,0.,0.));
#514 = ORIENTED_CLOSED_SHELL('',*,#515,.F.);
#515 = CLOSED_SHELL('',(#516));
#516 = ADVANCED_FACE('',(#517),#521,.T.);
#517 = FACE_BOUND('',#518,.T.);
#518 = VERTEX_LOOP('',#519);
#519 = VERTEX_POINT('',#520);
#520 = CARTESIAN_POINT('',(-8.591347391417,-8.591347391417,2.2));
#521 = SPHERICAL_SURFACE('',#522,0.3);
#522 = AXIS2_PLACEMENT_3D('',#523,#524,#525);
#523 = CARTESIAN_POINT('',(-8.591347391417,-8.591347391417,2.5));
#524 = DIRECTION('',(0.,0.,1.));
#525 = DIRECTION('',(1.,0.,0.));
#526 = ORIENTED_CLOSED_SHELL('',*,#527,.F.);
#527 = CLOSED_SHELL('',(#528));
#528 = ADVANCED_FACE('',(#529),#533,.T.);
#529 = FACE_BOUND('',#530,.T.);
#530 = VERTEX_LOOP('',#531);
#531 = VERTEX_POINT('',#532);
#532 = CARTESIAN_POINT('',(-5.13481188015,-11.01163961249,2.422222222222
    ));
#533 = SPHERICAL_SURFACE('',#534,0.3);
#534 = AXIS2_PLACEMENT_3D('',#535,#536,#537);
#535 = CARTESIAN_POINT('',(-5.13481188015,-11.01163961249,2.722222222222
    ));
#536 = DIRECTION('',(0.,0.,1.));
#537 = DIRECTION('',(1.,0.,0.));
#538 = ORIENTED_CLOSED_SHELL('',*,#539,.F.);
#539 = CLOSED_SHELL('',(#540));
#540 = ADVANCED_FACE('',(#541),#545,.T.);
#541 = FACE_BOUND('',#542,.T.);
#542 = VERTEX_LOOP('',#543);
#543 = VERTEX_POINT('',#544);
#544 = CARTESIAN_POINT('',(-3.144651397996,-11.73599878941,
    2.533333333333));
#545 = SPHERICAL_SURFACE('',#546,0.3);
#546 = AXIS2_PLACEMENT_3D('',#547,#548,#549);
#547 = CARTESIAN_POINT('',(-3.144651397996,-11.73599878941,
    2.833333333333));
#548 = DIRECTION('',(0.,0.,1.));
#549 = DIRECTION('',(1.,0.,0.));
#550 = ORIENTED_CLOSED_SHELL('',*,#551,.F.);
#551 = CLOSED_SHELL('',(#552));
#552 = ADVANCED_FACE('',(#553),#557,.T.);
#553 = FACE_BOUND('',#554,.T.);
#554 = VERTEX_LOOP('',#555);
#555 = VERTEX_POINT('',#556);
#556 = CARTESIAN_POINT('',(-1.058942274384,-12.10376558181,
    2.644444444444));
#557 = SPHERICAL_SURFACE('',#558,0.3);
#558 = AXIS2_PLACEMENT_3D('',#559,#560,#561);
#559 = CARTESIAN_POINT('',(-1.058942274384,-12.10376558181,
    2.944444444444));
#560 = DIRECTION('',(0.,0.,1.));
#561 = DIRECTION('',(1.,0.,0.));
#562 = ORIENTED_CLOSED_SHELL('',*,#563,.F.);
#563 = CLOSED_SHELL('',(#564));
#564 = ADVANCED_FACE('',(#565),#569,.T.);
#565 = FACE_BOUND('',#566,.T.);
#566 = VERTEX_LOOP('',#567);
#567 = VERTEX_POINT('',#568);
#568 = CARTESIAN_POINT('',(-11.01163961249,-5.134811880149,
    1.977777777778));
#569 = SPHERICAL_SURFACE('',#570,0.3);
#570 = AXIS2_PLACEMENT_3D('',#571,#572,#573);
#571 = CARTESIAN_POINT('',(-11.01163961249,-5.134811880149,
    2.277777777778));
#572 = DIRECTION('',(0.,0.,1.));
#573 = DIRECTION('',(1.,0.,0.));
#574 = ORIENTED_CLOSED_SHELL('',*,#575,.F.);
#575 = CLOSED_SHELL('',(#576));
#576 = ADVANCED_FACE('',(#577),#581,.T.);
#577 = FACE_BOUND('',#578,.T.);
#578 = VERTEX_LOOP('',#579);
#579 = VERTEX_POINT('',#580);
#580 = CARTESIAN_POINT('',(-11.73599878941,-3.144651397996,
    1.866666666667));
#581 = SPHERICAL_SURFACE('',#582,0.3);
#582 = AXIS2_PLACEMENT_3D('',#583,#584,#585);
#583 = CARTESIAN_POINT('',(-11.73599878941,-3.144651397996,
    2.166666666667));
#584 = DIRECTION('',(0.,0.,1.));
#585 = DIRECTION('',(1.,0.,0.));
#586 = ORIENTED_CLOSED_SHELL('',*,#587,.F.);
#587 = CLOSED_SHELL('',(#588));
#588 = ADVANCED_FACE('',(#589),#593,.T.);
#589 = FACE_BOUND('',#590,.T.);
#590 = VERTEX_LOOP('',#591);
#591 = VERTEX_POINT('',#592);
#592 = CARTESIAN_POINT('',(-12.10376558181,-1.058942274384,
    1.755555555556));
#593 = SPHERICAL_SURFACE('',#594,0.3);
#594 = AXIS2_PLACEMENT_3D('',#595,#596,#597);
#595 = CARTESIAN_POINT('',(-12.10376558181,-1.058942274384,
    2.055555555556));
#596 = DIRECTION('',(0.,0.,1.));
#597 = DIRECTION('',(1.,0.,0.));
#598 = ORIENTED_CLOSED_SHELL('',*,#599,.F.);
#599 = CLOSED_SHELL('',(#600));
#600 = ADVANCED_FACE('',(#601),#605,.T.);
#601 = FACE_BOUND('',#602,.T.);
#602 = VERTEX_LOOP('',#603);
#603 = VERTEX_POINT('',#604);
#604 = CARTESIAN_POINT('',(-11.01163961249,-5.134811880149,
    5.977777777778));
#605 = SPHERICAL_SURFACE('',#606,0.3);
#606 = AXIS2_PLACEMENT_3D('',#607,#608,#609);
#607 = CARTESIAN_POINT('',(-11.01163961249,-5.134811880149,
    6.277777777778));
#608 = DIRECTION('',(0.,0.,1.));
#609 = DIRECTION('',(1.,0.,0.));
#610 = ORIENTED_CLOSED_SHELL('',*,#611,.F.);
#611 = CLOSED_SHELL('',(#612));
#612 = ADVANCED_FACE('',(#613),#617,.T.);
#613 = FACE_BOUND('',#614,.T.);
#614 = VERTEX_LOOP('',#615);
#615 = VERTEX_POINT('',#616);
#616 = CARTESIAN_POINT('',(-11.73599878941,-3.144651397996,
    5.866666666667));
#617 = SPHERICAL_SURFACE('',#618,0.3);
#618 = AXIS2_PLACEMENT_3D('',#619,#620,#621);
#619 = CARTESIAN_POINT('',(-11.73599878941,-3.144651397996,
    6.166666666667));
#620 = DIRECTION('',(0.,0.,1.));
#621 = DIRECTION('',(1.,0.,0.));
#622 = ORIENTED_CLOSED_SHELL('',*,#623,.F.);
#623 = CLOSED_SHELL('',(#624));
#624 = ADVANCED_FACE('',(#625),#629,.T.);
#625 = FACE_BOUND('',#626,.T.);
#626 = VERTEX_LOOP('',#627);
#627 = VERTEX_POINT('',#628);
#628 = CARTESIAN_POINT('',(-12.10376558181,-1.058942274384,
    5.755555555556));
#629 = SPHERICAL_SURFACE('',#630,0.3);
#630 = AXIS2_PLACEMENT_3D('',#631,#632,#633);
#631 = CARTESIAN_POINT('',(-12.10376558181,-1.058942274384,
    6.055555555556));
#632 = DIRECTION('',(0.,0.,1.));
#633 = DIRECTION('',(1.,0.,0.));
#634 = ORIENTED_CLOSED_SHELL('',*,#635,.F.);
#635 = CLOSED_SHELL('',(#636));
#636 = ADVANCED_FACE('',(#637),#641,.T.);
#637 = FACE_BOUND('',#638,.T.);
#638 = VERTEX_LOOP('',#639);
#639 = VERTEX_POINT('',#640);
#640 = CARTESIAN_POINT('',(-6.968953701665,-9.952697338111,
    6.311111111111));
#641 = SPHERICAL_SURFACE('',#642,0.3);
#642 = AXIS2_PLACEMENT_3D('',#643,#644,#645);
#643 = CARTESIAN_POINT('',(-6.968953701665,-9.952697338111,
    6.611111111111));
#644 = DIRECTION('',(0.,0.,1.));
#645 = DIRECTION('',(1.,0.,0.));
#646 = ORIENTED_CLOSED_SHELL('',*,#647,.F.);
#647 = CLOSED_SHELL('',(#648));
#648 = ADVANCED_FACE('',(#649),#653,.T.);
#649 = FACE_BOUND('',#650,.T.);
#650 = VERTEX_LOOP('',#651);
#651 = VERTEX_POINT('',#652);
#652 = CARTESIAN_POINT('',(-9.952697338111,-6.968953701665,
    6.088888888889));
#653 = SPHERICAL_SURFACE('',#654,0.3);
#654 = AXIS2_PLACEMENT_3D('',#655,#656,#657);
#655 = CARTESIAN_POINT('',(-9.952697338111,-6.968953701665,
    6.388888888889));
#656 = DIRECTION('',(0.,0.,1.));
#657 = DIRECTION('',(1.,0.,0.));
#658 = ORIENTED_CLOSED_SHELL('',*,#659,.F.);
#659 = CLOSED_SHELL('',(#660));
#660 = ADVANCED_FACE('',(#661),#665,.T.);
#661 = FACE_BOUND('',#662,.T.);
#662 = VERTEX_LOOP('',#663);
#663 = VERTEX_POINT('',#664);
#664 = CARTESIAN_POINT('',(-8.591347391417,-8.591347391417,6.2));
#665 = SPHERICAL_SURFACE('',#666,0.3);
#666 = AXIS2_PLACEMENT_3D('',#667,#668,#669);
#667 = CARTESIAN_POINT('',(-8.591347391417,-8.591347391417,6.5));
#668 = DIRECTION('',(0.,0.,1.));
#669 = DIRECTION('',(1.,0.,0.));
#670 = ORIENTED_CLOSED_SHELL('',*,#671,.F.);
#671 = CLOSED_SHELL('',(#672));
#672 = ADVANCED_FACE('',(#673),#677,.T.);
#673 = FACE_BOUND('',#674,.T.);
#674 = VERTEX_LOOP('',#675);
#675 = VERTEX_POINT('',#676);
#676 = CARTESIAN_POINT('',(-6.968953701665,-9.952697338111,
    10.311111111111));
#677 = SPHERICAL_SURFACE('',#678,0.3);
#678 = AXIS2_PLACEMENT_3D('',#679,#680,#681);
#679 = CARTESIAN_POINT('',(-6.968953701665,-9.952697338111,
    10.611111111111));
#680 = DIRECTION('',(0.,0.,1.));
#681 = DIRECTION('',(1.,0.,0.));
#682 = ORIENTED_CLOSED_SHELL('',*,#683,.F.);
#683 = CLOSED_SHELL('',(#684));
#684 = ADVANCED_FACE('',(#685),#689,.T.);
#685 = FACE_BOUND('',#686,.T.);
#686 = VERTEX_LOOP('',#687);
#687 = VERTEX_POINT('',#688);
#688 = CARTESIAN_POINT('',(-9.952697338111,-6.968953701665,
    10.088888888889));
#689 = SPHERICAL_SURFACE('',#690,0.3);
#690 = AXIS2_PLACEMENT_3D('',#691,#692,#693);
#691 = CARTESIAN_POINT('',(-9.952697338111,-6.968953701665,
    10.388888888889));
#692 = DIRECTION('',(0.,0.,1.));
#693 = DIRECTION('',(1.,0.,0.));
#694 = ORIENTED_CLOSED_SHELL('',*,#695,.F.);
#695 = CLOSED_SHELL('',(#696));
#696 = ADVANCED_FACE('',(#697),#701,.T.);
#697 = FACE_BOUND('',#698,.T.);
#698 = VERTEX_LOOP('',#699);
#699 = VERTEX_POINT('',#700);
#700 = CARTESIAN_POINT('',(-8.591347391417,-8.591347391417,10.2));
#701 = SPHERICAL_SURFACE('',#702,0.3);
#702 = AXIS2_PLACEMENT_3D('',#703,#704,#705);
#703 = CARTESIAN_POINT('',(-8.591347391417,-8.591347391417,10.5));
#704 = DIRECTION('',(0.,0.,1.));
#705 = DIRECTION('',(1.,0.,0.));
#706 = ORIENTED_CLOSED_SHELL('',*,#707,.F.);
#707 = CLOSED_SHELL('',(#708));
#708 = ADVANCED_FACE('',(#709),#713,.T.);
#709 = FACE_BOUND('',#710,.T.);
#710 = VERTEX_LOOP('',#711);
#711 = VERTEX_POINT('',#712);
#712 = CARTESIAN_POINT('',(-5.134811880149,-11.01163961249,
    6.422222222222));
#713 = SPHERICAL_SURFACE('',#714,0.3);
#714 = AXIS2_PLACEMENT_3D('',#715,#716,#717);
#715 = CARTESIAN_POINT('',(-5.134811880149,-11.01163961249,
    6.722222222222));
#716 = DIRECTION('',(0.,0.,1.));
#717 = DIRECTION('',(1.,0.,0.));
#718 = ORIENTED_CLOSED_SHELL('',*,#719,.F.);
#719 = CLOSED_SHELL('',(#720));
#720 = ADVANCED_FACE('',(#721),#725,.T.);
#721 = FACE_BOUND('',#722,.T.);
#722 = VERTEX_LOOP('',#723);
#723 = VERTEX_POINT('',#724);
#724 = CARTESIAN_POINT('',(-3.144651397996,-11.73599878941,
    6.533333333333));
#725 = SPHERICAL_SURFACE('',#726,0.3);
#726 = AXIS2_PLACEMENT_3D('',#727,#728,#729);
#727 = CARTESIAN_POINT('',(-3.144651397996,-11.73599878941,
    6.833333333333));
#728 = DIRECTION('',(0.,0.,1.));
#729 = DIRECTION('',(1.,0.,0.));
#730 = ORIENTED_CLOSED_SHELL('',*,#731,.F.);
#731 = CLOSED_SHELL('',(#732));
#732 = ADVANCED_FACE('',(#733),#737,.T.);
#733 = FACE_BOUND('',#734,.T.);
#734 = VERTEX_LOOP('',#735);
#735 = VERTEX_POINT('',#736);
#736 = CARTESIAN_POINT('',(-1.058942274384,-12.10376558181,
    6.644444444444));
#737 = SPHERICAL_SURFACE('',#738,0.3);
#738 = AXIS2_PLACEMENT_3D('',#739,#740,#741);
#739 = CARTESIAN_POINT('',(-1.058942274384,-12.10376558181,
    6.944444444444));
#740 = DIRECTION('',(0.,0.,1.));
#741 = DIRECTION('',(1.,0.,0.));
#742 = ORIENTED_CLOSED_SHELL('',*,#743,.F.);
#743 = CLOSED_SHELL('',(#744));
#744 = ADVANCED_FACE('',(#745),#749,.T.);
#745 = FACE_BOUND('',#746,.T.);
#746 = VERTEX_LOOP('',#747);
#747 = VERTEX_POINT('',#748);
#748 = CARTESIAN_POINT('',(-5.134811880149,-11.01163961249,
    10.422222222222));
#749 = SPHERICAL_SURFACE('',#750,0.3);
#750 = AXIS2_PLACEMENT_3D('',#751,#752,#753);
#751 = CARTESIAN_POINT('',(-5.134811880149,-11.01163961249,
    10.722222222222));
#752 = DIRECTION('',(0.,0.,1.));
#753 = DIRECTION('',(1.,0.,0.));
#754 = ORIENTED_CLOSED_SHELL('',*,#755,.F.);
#755 = CLOSED_SHELL('',(#756));
#756 = ADVANCED_FACE('',(#757),#761,.T.);
#757 = FACE_BOUND('',#758,.T.);
#758 = VERTEX_LOOP('',#759);
#759 = VERTEX_POINT('',#760);
#760 = CARTESIAN_POINT('',(-3.144651397996,-11.73599878941,
    10.533333333333));
#761 = SPHERICAL_SURFACE('',#762,0.3);
#762 = AXIS2_PLACEMENT_3D('',#763,#764,#765);
#763 = CARTESIAN_POINT('',(-3.144651397996,-11.73599878941,
    10.833333333333));
#764 = DIRECTION('',(0.,0.,1.));
#765 = DIRECTION('',(1.,0.,0.));
#766 = ORIENTED_CLOSED_SHELL('',*,#767,.F.);
#767 = CLOSED_SHELL('',(#768));
#768 = ADVANCED_FACE('',(#769),#773,.T.);
#769 = FACE_BOUND('',#770,.T.);
#770 = VERTEX_LOOP('',#771);
#771 = VERTEX_POINT('',#772);
#772 = CARTESIAN_POINT('',(-1.058942274384,-12.10376558181,
    10.644444444444));
#773 = SPHERICAL_SURFACE('',#774,0.3);
#774 = AXIS2_PLACEMENT_3D('',#775,#776,#777);
#775 = CARTESIAN_POINT('',(-1.058942274384,-12.10376558181,
    10.944444444444));
#776 = DIRECTION('',(0.,0.,1.));
#777 = DIRECTION('',(1.,0.,0.));
#778 = ORIENTED_CLOSED_SHELL('',*,#779,.F.);
#779 = CLOSED_SHELL('',(#780));
#780 = ADVANCED_FACE('',(#781),#785,.T.);
#781 = FACE_BOUND('',#782,.T.);
#782 = VERTEX_LOOP('',#783);
#783 = VERTEX_POINT('',#784);
#784 = CARTESIAN_POINT('',(-11.01163961249,-5.13481188015,9.977777777778
    ));
#785 = SPHERICAL_SURFACE('',#786,0.3);
#786 = AXIS2_PLACEMENT_3D('',#787,#788,#789);
#787 = CARTESIAN_POINT('',(-11.01163961249,-5.13481188015,
    10.277777777778));
#788 = DIRECTION('',(0.,0.,1.));
#789 = DIRECTION('',(1.,0.,0.));
#790 = ORIENTED_CLOSED_SHELL('',*,#791,.F.);
#791 = CLOSED_SHELL('',(#792));
#792 = ADVANCED_FACE('',(#793),#797,.T.);
#793 = FACE_BOUND('',#794,.T.);
#794 = VERTEX_LOOP('',#795);
#795 = VERTEX_POINT('',#796);
#796 = CARTESIAN_POINT('',(-11.73599878941,-3.144651397996,
    9.866666666667));
#797 = SPHERICAL_SURFACE('',#798,0.3);
#798 = AXIS2_PLACEMENT_3D('',#799,#800,#801);
#799 = CARTESIAN_POINT('',(-11.73599878941,-3.144651397996,
    10.166666666667));
#800 = DIRECTION('',(0.,0.,1.));
#801 = DIRECTION('',(1.,0.,0.));
#802 = ORIENTED_CLOSED_SHELL('',*,#803,.F.);
#803 = CLOSED_SHELL('',(#804));
#804 = ADVANCED_FACE('',(#805),#809,.T.);
#805 = FACE_BOUND('',#806,.T.);
#806 = VERTEX_LOOP('',#807);
#807 = VERTEX_POINT('',#808);
#808 = CARTESIAN_POINT('',(-12.10376558181,-1.058942274384,
    9.755555555556));
#809 = SPHERICAL_SURFACE('',#810,0.3);
#810 = AXIS2_PLACEMENT_3D('',#811,#812,#813);
#811 = CARTESIAN_POINT('',(-12.10376558181,-1.058942274384,
    10.055555555556));
#812 = DIRECTION('',(0.,0.,1.));
#813 = DIRECTION('',(1.,0.,0.));
#814 = ORIENTED_CLOSED_SHELL('',*,#815,.F.);
#815 = CLOSED_SHELL('',(#816));
#816 = ADVANCED_FACE('',(#817),#821,.T.);
#817 = FACE_BOUND('',#818,.T.);
#818 = VERTEX_LOOP('',#819);
#819 = VERTEX_POINT('',#820);
#820 = CARTESIAN_POINT('',(1.058942274384,-12.10376558181,2.755555555556
    ));
#821 = SPHERICAL_SURFACE('',#822,0.3);
#822 = AXIS2_PLACEMENT_3D('',#823,#824,#825);
#823 = CARTESIAN_POINT('',(1.058942274384,-12.10376558181,3.055555555556
    ));
#824 = DIRECTION('',(0.,0.,1.));
#825 = DIRECTION('',(1.,0.,0.));
#826 = ORIENTED_CLOSED_SHELL('',*,#827,.F.);
#827 = CLOSED_SHELL('',(#828));
#828 = ADVANCED_FACE('',(#829),#833,.T.);
#829 = FACE_BOUND('',#830,.T.);
#830 = VERTEX_LOOP('',#831);
#831 = VERTEX_POINT('',#832);
#832 = CARTESIAN_POINT('',(3.144651397996,-11.73599878941,2.866666666667
    ));
#833 = SPHERICAL_SURFACE('',#834,0.3);
#834 = AXIS2_PLACEMENT_3D('',#835,#836,#837);
#835 = CARTESIAN_POINT('',(3.144651397996,-11.73599878941,3.166666666667
    ));
#836 = DIRECTION('',(0.,0.,1.));
#837 = DIRECTION('',(1.,0.,0.));
#838 = ORIENTED_CLOSED_SHELL('',*,#839,.F.);
#839 = CLOSED_SHELL('',(#840));
#840 = ADVANCED_FACE('',(#841),#845,.T.);
#841 = FACE_BOUND('',#842,.T.);
#842 = VERTEX_LOOP('',#843);
#843 = VERTEX_POINT('',#844);
#844 = CARTESIAN_POINT('',(5.134811880149,-11.01163961249,2.977777777778
    ));
#845 = SPHERICAL_SURFACE('',#846,0.3);
#846 = AXIS2_PLACEMENT_3D('',#847,#848,#849);
#847 = CARTESIAN_POINT('',(5.134811880149,-11.01163961249,3.277777777778
    ));
#848 = DIRECTION('',(0.,0.,1.));
#849 = DIRECTION('',(1.,0.,0.));
#850 = ORIENTED_CLOSED_SHELL('',*,#851,.F.);
#851 = CLOSED_SHELL('',(#852));
#852 = ADVANCED_FACE('',(#853),#857,.T.);
#853 = FACE_BOUND('',#854,.T.);
#854 = VERTEX_LOOP('',#855);
#855 = VERTEX_POINT('',#856);
#856 = CARTESIAN_POINT('',(6.968953701665,-9.952697338111,3.088888888889
    ));
#857 = SPHERICAL_SURFACE('',#858,0.3);
#858 = AXIS2_PLACEMENT_3D('',#859,#860,#861);
#859 = CARTESIAN_POINT('',(6.968953701665,-9.952697338111,3.388888888889
    ));
#860 = DIRECTION('',(0.,0.,1.));
#861 = DIRECTION('',(1.,0.,0.));
#862 = ORIENTED_CLOSED_SHELL('',*,#863,.F.);
#863 = CLOSED_SHELL('',(#864));
#864 = ADVANCED_FACE('',(#865),#869,.T.);
#865 = FACE_BOUND('',#866,.T.);
#866 = VERTEX_LOOP('',#867);
#867 = VERTEX_POINT('',#868);
#868 = CARTESIAN_POINT('',(8.591347391417,-8.591347391417,3.2));
#869 = SPHERICAL_SURFACE('',#870,0.3);
#870 = AXIS2_PLACEMENT_3D('',#871,#872,#873);
#871 = CARTESIAN_POINT('',(8.591347391417,-8.591347391417,3.5));
#872 = DIRECTION('',(0.,0.,1.));
#873 = DIRECTION('',(1.,0.,0.));
#874 = ORIENTED_CLOSED_SHELL('',*,#875,.F.);
#875 = CLOSED_SHELL('',(#876));
#876 = ADVANCED_FACE('',(#877),#881,.T.);
#877 = FACE_BOUND('',#878,.T.);
#878 = VERTEX_LOOP('',#879);
#879 = VERTEX_POINT('',#880);
#880 = CARTESIAN_POINT('',(9.952697338111,-6.968953701665,3.311111111111
    ));
#881 = SPHERICAL_SURFACE('',#882,0.3);
#882 = AXIS2_PLACEMENT_3D('',#883,#884,#885);
#883 = CARTESIAN_POINT('',(9.952697338111,-6.968953701665,3.611111111111
    ));
#884 = DIRECTION('',(0.,0.,1.));
#885 = DIRECTION('',(1.,0.,0.));
#886 = ORIENTED_CLOSED_SHELL('',*,#887,.F.);
#887 = CLOSED_SHELL('',(#888));
#888 = ADVANCED_FACE('',(#889),#893,.T.);
#889 = FACE_BOUND('',#890,.T.);
#890 = VERTEX_LOOP('',#891);
#891 = VERTEX_POINT('',#892);
#892 = CARTESIAN_POINT('',(11.011639612495,-5.13481188015,3.422222222222
    ));
#893 = SPHERICAL_SURFACE('',#894,0.3);
#894 = AXIS2_PLACEMENT_3D('',#895,#896,#897);
#895 = CARTESIAN_POINT('',(11.011639612495,-5.13481188015,3.722222222222
    ));
#896 = DIRECTION('',(0.,0.,1.));
#897 = DIRECTION('',(1.,0.,0.));
#898 = ORIENTED_CLOSED_SHELL('',*,#899,.F.);
#899 = CLOSED_SHELL('',(#900));
#900 = ADVANCED_FACE('',(#901),#905,.T.);
#901 = FACE_BOUND('',#902,.T.);
#902 = VERTEX_LOOP('',#903);
#903 = VERTEX_POINT('',#904);
#904 = CARTESIAN_POINT('',(11.735998789412,-3.144651397996,
    3.533333333333));
#905 = SPHERICAL_SURFACE('',#906,0.3);
#906 = AXIS2_PLACEMENT_3D('',#907,#908,#909);
#907 = CARTESIAN_POINT('',(11.735998789412,-3.144651397996,
    3.833333333333));
#908 = DIRECTION('',(0.,0.,1.));
#909 = DIRECTION('',(1.,0.,0.));
#910 = ORIENTED_CLOSED_SHELL('',*,#911,.F.);
#911 = CLOSED_SHELL('',(#912));
#912 = ADVANCED_FACE('',(#913),#917,.T.);
#913 = FACE_BOUND('',#914,.T.);
#914 = VERTEX_LOOP('',#915);
#915 = VERTEX_POINT('',#916);
#916 = CARTESIAN_POINT('',(12.103765581815,-1.058942274384,
    3.644444444444));
#917 = SPHERICAL_SURFACE('',#918,0.3);
#918 = AXIS2_PLACEMENT_3D('',#919,#920,#921);
#919 = CARTESIAN_POINT('',(12.103765581815,-1.058942274384,
    3.944444444444));
#920 = DIRECTION('',(0.,0.,1.));
#921 = DIRECTION('',(1.,0.,0.));
#922 = ORIENTED_CLOSED_SHELL('',*,#923,.F.);
#923 = CLOSED_SHELL('',(#924));
#924 = ADVANCED_FACE('',(#925),#929,.T.);
#925 = FACE_BOUND('',#926,.T.);
#926 = VERTEX_LOOP('',#927);
#927 = VERTEX_POINT('',#928);
#928 = CARTESIAN_POINT('',(1.058942274384,-12.10376558181,6.755555555556
    ));
#929 = SPHERICAL_SURFACE('',#930,0.3);
#930 = AXIS2_PLACEMENT_3D('',#931,#932,#933);
#931 = CARTESIAN_POINT('',(1.058942274384,-12.10376558181,7.055555555556
    ));
#932 = DIRECTION('',(0.,0.,1.));
#933 = DIRECTION('',(1.,0.,0.));
#934 = ORIENTED_CLOSED_SHELL('',*,#935,.F.);
#935 = CLOSED_SHELL('',(#936));
#936 = ADVANCED_FACE('',(#937),#941,.T.);
#937 = FACE_BOUND('',#938,.T.);
#938 = VERTEX_LOOP('',#939);
#939 = VERTEX_POINT('',#940);
#940 = CARTESIAN_POINT('',(3.144651397996,-11.73599878941,6.866666666667
    ));
#941 = SPHERICAL_SURFACE('',#942,0.3);
#942 = AXIS2_PLACEMENT_3D('',#943,#944,#945);
#943 = CARTESIAN_POINT('',(3.144651397996,-11.73599878941,7.166666666667
    ));
#944 = DIRECTION('',(0.,0.,1.));
#945 = DIRECTION('',(1.,0.,0.));
#946 = ORIENTED_CLOSED_SHELL('',*,#947,.F.);
#947 = CLOSED_SHELL('',(#948));
#948 = ADVANCED_FACE('',(#949),#953,.T.);
#949 = FACE_BOUND('',#950,.T.);
#950 = VERTEX_LOOP('',#951);
#951 = VERTEX_POINT('',#952);
#952 = CARTESIAN_POINT('',(5.134811880149,-11.01163961249,6.977777777778
    ));
#953 = SPHERICAL_SURFACE('',#954,0.3);
#954 = AXIS2_PLACEMENT_3D('',#955,#956,#957);
#955 = CARTESIAN_POINT('',(5.134811880149,-11.01163961249,7.277777777778
    ));
#956 = DIRECTION('',(0.,0.,1.));
#957 = DIRECTION('',(1.,0.,0.));
#958 = ORIENTED_CLOSED_SHELL('',*,#959,.F.);
#959 = CLOSED_SHELL('',(#960));
#960 = ADVANCED_FACE('',(#961),#965,.T.);
#961 = FACE_BOUND('',#962,.T.);
#962 = VERTEX_LOOP('',#963);
#963 = VERTEX_POINT('',#964);
#964 = CARTESIAN_POINT('',(1.058942274384,-12.10376558181,
    10.755555555556));
#965 = SPHERICAL_SURFACE('',#966,0.3);
#966 = AXIS2_PLACEMENT_3D('',#967,#968,#969);
#967 = CARTESIAN_POINT('',(1.058942274384,-12.10376558181,
    11.055555555556));
#968 = DIRECTION('',(0.,0.,1.));
#969 = DIRECTION('',(1.,0.,0.));
#970 = ORIENTED_CLOSED_SHELL('',*,#971,.F.);
#971 = CLOSED_SHELL('',(#972));
#972 = ADVANCED_FACE('',(#973),#977,.T.);
#973 = FACE_BOUND('',#974,.T.);
#974 = VERTEX_LOOP('',#975);
#975 = VERTEX_POINT('',#976);
#976 = CARTESIAN_POINT('',(3.144651397996,-11.73599878941,
    10.866666666667));
#977 = SPHERICAL_SURFACE('',#978,0.3);
#978 = AXIS2_PLACEMENT_3D('',#979,#980,#981);
#979 = CARTESIAN_POINT('',(3.144651397996,-11.73599878941,
    11.166666666667));
#980 = DIRECTION('',(0.,0.,1.));
#981 = DIRECTION('',(1.,0.,0.));
#982 = ORIENTED_CLOSED_SHELL('',*,#983,.F.);
#983 = CLOSED_SHELL('',(#984));
#984 = ADVANCED_FACE('',(#985),#989,.T.);
#985 = FACE_BOUND('',#986,.T.);
#986 = VERTEX_LOOP('',#987);
#987 = VERTEX_POINT('',#988);
#988 = CARTESIAN_POINT('',(5.134811880149,-11.01163961249,
    10.977777777778));
#989 = SPHERICAL_SURFACE('',#990,0.3);
#990 = AXIS2_PLACEMENT_3D('',#991,#992,#993);
#991 = CARTESIAN_POINT('',(5.134811880149,-11.01163961249,
    11.277777777778));
#992 = DIRECTION('',(0.,0.,1.));
#993 = DIRECTION('',(1.,0.,0.));
#994 = ORIENTED_CLOSED_SHELL('',*,#995,.F.);
#995 = CLOSED_SHELL('',(#996));
#996 = ADVANCED_FACE('',(#997),#1001,.T.);
#997 = FACE_BOUND('',#998,.T.);
#998 = VERTEX_LOOP('',#999);
#999 = VERTEX_POINT('',#1000);
#1000 = CARTESIAN_POINT('',(6.968953701665,-9.952697338111,
    7.088888888889));
#1001 = SPHERICAL_SURFACE('',#1002,0.3);
#1002 = AXIS2_PLACEMENT_3D('',#1003,#1004,#1005);
#1003 = CARTESIAN_POINT('',(6.968953701665,-9.952697338111,
    7.388888888889));
#1004 = DIRECTION('',(0.,0.,1.));
#1005 = DIRECTION('',(1.,0.,0.));
#1006 = ORIENTED_CLOSED_SHELL('',*,#1007,.F.);
#1007 = CLOSED_SHELL('',(#1008));
#1008 = ADVANCED_FACE('',(#1009),#1013,.T.);
#1009 = FACE_BOUND('',#1010,.T.);
#1010 = VERTEX_LOOP('',#1011);
#1011 = VERTEX_POINT('',#1012);
#1012 = CARTESIAN_POINT('',(8.591347391417,-8.591347391417,7.2));
#1013 = SPHERICAL_SURFACE('',#1014,0.3);
#1014 = AXIS2_PLACEMENT_3D('',#1015,#1016,#1017);
#1015 = CARTESIAN_POINT('',(8.591347391417,-8.591347391417,7.5));
#1016 = DIRECTION('',(0.,0.,1.));
#1017 = DIRECTION('',(1.,0.,0.));
#1018 = ORIENTED_CLOSED_SHELL('',*,#1019,.F.);
#1019 = CLOSED_SHELL('',(#1020));
#1020 = ADVANCED_FACE('',(#1021),#1025,.T.);
#1021 = FACE_BOUND('',#1022,.T.);
#1022 = VERTEX_LOOP('',#1023);
#1023 = VERTEX_POINT('',#1024);
#1024 = CARTESIAN_POINT('',(9.952697338111,-6.968953701665,
    7.311111111111));
#1025 = SPHERICAL_SURFACE('',#1026,0.3);
#1026 = AXIS2_PLACEMENT_3D('',#1027,#1028,#1029);
#1027 = CARTESIAN_POINT('',(9.952697338111,-6.968953701665,
    7.611111111111));
#1028 = DIRECTION('',(0.,0.,1.));
#1029 = DIRECTION('',(1.,0.,0.));
#1030 = ORIENTED_CLOSED_SHELL('',*,#1031,.F.);
#1031 = CLOSED_SHELL('',(#1032));
#1032 = ADVANCED_FACE('',(#1033),#1037,.T.);
#1033 = FACE_BOUND('',#1034,.T.);
#1034 = VERTEX_LOOP('',#1035);
#1035 = VERTEX_POINT('',#1036);
#1036 = CARTESIAN_POINT('',(6.968953701665,-9.952697338111,
    11.088888888889));
#1037 = SPHERICAL_SURFACE('',#1038,0.3);
#1038 = AXIS2_PLACEMENT_3D('',#1039,#1040,#1041);
#1039 = CARTESIAN_POINT('',(6.968953701665,-9.952697338111,
    11.388888888889));
#1040 = DIRECTION('',(0.,0.,1.));
#1041 = DIRECTION('',(1.,0.,0.));
#1042 = ORIENTED_CLOSED_SHELL('',*,#1043,.F.);
#1043 = CLOSED_SHELL('',(#1044));
#1044 = ADVANCED_FACE('',(#1045),#1049,.T.);
#1045 = FACE_BOUND('',#1046,.T.);
#1046 = VERTEX_LOOP('',#1047);
#1047 = VERTEX_POINT('',#1048);
#1048 = CARTESIAN_POINT('',(8.591347391417,-8.591347391417,11.2));
#1049 = SPHERICAL_SURFACE('',#1050,0.3);
#1050 = AXIS2_PLACEMENT_3D('',#1051,#1052,#1053);
#1051 = CARTESIAN_POINT('',(8.591347391417,-8.591347391417,11.5));
#1052 = DIRECTION('',(0.,0.,1.));
#1053 = DIRECTION('',(1.,0.,0.));
#1054 = ORIENTED_CLOSED_SHELL('',*,#1055,.F.);
#1055 = CLOSED_SHELL('',(#1056));
#1056 = ADVANCED_FACE('',(#1057),#1061,.T.);
#1057 = FACE_BOUND('',#1058,.T.);
#1058 = VERTEX_LOOP('',#1059);
#1059 = VERTEX_POINT('',#1060);
#1060 = CARTESIAN_POINT('',(9.952697338111,-6.968953701665,
    11.311111111111));
#1061 = SPHERICAL_SURFACE('',#1062,0.3);
#1062 = AXIS2_PLACEMENT_3D('',#1063,#1064,#1065);
#1063 = CARTESIAN_POINT('',(9.952697338111,-6.968953701665,
    11.611111111111));
#1064 = DIRECTION('',(0.,0.,1.));
#1065 = DIRECTION('',(1.,0.,0.));
#1066 = ORIENTED_CLOSED_SHELL('',*,#1067,.F.);
#1067 = CLOSED_SHELL('',(#1068));
#1068 = ADVANCED_FACE('',(#1069),#1073,.T.);
#1069 = FACE_BOUND('',#1070,.T.);
#1070 = VERTEX_LOOP('',#1071);
#1071 = VERTEX_POINT('',#1072);
#1072 = CARTESIAN_POINT('',(11.011639612495,-5.134811880149,
    7.422222222222));
#1073 = SPHERICAL_SURFACE('',#1074,0.3);
#1074 = AXIS2_PLACEMENT_3D('',#1075,#1076,#1077);
#1075 = CARTESIAN_POINT('',(11.011639612495,-5.134811880149,
    7.722222222222));
#1076 = DIRECTION('',(0.,0.,1.));
#1077 = DIRECTION('',(1.,0.,0.));
#1078 = ORIENTED_CLOSED_SHELL('',*,#1079,.F.);
#1079 = CLOSED_SHELL('',(#1080));
#1080 = ADVANCED_FACE('',(#1081),#1085,.T.);
#1081 = FACE_BOUND('',#1082,.T.);
#1082 = VERTEX_LOOP('',#1083);
#1083 = VERTEX_POINT('',#1084);
#1084 = CARTESIAN_POINT('',(11.735998789412,-3.144651397996,
    7.533333333333));
#1085 = SPHERICAL_SURFACE('',#1086,0.3);
#1086 = AXIS2_PLACEMENT_3D('',#1087,#1088,#1089);
#1087 = CARTESIAN_POINT('',(11.735998789412,-3.144651397996,
    7.833333333333));
#1088 = DIRECTION('',(0.,0.,1.));
#1089 = DIRECTION('',(1.,0.,0.));
#1090 = ORIENTED_CLOSED_SHELL('',*,#1091,.F.);
#1091 = CLOSED_SHELL('',(#1092));
#1092 = ADVANCED_FACE('',(#1093),#1097,.T.);
#1093 = FACE_BOUND('',#1094,.T.);
#1094 = VERTEX_LOOP('',#1095);
#1095 = VERTEX_POINT('',#1096);
#1096 = CARTESIAN_POINT('',(12.103765581815,-1.058942274384,
    7.644444444444));
#1097 = SPHERICAL_SURFACE('',#1098,0.3);
#1098 = AXIS2_PLACEMENT_3D('',#1099,#1100,#1101);
#1099 = CARTESIAN_POINT('',(12.103765581815,-1.058942274384,
    7.944444444444));
#1100 = DIRECTION('',(0.,0.,1.));
#1101 = DIRECTION('',(1.,0.,0.));
#1102 = ORIENTED_CLOSED_SHELL('',*,#1103,.F.);
#1103 = CLOSED_SHELL('',(#1104));
#1104 = ADVANCED_FACE('',(#1105),#1109,.T.);
#1105 = FACE_BOUND('',#1106,.T.);
#1106 = VERTEX_LOOP('',#1107);
#1107 = VERTEX_POINT('',#1108);
#1108 = CARTESIAN_POINT('',(11.011639612495,-5.134811880149,
    11.422222222222));
#1109 = SPHERICAL_SURFACE('',#1110,0.3);
#1110 = AXIS2_PLACEMENT_3D('',#1111,#1112,#1113);
#1111 = CARTESIAN_POINT('',(11.011639612495,-5.134811880149,
    11.722222222222));
#1112 = DIRECTION('',(0.,0.,1.));
#1113 = DIRECTION('',(1.,0.,0.));
#1114 = ORIENTED_CLOSED_SHELL('',*,#1115,.F.);
#1115 = CLOSED_SHELL('',(#1116));
#1116 = ADVANCED_FACE('',(#1117),#1121,.T.);
#1117 = FACE_BOUND('',#1118,.T.);
#1118 = VERTEX_LOOP('',#1119);
#1119 = VERTEX_POINT('',#1120);
#1120 = CARTESIAN_POINT('',(11.735998789412,-3.144651397996,
    11.533333333333));
#1121 = SPHERICAL_SURFACE('',#1122,0.3);
#1122 = AXIS2_PLACEMENT_3D('',#1123,#1124,#1125);
#1123 = CARTESIAN_POINT('',(11.735998789412,-3.144651397996,
    11.833333333333));
#1124 = DIRECTION('',(0.,0.,1.));
#1125 = DIRECTION('',(1.,0.,0.));
#1126 = ORIENTED_CLOSED_SHELL('',*,#1127,.F.);
#1127 = CLOSED_SHELL('',(#1128));
#1128 = ADVANCED_FACE('',(#1129),#1133,.T.);
#1129 = FACE_BOUND('',#1130,.T.);
#1130 = VERTEX_LOOP('',#1131);
#1131 = VERTEX_POINT('',#1132);
#1132 = CARTESIAN_POINT('',(12.103765581815,-1.058942274384,
    11.644444444444));
#1133 = SPHERICAL_SURFACE('',#1134,0.3);
#1134 = AXIS2_PLACEMENT_3D('',#1135,#1136,#1137);
#1135 = CARTESIAN_POINT('',(12.103765581815,-1.058942274384,
    11.944444444444));
#1136 = DIRECTION('',(0.,0.,1.));
#1137 = DIRECTION('',(1.,0.,0.));
#1138 = ORIENTED_CLOSED_SHELL('',*,#1139,.F.);
#1139 = CLOSED_SHELL('',(#1140));
#1140 = ADVANCED_FACE('',(#1141),#1145,.T.);
#1141 = FACE_BOUND('',#1142,.T.);
#1142 = VERTEX_LOOP('',#1143);
#1143 = VERTEX_POINT('',#1144);
#1144 = CARTESIAN_POINT('',(-12.10376558181,1.058942274384,
    1.644444444444));
#1145 = SPHERICAL_SURFACE('',#1146,0.3);
#1146 = AXIS2_PLACEMENT_3D('',#1147,#1148,#1149);
#1147 = CARTESIAN_POINT('',(-12.10376558181,1.058942274384,
    1.944444444444));
#1148 = DIRECTION('',(0.,0.,1.));
#1149 = DIRECTION('',(1.,0.,0.));
#1150 = ORIENTED_CLOSED_SHELL('',*,#1151,.F.);
#1151 = CLOSED_SHELL('',(#1152));
#1152 = ADVANCED_FACE('',(#1153),#1157,.T.);
#1153 = FACE_BOUND('',#1154,.T.);
#1154 = VERTEX_LOOP('',#1155);
#1155 = VERTEX_POINT('',#1156);
#1156 = CARTESIAN_POINT('',(-11.73599878941,3.144651397996,
    1.533333333333));
#1157 = SPHERICAL_SURFACE('',#1158,0.3);
#1158 = AXIS2_PLACEMENT_3D('',#1159,#1160,#1161);
#1159 = CARTESIAN_POINT('',(-11.73599878941,3.144651397996,
    1.833333333333));
#1160 = DIRECTION('',(0.,0.,1.));
#1161 = DIRECTION('',(1.,0.,0.));
#1162 = ORIENTED_CLOSED_SHELL('',*,#1163,.F.);
#1163 = CLOSED_SHELL('',(#1164));
#1164 = ADVANCED_FACE('',(#1165),#1169,.T.);
#1165 = FACE_BOUND('',#1166,.T.);
#1166 = VERTEX_LOOP('',#1167);
#1167 = VERTEX_POINT('',#1168);
#1168 = CARTESIAN_POINT('',(-11.01163961249,5.134811880149,
    1.422222222222));
#1169 = SPHERICAL_SURFACE('',#1170,0.3);
#1170 = AXIS2_PLACEMENT_3D('',#1171,#1172,#1173);
#1171 = CARTESIAN_POINT('',(-11.01163961249,5.134811880149,
    1.722222222222));
#1172 = DIRECTION('',(0.,0.,1.));
#1173 = DIRECTION('',(1.,0.,0.));
#1174 = ORIENTED_CLOSED_SHELL('',*,#1175,.F.);
#1175 = CLOSED_SHELL('',(#1176));
#1176 = ADVANCED_FACE('',(#1177),#1181,.T.);
#1177 = FACE_BOUND('',#1178,.T.);
#1178 = VERTEX_LOOP('',#1179);
#1179 = VERTEX_POINT('',#1180);
#1180 = CARTESIAN_POINT('',(-12.10376558181,1.058942274384,
    5.644444444444));
#1181 = SPHERICAL_SURFACE('',#1182,0.3);
#1182 = AXIS2_PLACEMENT_3D('',#1183,#1184,#1185);
#1183 = CARTESIAN_POINT('',(-12.10376558181,1.058942274384,
    5.944444444444));
#1184 = DIRECTION('',(0.,0.,1.));
#1185 = DIRECTION('',(1.,0.,0.));
#1186 = ORIENTED_CLOSED_SHELL('',*,#1187,.F.);
#1187 = CLOSED_SHELL('',(#1188));
#1188 = ADVANCED_FACE('',(#1189),#1193,.T.);
#1189 = FACE_BOUND('',#1190,.T.);
#1190 = VERTEX_LOOP('',#1191);
#1191 = VERTEX_POINT('',#1192);
#1192 = CARTESIAN_POINT('',(-11.73599878941,3.144651397996,
    5.533333333333));
#1193 = SPHERICAL_SURFACE('',#1194,0.3);
#1194 = AXIS2_PLACEMENT_3D('',#1195,#1196,#1197);
#1195 = CARTESIAN_POINT('',(-11.73599878941,3.144651397996,
    5.833333333333));
#1196 = DIRECTION('',(0.,0.,1.));
#1197 = DIRECTION('',(1.,0.,0.));
#1198 = ORIENTED_CLOSED_SHELL('',*,#1199,.F.);
#1199 = CLOSED_SHELL('',(#1200));
#1200 = ADVANCED_FACE('',(#1201),#1205,.T.);
#1201 = FACE_BOUND('',#1202,.T.);
#1202 = VERTEX_LOOP('',#1203);
#1203 = VERTEX_POINT('',#1204);
#1204 = CARTESIAN_POINT('',(-11.01163961249,5.134811880149,
    5.422222222222));
#1205 = SPHERICAL_SURFACE('',#1206,0.3);
#1206 = AXIS2_PLACEMENT_3D('',#1207,#1208,#1209);
#1207 = CARTESIAN_POINT('',(-11.01163961249,5.134811880149,
    5.722222222222));
#1208 = DIRECTION('',(0.,0.,1.));
#1209 = DIRECTION('',(1.,0.,0.));
#1210 = ORIENTED_CLOSED_SHELL('',*,#1211,.F.);
#1211 = CLOSED_SHELL('',(#1212));
#1212 = ADVANCED_FACE('',(#1213),#1217,.T.);
#1213 = FACE_BOUND('',#1214,.T.);
#1214 = VERTEX_LOOP('',#1215);
#1215 = VERTEX_POINT('',#1216);
#1216 = CARTESIAN_POINT('',(-9.952697338111,6.968953701665,
    1.311111111111));
#1217 = SPHERICAL_SURFACE('',#1218,0.3);
#1218 = AXIS2_PLACEMENT_3D('',#1219,#1220,#1221);
#1219 = CARTESIAN_POINT('',(-9.952697338111,6.968953701665,
    1.611111111111));
#1220 = DIRECTION('',(0.,0.,1.));
#1221 = DIRECTION('',(1.,0.,0.));
#1222 = ORIENTED_CLOSED_SHELL('',*,#1223,.F.);
#1223 = CLOSED_SHELL('',(#1224));
#1224 = ADVANCED_FACE('',(#1225),#1229,.T.);
#1225 = FACE_BOUND('',#1226,.T.);
#1226 = VERTEX_LOOP('',#1227);
#1227 = VERTEX_POINT('',#1228);
#1228 = CARTESIAN_POINT('',(-8.591347391417,8.591347391417,1.2));
#1229 = SPHERICAL_SURFACE('',#1230,0.3);
#1230 = AXIS2_PLACEMENT_3D('',#1231,#1232,#1233);
#1231 = CARTESIAN_POINT('',(-8.591347391417,8.591347391417,1.5));
#1232 = DIRECTION('',(0.,0.,1.));
#1233 = DIRECTION('',(1.,0.,0.));
#1234 = ORIENTED_CLOSED_SHELL('',*,#1235,.F.);
#1235 = CLOSED_SHELL('',(#1236));
#1236 = ADVANCED_FACE('',(#1237),#1241,.T.);
#1237 = FACE_BOUND('',#1238,.T.);
#1238 = VERTEX_LOOP('',#1239);
#1239 = VERTEX_POINT('',#1240);
#1240 = CARTESIAN_POINT('',(-6.968953701665,9.952697338111,
    1.088888888889));
#1241 = SPHERICAL_SURFACE('',#1242,0.3);
#1242 = AXIS2_PLACEMENT_3D('',#1243,#1244,#1245);
#1243 = CARTESIAN_POINT('',(-6.968953701665,9.952697338111,
    1.388888888889));
#1244 = DIRECTION('',(0.,0.,1.));
#1245 = DIRECTION('',(1.,0.,0.));
#1246 = ORIENTED_CLOSED_SHELL('',*,#1247,.F.);
#1247 = CLOSED_SHELL('',(#1248));
#1248 = ADVANCED_FACE('',(#1249),#1253,.T.);
#1249 = FACE_BOUND('',#1250,.T.);
#1250 = VERTEX_LOOP('',#1251);
#1251 = VERTEX_POINT('',#1252);
#1252 = CARTESIAN_POINT('',(-9.952697338111,6.968953701665,
    5.311111111111));
#1253 = SPHERICAL_SURFACE('',#1254,0.3);
#1254 = AXIS2_PLACEMENT_3D('',#1255,#1256,#1257);
#1255 = CARTESIAN_POINT('',(-9.952697338111,6.968953701665,
    5.611111111111));
#1256 = DIRECTION('',(0.,0.,1.));
#1257 = DIRECTION('',(1.,0.,0.));
#1258 = ORIENTED_CLOSED_SHELL('',*,#1259,.F.);
#1259 = CLOSED_SHELL('',(#1260));
#1260 = ADVANCED_FACE('',(#1261),#1265,.T.);
#1261 = FACE_BOUND('',#1262,.T.);
#1262 = VERTEX_LOOP('',#1263);
#1263 = VERTEX_POINT('',#1264);
#1264 = CARTESIAN_POINT('',(-8.591347391417,8.591347391417,5.2));
#1265 = SPHERICAL_SURFACE('',#1266,0.3);
#1266 = AXIS2_PLACEMENT_3D('',#1267,#1268,#1269);
#1267 = CARTESIAN_POINT('',(-8.591347391417,8.591347391417,5.5));
#1268 = DIRECTION('',(0.,0.,1.));
#1269 = DIRECTION('',(1.,0.,0.));
#1270 = ORIENTED_CLOSED_SHELL('',*,#1271,.F.);
#1271 = CLOSED_SHELL('',(#1272));
#1272 = ADVANCED_FACE('',(#1273),#1277,.T.);
#1273 = FACE_BOUND('',#1274,.T.);
#1274 = VERTEX_LOOP('',#1275);
#1275 = VERTEX_POINT('',#1276);
#1276 = CARTESIAN_POINT('',(-6.968953701665,9.952697338111,
    5.088888888889));
#1277 = SPHERICAL_SURFACE('',#1278,0.3);
#1278 = AXIS2_PLACEMENT_3D('',#1279,#1280,#1281);
#1279 = CARTESIAN_POINT('',(-6.968953701665,9.952697338111,
    5.388888888889));
#1280 = DIRECTION('',(0.,0.,1.));
#1281 = DIRECTION('',(1.,0.,0.));
#1282 = ORIENTED_CLOSED_SHELL('',*,#1283,.F.);
#1283 = CLOSED_SHELL('',(#1284));
#1284 = ADVANCED_FACE('',(#1285),#1289,.T.);
#1285 = FACE_BOUND('',#1286,.T.);
#1286 = VERTEX_LOOP('',#1287);
#1287 = VERTEX_POINT('',#1288);
#1288 = CARTESIAN_POINT('',(-5.13481188015,11.011639612495,
    0.977777777778));
#1289 = SPHERICAL_SURFACE('',#1290,0.3);
#1290 = AXIS2_PLACEMENT_3D('',#1291,#1292,#1293);
#1291 = CARTESIAN_POINT('',(-5.13481188015,11.011639612495,
    1.277777777778));
#1292 = DIRECTION('',(0.,0.,1.));
#1293 = DIRECTION('',(1.,0.,0.));
#1294 = ORIENTED_CLOSED_SHELL('',*,#1295,.F.);
#1295 = CLOSED_SHELL('',(#1296));
#1296 = ADVANCED_FACE('',(#1297),#1301,.T.);
#1297 = FACE_BOUND('',#1298,.T.);
#1298 = VERTEX_LOOP('',#1299);
#1299 = VERTEX_POINT('',#1300);
#1300 = CARTESIAN_POINT('',(-3.144651397996,11.735998789412,
    0.866666666667));
#1301 = SPHERICAL_SURFACE('',#1302,0.3);
#1302 = AXIS2_PLACEMENT_3D('',#1303,#1304,#1305);
#1303 = CARTESIAN_POINT('',(-3.144651397996,11.735998789412,
    1.166666666667));
#1304 = DIRECTION('',(0.,0.,1.));
#1305 = DIRECTION('',(1.,0.,0.));
#1306 = ORIENTED_CLOSED_SHELL('',*,#1307,.F.);
#1307 = CLOSED_SHELL('',(#1308));
#1308 = ADVANCED_FACE('',(#1309),#1313,.T.);
#1309 = FACE_BOUND('',#1310,.T.);
#1310 = VERTEX_LOOP('',#1311);
#1311 = VERTEX_POINT('',#1312);
#1312 = CARTESIAN_POINT('',(-1.058942274384,12.103765581815,
    0.755555555556));
#1313 = SPHERICAL_SURFACE('',#1314,0.3);
#1314 = AXIS2_PLACEMENT_3D('',#1315,#1316,#1317);
#1315 = CARTESIAN_POINT('',(-1.058942274384,12.103765581815,
    1.055555555556));
#1316 = DIRECTION('',(0.,0.,1.));
#1317 = DIRECTION('',(1.,0.,0.));
#1318 = ORIENTED_CLOSED_SHELL('',*,#1319,.F.);
#1319 = CLOSED_SHELL('',(#1320));
#1320 = ADVANCED_FACE('',(#1321),#1325,.T.);
#1321 = FACE_BOUND('',#1322,.T.);
#1322 = VERTEX_LOOP('',#1323);
#1323 = VERTEX_POINT('',#1324);
#1324 = CARTESIAN_POINT('',(-5.134811880149,11.011639612495,
    4.977777777778));
#1325 = SPHERICAL_SURFACE('',#1326,0.3);
#1326 = AXIS2_PLACEMENT_3D('',#1327,#1328,#1329);
#1327 = CARTESIAN_POINT('',(-5.134811880149,11.011639612495,
    5.277777777778));
#1328 = DIRECTION('',(0.,0.,1.));
#1329 = DIRECTION('',(1.,0.,0.));
#1330 = ORIENTED_CLOSED_SHELL('',*,#1331,.F.);
#1331 = CLOSED_SHELL('',(#1332));
#1332 = ADVANCED_FACE('',(#1333),#1337,.T.);
#1333 = FACE_BOUND('',#1334,.T.);
#1334 = VERTEX_LOOP('',#1335);
#1335 = VERTEX_POINT('',#1336);
#1336 = CARTESIAN_POINT('',(-3.144651397996,11.735998789412,
    4.866666666667));
#1337 = SPHERICAL_SURFACE('',#1338,0.3);
#1338 = AXIS2_PLACEMENT_3D('',#1339,#1340,#1341);
#1339 = CARTESIAN_POINT('',(-3.144651397996,11.735998789412,
    5.166666666667));
#1340 = DIRECTION('',(0.,0.,1.));
#1341 = DIRECTION('',(1.,0.,0.));
#1342 = ORIENTED_CLOSED_SHELL('',*,#1343,.F.);
#1343 = CLOSED_SHELL('',(#1344));
#1344 = ADVANCED_FACE('',(#1345),#1349,.T.);
#1345 = FACE_BOUND('',#1346,.T.);
#1346 = VERTEX_LOOP('',#1347);
#1347 = VERTEX_POINT('',#1348);
#1348 = CARTESIAN_POINT('',(-1.058942274384,12.103765581815,
    4.755555555556));
#1349 = SPHERICAL_SURFACE('',#1350,0.3);
#1350 = AXIS2_PLACEMENT_3D('',#1351,#1352,#1353);
#1351 = CARTESIAN_POINT('',(-1.058942274384,12.103765581815,
    5.055555555556));
#1352 = DIRECTION('',(0.,0.,1.));
#1353 = DIRECTION('',(1.,0.,0.));
#1354 = ORIENTED_CLOSED_SHELL('',*,#1355,.F.);
#1355 = CLOSED_SHELL('',(#1356));
#1356 = ADVANCED_FACE('',(#1357),#1361,.T.);
#1357 = FACE_BOUND('',#1358,.T.);
#1358 = VERTEX_LOOP('',#1359);
#1359 = VERTEX_POINT('',#1360);
#1360 = CARTESIAN_POINT('',(-12.10376558181,1.058942274384,
    9.644444444444));
#1361 = SPHERICAL_SURFACE('',#1362,0.3);
#1362 = AXIS2_PLACEMENT_3D('',#1363,#1364,#1365);
#1363 = CARTESIAN_POINT('',(-12.10376558181,1.058942274384,
    9.944444444444));
#1364 = DIRECTION('',(0.,0.,1.));
#1365 = DIRECTION('',(1.,0.,0.));
#1366 = ORIENTED_CLOSED_SHELL('',*,#1367,.F.);
#1367 = CLOSED_SHELL('',(#1368));
#1368 = ADVANCED_FACE('',(#1369),#1373,.T.);
#1369 = FACE_BOUND('',#1370,.T.);
#1370 = VERTEX_LOOP('',#1371);
#1371 = VERTEX_POINT('',#1372);
#1372 = CARTESIAN_POINT('',(-11.73599878941,3.144651397996,
    9.533333333333));
#1373 = SPHERICAL_SURFACE('',#1374,0.3);
#1374 = AXIS2_PLACEMENT_3D('',#1375,#1376,#1377);
#1375 = CARTESIAN_POINT('',(-11.73599878941,3.144651397996,
    9.833333333333));
#1376 = DIRECTION('',(0.,0.,1.));
#1377 = DIRECTION('',(1.,0.,0.));
#1378 = ORIENTED_CLOSED_SHELL('',*,#1379,.F.);
#1379 = CLOSED_SHELL('',(#1380));
#1380 = ADVANCED_FACE('',(#1381),#1385,.T.);
#1381 = FACE_BOUND('',#1382,.T.);
#1382 = VERTEX_LOOP('',#1383);
#1383 = VERTEX_POINT('',#1384);
#1384 = CARTESIAN_POINT('',(-11.01163961249,5.134811880149,
    9.422222222222));
#1385 = SPHERICAL_SURFACE('',#1386,0.3);
#1386 = AXIS2_PLACEMENT_3D('',#1387,#1388,#1389);
#1387 = CARTESIAN_POINT('',(-11.01163961249,5.134811880149,
    9.722222222222));
#1388 = DIRECTION('',(0.,0.,1.));
#1389 = DIRECTION('',(1.,0.,0.));
#1390 = ORIENTED_CLOSED_SHELL('',*,#1391,.F.);
#1391 = CLOSED_SHELL('',(#1392));
#1392 = ADVANCED_FACE('',(#1393),#1397,.T.);
#1393 = FACE_BOUND('',#1394,.T.);
#1394 = VERTEX_LOOP('',#1395);
#1395 = VERTEX_POINT('',#1396);
#1396 = CARTESIAN_POINT('',(-8.591347391417,8.591347391417,9.2));
#1397 = SPHERICAL_SURFACE('',#1398,0.3);
#1398 = AXIS2_PLACEMENT_3D('',#1399,#1400,#1401);
#1399 = CARTESIAN_POINT('',(-8.591347391417,8.591347391417,9.5));
#1400 = DIRECTION('',(0.,0.,1.));
#1401 = DIRECTION('',(1.,0.,0.));
#1402 = ORIENTED_CLOSED_SHELL('',*,#1403,.F.);
#1403 = CLOSED_SHELL('',(#1404));
#1404 = ADVANCED_FACE('',(#1405),#1409,.T.);
#1405 = FACE_BOUND('',#1406,.T.);
#1406 = VERTEX_LOOP('',#1407);
#1407 = VERTEX_POINT('',#1408);
#1408 = CARTESIAN_POINT('',(-6.968953701665,9.952697338111,
    9.088888888889));
#1409 = SPHERICAL_SURFACE('',#1410,0.3);
#1410 = AXIS2_PLACEMENT_3D('',#1411,#1412,#1413);
#1411 = CARTESIAN_POINT('',(-6.968953701665,9.952697338111,
    9.388888888889));
#1412 = DIRECTION('',(0.,0.,1.));
#1413 = DIRECTION('',(1.,0.,0.));
#1414 = ORIENTED_CLOSED_SHELL('',*,#1415,.F.);
#1415 = CLOSED_SHELL('',(#1416));
#1416 = ADVANCED_FACE('',(#1417),#1421,.T.);
#1417 = FACE_BOUND('',#1418,.T.);
#1418 = VERTEX_LOOP('',#1419);
#1419 = VERTEX_POINT('',#1420);
#1420 = CARTESIAN_POINT('',(-9.952697338111,6.968953701665,
    9.311111111111));
#1421 = SPHERICAL_SURFACE('',#1422,0.3);
#1422 = AXIS2_PLACEMENT_3D('',#1423,#1424,#1425);
#1423 = CARTESIAN_POINT('',(-9.952697338111,6.968953701665,
    9.611111111111));
#1424 = DIRECTION('',(0.,0.,1.));
#1425 = DIRECTION('',(1.,0.,0.));
#1426 = ORIENTED_CLOSED_SHELL('',*,#1427,.F.);
#1427 = CLOSED_SHELL('',(#1428));
#1428 = ADVANCED_FACE('',(#1429),#1433,.T.);
#1429 = FACE_BOUND('',#1430,.T.);
#1430 = VERTEX_LOOP('',#1431);
#1431 = VERTEX_POINT('',#1432);
#1432 = CARTESIAN_POINT('',(-5.134811880149,11.011639612495,
    8.977777777778));
#1433 = SPHERICAL_SURFACE('',#1434,0.3);
#1434 = AXIS2_PLACEMENT_3D('',#1435,#1436,#1437);
#1435 = CARTESIAN_POINT('',(-5.134811880149,11.011639612495,
    9.277777777778));
#1436 = DIRECTION('',(0.,0.,1.));
#1437 = DIRECTION('',(1.,0.,0.));
#1438 = ORIENTED_CLOSED_SHELL('',*,#1439,.F.);
#1439 = CLOSED_SHELL('',(#1440));
#1440 = ADVANCED_FACE('',(#1441),#1445,.T.);
#1441 = FACE_BOUND('',#1442,.T.);
#1442 = VERTEX_LOOP('',#1443);
#1443 = VERTEX_POINT('',#1444);
#1444 = CARTESIAN_POINT('',(-3.144651397996,11.735998789412,
    8.866666666667));
#1445 = SPHERICAL_SURFACE('',#1446,0.3);
#1446 = AXIS2_PLACEMENT_3D('',#1447,#1448,#1449);
#1447 = CARTESIAN_POINT('',(-3.144651397996,11.735998789412,
    9.166666666667));
#1448 = DIRECTION('',(0.,0.,1.));
#1449 = DIRECTION('',(1.,0.,0.));
#1450 = ORIENTED_CLOSED_SHELL('',*,#1451,.F.);
#1451 = CLOSED_SHELL('',(#1452));
#1452 = ADVANCED_FACE('',(#1453),#1457,.T.);
#1453 = FACE_BOUND('',#1454,.T.);
#1454 = VERTEX_LOOP('',#1455);
#1455 = VERTEX_POINT('',#1456);
#1456 = CARTESIAN_POINT('',(-1.058942274384,12.103765581815,
    8.755555555556));
#1457 = SPHERICAL_SURFACE('',#1458,0.3);
#1458 = AXIS2_PLACEMENT_3D('',#1459,#1460,#1461);
#1459 = CARTESIAN_POINT('',(-1.058942274384,12.103765581815,
    9.055555555556));
#1460 = DIRECTION('',(0.,0.,1.));
#1461 = DIRECTION('',(1.,0.,0.));
#1462 = ORIENTED_CLOSED_SHELL('',*,#1463,.F.);
#1463 = CLOSED_SHELL('',(#1464));
#1464 = ADVANCED_FACE('',(#1465),#1469,.T.);
#1465 = FACE_BOUND('',#1466,.T.);
#1466 = VERTEX_LOOP('',#1467);
#1467 = VERTEX_POINT('',#1468);
#1468 = CARTESIAN_POINT('',(12.103765581815,1.058942274384,
    3.755555555556));
#1469 = SPHERICAL_SURFACE('',#1470,0.3);
#1470 = AXIS2_PLACEMENT_3D('',#1471,#1472,#1473);
#1471 = CARTESIAN_POINT('',(12.103765581815,1.058942274384,
    4.055555555556));
#1472 = DIRECTION('',(0.,0.,1.));
#1473 = DIRECTION('',(1.,0.,0.));
#1474 = ORIENTED_CLOSED_SHELL('',*,#1475,.F.);
#1475 = CLOSED_SHELL('',(#1476));
#1476 = ADVANCED_FACE('',(#1477),#1481,.T.);
#1477 = FACE_BOUND('',#1478,.T.);
#1478 = VERTEX_LOOP('',#1479);
#1479 = VERTEX_POINT('',#1480);
#1480 = CARTESIAN_POINT('',(11.735998789412,3.144651397996,
    3.866666666667));
#1481 = SPHERICAL_SURFACE('',#1482,0.3);
#1482 = AXIS2_PLACEMENT_3D('',#1483,#1484,#1485);
#1483 = CARTESIAN_POINT('',(11.735998789412,3.144651397996,
    4.166666666667));
#1484 = DIRECTION('',(0.,0.,1.));
#1485 = DIRECTION('',(1.,0.,0.));
#1486 = ORIENTED_CLOSED_SHELL('',*,#1487,.F.);
#1487 = CLOSED_SHELL('',(#1488));
#1488 = ADVANCED_FACE('',(#1489),#1493,.T.);
#1489 = FACE_BOUND('',#1490,.T.);
#1490 = VERTEX_LOOP('',#1491);
#1491 = VERTEX_POINT('',#1492);
#1492 = CARTESIAN_POINT('',(11.011639612495,5.134811880149,
    3.977777777778));
#1493 = SPHERICAL_SURFACE('',#1494,0.3);
#1494 = AXIS2_PLACEMENT_3D('',#1495,#1496,#1497);
#1495 = CARTESIAN_POINT('',(11.011639612495,5.134811880149,
    4.277777777778));
#1496 = DIRECTION('',(0.,0.,1.));
#1497 = DIRECTION('',(1.,0.,0.));
#1498 = ORIENTED_CLOSED_SHELL('',*,#1499,.F.);
#1499 = CLOSED_SHELL('',(#1500));
#1500 = ADVANCED_FACE('',(#1501),#1505,.T.);
#1501 = FACE_BOUND('',#1502,.T.);
#1502 = VERTEX_LOOP('',#1503);
#1503 = VERTEX_POINT('',#1504);
#1504 = CARTESIAN_POINT('',(1.058942274384,12.103765581815,
    0.644444444444));
#1505 = SPHERICAL_SURFACE('',#1506,0.3);
#1506 = AXIS2_PLACEMENT_3D('',#1507,#1508,#1509);
#1507 = CARTESIAN_POINT('',(1.058942274384,12.103765581815,
    0.944444444444));
#1508 = DIRECTION('',(0.,0.,1.));
#1509 = DIRECTION('',(1.,0.,0.));
#1510 = ORIENTED_CLOSED_SHELL('',*,#1511,.F.);
#1511 = CLOSED_SHELL('',(#1512));
#1512 = ADVANCED_FACE('',(#1513),#1517,.T.);
#1513 = FACE_BOUND('',#1514,.T.);
#1514 = VERTEX_LOOP('',#1515);
#1515 = VERTEX_POINT('',#1516);
#1516 = CARTESIAN_POINT('',(3.144651397996,11.735998789412,
    0.533333333333));
#1517 = SPHERICAL_SURFACE('',#1518,0.3);
#1518 = AXIS2_PLACEMENT_3D('',#1519,#1520,#1521);
#1519 = CARTESIAN_POINT('',(3.144651397996,11.735998789412,
    0.833333333333));
#1520 = DIRECTION('',(0.,0.,1.));
#1521 = DIRECTION('',(1.,0.,0.));
#1522 = ORIENTED_CLOSED_SHELL('',*,#1523,.F.);
#1523 = CLOSED_SHELL('',(#1524));
#1524 = ADVANCED_FACE('',(#1525),#1529,.T.);
#1525 = FACE_BOUND('',#1526,.T.);
#1526 = VERTEX_LOOP('',#1527);
#1527 = VERTEX_POINT('',#1528);
#1528 = CARTESIAN_POINT('',(5.134811880149,11.011639612495,
    0.422222222222));
#1529 = SPHERICAL_SURFACE('',#1530,0.3);
#1530 = AXIS2_PLACEMENT_3D('',#1531,#1532,#1533);
#1531 = CARTESIAN_POINT('',(5.134811880149,11.011639612495,
    0.722222222222));
#1532 = DIRECTION('',(0.,0.,1.));
#1533 = DIRECTION('',(1.,0.,0.));
#1534 = ORIENTED_CLOSED_SHELL('',*,#1535,.F.);
#1535 = CLOSED_SHELL('',(#1536));
#1536 = ADVANCED_FACE('',(#1537),#1541,.T.);
#1537 = FACE_BOUND('',#1538,.T.);
#1538 = VERTEX_LOOP('',#1539);
#1539 = VERTEX_POINT('',#1540);
#1540 = CARTESIAN_POINT('',(1.058942274384,12.103765581815,
    4.644444444444));
#1541 = SPHERICAL_SURFACE('',#1542,0.3);
#1542 = AXIS2_PLACEMENT_3D('',#1543,#1544,#1545);
#1543 = CARTESIAN_POINT('',(1.058942274384,12.103765581815,
    4.944444444444));
#1544 = DIRECTION('',(0.,0.,1.));
#1545 = DIRECTION('',(1.,0.,0.));
#1546 = ORIENTED_CLOSED_SHELL('',*,#1547,.F.);
#1547 = CLOSED_SHELL('',(#1548));
#1548 = ADVANCED_FACE('',(#1549),#1553,.T.);
#1549 = FACE_BOUND('',#1550,.T.);
#1550 = VERTEX_LOOP('',#1551);
#1551 = VERTEX_POINT('',#1552);
#1552 = CARTESIAN_POINT('',(5.134811880149,11.011639612495,
    4.422222222222));
#1553 = SPHERICAL_SURFACE('',#1554,0.3);
#1554 = AXIS2_PLACEMENT_3D('',#1555,#1556,#1557);
#1555 = CARTESIAN_POINT('',(5.134811880149,11.011639612495,
    4.722222222222));
#1556 = DIRECTION('',(0.,0.,1.));
#1557 = DIRECTION('',(1.,0.,0.));
#1558 = ORIENTED_CLOSED_SHELL('',*,#1559,.F.);
#1559 = CLOSED_SHELL('',(#1560));
#1560 = ADVANCED_FACE('',(#1561),#1565,.T.);
#1561 = FACE_BOUND('',#1562,.T.);
#1562 = VERTEX_LOOP('',#1563);
#1563 = VERTEX_POINT('',#1564);
#1564 = CARTESIAN_POINT('',(3.144651397996,11.735998789412,
    4.533333333333));
#1565 = SPHERICAL_SURFACE('',#1566,0.3);
#1566 = AXIS2_PLACEMENT_3D('',#1567,#1568,#1569);
#1567 = CARTESIAN_POINT('',(3.144651397996,11.735998789412,
    4.833333333333));
#1568 = DIRECTION('',(0.,0.,1.));
#1569 = DIRECTION('',(1.,0.,0.));
#1570 = ORIENTED_CLOSED_SHELL('',*,#1571,.F.);
#1571 = CLOSED_SHELL('',(#1572));
#1572 = ADVANCED_FACE('',(#1573),#1577,.T.);
#1573 = FACE_BOUND('',#1574,.T.);
#1574 = VERTEX_LOOP('',#1575);
#1575 = VERTEX_POINT('',#1576);
#1576 = CARTESIAN_POINT('',(8.591347391417,8.591347391417,0.2));
#1577 = SPHERICAL_SURFACE('',#1578,0.3);
#1578 = AXIS2_PLACEMENT_3D('',#1579,#1580,#1581);
#1579 = CARTESIAN_POINT('',(8.591347391417,8.591347391417,0.5));
#1580 = DIRECTION('',(0.,0.,1.));
#1581 = DIRECTION('',(1.,0.,0.));
#1582 = ORIENTED_CLOSED_SHELL('',*,#1583,.F.);
#1583 = CLOSED_SHELL('',(#1584));
#1584 = ADVANCED_FACE('',(#1585),#1589,.T.);
#1585 = FACE_BOUND('',#1586,.T.);
#1586 = VERTEX_LOOP('',#1587);
#1587 = VERTEX_POINT('',#1588);
#1588 = CARTESIAN_POINT('',(9.952697338111,6.968953701665,
    8.888888888889E-02));
#1589 = SPHERICAL_SURFACE('',#1590,0.3);
#1590 = AXIS2_PLACEMENT_3D('',#1591,#1592,#1593);
#1591 = CARTESIAN_POINT('',(9.952697338111,6.968953701665,0.388888888889
    ));
#1592 = DIRECTION('',(0.,0.,1.));
#1593 = DIRECTION('',(1.,0.,0.));
#1594 = ORIENTED_CLOSED_SHELL('',*,#1595,.F.);
#1595 = CLOSED_SHELL('',(#1596));
#1596 = ADVANCED_FACE('',(#1597),#1601,.T.);
#1597 = FACE_BOUND('',#1598,.T.);
#1598 = VERTEX_LOOP('',#1599);
#1599 = VERTEX_POINT('',#1600);
#1600 = CARTESIAN_POINT('',(6.968953701665,9.952697338111,0.311111111111
    ));
#1601 = SPHERICAL_SURFACE('',#1602,0.3);
#1602 = AXIS2_PLACEMENT_3D('',#1603,#1604,#1605);
#1603 = CARTESIAN_POINT('',(6.968953701665,9.952697338111,0.611111111111
    ));
#1604 = DIRECTION('',(0.,0.,1.));
#1605 = DIRECTION('',(1.,0.,0.));
#1606 = ORIENTED_CLOSED_SHELL('',*,#1607,.F.);
#1607 = CLOSED_SHELL('',(#1608));
#1608 = ADVANCED_FACE('',(#1609),#1613,.T.);
#1609 = FACE_BOUND('',#1610,.T.);
#1610 = VERTEX_LOOP('',#1611);
#1611 = VERTEX_POINT('',#1612);
#1612 = CARTESIAN_POINT('',(8.591347391417,8.591347391417,4.2));
#1613 = SPHERICAL_SURFACE('',#1614,0.3);
#1614 = AXIS2_PLACEMENT_3D('',#1615,#1616,#1617);
#1615 = CARTESIAN_POINT('',(8.591347391417,8.591347391417,4.5));
#1616 = DIRECTION('',(0.,0.,1.));
#1617 = DIRECTION('',(1.,0.,0.));
#1618 = ORIENTED_CLOSED_SHELL('',*,#1619,.F.);
#1619 = CLOSED_SHELL('',(#1620));
#1620 = ADVANCED_FACE('',(#1621),#1625,.T.);
#1621 = FACE_BOUND('',#1622,.T.);
#1622 = VERTEX_LOOP('',#1623);
#1623 = VERTEX_POINT('',#1624);
#1624 = CARTESIAN_POINT('',(9.952697338111,6.968953701665,4.088888888889
    ));
#1625 = SPHERICAL_SURFACE('',#1626,0.3);
#1626 = AXIS2_PLACEMENT_3D('',#1627,#1628,#1629);
#1627 = CARTESIAN_POINT('',(9.952697338111,6.968953701665,4.388888888889
    ));
#1628 = DIRECTION('',(0.,0.,1.));
#1629 = DIRECTION('',(1.,0.,0.));
#1630 = ORIENTED_CLOSED_SHELL('',*,#1631,.F.);
#1631 = CLOSED_SHELL('',(#1632));
#1632 = ADVANCED_FACE('',(#1633),#1637,.T.);
#1633 = FACE_BOUND('',#1634,.T.);
#1634 = VERTEX_LOOP('',#1635);
#1635 = VERTEX_POINT('',#1636);
#1636 = CARTESIAN_POINT('',(6.968953701665,9.952697338111,4.311111111111
    ));
#1637 = SPHERICAL_SURFACE('',#1638,0.3);
#1638 = AXIS2_PLACEMENT_3D('',#1639,#1640,#1641);
#1639 = CARTESIAN_POINT('',(6.968953701665,9.952697338111,4.611111111111
    ));
#1640 = DIRECTION('',(0.,0.,1.));
#1641 = DIRECTION('',(1.,0.,0.));
#1642 = ORIENTED_CLOSED_SHELL('',*,#1643,.F.);
#1643 = CLOSED_SHELL('',(#1644));
#1644 = ADVANCED_FACE('',(#1645),#1649,.T.);
#1645 = FACE_BOUND('',#1646,.T.);
#1646 = VERTEX_LOOP('',#1647);
#1647 = VERTEX_POINT('',#1648);
#1648 = CARTESIAN_POINT('',(12.103765581815,1.058942274384,
    7.755555555556));
#1649 = SPHERICAL_SURFACE('',#1650,0.3);
#1650 = AXIS2_PLACEMENT_3D('',#1651,#1652,#1653);
#1651 = CARTESIAN_POINT('',(12.103765581815,1.058942274384,
    8.055555555556));
#1652 = DIRECTION('',(0.,0.,1.));
#1653 = DIRECTION('',(1.,0.,0.));
#1654 = ORIENTED_CLOSED_SHELL('',*,#1655,.F.);
#1655 = CLOSED_SHELL('',(#1656));
#1656 = ADVANCED_FACE('',(#1657),#1661,.T.);
#1657 = FACE_BOUND('',#1658,.T.);
#1658 = VERTEX_LOOP('',#1659);
#1659 = VERTEX_POINT('',#1660);
#1660 = CARTESIAN_POINT('',(11.735998789412,3.144651397996,
    7.866666666667));
#1661 = SPHERICAL_SURFACE('',#1662,0.3);
#1662 = AXIS2_PLACEMENT_3D('',#1663,#1664,#1665);
#1663 = CARTESIAN_POINT('',(11.735998789412,3.144651397996,
    8.166666666667));
#1664 = DIRECTION('',(0.,0.,1.));
#1665 = DIRECTION('',(1.,0.,0.));
#1666 = ORIENTED_CLOSED_SHELL('',*,#1667,.F.);
#1667 = CLOSED_SHELL('',(#1668));
#1668 = ADVANCED_FACE('',(#1669),#1673,.T.);
#1669 = FACE_BOUND('',#1670,.T.);
#1670 = VERTEX_LOOP('',#1671);
#1671 = VERTEX_POINT('',#1672);
#1672 = CARTESIAN_POINT('',(11.011639612495,5.134811880149,
    7.977777777778));
#1673 = SPHERICAL_SURFACE('',#1674,0.3);
#1674 = AXIS2_PLACEMENT_3D('',#1675,#1676,#1677);
#1675 = CARTESIAN_POINT('',(11.011639612495,5.134811880149,
    8.277777777778));
#1676 = DIRECTION('',(0.,0.,1.));
#1677 = DIRECTION('',(1.,0.,0.));
#1678 = ORIENTED_CLOSED_SHELL('',*,#1679,.F.);
#1679 = CLOSED_SHELL('',(#1680));
#1680 = ADVANCED_FACE('',(#1681),#1685,.T.);
#1681 = FACE_BOUND('',#1682,.T.);
#1682 = VERTEX_LOOP('',#1683);
#1683 = VERTEX_POINT('',#1684);
#1684 = CARTESIAN_POINT('',(12.103765581815,1.058942274384,
    11.755555555556));
#1685 = SPHERICAL_SURFACE('',#1686,0.3);
#1686 = AXIS2_PLACEMENT_3D('',#1687,#1688,#1689);
#1687 = CARTESIAN_POINT('',(12.103765581815,1.058942274384,
    12.055555555556));
#1688 = DIRECTION('',(0.,0.,1.));
#1689 = DIRECTION('',(1.,0.,0.));
#1690 = ORIENTED_CLOSED_SHELL('',*,#1691,.F.);
#1691 = CLOSED_SHELL('',(#1692));
#1692 = ADVANCED_FACE('',(#1693),#1697,.T.);
#1693 = FACE_BOUND('',#1694,.T.);
#1694 = VERTEX_LOOP('',#1695);
#1695 = VERTEX_POINT('',#1696);
#1696 = CARTESIAN_POINT('',(11.735998789412,3.144651397996,
    11.866666666667));
#1697 = SPHERICAL_SURFACE('',#1698,0.3);
#1698 = AXIS2_PLACEMENT_3D('',#1699,#1700,#1701);
#1699 = CARTESIAN_POINT('',(11.735998789412,3.144651397996,
    12.166666666667));
#1700 = DIRECTION('',(0.,0.,1.));
#1701 = DIRECTION('',(1.,0.,0.));
#1702 = ORIENTED_CLOSED_SHELL('',*,#1703,.F.);
#1703 = CLOSED_SHELL('',(#1704));
#1704 = ADVANCED_FACE('',(#1705),#1709,.T.);
#1705 = FACE_BOUND('',#1706,.T.);
#1706 = VERTEX_LOOP('',#1707);
#1707 = VERTEX_POINT('',#1708);
#1708 = CARTESIAN_POINT('',(11.011639612495,5.13481188015,
    11.977777777778));
#1709 = SPHERICAL_SURFACE('',#1710,0.3);
#1710 = AXIS2_PLACEMENT_3D('',#1711,#1712,#1713);
#1711 = CARTESIAN_POINT('',(11.011639612495,5.13481188015,
    12.277777777778));
#1712 = DIRECTION('',(0.,0.,1.));
#1713 = DIRECTION('',(1.,0.,0.));
#1714 = ORIENTED_CLOSED_SHELL('',*,#1715,.F.);
#1715 = CLOSED_SHELL('',(#1716));
#1716 = ADVANCED_FACE('',(#1717),#1721,.T.);
#1717 = FACE_BOUND('',#1718,.T.);
#1718 = VERTEX_LOOP('',#1719);
#1719 = VERTEX_POINT('',#1720);
#1720 = CARTESIAN_POINT('',(1.058942274384,12.103765581815,
    8.644444444444));
#1721 = SPHERICAL_SURFACE('',#1722,0.3);
#1722 = AXIS2_PLACEMENT_3D('',#1723,#1724,#1725);
#1723 = CARTESIAN_POINT('',(1.058942274384,12.103765581815,
    8.944444444444));
#1724 = DIRECTION('',(0.,0.,1.));
#1725 = DIRECTION('',(1.,0.,0.));
#1726 = ORIENTED_CLOSED_SHELL('',*,#1727,.F.);
#1727 = CLOSED_SHELL('',(#1728));
#1728 = ADVANCED_FACE('',(#1729),#1733,.T.);
#1729 = FACE_BOUND('',#1730,.T.);
#1730 = VERTEX_LOOP('',#1731);
#1731 = VERTEX_POINT('',#1732);
#1732 = CARTESIAN_POINT('',(3.144651397996,11.735998789412,
    8.533333333333));
#1733 = SPHERICAL_SURFACE('',#1734,0.3);
#1734 = AXIS2_PLACEMENT_3D('',#1735,#1736,#1737);
#1735 = CARTESIAN_POINT('',(3.144651397996,11.735998789412,
    8.833333333333));
#1736 = DIRECTION('',(0.,0.,1.));
#1737 = DIRECTION('',(1.,0.,0.));
#1738 = ORIENTED_CLOSED_SHELL('',*,#1739,.F.);
#1739 = CLOSED_SHELL('',(#1740));
#1740 = ADVANCED_FACE('',(#1741),#1745,.T.);
#1741 = FACE_BOUND('',#1742,.T.);
#1742 = VERTEX_LOOP('',#1743);
#1743 = VERTEX_POINT('',#1744);
#1744 = CARTESIAN_POINT('',(5.134811880149,11.011639612495,
    8.422222222222));
#1745 = SPHERICAL_SURFACE('',#1746,0.3);
#1746 = AXIS2_PLACEMENT_3D('',#1747,#1748,#1749);
#1747 = CARTESIAN_POINT('',(5.134811880149,11.011639612495,
    8.722222222222));
#1748 = DIRECTION('',(0.,0.,1.));
#1749 = DIRECTION('',(1.,0.,0.));
#1750 = ORIENTED_CLOSED_SHELL('',*,#1751,.F.);
#1751 = CLOSED_SHELL('',(#1752));
#1752 = ADVANCED_FACE('',(#1753),#1757,.T.);
#1753 = FACE_BOUND('',#1754,.T.);
#1754 = VERTEX_LOOP('',#1755);
#1755 = VERTEX_POINT('',#1756);
#1756 = CARTESIAN_POINT('',(8.591347391417,8.591347391417,8.2));
#1757 = SPHERICAL_SURFACE('',#1758,0.3);
#1758 = AXIS2_PLACEMENT_3D('',#1759,#1760,#1761);
#1759 = CARTESIAN_POINT('',(8.591347391417,8.591347391417,8.5));
#1760 = DIRECTION('',(0.,0.,1.));
#1761 = DIRECTION('',(1.,0.,0.));
#1762 = ORIENTED_CLOSED_SHELL('',*,#1763,.F.);
#1763 = CLOSED_SHELL('',(#1764));
#1764 = ADVANCED_FACE('',(#1765),#1769,.T.);
#1765 = FACE_BOUND('',#1766,.T.);
#1766 = VERTEX_LOOP('',#1767);
#1767 = VERTEX_POINT('',#1768);
#1768 = CARTESIAN_POINT('',(9.952697338111,6.968953701665,8.088888888889
    ));
#1769 = SPHERICAL_SURFACE('',#1770,0.3);
#1770 = AXIS2_PLACEMENT_3D('',#1771,#1772,#1773);
#1771 = CARTESIAN_POINT('',(9.952697338111,6.968953701665,8.388888888889
    ));
#1772 = DIRECTION('',(0.,0.,1.));
#1773 = DIRECTION('',(1.,0.,0.));
#1774 = ORIENTED_CLOSED_SHELL('',*,#1775,.F.);
#1775 = CLOSED_SHELL('',(#1776));
#1776 = ADVANCED_FACE('',(#1777),#1781,.T.);
#1777 = FACE_BOUND('',#1778,.T.);
#1778 = VERTEX_LOOP('',#1779);
#1779 = VERTEX_POINT('',#1780);
#1780 = CARTESIAN_POINT('',(6.968953701665,9.952697338111,8.311111111111
    ));
#1781 = SPHERICAL_SURFACE('',#1782,0.3);
#1782 = AXIS2_PLACEMENT_3D('',#1783,#1784,#1785);
#1783 = CARTESIAN_POINT('',(6.968953701665,9.952697338111,8.611111111111
    ));
#1784 = DIRECTION('',(0.,0.,1.));
#1785 = DIRECTION('',(1.,0.,0.));
#1786 = ORIENTED_CLOSED_SHELL('',*,#1787,.F.);
#1787 = CLOSED_SHELL('',(#1788));
#1788 = ADVANCED_FACE('',(#1789),#1793,.T.);
#1789 = FACE_BOUND('',#1790,.T.);
#1790 = VERTEX_LOOP('',#1791);
#1791 = VERTEX_POINT('',#1792);
#1792 = CARTESIAN_POINT('',(8.591347391417,8.591347391417,12.2));
#1793 = SPHERICAL_SURFACE('',#1794,0.3);
#1794 = AXIS2_PLACEMENT_3D('',#1795,#1796,#1797);
#1795 = CARTESIAN_POINT('',(8.591347391417,8.591347391417,12.5));
#1796 = DIRECTION('',(0.,0.,1.));
#1797 = DIRECTION('',(1.,0.,0.));
#1798 = ORIENTED_CLOSED_SHELL('',*,#1799,.F.);
#1799 = CLOSED_SHELL('',(#1800));
#1800 = ADVANCED_FACE('',(#1801),#1805,.T.);
#1801 = FACE_BOUND('',#1802,.T.);
#1802 = VERTEX_LOOP('',#1803);
#1803 = VERTEX_POINT('',#1804);
#1804 = CARTESIAN_POINT('',(9.952697338111,6.968953701665,
    12.088888888889));
#1805 = SPHERICAL_SURFACE('',#1806,0.3);
#1806 = AXIS2_PLACEMENT_3D('',#1807,#1808,#1809);
#1807 = CARTESIAN_POINT('',(9.952697338111,6.968953701665,
    12.388888888889));
#1808 = DIRECTION('',(0.,0.,1.));
#1809 = DIRECTION('',(1.,0.,0.));
#1810 = ORIENTED_CLOSED_SHELL('',*,#1811,.F.);
#1811 = CLOSED_SHELL('',(#1812));
#1812 = ADVANCED_FACE('',(#1813),#1817,.T.);
#1813 = FACE_BOUND('',#1814,.T.);
#1814 = VERTEX_LOOP('',#1815);
#1815 = VERTEX_POINT('',#1816);
#1816 = CARTESIAN_POINT('',(6.968953701665,9.952697338111,
    12.311111111111));
#1817 = SPHERICAL_SURFACE('',#1818,0.3);
#1818 = AXIS2_PLACEMENT_3D('',#1819,#1820,#1821);
#1819 = CARTESIAN_POINT('',(6.968953701665,9.952697338111,
    12.611111111111));
#1820 = DIRECTION('',(0.,0.,1.));
#1821 = DIRECTION('',(1.,0.,0.));
#1822 = ORIENTED_CLOSED_SHELL('',*,#1823,.F.);
#1823 = CLOSED_SHELL('',(#1824));
#1824 = ADVANCED_FACE('',(#1825),#1829,.T.);
#1825 = FACE_BOUND('',#1826,.T.);
#1826 = VERTEX_LOOP('',#1827);
#1827 = VERTEX_POINT('',#1828);
#1828 = CARTESIAN_POINT('',(-6.968953701665,-9.952697338111,
    14.311111111111));
#1829 = SPHERICAL_SURFACE('',#1830,0.3);
#1830 = AXIS2_PLACEMENT_3D('',#1831,#1832,#1833);
#1831 = CARTESIAN_POINT('',(-6.968953701665,-9.952697338111,
    14.611111111111));
#1832 = DIRECTION('',(0.,0.,1.));
#1833 = DIRECTION('',(1.,0.,0.));
#1834 = ORIENTED_CLOSED_SHELL('',*,#1835,.F.);
#1835 = CLOSED_SHELL('',(#1836));
#1836 = ADVANCED_FACE('',(#1837),#1841,.T.);
#1837 = FACE_BOUND('',#1838,.T.);
#1838 = VERTEX_LOOP('',#1839);
#1839 = VERTEX_POINT('',#1840);
#1840 = CARTESIAN_POINT('',(-9.952697338111,-6.968953701665,
    14.088888888889));
#1841 = SPHERICAL_SURFACE('',#1842,0.3);
#1842 = AXIS2_PLACEMENT_3D('',#1843,#1844,#1845);
#1843 = CARTESIAN_POINT('',(-9.952697338111,-6.968953701665,
    14.388888888889));
#1844 = DIRECTION('',(0.,0.,1.));
#1845 = DIRECTION('',(1.,0.,0.));
#1846 = ORIENTED_CLOSED_SHELL('',*,#1847,.F.);
#1847 = CLOSED_SHELL('',(#1848));
#1848 = ADVANCED_FACE('',(#1849),#1853,.T.);
#1849 = FACE_BOUND('',#1850,.T.);
#1850 = VERTEX_LOOP('',#1851);
#1851 = VERTEX_POINT('',#1852);
#1852 = CARTESIAN_POINT('',(-8.591347391417,-8.591347391417,14.2));
#1853 = SPHERICAL_SURFACE('',#1854,0.3);
#1854 = AXIS2_PLACEMENT_3D('',#1855,#1856,#1857);
#1855 = CARTESIAN_POINT('',(-8.591347391417,-8.591347391417,14.5));
#1856 = DIRECTION('',(0.,0.,1.));
#1857 = DIRECTION('',(1.,0.,0.));
#1858 = ORIENTED_CLOSED_SHELL('',*,#1859,.F.);
#1859 = CLOSED_SHELL('',(#1860));
#1860 = ADVANCED_FACE('',(#1861),#1865,.T.);
#1861 = FACE_BOUND('',#1862,.T.);
#1862 = VERTEX_LOOP('',#1863);
#1863 = VERTEX_POINT('',#1864);
#1864 = CARTESIAN_POINT('',(-6.968953701665,-9.952697338111,
    18.311111111111));
#1865 = SPHERICAL_SURFACE('',#1866,0.3);
#1866 = AXIS2_PLACEMENT_3D('',#1867,#1868,#1869);
#1867 = CARTESIAN_POINT('',(-6.968953701665,-9.952697338111,
    18.611111111111));
#1868 = DIRECTION('',(0.,0.,1.));
#1869 = DIRECTION('',(1.,0.,0.));
#1870 = ORIENTED_CLOSED_SHELL('',*,#1871,.F.);
#1871 = CLOSED_SHELL('',(#1872));
#1872 = ADVANCED_FACE('',(#1873),#1877,.T.);
#1873 = FACE_BOUND('',#1874,.T.);
#1874 = VERTEX_LOOP('',#1875);
#1875 = VERTEX_POINT('',#1876);
#1876 = CARTESIAN_POINT('',(-9.952697338111,-6.968953701665,
    18.088888888889));
#1877 = SPHERICAL_SURFACE('',#1878,0.3);
#1878 = AXIS2_PLACEMENT_3D('',#1879,#1880,#1881);
#1879 = CARTESIAN_POINT('',(-9.952697338111,-6.968953701665,
    18.388888888889));
#1880 = DIRECTION('',(0.,0.,1.));
#1881 = DIRECTION('',(1.,0.,0.));
#1882 = ORIENTED_CLOSED_SHELL('',*,#1883,.F.);
#1883 = CLOSED_SHELL('',(#1884));
#1884 = ADVANCED_FACE('',(#1885),#1889,.T.);
#1885 = FACE_BOUND('',#1886,.T.);
#1886 = VERTEX_LOOP('',#1887);
#1887 = VERTEX_POINT('',#1888);
#1888 = CARTESIAN_POINT('',(-8.591347391417,-8.591347391417,18.2));
#1889 = SPHERICAL_SURFACE('',#1890,0.3);
#1890 = AXIS2_PLACEMENT_3D('',#1891,#1892,#1893);
#1891 = CARTESIAN_POINT('',(-8.591347391417,-8.591347391417,18.5));
#1892 = DIRECTION('',(0.,0.,1.));
#1893 = DIRECTION('',(1.,0.,0.));
#1894 = ORIENTED_CLOSED_SHELL('',*,#1895,.F.);
#1895 = CLOSED_SHELL('',(#1896));
#1896 = ADVANCED_FACE('',(#1897),#1901,.T.);
#1897 = FACE_BOUND('',#1898,.T.);
#1898 = VERTEX_LOOP('',#1899);
#1899 = VERTEX_POINT('',#1900);
#1900 = CARTESIAN_POINT('',(-5.13481188015,-11.01163961249,
    14.422222222222));
#1901 = SPHERICAL_SURFACE('',#1902,0.3);
#1902 = AXIS2_PLACEMENT_3D('',#1903,#1904,#1905);
#1903 = CARTESIAN_POINT('',(-5.13481188015,-11.01163961249,
    14.722222222222));
#1904 = DIRECTION('',(0.,0.,1.));
#1905 = DIRECTION('',(1.,0.,0.));
#1906 = ORIENTED_CLOSED_SHELL('',*,#1907,.F.);
#1907 = CLOSED_SHELL('',(#1908));
#1908 = ADVANCED_FACE('',(#1909),#1913,.T.);
#1909 = FACE_BOUND('',#1910,.T.);
#1910 = VERTEX_LOOP('',#1911);
#1911 = VERTEX_POINT('',#1912);
#1912 = CARTESIAN_POINT('',(-3.144651397996,-11.73599878941,
    14.533333333333));
#1913 = SPHERICAL_SURFACE('',#1914,0.3);
#1914 = AXIS2_PLACEMENT_3D('',#1915,#1916,#1917);
#1915 = CARTESIAN_POINT('',(-3.144651397996,-11.73599878941,
    14.833333333333));
#1916 = DIRECTION('',(0.,0.,1.));
#1917 = DIRECTION('',(1.,0.,0.));
#1918 = ORIENTED_CLOSED_SHELL('',*,#1919,.F.);
#1919 = CLOSED_SHELL('',(#1920));
#1920 = ADVANCED_FACE('',(#1921),#1925,.T.);
#1921 = FACE_BOUND('',#1922,.T.);
#1922 = VERTEX_LOOP('',#1923);
#1923 = VERTEX_POINT('',#1924);
#1924 = CARTESIAN_POINT('',(-1.058942274384,-12.10376558181,
    14.644444444444));
#1925 = SPHERICAL_SURFACE('',#1926,0.3);
#1926 = AXIS2_PLACEMENT_3D('',#1927,#1928,#1929);
#1927 = CARTESIAN_POINT('',(-1.058942274384,-12.10376558181,
    14.944444444444));
#1928 = DIRECTION('',(0.,0.,1.));
#1929 = DIRECTION('',(1.,0.,0.));
#1930 = ORIENTED_CLOSED_SHELL('',*,#1931,.F.);
#1931 = CLOSED_SHELL('',(#1932));
#1932 = ADVANCED_FACE('',(#1933),#1937,.T.);
#1933 = FACE_BOUND('',#1934,.T.);
#1934 = VERTEX_LOOP('',#1935);
#1935 = VERTEX_POINT('',#1936);
#1936 = CARTESIAN_POINT('',(-5.134811880149,-11.01163961249,
    18.422222222222));
#1937 = SPHERICAL_SURFACE('',#1938,0.3);
#1938 = AXIS2_PLACEMENT_3D('',#1939,#1940,#1941);
#1939 = CARTESIAN_POINT('',(-5.134811880149,-11.01163961249,
    18.722222222222));
#1940 = DIRECTION('',(0.,0.,1.));
#1941 = DIRECTION('',(1.,0.,0.));
#1942 = ORIENTED_CLOSED_SHELL('',*,#1943,.F.);
#1943 = CLOSED_SHELL('',(#1944));
#1944 = ADVANCED_FACE('',(#1945),#1949,.T.);
#1945 = FACE_BOUND('',#1946,.T.);
#1946 = VERTEX_LOOP('',#1947);
#1947 = VERTEX_POINT('',#1948);
#1948 = CARTESIAN_POINT('',(-3.144651397996,-11.73599878941,
    18.533333333333));
#1949 = SPHERICAL_SURFACE('',#1950,0.3);
#1950 = AXIS2_PLACEMENT_3D('',#1951,#1952,#1953);
#1951 = CARTESIAN_POINT('',(-3.144651397996,-11.73599878941,
    18.833333333333));
#1952 = DIRECTION('',(0.,0.,1.));
#1953 = DIRECTION('',(1.,0.,0.));
#1954 = ORIENTED_CLOSED_SHELL('',*,#1955,.F.);
#1955 = CLOSED_SHELL('',(#1956));
#1956 = ADVANCED_FACE('',(#1957),#1961,.T.);
#1957 = FACE_BOUND('',#1958,.T.);
#1958 = VERTEX_LOOP('',#1959);
#1959 = VERTEX_POINT('',#1960);
#1960 = CARTESIAN_POINT('',(-1.058942274384,-12.10376558181,
    18.644444444444));
#1961 = SPHERICAL_SURFACE('',#1962,0.3);
#1962 = AXIS2_PLACEMENT_3D('',#1963,#1964,#1965);
#1963 = CARTESIAN_POINT('',(-1.058942274384,-12.10376558181,
    18.944444444444));
#1964 = DIRECTION('',(0.,0.,1.));
#1965 = DIRECTION('',(1.,0.,0.));
#1966 = ORIENTED_CLOSED_SHELL('',*,#1967,.F.);
#1967 = CLOSED_SHELL('',(#1968));
#1968 = ADVANCED_FACE('',(#1969),#1973,.T.);
#1969 = FACE_BOUND('',#1970,.T.);
#1970 = VERTEX_LOOP('',#1971);
#1971 = VERTEX_POINT('',#1972);
#1972 = CARTESIAN_POINT('',(-11.73599878941,-3.144651397996,
    13.866666666667));
#1973 = SPHERICAL_SURFACE('',#1974,0.3);
#1974 = AXIS2_PLACEMENT_3D('',#1975,#1976,#1977);
#1975 = CARTESIAN_POINT('',(-11.73599878941,-3.144651397996,
    14.166666666667));
#1976 = DIRECTION('',(0.,0.,1.));
#1977 = DIRECTION('',(1.,0.,0.));
#1978 = ORIENTED_CLOSED_SHELL('',*,#1979,.F.);
#1979 = CLOSED_SHELL('',(#1980));
#1980 = ADVANCED_FACE('',(#1981),#1985,.T.);
#1981 = FACE_BOUND('',#1982,.T.);
#1982 = VERTEX_LOOP('',#1983);
#1983 = VERTEX_POINT('',#1984);
#1984 = CARTESIAN_POINT('',(-11.01163961249,-5.13481188015,
    13.977777777778));
#1985 = SPHERICAL_SURFACE('',#1986,0.3);
#1986 = AXIS2_PLACEMENT_3D('',#1987,#1988,#1989);
#1987 = CARTESIAN_POINT('',(-11.01163961249,-5.13481188015,
    14.277777777778));
#1988 = DIRECTION('',(0.,0.,1.));
#1989 = DIRECTION('',(1.,0.,0.));
#1990 = ORIENTED_CLOSED_SHELL('',*,#1991,.F.);
#1991 = CLOSED_SHELL('',(#1992));
#1992 = ADVANCED_FACE('',(#1993),#1997,.T.);
#1993 = FACE_BOUND('',#1994,.T.);
#1994 = VERTEX_LOOP('',#1995);
#1995 = VERTEX_POINT('',#1996);
#1996 = CARTESIAN_POINT('',(-12.10376558181,-1.058942274384,
    13.755555555556));
#1997 = SPHERICAL_SURFACE('',#1998,0.3);
#1998 = AXIS2_PLACEMENT_3D('',#1999,#2000,#2001);
#1999 = CARTESIAN_POINT('',(-12.10376558181,-1.058942274384,
    14.055555555556));
#2000 = DIRECTION('',(0.,0.,1.));
#2001 = DIRECTION('',(1.,0.,0.));
#2002 = ORIENTED_CLOSED_SHELL('',*,#2003,.F.);
#2003 = CLOSED_SHELL('',(#2004));
#2004 = ADVANCED_FACE('',(#2005),#2009,.T.);
#2005 = FACE_BOUND('',#2006,.T.);
#2006 = VERTEX_LOOP('',#2007);
#2007 = VERTEX_POINT('',#2008);
#2008 = CARTESIAN_POINT('',(-11.01163961249,-5.134811880149,
    17.977777777778));
#2009 = SPHERICAL_SURFACE('',#2010,0.3);
#2010 = AXIS2_PLACEMENT_3D('',#2011,#2012,#2013);
#2011 = CARTESIAN_POINT('',(-11.01163961249,-5.134811880149,
    18.277777777778));
#2012 = DIRECTION('',(0.,0.,1.));
#2013 = DIRECTION('',(1.,0.,0.));
#2014 = ORIENTED_CLOSED_SHELL('',*,#2015,.F.);
#2015 = CLOSED_SHELL('',(#2016));
#2016 = ADVANCED_FACE('',(#2017),#2021,.T.);
#2017 = FACE_BOUND('',#2018,.T.);
#2018 = VERTEX_LOOP('',#2019);
#2019 = VERTEX_POINT('',#2020);
#2020 = CARTESIAN_POINT('',(-11.73599878941,-3.144651397996,
    17.866666666667));
#2021 = SPHERICAL_SURFACE('',#2022,0.3);
#2022 = AXIS2_PLACEMENT_3D('',#2023,#2024,#2025);
#2023 = CARTESIAN_POINT('',(-11.73599878941,-3.144651397996,
    18.166666666667));
#2024 = DIRECTION('',(0.,0.,1.));
#2025 = DIRECTION('',(1.,0.,0.));
#2026 = ORIENTED_CLOSED_SHELL('',*,#2027,.F.);
#2027 = CLOSED_SHELL('',(#2028));
#2028 = ADVANCED_FACE('',(#2029),#2033,.T.);
#2029 = FACE_BOUND('',#2030,.T.);
#2030 = VERTEX_LOOP('',#2031);
#2031 = VERTEX_POINT('',#2032);
#2032 = CARTESIAN_POINT('',(-12.10376558181,-1.058942274384,
    17.755555555556));
#2033 = SPHERICAL_SURFACE('',#2034,0.3);
#2034 = AXIS2_PLACEMENT_3D('',#2035,#2036,#2037);
#2035 = CARTESIAN_POINT('',(-12.10376558181,-1.058942274384,
    18.055555555556));
#2036 = DIRECTION('',(0.,0.,1.));
#2037 = DIRECTION('',(1.,0.,0.));
#2038 = ORIENTED_CLOSED_SHELL('',*,#2039,.F.);
#2039 = CLOSED_SHELL('',(#2040));
#2040 = ADVANCED_FACE('',(#2041),#2045,.T.);
#2041 = FACE_BOUND('',#2042,.T.);
#2042 = VERTEX_LOOP('',#2043);
#2043 = VERTEX_POINT('',#2044);
#2044 = CARTESIAN_POINT('',(-6.968953701665,-9.952697338111,
    22.311111111111));
#2045 = SPHERICAL_SURFACE('',#2046,0.3);
#2046 = AXIS2_PLACEMENT_3D('',#2047,#2048,#2049);
#2047 = CARTESIAN_POINT('',(-6.968953701665,-9.952697338111,
    22.611111111111));
#2048 = DIRECTION('',(0.,0.,1.));
#2049 = DIRECTION('',(1.,0.,0.));
#2050 = ORIENTED_CLOSED_SHELL('',*,#2051,.F.);
#2051 = CLOSED_SHELL('',(#2052));
#2052 = ADVANCED_FACE('',(#2053),#2057,.T.);
#2053 = FACE_BOUND('',#2054,.T.);
#2054 = VERTEX_LOOP('',#2055);
#2055 = VERTEX_POINT('',#2056);
#2056 = CARTESIAN_POINT('',(-9.952697338111,-6.968953701665,
    22.088888888889));
#2057 = SPHERICAL_SURFACE('',#2058,0.3);
#2058 = AXIS2_PLACEMENT_3D('',#2059,#2060,#2061);
#2059 = CARTESIAN_POINT('',(-9.952697338111,-6.968953701665,
    22.388888888889));
#2060 = DIRECTION('',(0.,0.,1.));
#2061 = DIRECTION('',(1.,0.,0.));
#2062 = ORIENTED_CLOSED_SHELL('',*,#2063,.F.);
#2063 = CLOSED_SHELL('',(#2064));
#2064 = ADVANCED_FACE('',(#2065),#2069,.T.);
#2065 = FACE_BOUND('',#2066,.T.);
#2066 = VERTEX_LOOP('',#2067);
#2067 = VERTEX_POINT('',#2068);
#2068 = CARTESIAN_POINT('',(-8.591347391417,-8.591347391416,22.2));
#2069 = SPHERICAL_SURFACE('',#2070,0.3);
#2070 = AXIS2_PLACEMENT_3D('',#2071,#2072,#2073);
#2071 = CARTESIAN_POINT('',(-8.591347391417,-8.591347391416,22.5));
#2072 = DIRECTION('',(0.,0.,1.));
#2073 = DIRECTION('',(1.,0.,0.));
#2074 = ORIENTED_CLOSED_SHELL('',*,#2075,.F.);
#2075 = CLOSED_SHELL('',(#2076));
#2076 = ADVANCED_FACE('',(#2077),#2081,.T.);
#2077 = FACE_BOUND('',#2078,.T.);
#2078 = VERTEX_LOOP('',#2079);
#2079 = VERTEX_POINT('',#2080);
#2080 = CARTESIAN_POINT('',(-5.13481188015,-11.01163961249,
    22.422222222222));
#2081 = SPHERICAL_SURFACE('',#2082,0.3);
#2082 = AXIS2_PLACEMENT_3D('',#2083,#2084,#2085);
#2083 = CARTESIAN_POINT('',(-5.13481188015,-11.01163961249,
    22.722222222222));
#2084 = DIRECTION('',(0.,0.,1.));
#2085 = DIRECTION('',(1.,0.,0.));
#2086 = ORIENTED_CLOSED_SHELL('',*,#2087,.F.);
#2087 = CLOSED_SHELL('',(#2088));
#2088 = ADVANCED_FACE('',(#2089),#2093,.T.);
#2089 = FACE_BOUND('',#2090,.T.);
#2090 = VERTEX_LOOP('',#2091);
#2091 = VERTEX_POINT('',#2092);
#2092 = CARTESIAN_POINT('',(-3.144651397996,-11.73599878941,
    22.533333333333));
#2093 = SPHERICAL_SURFACE('',#2094,0.3);
#2094 = AXIS2_PLACEMENT_3D('',#2095,#2096,#2097);
#2095 = CARTESIAN_POINT('',(-3.144651397996,-11.73599878941,
    22.833333333333));
#2096 = DIRECTION('',(0.,0.,1.));
#2097 = DIRECTION('',(1.,0.,0.));
#2098 = ORIENTED_CLOSED_SHELL('',*,#2099,.F.);
#2099 = CLOSED_SHELL('',(#2100));
#2100 = ADVANCED_FACE('',(#2101),#2105,.T.);
#2101 = FACE_BOUND('',#2102,.T.);
#2102 = VERTEX_LOOP('',#2103);
#2103 = VERTEX_POINT('',#2104);
#2104 = CARTESIAN_POINT('',(-1.058942274384,-12.10376558181,
    22.644444444444));
#2105 = SPHERICAL_SURFACE('',#2106,0.3);
#2106 = AXIS2_PLACEMENT_3D('',#2107,#2108,#2109);
#2107 = CARTESIAN_POINT('',(-1.058942274384,-12.10376558181,
    22.944444444444));
#2108 = DIRECTION('',(0.,0.,1.));
#2109 = DIRECTION('',(1.,0.,0.));
#2110 = ORIENTED_CLOSED_SHELL('',*,#2111,.F.);
#2111 = CLOSED_SHELL('',(#2112));
#2112 = ADVANCED_FACE('',(#2113),#2117,.T.);
#2113 = FACE_BOUND('',#2114,.T.);
#2114 = VERTEX_LOOP('',#2115);
#2115 = VERTEX_POINT('',#2116);
#2116 = CARTESIAN_POINT('',(-12.10376558181,-1.058942274384,
    21.755555555556));
#2117 = SPHERICAL_SURFACE('',#2118,0.3);
#2118 = AXIS2_PLACEMENT_3D('',#2119,#2120,#2121);
#2119 = CARTESIAN_POINT('',(-12.10376558181,-1.058942274384,
    22.055555555556));
#2120 = DIRECTION('',(0.,0.,1.));
#2121 = DIRECTION('',(1.,0.,0.));
#2122 = ORIENTED_CLOSED_SHELL('',*,#2123,.F.);
#2123 = CLOSED_SHELL('',(#2124));
#2124 = ADVANCED_FACE('',(#2125),#2129,.T.);
#2125 = FACE_BOUND('',#2126,.T.);
#2126 = VERTEX_LOOP('',#2127);
#2127 = VERTEX_POINT('',#2128);
#2128 = CARTESIAN_POINT('',(-11.01163961249,-5.134811880149,
    21.977777777778));
#2129 = SPHERICAL_SURFACE('',#2130,0.3);
#2130 = AXIS2_PLACEMENT_3D('',#2131,#2132,#2133);
#2131 = CARTESIAN_POINT('',(-11.01163961249,-5.134811880149,
    22.277777777778));
#2132 = DIRECTION('',(0.,0.,1.));
#2133 = DIRECTION('',(1.,0.,0.));
#2134 = ORIENTED_CLOSED_SHELL('',*,#2135,.F.);
#2135 = CLOSED_SHELL('',(#2136));
#2136 = ADVANCED_FACE('',(#2137),#2141,.T.);
#2137 = FACE_BOUND('',#2138,.T.);
#2138 = VERTEX_LOOP('',#2139);
#2139 = VERTEX_POINT('',#2140);
#2140 = CARTESIAN_POINT('',(-11.73599878941,-3.144651397996,
    21.866666666667));
#2141 = SPHERICAL_SURFACE('',#2142,0.3);
#2142 = AXIS2_PLACEMENT_3D('',#2143,#2144,#2145);
#2143 = CARTESIAN_POINT('',(-11.73599878941,-3.144651397996,
    22.166666666667));
#2144 = DIRECTION('',(0.,0.,1.));
#2145 = DIRECTION('',(1.,0.,0.));
#2146 = ORIENTED_CLOSED_SHELL('',*,#2147,.F.);
#2147 = CLOSED_SHELL('',(#2148));
#2148 = ADVANCED_FACE('',(#2149),#2153,.T.);
#2149 = FACE_BOUND('',#2150,.T.);
#2150 = VERTEX_LOOP('',#2151);
#2151 = VERTEX_POINT('',#2152);
#2152 = CARTESIAN_POINT('',(1.058942274384,-12.10376558181,
    14.755555555556));
#2153 = SPHERICAL_SURFACE('',#2154,0.3);
#2154 = AXIS2_PLACEMENT_3D('',#2155,#2156,#2157);
#2155 = CARTESIAN_POINT('',(1.058942274384,-12.10376558181,
    15.055555555556));
#2156 = DIRECTION('',(0.,0.,1.));
#2157 = DIRECTION('',(1.,0.,0.));
#2158 = ORIENTED_CLOSED_SHELL('',*,#2159,.F.);
#2159 = CLOSED_SHELL('',(#2160));
#2160 = ADVANCED_FACE('',(#2161),#2165,.T.);
#2161 = FACE_BOUND('',#2162,.T.);
#2162 = VERTEX_LOOP('',#2163);
#2163 = VERTEX_POINT('',#2164);
#2164 = CARTESIAN_POINT('',(3.144651397996,-11.73599878941,
    14.866666666667));
#2165 = SPHERICAL_SURFACE('',#2166,0.3);
#2166 = AXIS2_PLACEMENT_3D('',#2167,#2168,#2169);
#2167 = CARTESIAN_POINT('',(3.144651397996,-11.73599878941,
    15.166666666667));
#2168 = DIRECTION('',(0.,0.,1.));
#2169 = DIRECTION('',(1.,0.,0.));
#2170 = ORIENTED_CLOSED_SHELL('',*,#2171,.F.);
#2171 = CLOSED_SHELL('',(#2172));
#2172 = ADVANCED_FACE('',(#2173),#2177,.T.);
#2173 = FACE_BOUND('',#2174,.T.);
#2174 = VERTEX_LOOP('',#2175);
#2175 = VERTEX_POINT('',#2176);
#2176 = CARTESIAN_POINT('',(5.13481188015,-11.01163961249,
    14.977777777778));
#2177 = SPHERICAL_SURFACE('',#2178,0.3);
#2178 = AXIS2_PLACEMENT_3D('',#2179,#2180,#2181);
#2179 = CARTESIAN_POINT('',(5.13481188015,-11.01163961249,
    15.277777777778));
#2180 = DIRECTION('',(0.,0.,1.));
#2181 = DIRECTION('',(1.,0.,0.));
#2182 = ORIENTED_CLOSED_SHELL('',*,#2183,.F.);
#2183 = CLOSED_SHELL('',(#2184));
#2184 = ADVANCED_FACE('',(#2185),#2189,.T.);
#2185 = FACE_BOUND('',#2186,.T.);
#2186 = VERTEX_LOOP('',#2187);
#2187 = VERTEX_POINT('',#2188);
#2188 = CARTESIAN_POINT('',(6.968953701665,-9.952697338111,
    15.088888888889));
#2189 = SPHERICAL_SURFACE('',#2190,0.3);
#2190 = AXIS2_PLACEMENT_3D('',#2191,#2192,#2193);
#2191 = CARTESIAN_POINT('',(6.968953701665,-9.952697338111,
    15.388888888889));
#2192 = DIRECTION('',(0.,0.,1.));
#2193 = DIRECTION('',(1.,0.,0.));
#2194 = ORIENTED_CLOSED_SHELL('',*,#2195,.F.);
#2195 = CLOSED_SHELL('',(#2196));
#2196 = ADVANCED_FACE('',(#2197),#2201,.T.);
#2197 = FACE_BOUND('',#2198,.T.);
#2198 = VERTEX_LOOP('',#2199);
#2199 = VERTEX_POINT('',#2200);
#2200 = CARTESIAN_POINT('',(8.591347391417,-8.591347391417,15.2));
#2201 = SPHERICAL_SURFACE('',#2202,0.3);
#2202 = AXIS2_PLACEMENT_3D('',#2203,#2204,#2205);
#2203 = CARTESIAN_POINT('',(8.591347391417,-8.591347391417,15.5));
#2204 = DIRECTION('',(0.,0.,1.));
#2205 = DIRECTION('',(1.,0.,0.));
#2206 = ORIENTED_CLOSED_SHELL('',*,#2207,.F.);
#2207 = CLOSED_SHELL('',(#2208));
#2208 = ADVANCED_FACE('',(#2209),#2213,.T.);
#2209 = FACE_BOUND('',#2210,.T.);
#2210 = VERTEX_LOOP('',#2211);
#2211 = VERTEX_POINT('',#2212);
#2212 = CARTESIAN_POINT('',(9.952697338111,-6.968953701665,
    15.311111111111));
#2213 = SPHERICAL_SURFACE('',#2214,0.3);
#2214 = AXIS2_PLACEMENT_3D('',#2215,#2216,#2217);
#2215 = CARTESIAN_POINT('',(9.952697338111,-6.968953701665,
    15.611111111111));
#2216 = DIRECTION('',(0.,0.,1.));
#2217 = DIRECTION('',(1.,0.,0.));
#2218 = ORIENTED_CLOSED_SHELL('',*,#2219,.F.);
#2219 = CLOSED_SHELL('',(#2220));
#2220 = ADVANCED_FACE('',(#2221),#2225,.T.);
#2221 = FACE_BOUND('',#2222,.T.);
#2222 = VERTEX_LOOP('',#2223);
#2223 = VERTEX_POINT('',#2224);
#2224 = CARTESIAN_POINT('',(11.011639612495,-5.134811880149,
    15.422222222222));
#2225 = SPHERICAL_SURFACE('',#2226,0.3);
#2226 = AXIS2_PLACEMENT_3D('',#2227,#2228,#2229);
#2227 = CARTESIAN_POINT('',(11.011639612495,-5.134811880149,
    15.722222222222));
#2228 = DIRECTION('',(0.,0.,1.));
#2229 = DIRECTION('',(1.,0.,0.));
#2230 = ORIENTED_CLOSED_SHELL('',*,#2231,.F.);
#2231 = CLOSED_SHELL('',(#2232));
#2232 = ADVANCED_FACE('',(#2233),#2237,.T.);
#2233 = FACE_BOUND('',#2234,.T.);
#2234 = VERTEX_LOOP('',#2235);
#2235 = VERTEX_POINT('',#2236);
#2236 = CARTESIAN_POINT('',(11.735998789412,-3.144651397996,
    15.533333333333));
#2237 = SPHERICAL_SURFACE('',#2238,0.3);
#2238 = AXIS2_PLACEMENT_3D('',#2239,#2240,#2241);
#2239 = CARTESIAN_POINT('',(11.735998789412,-3.144651397996,
    15.833333333333));
#2240 = DIRECTION('',(0.,0.,1.));
#2241 = DIRECTION('',(1.,0.,0.));
#2242 = ORIENTED_CLOSED_SHELL('',*,#2243,.F.);
#2243 = CLOSED_SHELL('',(#2244));
#2244 = ADVANCED_FACE('',(#2245),#2249,.T.);
#2245 = FACE_BOUND('',#2246,.T.);
#2246 = VERTEX_LOOP('',#2247);
#2247 = VERTEX_POINT('',#2248);
#2248 = CARTESIAN_POINT('',(12.103765581815,-1.058942274384,
    15.644444444444));
#2249 = SPHERICAL_SURFACE('',#2250,0.3);
#2250 = AXIS2_PLACEMENT_3D('',#2251,#2252,#2253);
#2251 = CARTESIAN_POINT('',(12.103765581815,-1.058942274384,
    15.944444444444));
#2252 = DIRECTION('',(0.,0.,1.));
#2253 = DIRECTION('',(1.,0.,0.));
#2254 = ORIENTED_CLOSED_SHELL('',*,#2255,.F.);
#2255 = CLOSED_SHELL('',(#2256));
#2256 = ADVANCED_FACE('',(#2257),#2261,.T.);
#2257 = FACE_BOUND('',#2258,.T.);
#2258 = VERTEX_LOOP('',#2259);
#2259 = VERTEX_POINT('',#2260);
#2260 = CARTESIAN_POINT('',(1.058942274384,-12.10376558181,
    18.755555555556));
#2261 = SPHERICAL_SURFACE('',#2262,0.3);
#2262 = AXIS2_PLACEMENT_3D('',#2263,#2264,#2265);
#2263 = CARTESIAN_POINT('',(1.058942274384,-12.10376558181,
    19.055555555556));
#2264 = DIRECTION('',(0.,0.,1.));
#2265 = DIRECTION('',(1.,0.,0.));
#2266 = ORIENTED_CLOSED_SHELL('',*,#2267,.F.);
#2267 = CLOSED_SHELL('',(#2268));
#2268 = ADVANCED_FACE('',(#2269),#2273,.T.);
#2269 = FACE_BOUND('',#2270,.T.);
#2270 = VERTEX_LOOP('',#2271);
#2271 = VERTEX_POINT('',#2272);
#2272 = CARTESIAN_POINT('',(3.144651397996,-11.73599878941,
    18.866666666667));
#2273 = SPHERICAL_SURFACE('',#2274,0.3);
#2274 = AXIS2_PLACEMENT_3D('',#2275,#2276,#2277);
#2275 = CARTESIAN_POINT('',(3.144651397996,-11.73599878941,
    19.166666666667));
#2276 = DIRECTION('',(0.,0.,1.));
#2277 = DIRECTION('',(1.,0.,0.));
#2278 = ORIENTED_CLOSED_SHELL('',*,#2279,.F.);
#2279 = CLOSED_SHELL('',(#2280));
#2280 = ADVANCED_FACE('',(#2281),#2285,.T.);
#2281 = FACE_BOUND('',#2282,.T.);
#2282 = VERTEX_LOOP('',#2283);
#2283 = VERTEX_POINT('',#2284);
#2284 = CARTESIAN_POINT('',(5.13481188015,-11.01163961249,
    18.977777777778));
#2285 = SPHERICAL_SURFACE('',#2286,0.3);
#2286 = AXIS2_PLACEMENT_3D('',#2287,#2288,#2289);
#2287 = CARTESIAN_POINT('',(5.13481188015,-11.01163961249,
    19.277777777778));
#2288 = DIRECTION('',(0.,0.,1.));
#2289 = DIRECTION('',(1.,0.,0.));
#2290 = ORIENTED_CLOSED_SHELL('',*,#2291,.F.);
#2291 = CLOSED_SHELL('',(#2292));
#2292 = ADVANCED_FACE('',(#2293),#2297,.T.);
#2293 = FACE_BOUND('',#2294,.T.);
#2294 = VERTEX_LOOP('',#2295);
#2295 = VERTEX_POINT('',#2296);
#2296 = CARTESIAN_POINT('',(1.058942274384,-12.10376558181,
    22.755555555556));
#2297 = SPHERICAL_SURFACE('',#2298,0.3);
#2298 = AXIS2_PLACEMENT_3D('',#2299,#2300,#2301);
#2299 = CARTESIAN_POINT('',(1.058942274384,-12.10376558181,
    23.055555555556));
#2300 = DIRECTION('',(0.,0.,1.));
#2301 = DIRECTION('',(1.,0.,0.));
#2302 = ORIENTED_CLOSED_SHELL('',*,#2303,.F.);
#2303 = CLOSED_SHELL('',(#2304));
#2304 = ADVANCED_FACE('',(#2305),#2309,.T.);
#2305 = FACE_BOUND('',#2306,.T.);
#2306 = VERTEX_LOOP('',#2307);
#2307 = VERTEX_POINT('',#2308);
#2308 = CARTESIAN_POINT('',(3.144651397996,-11.73599878941,
    22.866666666667));
#2309 = SPHERICAL_SURFACE('',#2310,0.3);
#2310 = AXIS2_PLACEMENT_3D('',#2311,#2312,#2313);
#2311 = CARTESIAN_POINT('',(3.144651397996,-11.73599878941,
    23.166666666667));
#2312 = DIRECTION('',(0.,0.,1.));
#2313 = DIRECTION('',(1.,0.,0.));
#2314 = ORIENTED_CLOSED_SHELL('',*,#2315,.F.);
#2315 = CLOSED_SHELL('',(#2316));
#2316 = ADVANCED_FACE('',(#2317),#2321,.T.);
#2317 = FACE_BOUND('',#2318,.T.);
#2318 = VERTEX_LOOP('',#2319);
#2319 = VERTEX_POINT('',#2320);
#2320 = CARTESIAN_POINT('',(5.134811880149,-11.01163961249,
    22.977777777778));
#2321 = SPHERICAL_SURFACE('',#2322,0.3);
#2322 = AXIS2_PLACEMENT_3D('',#2323,#2324,#2325);
#2323 = CARTESIAN_POINT('',(5.134811880149,-11.01163961249,
    23.277777777778));
#2324 = DIRECTION('',(0.,0.,1.));
#2325 = DIRECTION('',(1.,0.,0.));
#2326 = ORIENTED_CLOSED_SHELL('',*,#2327,.F.);
#2327 = CLOSED_SHELL('',(#2328));
#2328 = ADVANCED_FACE('',(#2329),#2333,.T.);
#2329 = FACE_BOUND('',#2330,.T.);
#2330 = VERTEX_LOOP('',#2331);
#2331 = VERTEX_POINT('',#2332);
#2332 = CARTESIAN_POINT('',(6.968953701665,-9.952697338111,
    19.088888888889));
#2333 = SPHERICAL_SURFACE('',#2334,0.3);
#2334 = AXIS2_PLACEMENT_3D('',#2335,#2336,#2337);
#2335 = CARTESIAN_POINT('',(6.968953701665,-9.952697338111,
    19.388888888889));
#2336 = DIRECTION('',(0.,0.,1.));
#2337 = DIRECTION('',(1.,0.,0.));
#2338 = ORIENTED_CLOSED_SHELL('',*,#2339,.F.);
#2339 = CLOSED_SHELL('',(#2340));
#2340 = ADVANCED_FACE('',(#2341),#2345,.T.);
#2341 = FACE_BOUND('',#2342,.T.);
#2342 = VERTEX_LOOP('',#2343);
#2343 = VERTEX_POINT('',#2344);
#2344 = CARTESIAN_POINT('',(8.591347391417,-8.591347391417,19.2));
#2345 = SPHERICAL_SURFACE('',#2346,0.3);
#2346 = AXIS2_PLACEMENT_3D('',#2347,#2348,#2349);
#2347 = CARTESIAN_POINT('',(8.591347391417,-8.591347391417,19.5));
#2348 = DIRECTION('',(0.,0.,1.));
#2349 = DIRECTION('',(1.,0.,0.));
#2350 = ORIENTED_CLOSED_SHELL('',*,#2351,.F.);
#2351 = CLOSED_SHELL('',(#2352));
#2352 = ADVANCED_FACE('',(#2353),#2357,.T.);
#2353 = FACE_BOUND('',#2354,.T.);
#2354 = VERTEX_LOOP('',#2355);
#2355 = VERTEX_POINT('',#2356);
#2356 = CARTESIAN_POINT('',(9.952697338111,-6.968953701665,
    19.311111111111));
#2357 = SPHERICAL_SURFACE('',#2358,0.3);
#2358 = AXIS2_PLACEMENT_3D('',#2359,#2360,#2361);
#2359 = CARTESIAN_POINT('',(9.952697338111,-6.968953701665,
    19.611111111111));
#2360 = DIRECTION('',(0.,0.,1.));
#2361 = DIRECTION('',(1.,0.,0.));
#2362 = ORIENTED_CLOSED_SHELL('',*,#2363,.F.);
#2363 = CLOSED_SHELL('',(#2364));
#2364 = ADVANCED_FACE('',(#2365),#2369,.T.);
#2365 = FACE_BOUND('',#2366,.T.);
#2366 = VERTEX_LOOP('',#2367);
#2367 = VERTEX_POINT('',#2368);
#2368 = CARTESIAN_POINT('',(6.968953701665,-9.952697338111,
    23.088888888889));
#2369 = SPHERICAL_SURFACE('',#2370,0.3);
#2370 = AXIS2_PLACEMENT_3D('',#2371,#2372,#2373);
#2371 = CARTESIAN_POINT('',(6.968953701665,-9.952697338111,
    23.388888888889));
#2372 = DIRECTION('',(0.,0.,1.));
#2373 = DIRECTION('',(1.,0.,0.));
#2374 = ORIENTED_CLOSED_SHELL('',*,#2375,.F.);
#2375 = CLOSED_SHELL('',(#2376));
#2376 = ADVANCED_FACE('',(#2377),#2381,.T.);
#2377 = FACE_BOUND('',#2378,.T.);
#2378 = VERTEX_LOOP('',#2379);
#2379 = VERTEX_POINT('',#2380);
#2380 = CARTESIAN_POINT('',(8.591347391417,-8.591347391417,23.2));
#2381 = SPHERICAL_SURFACE('',#2382,0.3);
#2382 = AXIS2_PLACEMENT_3D('',#2383,#2384,#2385);
#2383 = CARTESIAN_POINT('',(8.591347391417,-8.591347391417,23.5));
#2384 = DIRECTION('',(0.,0.,1.));
#2385 = DIRECTION('',(1.,0.,0.));
#2386 = ORIENTED_CLOSED_SHELL('',*,#2387,.F.);
#2387 = CLOSED_SHELL('',(#2388));
#2388 = ADVANCED_FACE('',(#2389),#2393,.T.);
#2389 = FACE_BOUND('',#2390,.T.);
#2390 = VERTEX_LOOP('',#2391);
#2391 = VERTEX_POINT('',#2392);
#2392 = CARTESIAN_POINT('',(9.952697338111,-6.968953701665,
    23.311111111111));
#2393 = SPHERICAL_SURFACE('',#2394,0.3);
#2394 = AXIS2_PLACEMENT_3D('',#2395,#2396,#2397);
#2395 = CARTESIAN_POINT('',(9.952697338111,-6.968953701665,
    23.611111111111));
#2396 = DIRECTION('',(0.,0.,1.));
#2397 = DIRECTION('',(1.,0.,0.));
#2398 = ORIENTED_CLOSED_SHELL('',*,#2399,.F.);
#2399 = CLOSED_SHELL('',(#2400));
#2400 = ADVANCED_FACE('',(#2401),#2405,.T.);
#2401 = FACE_BOUND('',#2402,.T.);
#2402 = VERTEX_LOOP('',#2403);
#2403 = VERTEX_POINT('',#2404);
#2404 = CARTESIAN_POINT('',(11.011639612495,-5.134811880149,
    19.422222222222));
#2405 = SPHERICAL_SURFACE('',#2406,0.3);
#2406 = AXIS2_PLACEMENT_3D('',#2407,#2408,#2409);
#2407 = CARTESIAN_POINT('',(11.011639612495,-5.134811880149,
    19.722222222222));
#2408 = DIRECTION('',(0.,0.,1.));
#2409 = DIRECTION('',(1.,0.,0.));
#2410 = ORIENTED_CLOSED_SHELL('',*,#2411,.F.);
#2411 = CLOSED_SHELL('',(#2412));
#2412 = ADVANCED_FACE('',(#2413),#2417,.T.);
#2413 = FACE_BOUND('',#2414,.T.);
#2414 = VERTEX_LOOP('',#2415);
#2415 = VERTEX_POINT('',#2416);
#2416 = CARTESIAN_POINT('',(11.735998789412,-3.144651397996,
    19.533333333333));
#2417 = SPHERICAL_SURFACE('',#2418,0.3);
#2418 = AXIS2_PLACEMENT_3D('',#2419,#2420,#2421);
#2419 = CARTESIAN_POINT('',(11.735998789412,-3.144651397996,
    19.833333333333));
#2420 = DIRECTION('',(0.,0.,1.));
#2421 = DIRECTION('',(1.,0.,0.));
#2422 = ORIENTED_CLOSED_SHELL('',*,#2423,.F.);
#2423 = CLOSED_SHELL('',(#2424));
#2424 = ADVANCED_FACE('',(#2425),#2429,.T.);
#2425 = FACE_BOUND('',#2426,.T.);
#2426 = VERTEX_LOOP('',#2427);
#2427 = VERTEX_POINT('',#2428);
#2428 = CARTESIAN_POINT('',(12.103765581815,-1.058942274384,
    19.644444444444));
#2429 = SPHERICAL_SURFACE('',#2430,0.3);
#2430 = AXIS2_PLACEMENT_3D('',#2431,#2432,#2433);
#2431 = CARTESIAN_POINT('',(12.103765581815,-1.058942274384,
    19.944444444444));
#2432 = DIRECTION('',(0.,0.,1.));
#2433 = DIRECTION('',(1.,0.,0.));
#2434 = ORIENTED_CLOSED_SHELL('',*,#2435,.F.);
#2435 = CLOSED_SHELL('',(#2436));
#2436 = ADVANCED_FACE('',(#2437),#2441,.T.);
#2437 = FACE_BOUND('',#2438,.T.);
#2438 = VERTEX_LOOP('',#2439);
#2439 = VERTEX_POINT('',#2440);
#2440 = CARTESIAN_POINT('',(11.011639612495,-5.134811880149,
    23.422222222222));
#2441 = SPHERICAL_SURFACE('',#2442,0.3);
#2442 = AXIS2_PLACEMENT_3D('',#2443,#2444,#2445);
#2443 = CARTESIAN_POINT('',(11.011639612495,-5.134811880149,
    23.722222222222));
#2444 = DIRECTION('',(0.,0.,1.));
#2445 = DIRECTION('',(1.,0.,0.));
#2446 = ORIENTED_CLOSED_SHELL('',*,#2447,.F.);
#2447 = CLOSED_SHELL('',(#2448));
#2448 = ADVANCED_FACE('',(#2449),#2453,.T.);
#2449 = FACE_BOUND('',#2450,.T.);
#2450 = VERTEX_LOOP('',#2451);
#2451 = VERTEX_POINT('',#2452);
#2452 = CARTESIAN_POINT('',(11.735998789412,-3.144651397996,
    23.533333333333));
#2453 = SPHERICAL_SURFACE('',#2454,0.3);
#2454 = AXIS2_PLACEMENT_3D('',#2455,#2456,#2457);
#2455 = CARTESIAN_POINT('',(11.735998789412,-3.144651397996,
    23.833333333333));
#2456 = DIRECTION('',(0.,0.,1.));
#2457 = DIRECTION('',(1.,0.,0.));
#2458 = ORIENTED_CLOSED_SHELL('',*,#2459,.F.);
#2459 = CLOSED_SHELL('',(#2460));
#2460 = ADVANCED_FACE('',(#2461),#2465,.T.);
#2461 = FACE_BOUND('',#2462,.T.);
#2462 = VERTEX_LOOP('',#2463);
#2463 = VERTEX_POINT('',#2464);
#2464 = CARTESIAN_POINT('',(12.103765581815,-1.058942274384,
    23.644444444444));
#2465 = SPHERICAL_SURFACE('',#2466,0.3);
#2466 = AXIS2_PLACEMENT_3D('',#2467,#2468,#2469);
#2467 = CARTESIAN_POINT('',(12.103765581815,-1.058942274384,
    23.944444444444));
#2468 = DIRECTION('',(0.,0.,1.));
#2469 = DIRECTION('',(1.,0.,0.));
#2470 = ORIENTED_CLOSED_SHELL('',*,#2471,.F.);
#2471 = CLOSED_SHELL('',(#2472));
#2472 = ADVANCED_FACE('',(#2473),#2477,.T.);
#2473 = FACE_BOUND('',#2474,.T.);
#2474 = VERTEX_LOOP('',#2475);
#2475 = VERTEX_POINT('',#2476);
#2476 = CARTESIAN_POINT('',(-12.10376558181,1.058942274384,
    13.644444444444));
#2477 = SPHERICAL_SURFACE('',#2478,0.3);
#2478 = AXIS2_PLACEMENT_3D('',#2479,#2480,#2481);
#2479 = CARTESIAN_POINT('',(-12.10376558181,1.058942274384,
    13.944444444444));
#2480 = DIRECTION('',(0.,0.,1.));
#2481 = DIRECTION('',(1.,0.,0.));
#2482 = ORIENTED_CLOSED_SHELL('',*,#2483,.F.);
#2483 = CLOSED_SHELL('',(#2484));
#2484 = ADVANCED_FACE('',(#2485),#2489,.T.);
#2485 = FACE_BOUND('',#2486,.T.);
#2486 = VERTEX_LOOP('',#2487);
#2487 = VERTEX_POINT('',#2488);
#2488 = CARTESIAN_POINT('',(-11.73599878941,3.144651397996,
    13.533333333333));
#2489 = SPHERICAL_SURFACE('',#2490,0.3);
#2490 = AXIS2_PLACEMENT_3D('',#2491,#2492,#2493);
#2491 = CARTESIAN_POINT('',(-11.73599878941,3.144651397996,
    13.833333333333));
#2492 = DIRECTION('',(0.,0.,1.));
#2493 = DIRECTION('',(1.,0.,0.));
#2494 = ORIENTED_CLOSED_SHELL('',*,#2495,.F.);
#2495 = CLOSED_SHELL('',(#2496));
#2496 = ADVANCED_FACE('',(#2497),#2501,.T.);
#2497 = FACE_BOUND('',#2498,.T.);
#2498 = VERTEX_LOOP('',#2499);
#2499 = VERTEX_POINT('',#2500);
#2500 = CARTESIAN_POINT('',(-11.01163961249,5.134811880149,
    13.422222222222));
#2501 = SPHERICAL_SURFACE('',#2502,0.3);
#2502 = AXIS2_PLACEMENT_3D('',#2503,#2504,#2505);
#2503 = CARTESIAN_POINT('',(-11.01163961249,5.134811880149,
    13.722222222222));
#2504 = DIRECTION('',(0.,0.,1.));
#2505 = DIRECTION('',(1.,0.,0.));
#2506 = ORIENTED_CLOSED_SHELL('',*,#2507,.F.);
#2507 = CLOSED_SHELL('',(#2508));
#2508 = ADVANCED_FACE('',(#2509),#2513,.T.);
#2509 = FACE_BOUND('',#2510,.T.);
#2510 = VERTEX_LOOP('',#2511);
#2511 = VERTEX_POINT('',#2512);
#2512 = CARTESIAN_POINT('',(-12.10376558181,1.058942274384,
    17.644444444444));
#2513 = SPHERICAL_SURFACE('',#2514,0.3);
#2514 = AXIS2_PLACEMENT_3D('',#2515,#2516,#2517);
#2515 = CARTESIAN_POINT('',(-12.10376558181,1.058942274384,
    17.944444444444));
#2516 = DIRECTION('',(0.,0.,1.));
#2517 = DIRECTION('',(1.,0.,0.));
#2518 = ORIENTED_CLOSED_SHELL('',*,#2519,.F.);
#2519 = CLOSED_SHELL('',(#2520));
#2520 = ADVANCED_FACE('',(#2521),#2525,.T.);
#2521 = FACE_BOUND('',#2522,.T.);
#2522 = VERTEX_LOOP('',#2523);
#2523 = VERTEX_POINT('',#2524);
#2524 = CARTESIAN_POINT('',(-11.73599878941,3.144651397996,
    17.533333333333));
#2525 = SPHERICAL_SURFACE('',#2526,0.3);
#2526 = AXIS2_PLACEMENT_3D('',#2527,#2528,#2529);
#2527 = CARTESIAN_POINT('',(-11.73599878941,3.144651397996,
    17.833333333333));
#2528 = DIRECTION('',(0.,0.,1.));
#2529 = DIRECTION('',(1.,0.,0.));
#2530 = ORIENTED_CLOSED_SHELL('',*,#2531,.F.);
#2531 = CLOSED_SHELL('',(#2532));
#2532 = ADVANCED_FACE('',(#2533),#2537,.T.);
#2533 = FACE_BOUND('',#2534,.T.);
#2534 = VERTEX_LOOP('',#2535);
#2535 = VERTEX_POINT('',#2536);
#2536 = CARTESIAN_POINT('',(-11.01163961249,5.134811880149,
    17.422222222222));
#2537 = SPHERICAL_SURFACE('',#2538,0.3);
#2538 = AXIS2_PLACEMENT_3D('',#2539,#2540,#2541);
#2539 = CARTESIAN_POINT('',(-11.01163961249,5.134811880149,
    17.722222222222));
#2540 = DIRECTION('',(0.,0.,1.));
#2541 = DIRECTION('',(1.,0.,0.));
#2542 = ORIENTED_CLOSED_SHELL('',*,#2543,.F.);
#2543 = CLOSED_SHELL('',(#2544));
#2544 = ADVANCED_FACE('',(#2545),#2549,.T.);
#2545 = FACE_BOUND('',#2546,.T.);
#2546 = VERTEX_LOOP('',#2547);
#2547 = VERTEX_POINT('',#2548);
#2548 = CARTESIAN_POINT('',(-9.952697338111,6.968953701665,
    13.311111111111));
#2549 = SPHERICAL_SURFACE('',#2550,0.3);
#2550 = AXIS2_PLACEMENT_3D('',#2551,#2552,#2553);
#2551 = CARTESIAN_POINT('',(-9.952697338111,6.968953701665,
    13.611111111111));
#2552 = DIRECTION('',(0.,0.,1.));
#2553 = DIRECTION('',(1.,0.,0.));
#2554 = ORIENTED_CLOSED_SHELL('',*,#2555,.F.);
#2555 = CLOSED_SHELL('',(#2556));
#2556 = ADVANCED_FACE('',(#2557),#2561,.T.);
#2557 = FACE_BOUND('',#2558,.T.);
#2558 = VERTEX_LOOP('',#2559);
#2559 = VERTEX_POINT('',#2560);
#2560 = CARTESIAN_POINT('',(-8.591347391417,8.591347391417,13.2));
#2561 = SPHERICAL_SURFACE('',#2562,0.3);
#2562 = AXIS2_PLACEMENT_3D('',#2563,#2564,#2565);
#2563 = CARTESIAN_POINT('',(-8.591347391417,8.591347391417,13.5));
#2564 = DIRECTION('',(0.,0.,1.));
#2565 = DIRECTION('',(1.,0.,0.));
#2566 = ORIENTED_CLOSED_SHELL('',*,#2567,.F.);
#2567 = CLOSED_SHELL('',(#2568));
#2568 = ADVANCED_FACE('',(#2569),#2573,.T.);
#2569 = FACE_BOUND('',#2570,.T.);
#2570 = VERTEX_LOOP('',#2571);
#2571 = VERTEX_POINT('',#2572);
#2572 = CARTESIAN_POINT('',(-6.968953701665,9.952697338111,
    13.088888888889));
#2573 = SPHERICAL_SURFACE('',#2574,0.3);
#2574 = AXIS2_PLACEMENT_3D('',#2575,#2576,#2577);
#2575 = CARTESIAN_POINT('',(-6.968953701665,9.952697338111,
    13.388888888889));
#2576 = DIRECTION('',(0.,0.,1.));
#2577 = DIRECTION('',(1.,0.,0.));
#2578 = ORIENTED_CLOSED_SHELL('',*,#2579,.F.);
#2579 = CLOSED_SHELL('',(#2580));
#2580 = ADVANCED_FACE('',(#2581),#2585,.T.);
#2581 = FACE_BOUND('',#2582,.T.);
#2582 = VERTEX_LOOP('',#2583);
#2583 = VERTEX_POINT('',#2584);
#2584 = CARTESIAN_POINT('',(-9.952697338111,6.968953701665,
    17.311111111111));
#2585 = SPHERICAL_SURFACE('',#2586,0.3);
#2586 = AXIS2_PLACEMENT_3D('',#2587,#2588,#2589);
#2587 = CARTESIAN_POINT('',(-9.952697338111,6.968953701665,
    17.611111111111));
#2588 = DIRECTION('',(0.,0.,1.));
#2589 = DIRECTION('',(1.,0.,0.));
#2590 = ORIENTED_CLOSED_SHELL('',*,#2591,.F.);
#2591 = CLOSED_SHELL('',(#2592));
#2592 = ADVANCED_FACE('',(#2593),#2597,.T.);
#2593 = FACE_BOUND('',#2594,.T.);
#2594 = VERTEX_LOOP('',#2595);
#2595 = VERTEX_POINT('',#2596);
#2596 = CARTESIAN_POINT('',(-8.591347391417,8.591347391417,17.2));
#2597 = SPHERICAL_SURFACE('',#2598,0.3);
#2598 = AXIS2_PLACEMENT_3D('',#2599,#2600,#2601);
#2599 = CARTESIAN_POINT('',(-8.591347391417,8.591347391417,17.5));
#2600 = DIRECTION('',(0.,0.,1.));
#2601 = DIRECTION('',(1.,0.,0.));
#2602 = ORIENTED_CLOSED_SHELL('',*,#2603,.F.);
#2603 = CLOSED_SHELL('',(#2604));
#2604 = ADVANCED_FACE('',(#2605),#2609,.T.);
#2605 = FACE_BOUND('',#2606,.T.);
#2606 = VERTEX_LOOP('',#2607);
#2607 = VERTEX_POINT('',#2608);
#2608 = CARTESIAN_POINT('',(-6.968953701665,9.952697338111,
    17.088888888889));
#2609 = SPHERICAL_SURFACE('',#2610,0.3);
#2610 = AXIS2_PLACEMENT_3D('',#2611,#2612,#2613);
#2611 = CARTESIAN_POINT('',(-6.968953701665,9.952697338111,
    17.388888888889));
#2612 = DIRECTION('',(0.,0.,1.));
#2613 = DIRECTION('',(1.,0.,0.));
#2614 = ORIENTED_CLOSED_SHELL('',*,#2615,.F.);
#2615 = CLOSED_SHELL('',(#2616));
#2616 = ADVANCED_FACE('',(#2617),#2621,.T.);
#2617 = FACE_BOUND('',#2618,.T.);
#2618 = VERTEX_LOOP('',#2619);
#2619 = VERTEX_POINT('',#2620);
#2620 = CARTESIAN_POINT('',(-5.13481188015,11.011639612495,
    12.977777777778));
#2621 = SPHERICAL_SURFACE('',#2622,0.3);
#2622 = AXIS2_PLACEMENT_3D('',#2623,#2624,#2625);
#2623 = CARTESIAN_POINT('',(-5.13481188015,11.011639612495,
    13.277777777778));
#2624 = DIRECTION('',(0.,0.,1.));
#2625 = DIRECTION('',(1.,0.,0.));
#2626 = ORIENTED_CLOSED_SHELL('',*,#2627,.F.);
#2627 = CLOSED_SHELL('',(#2628));
#2628 = ADVANCED_FACE('',(#2629),#2633,.T.);
#2629 = FACE_BOUND('',#2630,.T.);
#2630 = VERTEX_LOOP('',#2631);
#2631 = VERTEX_POINT('',#2632);
#2632 = CARTESIAN_POINT('',(-3.144651397996,11.735998789412,
    12.866666666667));
#2633 = SPHERICAL_SURFACE('',#2634,0.3);
#2634 = AXIS2_PLACEMENT_3D('',#2635,#2636,#2637);
#2635 = CARTESIAN_POINT('',(-3.144651397996,11.735998789412,
    13.166666666667));
#2636 = DIRECTION('',(0.,0.,1.));
#2637 = DIRECTION('',(1.,0.,0.));
#2638 = ORIENTED_CLOSED_SHELL('',*,#2639,.F.);
#2639 = CLOSED_SHELL('',(#2640));
#2640 = ADVANCED_FACE('',(#2641),#2645,.T.);
#2641 = FACE_BOUND('',#2642,.T.);
#2642 = VERTEX_LOOP('',#2643);
#2643 = VERTEX_POINT('',#2644);
#2644 = CARTESIAN_POINT('',(-1.058942274384,12.103765581815,
    12.755555555556));
#2645 = SPHERICAL_SURFACE('',#2646,0.3);
#2646 = AXIS2_PLACEMENT_3D('',#2647,#2648,#2649);
#2647 = CARTESIAN_POINT('',(-1.058942274384,12.103765581815,
    13.055555555556));
#2648 = DIRECTION('',(0.,0.,1.));
#2649 = DIRECTION('',(1.,0.,0.));
#2650 = ORIENTED_CLOSED_SHELL('',*,#2651,.F.);
#2651 = CLOSED_SHELL('',(#2652));
#2652 = ADVANCED_FACE('',(#2653),#2657,.T.);
#2653 = FACE_BOUND('',#2654,.T.);
#2654 = VERTEX_LOOP('',#2655);
#2655 = VERTEX_POINT('',#2656);
#2656 = CARTESIAN_POINT('',(-5.13481188015,11.011639612495,
    16.977777777778));
#2657 = SPHERICAL_SURFACE('',#2658,0.3);
#2658 = AXIS2_PLACEMENT_3D('',#2659,#2660,#2661);
#2659 = CARTESIAN_POINT('',(-5.13481188015,11.011639612495,
    17.277777777778));
#2660 = DIRECTION('',(0.,0.,1.));
#2661 = DIRECTION('',(1.,0.,0.));
#2662 = ORIENTED_CLOSED_SHELL('',*,#2663,.F.);
#2663 = CLOSED_SHELL('',(#2664));
#2664 = ADVANCED_FACE('',(#2665),#2669,.T.);
#2665 = FACE_BOUND('',#2666,.T.);
#2666 = VERTEX_LOOP('',#2667);
#2667 = VERTEX_POINT('',#2668);
#2668 = CARTESIAN_POINT('',(-3.144651397996,11.735998789412,
    16.866666666667));
#2669 = SPHERICAL_SURFACE('',#2670,0.3);
#2670 = AXIS2_PLACEMENT_3D('',#2671,#2672,#2673);
#2671 = CARTESIAN_POINT('',(-3.144651397996,11.735998789412,
    17.166666666667));
#2672 = DIRECTION('',(0.,0.,1.));
#2673 = DIRECTION('',(1.,0.,0.));
#2674 = ORIENTED_CLOSED_SHELL('',*,#2675,.F.);
#2675 = CLOSED_SHELL('',(#2676));
#2676 = ADVANCED_FACE('',(#2677),#2681,.T.);
#2677 = FACE_BOUND('',#2678,.T.);
#2678 = VERTEX_LOOP('',#2679);
#2679 = VERTEX_POINT('',#2680);
#2680 = CARTESIAN_POINT('',(-1.058942274384,12.103765581815,
    16.755555555556));
#2681 = SPHERICAL_SURFACE('',#2682,0.3);
#2682 = AXIS2_PLACEMENT_3D('',#2683,#2684,#2685);
#2683 = CARTESIAN_POINT('',(-1.058942274384,12.103765581815,
    17.055555555556));
#2684 = DIRECTION('',(0.,0.,1.));
#2685 = DIRECTION('',(1.,0.,0.));
#2686 = ORIENTED_CLOSED_SHELL('',*,#2687,.F.);
#2687 = CLOSED_SHELL('',(#2688));
#2688 = ADVANCED_FACE('',(#2689),#2693,.T.);
#2689 = FACE_BOUND('',#2690,.T.);
#2690 = VERTEX_LOOP('',#2691);
#2691 = VERTEX_POINT('',#2692);
#2692 = CARTESIAN_POINT('',(-12.10376558181,1.058942274384,
    21.644444444444));
#2693 = SPHERICAL_SURFACE('',#2694,0.3);
#2694 = AXIS2_PLACEMENT_3D('',#2695,#2696,#2697);
#2695 = CARTESIAN_POINT('',(-12.10376558181,1.058942274384,
    21.944444444444));
#2696 = DIRECTION('',(0.,0.,1.));
#2697 = DIRECTION('',(1.,0.,0.));
#2698 = ORIENTED_CLOSED_SHELL('',*,#2699,.F.);
#2699 = CLOSED_SHELL('',(#2700));
#2700 = ADVANCED_FACE('',(#2701),#2705,.T.);
#2701 = FACE_BOUND('',#2702,.T.);
#2702 = VERTEX_LOOP('',#2703);
#2703 = VERTEX_POINT('',#2704);
#2704 = CARTESIAN_POINT('',(-11.73599878941,3.144651397996,
    21.533333333333));
#2705 = SPHERICAL_SURFACE('',#2706,0.3);
#2706 = AXIS2_PLACEMENT_3D('',#2707,#2708,#2709);
#2707 = CARTESIAN_POINT('',(-11.73599878941,3.144651397996,
    21.833333333333));
#2708 = DIRECTION('',(0.,0.,1.));
#2709 = DIRECTION('',(1.,0.,0.));
#2710 = ORIENTED_CLOSED_SHELL('',*,#2711,.F.);
#2711 = CLOSED_SHELL('',(#2712));
#2712 = ADVANCED_FACE('',(#2713),#2717,.T.);
#2713 = FACE_BOUND('',#2714,.T.);
#2714 = VERTEX_LOOP('',#2715);
#2715 = VERTEX_POINT('',#2716);
#2716 = CARTESIAN_POINT('',(-11.01163961249,5.13481188015,
    21.422222222222));
#2717 = SPHERICAL_SURFACE('',#2718,0.3);
#2718 = AXIS2_PLACEMENT_3D('',#2719,#2720,#2721);
#2719 = CARTESIAN_POINT('',(-11.01163961249,5.13481188015,
    21.722222222222));
#2720 = DIRECTION('',(0.,0.,1.));
#2721 = DIRECTION('',(1.,0.,0.));
#2722 = ORIENTED_CLOSED_SHELL('',*,#2723,.F.);
#2723 = CLOSED_SHELL('',(#2724));
#2724 = ADVANCED_FACE('',(#2725),#2729,.T.);
#2725 = FACE_BOUND('',#2726,.T.);
#2726 = VERTEX_LOOP('',#2727);
#2727 = VERTEX_POINT('',#2728);
#2728 = CARTESIAN_POINT('',(-9.952697338111,6.968953701665,
    21.311111111111));
#2729 = SPHERICAL_SURFACE('',#2730,0.3);
#2730 = AXIS2_PLACEMENT_3D('',#2731,#2732,#2733);
#2731 = CARTESIAN_POINT('',(-9.952697338111,6.968953701665,
    21.611111111111));
#2732 = DIRECTION('',(0.,0.,1.));
#2733 = DIRECTION('',(1.,0.,0.));
#2734 = ORIENTED_CLOSED_SHELL('',*,#2735,.F.);
#2735 = CLOSED_SHELL('',(#2736));
#2736 = ADVANCED_FACE('',(#2737),#2741,.T.);
#2737 = FACE_BOUND('',#2738,.T.);
#2738 = VERTEX_LOOP('',#2739);
#2739 = VERTEX_POINT('',#2740);
#2740 = CARTESIAN_POINT('',(-8.591347391416,8.591347391417,21.2));
#2741 = SPHERICAL_SURFACE('',#2742,0.3);
#2742 = AXIS2_PLACEMENT_3D('',#2743,#2744,#2745);
#2743 = CARTESIAN_POINT('',(-8.591347391416,8.591347391417,21.5));
#2744 = DIRECTION('',(0.,0.,1.));
#2745 = DIRECTION('',(1.,0.,0.));
#2746 = ORIENTED_CLOSED_SHELL('',*,#2747,.F.);
#2747 = CLOSED_SHELL('',(#2748));
#2748 = ADVANCED_FACE('',(#2749),#2753,.T.);
#2749 = FACE_BOUND('',#2750,.T.);
#2750 = VERTEX_LOOP('',#2751);
#2751 = VERTEX_POINT('',#2752);
#2752 = CARTESIAN_POINT('',(-6.968953701665,9.952697338111,
    21.088888888889));
#2753 = SPHERICAL_SURFACE('',#2754,0.3);
#2754 = AXIS2_PLACEMENT_3D('',#2755,#2756,#2757);
#2755 = CARTESIAN_POINT('',(-6.968953701665,9.952697338111,
    21.388888888889));
#2756 = DIRECTION('',(0.,0.,1.));
#2757 = DIRECTION('',(1.,0.,0.));
#2758 = ORIENTED_CLOSED_SHELL('',*,#2759,.F.);
#2759 = CLOSED_SHELL('',(#2760));
#2760 = ADVANCED_FACE('',(#2761),#2765,.T.);
#2761 = FACE_BOUND('',#2762,.T.);
#2762 = VERTEX_LOOP('',#2763);
#2763 = VERTEX_POINT('',#2764);
#2764 = CARTESIAN_POINT('',(-5.134811880149,11.011639612495,
    20.977777777778));
#2765 = SPHERICAL_SURFACE('',#2766,0.3);
#2766 = AXIS2_PLACEMENT_3D('',#2767,#2768,#2769);
#2767 = CARTESIAN_POINT('',(-5.134811880149,11.011639612495,
    21.277777777778));
#2768 = DIRECTION('',(0.,0.,1.));
#2769 = DIRECTION('',(1.,0.,0.));
#2770 = ORIENTED_CLOSED_SHELL('',*,#2771,.F.);
#2771 = CLOSED_SHELL('',(#2772));
#2772 = ADVANCED_FACE('',(#2773),#2777,.T.);
#2773 = FACE_BOUND('',#2774,.T.);
#2774 = VERTEX_LOOP('',#2775);
#2775 = VERTEX_POINT('',#2776);
#2776 = CARTESIAN_POINT('',(-3.144651397996,11.735998789412,
    20.866666666667));
#2777 = SPHERICAL_SURFACE('',#2778,0.3);
#2778 = AXIS2_PLACEMENT_3D('',#2779,#2780,#2781);
#2779 = CARTESIAN_POINT('',(-3.144651397996,11.735998789412,
    21.166666666667));
#2780 = DIRECTION('',(0.,0.,1.));
#2781 = DIRECTION('',(1.,0.,0.));
#2782 = ORIENTED_CLOSED_SHELL('',*,#2783,.F.);
#2783 = CLOSED_SHELL('',(#2784));
#2784 = ADVANCED_FACE('',(#2785),#2789,.T.);
#2785 = FACE_BOUND('',#2786,.T.);
#2786 = VERTEX_LOOP('',#2787);
#2787 = VERTEX_POINT('',#2788);
#2788 = CARTESIAN_POINT('',(-1.058942274384,12.103765581815,
    20.755555555556));
#2789 = SPHERICAL_SURFACE('',#2790,0.3);
#2790 = AXIS2_PLACEMENT_3D('',#2791,#2792,#2793);
#2791 = CARTESIAN_POINT('',(-1.058942274384,12.103765581815,
    21.055555555556));
#2792 = DIRECTION('',(0.,0.,1.));
#2793 = DIRECTION('',(1.,0.,0.));
#2794 = ORIENTED_CLOSED_SHELL('',*,#2795,.F.);
#2795 = CLOSED_SHELL('',(#2796));
#2796 = ADVANCED_FACE('',(#2797),#2801,.T.);
#2797 = FACE_BOUND('',#2798,.T.);
#2798 = VERTEX_LOOP('',#2799);
#2799 = VERTEX_POINT('',#2800);
#2800 = CARTESIAN_POINT('',(12.103765581815,1.058942274384,
    15.755555555556));
#2801 = SPHERICAL_SURFACE('',#2802,0.3);
#2802 = AXIS2_PLACEMENT_3D('',#2803,#2804,#2805);
#2803 = CARTESIAN_POINT('',(12.103765581815,1.058942274384,
    16.055555555556));
#2804 = DIRECTION('',(0.,0.,1.));
#2805 = DIRECTION('',(1.,0.,0.));
#2806 = ORIENTED_CLOSED_SHELL('',*,#2807,.F.);
#2807 = CLOSED_SHELL('',(#2808));
#2808 = ADVANCED_FACE('',(#2809),#2813,.T.);
#2809 = FACE_BOUND('',#2810,.T.);
#2810 = VERTEX_LOOP('',#2811);
#2811 = VERTEX_POINT('',#2812);
#2812 = CARTESIAN_POINT('',(11.735998789412,3.144651397996,
    15.866666666667));
#2813 = SPHERICAL_SURFACE('',#2814,0.3);
#2814 = AXIS2_PLACEMENT_3D('',#2815,#2816,#2817);
#2815 = CARTESIAN_POINT('',(11.735998789412,3.144651397996,
    16.166666666667));
#2816 = DIRECTION('',(0.,0.,1.));
#2817 = DIRECTION('',(1.,0.,0.));
#2818 = ORIENTED_CLOSED_SHELL('',*,#2819,.F.);
#2819 = CLOSED_SHELL('',(#2820));
#2820 = ADVANCED_FACE('',(#2821),#2825,.T.);
#2821 = FACE_BOUND('',#2822,.T.);
#2822 = VERTEX_LOOP('',#2823);
#2823 = VERTEX_POINT('',#2824);
#2824 = CARTESIAN_POINT('',(11.011639612495,5.13481188015,
    15.977777777778));
#2825 = SPHERICAL_SURFACE('',#2826,0.3);
#2826 = AXIS2_PLACEMENT_3D('',#2827,#2828,#2829);
#2827 = CARTESIAN_POINT('',(11.011639612495,5.13481188015,
    16.277777777778));
#2828 = DIRECTION('',(0.,0.,1.));
#2829 = DIRECTION('',(1.,0.,0.));
#2830 = ORIENTED_CLOSED_SHELL('',*,#2831,.F.);
#2831 = CLOSED_SHELL('',(#2832));
#2832 = ADVANCED_FACE('',(#2833),#2837,.T.);
#2833 = FACE_BOUND('',#2834,.T.);
#2834 = VERTEX_LOOP('',#2835);
#2835 = VERTEX_POINT('',#2836);
#2836 = CARTESIAN_POINT('',(1.058942274384,12.103765581815,
    12.644444444444));
#2837 = SPHERICAL_SURFACE('',#2838,0.3);
#2838 = AXIS2_PLACEMENT_3D('',#2839,#2840,#2841);
#2839 = CARTESIAN_POINT('',(1.058942274384,12.103765581815,
    12.944444444444));
#2840 = DIRECTION('',(0.,0.,1.));
#2841 = DIRECTION('',(1.,0.,0.));
#2842 = ORIENTED_CLOSED_SHELL('',*,#2843,.F.);
#2843 = CLOSED_SHELL('',(#2844));
#2844 = ADVANCED_FACE('',(#2845),#2849,.T.);
#2845 = FACE_BOUND('',#2846,.T.);
#2846 = VERTEX_LOOP('',#2847);
#2847 = VERTEX_POINT('',#2848);
#2848 = CARTESIAN_POINT('',(3.144651397996,11.735998789412,
    12.533333333333));
#2849 = SPHERICAL_SURFACE('',#2850,0.3);
#2850 = AXIS2_PLACEMENT_3D('',#2851,#2852,#2853);
#2851 = CARTESIAN_POINT('',(3.144651397996,11.735998789412,
    12.833333333333));
#2852 = DIRECTION('',(0.,0.,1.));
#2853 = DIRECTION('',(1.,0.,0.));
#2854 = ORIENTED_CLOSED_SHELL('',*,#2855,.F.);
#2855 = CLOSED_SHELL('',(#2856));
#2856 = ADVANCED_FACE('',(#2857),#2861,.T.);
#2857 = FACE_BOUND('',#2858,.T.);
#2858 = VERTEX_LOOP('',#2859);
#2859 = VERTEX_POINT('',#2860);
#2860 = CARTESIAN_POINT('',(5.13481188015,11.011639612495,
    12.422222222222));
#2861 = SPHERICAL_SURFACE('',#2862,0.3);
#2862 = AXIS2_PLACEMENT_3D('',#2863,#2864,#2865);
#2863 = CARTESIAN_POINT('',(5.13481188015,11.011639612495,
    12.722222222222));
#2864 = DIRECTION('',(0.,0.,1.));
#2865 = DIRECTION('',(1.,0.,0.));
#2866 = ORIENTED_CLOSED_SHELL('',*,#2867,.F.);
#2867 = CLOSED_SHELL('',(#2868));
#2868 = ADVANCED_FACE('',(#2869),#2873,.T.);
#2869 = FACE_BOUND('',#2870,.T.);
#2870 = VERTEX_LOOP('',#2871);
#2871 = VERTEX_POINT('',#2872);
#2872 = CARTESIAN_POINT('',(1.058942274384,12.103765581815,
    16.644444444444));
#2873 = SPHERICAL_SURFACE('',#2874,0.3);
#2874 = AXIS2_PLACEMENT_3D('',#2875,#2876,#2877);
#2875 = CARTESIAN_POINT('',(1.058942274384,12.103765581815,
    16.944444444444));
#2876 = DIRECTION('',(0.,0.,1.));
#2877 = DIRECTION('',(1.,0.,0.));
#2878 = ORIENTED_CLOSED_SHELL('',*,#2879,.F.);
#2879 = CLOSED_SHELL('',(#2880));
#2880 = ADVANCED_FACE('',(#2881),#2885,.T.);
#2881 = FACE_BOUND('',#2882,.T.);
#2882 = VERTEX_LOOP('',#2883);
#2883 = VERTEX_POINT('',#2884);
#2884 = CARTESIAN_POINT('',(3.144651397996,11.735998789412,
    16.533333333333));
#2885 = SPHERICAL_SURFACE('',#2886,0.3);
#2886 = AXIS2_PLACEMENT_3D('',#2887,#2888,#2889);
#2887 = CARTESIAN_POINT('',(3.144651397996,11.735998789412,
    16.833333333333));
#2888 = DIRECTION('',(0.,0.,1.));
#2889 = DIRECTION('',(1.,0.,0.));
#2890 = ORIENTED_CLOSED_SHELL('',*,#2891,.F.);
#2891 = CLOSED_SHELL('',(#2892));
#2892 = ADVANCED_FACE('',(#2893),#2897,.T.);
#2893 = FACE_BOUND('',#2894,.T.);
#2894 = VERTEX_LOOP('',#2895);
#2895 = VERTEX_POINT('',#2896);
#2896 = CARTESIAN_POINT('',(5.13481188015,11.011639612495,
    16.422222222222));
#2897 = SPHERICAL_SURFACE('',#2898,0.3);
#2898 = AXIS2_PLACEMENT_3D('',#2899,#2900,#2901);
#2899 = CARTESIAN_POINT('',(5.13481188015,11.011639612495,
    16.722222222222));
#2900 = DIRECTION('',(0.,0.,1.));
#2901 = DIRECTION('',(1.,0.,0.));
#2902 = ORIENTED_CLOSED_SHELL('',*,#2903,.F.);
#2903 = CLOSED_SHELL('',(#2904));
#2904 = ADVANCED_FACE('',(#2905),#2909,.T.);
#2905 = FACE_BOUND('',#2906,.T.);
#2906 = VERTEX_LOOP('',#2907);
#2907 = VERTEX_POINT('',#2908);
#2908 = CARTESIAN_POINT('',(8.591347391417,8.591347391417,16.2));
#2909 = SPHERICAL_SURFACE('',#2910,0.3);
#2910 = AXIS2_PLACEMENT_3D('',#2911,#2912,#2913);
#2911 = CARTESIAN_POINT('',(8.591347391417,8.591347391417,16.5));
#2912 = DIRECTION('',(0.,0.,1.));
#2913 = DIRECTION('',(1.,0.,0.));
#2914 = ORIENTED_CLOSED_SHELL('',*,#2915,.F.);
#2915 = CLOSED_SHELL('',(#2916));
#2916 = ADVANCED_FACE('',(#2917),#2921,.T.);
#2917 = FACE_BOUND('',#2918,.T.);
#2918 = VERTEX_LOOP('',#2919);
#2919 = VERTEX_POINT('',#2920);
#2920 = CARTESIAN_POINT('',(9.952697338111,6.968953701665,
    16.088888888889));
#2921 = SPHERICAL_SURFACE('',#2922,0.3);
#2922 = AXIS2_PLACEMENT_3D('',#2923,#2924,#2925);
#2923 = CARTESIAN_POINT('',(9.952697338111,6.968953701665,
    16.388888888889));
#2924 = DIRECTION('',(0.,0.,1.));
#2925 = DIRECTION('',(1.,0.,0.));
#2926 = ORIENTED_CLOSED_SHELL('',*,#2927,.F.);
#2927 = CLOSED_SHELL('',(#2928));
#2928 = ADVANCED_FACE('',(#2929),#2933,.T.);
#2929 = FACE_BOUND('',#2930,.T.);
#2930 = VERTEX_LOOP('',#2931);
#2931 = VERTEX_POINT('',#2932);
#2932 = CARTESIAN_POINT('',(6.968953701665,9.952697338111,
    16.311111111111));
#2933 = SPHERICAL_SURFACE('',#2934,0.3);
#2934 = AXIS2_PLACEMENT_3D('',#2935,#2936,#2937);
#2935 = CARTESIAN_POINT('',(6.968953701665,9.952697338111,
    16.611111111111));
#2936 = DIRECTION('',(0.,0.,1.));
#2937 = DIRECTION('',(1.,0.,0.));
#2938 = ORIENTED_CLOSED_SHELL('',*,#2939,.F.);
#2939 = CLOSED_SHELL('',(#2940));
#2940 = ADVANCED_FACE('',(#2941),#2945,.T.);
#2941 = FACE_BOUND('',#2942,.T.);
#2942 = VERTEX_LOOP('',#2943);
#2943 = VERTEX_POINT('',#2944);
#2944 = CARTESIAN_POINT('',(12.103765581815,1.058942274384,
    19.755555555556));
#2945 = SPHERICAL_SURFACE('',#2946,0.3);
#2946 = AXIS2_PLACEMENT_3D('',#2947,#2948,#2949);
#2947 = CARTESIAN_POINT('',(12.103765581815,1.058942274384,
    20.055555555556));
#2948 = DIRECTION('',(0.,0.,1.));
#2949 = DIRECTION('',(1.,0.,0.));
#2950 = ORIENTED_CLOSED_SHELL('',*,#2951,.F.);
#2951 = CLOSED_SHELL('',(#2952));
#2952 = ADVANCED_FACE('',(#2953),#2957,.T.);
#2953 = FACE_BOUND('',#2954,.T.);
#2954 = VERTEX_LOOP('',#2955);
#2955 = VERTEX_POINT('',#2956);
#2956 = CARTESIAN_POINT('',(11.735998789412,3.144651397996,
    19.866666666667));
#2957 = SPHERICAL_SURFACE('',#2958,0.3);
#2958 = AXIS2_PLACEMENT_3D('',#2959,#2960,#2961);
#2959 = CARTESIAN_POINT('',(11.735998789412,3.144651397996,
    20.166666666667));
#2960 = DIRECTION('',(0.,0.,1.));
#2961 = DIRECTION('',(1.,0.,0.));
#2962 = ORIENTED_CLOSED_SHELL('',*,#2963,.F.);
#2963 = CLOSED_SHELL('',(#2964));
#2964 = ADVANCED_FACE('',(#2965),#2969,.T.);
#2965 = FACE_BOUND('',#2966,.T.);
#2966 = VERTEX_LOOP('',#2967);
#2967 = VERTEX_POINT('',#2968);
#2968 = CARTESIAN_POINT('',(11.011639612495,5.134811880149,
    19.977777777778));
#2969 = SPHERICAL_SURFACE('',#2970,0.3);
#2970 = AXIS2_PLACEMENT_3D('',#2971,#2972,#2973);
#2971 = CARTESIAN_POINT('',(11.011639612495,5.134811880149,
    20.277777777778));
#2972 = DIRECTION('',(0.,0.,1.));
#2973 = DIRECTION('',(1.,0.,0.));
#2974 = ORIENTED_CLOSED_SHELL('',*,#2975,.F.);
#2975 = CLOSED_SHELL('',(#2976));
#2976 = ADVANCED_FACE('',(#2977),#2981,.T.);
#2977 = FACE_BOUND('',#2978,.T.);
#2978 = VERTEX_LOOP('',#2979);
#2979 = VERTEX_POINT('',#2980);
#2980 = CARTESIAN_POINT('',(12.103765581815,1.058942274384,
    23.755555555556));
#2981 = SPHERICAL_SURFACE('',#2982,0.3);
#2982 = AXIS2_PLACEMENT_3D('',#2983,#2984,#2985);
#2983 = CARTESIAN_POINT('',(12.103765581815,1.058942274384,
    24.055555555556));
#2984 = DIRECTION('',(0.,0.,1.));
#2985 = DIRECTION('',(1.,0.,0.));
#2986 = ORIENTED_CLOSED_SHELL('',*,#2987,.F.);
#2987 = CLOSED_SHELL('',(#2988));
#2988 = ADVANCED_FACE('',(#2989),#2993,.T.);
#2989 = FACE_BOUND('',#2990,.T.);
#2990 = VERTEX_LOOP('',#2991);
#2991 = VERTEX_POINT('',#2992);
#2992 = CARTESIAN_POINT('',(11.735998789412,3.144651397996,
    23.866666666667));
#2993 = SPHERICAL_SURFACE('',#2994,0.3);
#2994 = AXIS2_PLACEMENT_3D('',#2995,#2996,#2997);
#2995 = CARTESIAN_POINT('',(11.735998789412,3.144651397996,
    24.166666666667));
#2996 = DIRECTION('',(0.,0.,1.));
#2997 = DIRECTION('',(1.,0.,0.));
#2998 = ORIENTED_CLOSED_SHELL('',*,#2999,.F.);
#2999 = CLOSED_SHELL('',(#3000));
#3000 = ADVANCED_FACE('',(#3001),#3005,.T.);
#3001 = FACE_BOUND('',#3002,.T.);
#3002 = VERTEX_LOOP('',#3003);
#3003 = VERTEX_POINT('',#3004);
#3004 = CARTESIAN_POINT('',(11.011639612495,5.134811880149,
    23.977777777778));
#3005 = SPHERICAL_SURFACE('',#3006,0.3);
#3006 = AXIS2_PLACEMENT_3D('',#3007,#3008,#3009);
#3007 = CARTESIAN_POINT('',(11.011639612495,5.134811880149,
    24.277777777778));
#3008 = DIRECTION('',(0.,0.,1.));
#3009 = DIRECTION('',(1.,0.,0.));
#3010 = ORIENTED_CLOSED_SHELL('',*,#3011,.F.);
#3011 = CLOSED_SHELL('',(#3012));
#3012 = ADVANCED_FACE('',(#3013),#3017,.T.);
#3013 = FACE_BOUND('',#3014,.T.);
#3014 = VERTEX_LOOP('',#3015);
#3015 = VERTEX_POINT('',#3016);
#3016 = CARTESIAN_POINT('',(1.058942274384,12.103765581815,
    20.644444444444));
#3017 = SPHERICAL_SURFACE('',#3018,0.3);
#3018 = AXIS2_PLACEMENT_3D('',#3019,#3020,#3021);
#3019 = CARTESIAN_POINT('',(1.058942274384,12.103765581815,
    20.944444444444));
#3020 = DIRECTION('',(0.,0.,1.));
#3021 = DIRECTION('',(1.,0.,0.));
#3022 = ORIENTED_CLOSED_SHELL('',*,#3023,.F.);
#3023 = CLOSED_SHELL('',(#3024));
#3024 = ADVANCED_FACE('',(#3025),#3029,.T.);
#3025 = FACE_BOUND('',#3026,.T.);
#3026 = VERTEX_LOOP('',#3027);
#3027 = VERTEX_POINT('',#3028);
#3028 = CARTESIAN_POINT('',(3.144651397996,11.735998789412,
    20.533333333333));
#3029 = SPHERICAL_SURFACE('',#3030,0.3);
#3030 = AXIS2_PLACEMENT_3D('',#3031,#3032,#3033);
#3031 = CARTESIAN_POINT('',(3.144651397996,11.735998789412,
    20.833333333333));
#3032 = DIRECTION('',(0.,0.,1.));
#3033 = DIRECTION('',(1.,0.,0.));
#3034 = ORIENTED_CLOSED_SHELL('',*,#3035,.F.);
#3035 = CLOSED_SHELL('',(#3036));
#3036 = ADVANCED_FACE('',(#3037),#3041,.T.);
#3037 = FACE_BOUND('',#3038,.T.);
#3038 = VERTEX_LOOP('',#3039);
#3039 = VERTEX_POINT('',#3040);
#3040 = CARTESIAN_POINT('',(5.13481188015,11.011639612495,
    20.422222222222));
#3041 = SPHERICAL_SURFACE('',#3042,0.3);
#3042 = AXIS2_PLACEMENT_3D('',#3043,#3044,#3045);
#3043 = CARTESIAN_POINT('',(5.13481188015,11.011639612495,
    20.722222222222));
#3044 = DIRECTION('',(0.,0.,1.));
#3045 = DIRECTION('',(1.,0.,0.));
#3046 = ORIENTED_CLOSED_SHELL('',*,#3047,.F.);
#3047 = CLOSED_SHELL('',(#3048));
#3048 = ADVANCED_FACE('',(#3049),#3053,.T.);
#3049 = FACE_BOUND('',#3050,.T.);
#3050 = VERTEX_LOOP('',#3051);
#3051 = VERTEX_POINT('',#3052);
#3052 = CARTESIAN_POINT('',(1.058942274384,12.103765581815,
    24.644444444444));
#3053 = SPHERICAL_SURFACE('',#3054,0.3);
#3054 = AXIS2_PLACEMENT_3D('',#3055,#3056,#3057);
#3055 = CARTESIAN_POINT('',(1.058942274384,12.103765581815,
    24.944444444444));
#3056 = DIRECTION('',(0.,0.,1.));
#3057 = DIRECTION('',(1.,0.,0.));
#3058 = ORIENTED_CLOSED_SHELL('',*,#3059,.F.);
#3059 = CLOSED_SHELL('',(#3060));
#3060 = ADVANCED_FACE('',(#3061),#3065,.T.);
#3061 = FACE_BOUND('',#3062,.T.);
#3062 = VERTEX_LOOP('',#3063);
#3063 = VERTEX_POINT('',#3064);
#3064 = CARTESIAN_POINT('',(3.144651397996,11.735998789412,
    24.533333333333));
#3065 = SPHERICAL_SURFACE('',#3066,0.3);
#3066 = AXIS2_PLACEMENT_3D('',#3067,#3068,#3069);
#3067 = CARTESIAN_POINT('',(3.144651397996,11.735998789412,
    24.833333333333));
#3068 = DIRECTION('',(0.,0.,1.));
#3069 = DIRECTION('',(1.,0.,0.));
#3070 = ORIENTED_CLOSED_SHELL('',*,#3071,.F.);
#3071 = CLOSED_SHELL('',(#3072));
#3072 = ADVANCED_FACE('',(#3073),#3077,.T.);
#3073 = FACE_BOUND('',#3074,.T.);
#3074 = VERTEX_LOOP('',#3075);
#3075 = VERTEX_POINT('',#3076);
#3076 = CARTESIAN_POINT('',(5.13481188015,11.011639612495,
    24.422222222222));
#3077 = SPHERICAL_SURFACE('',#3078,0.3);
#3078 = AXIS2_PLACEMENT_3D('',#3079,#3080,#3081);
#3079 = CARTESIAN_POINT('',(5.13481188015,11.011639612495,
    24.722222222222));
#3080 = DIRECTION('',(0.,0.,1.));
#3081 = DIRECTION('',(1.,0.,0.));
#3082 = ORIENTED_CLOSED_SHELL('',*,#3083,.F.);
#3083 = CLOSED_SHELL('',(#3084));
#3084 = ADVANCED_FACE('',(#3085),#3089,.T.);
#3085 = FACE_BOUND('',#3086,.T.);
#3086 = VERTEX_LOOP('',#3087);
#3087 = VERTEX_POINT('',#3088);
#3088 = CARTESIAN_POINT('',(8.591347391417,8.591347391417,20.2));
#3089 = SPHERICAL_SURFACE('',#3090,0.3);
#3090 = AXIS2_PLACEMENT_3D('',#3091,#3092,#3093);
#3091 = CARTESIAN_POINT('',(8.591347391417,8.591347391417,20.5));
#3092 = DIRECTION('',(0.,0.,1.));
#3093 = DIRECTION('',(1.,0.,0.));
#3094 = ORIENTED_CLOSED_SHELL('',*,#3095,.F.);
#3095 = CLOSED_SHELL('',(#3096));
#3096 = ADVANCED_FACE('',(#3097),#3101,.T.);
#3097 = FACE_BOUND('',#3098,.T.);
#3098 = VERTEX_LOOP('',#3099);
#3099 = VERTEX_POINT('',#3100);
#3100 = CARTESIAN_POINT('',(9.952697338111,6.968953701665,
    20.088888888889));
#3101 = SPHERICAL_SURFACE('',#3102,0.3);
#3102 = AXIS2_PLACEMENT_3D('',#3103,#3104,#3105);
#3103 = CARTESIAN_POINT('',(9.952697338111,6.968953701665,
    20.388888888889));
#3104 = DIRECTION('',(0.,0.,1.));
#3105 = DIRECTION('',(1.,0.,0.));
#3106 = ORIENTED_CLOSED_SHELL('',*,#3107,.F.);
#3107 = CLOSED_SHELL('',(#3108));
#3108 = ADVANCED_FACE('',(#3109),#3113,.T.);
#3109 = FACE_BOUND('',#3110,.T.);
#3110 = VERTEX_LOOP('',#3111);
#3111 = VERTEX_POINT('',#3112);
#3112 = CARTESIAN_POINT('',(6.968953701665,9.952697338111,
    20.311111111111));
#3113 = SPHERICAL_SURFACE('',#3114,0.3);
#3114 = AXIS2_PLACEMENT_3D('',#3115,#3116,#3117);
#3115 = CARTESIAN_POINT('',(6.968953701665,9.952697338111,
    20.611111111111));
#3116 = DIRECTION('',(0.,0.,1.));
#3117 = DIRECTION('',(1.,0.,0.));
#3118 = ORIENTED_CLOSED_SHELL('',*,#3119,.F.);
#3119 = CLOSED_SHELL('',(#3120));
#3120 = ADVANCED_FACE('',(#3121),#3125,.T.);
#3121 = FACE_BOUND('',#3122,.T.);
#3122 = VERTEX_LOOP('',#3123);
#3123 = VERTEX_POINT('',#3124);
#3124 = CARTESIAN_POINT('',(8.591347391417,8.591347391417,24.2));
#3125 = SPHERICAL_SURFACE('',#3126,0.3);
#3126 = AXIS2_PLACEMENT_3D('',#3127,#3128,#3129);
#3127 = CARTESIAN_POINT('',(8.591347391417,8.591347391417,24.5));
#3128 = DIRECTION('',(0.,0.,1.));
#3129 = DIRECTION('',(1.,0.,0.));
#3130 = ORIENTED_CLOSED_SHELL('',*,#3131,.F.);
#3131 = CLOSED_SHELL('',(#3132));
#3132 = ADVANCED_FACE('',(#3133),#3137,.T.);
#3133 = FACE_BOUND('',#3134,.T.);
#3134 = VERTEX_LOOP('',#3135);
#3135 = VERTEX_POINT('',#3136);
#3136 = CARTESIAN_POINT('',(9.952697338111,6.968953701665,
    24.088888888889));
#3137 = SPHERICAL_SURFACE('',#3138,0.3);
#3138 = AXIS2_PLACEMENT_3D('',#3139,#3140,#3141);
#3139 = CARTESIAN_POINT('',(9.952697338111,6.968953701665,
    24.388888888889));
#3140 = DIRECTION('',(0.,0.,1.));
#3141 = DIRECTION('',(1.,0.,0.));
#3142 = ORIENTED_CLOSED_SHELL('',*,#3143,.F.);
#3143 = CLOSED_SHELL('',(#3144));
#3144 = ADVANCED_FACE('',(#3145),#3149,.T.);
#3145 = FACE_BOUND('',#3146,.T.);
#3146 = VERTEX_LOOP('',#3147);
#3147 = VERTEX_POINT('',#3148);
#3148 = CARTESIAN_POINT('',(6.968953701665,9.952697338111,
    24.311111111111));
#3149 = SPHERICAL_SURFACE('',#3150,0.3);
#3150 = AXIS2_PLACEMENT_3D('',#3151,#3152,#3153);
#3151 = CARTESIAN_POINT('',(6.968953701665,9.952697338111,
    24.611111111111));
#3152 = DIRECTION('',(0.,0.,1.));
#3153 = DIRECTION('',(1.,0.,0.));
#3154 = ( GEOMETRIC_REPRESENTATION_CONTEXT(3) 
GLOBAL_UNCERTAINTY_ASSIGNED_CONTEXT((#3158)) 
GLOBAL_UNIT_ASSIGNED_CONTEXT((#3155,#3156,#3157)) REPRESENTATION_CONTEXT
('Context #1','3D Context with UNIT and UNCERTAINTY') );
#3155 = ( LENGTH_UNIT() NAMED_UNIT(*) SI_UNIT(.MILLI.,.METRE.) );
#3156 = ( NAMED_UNIT(*) PLANE_ANGLE_UNIT() SI_UNIT($,.RADIAN.) );
#3157 = ( NAMED_UNIT(*) SI_UNIT($,.STERADIAN.) SOLID_ANGLE_UNIT() );
#3158 = UNCERTAINTY_MEASURE_WITH_UNIT(LENGTH_MEASURE(1.E-07),#3155,
  'distance_accuracy_value','confusion accuracy');
#3159 = PRODUCT_RELATED_PRODUCT_CATEGORY('part',$,(#7));
ENDSEC;
END-ISO-10303-21;
