ISO-10303-21;
HEADER;
FILE_DESCRIPTION(('Open CASCADE Model'),'2;1');
FILE_NAME('Open CASCADE Shape Model','2026-06-22T19:44:21',('Author'),(
    'Open CASCADE'),'Open CASCADE STEP processor 7.9','Open CASCADE 7.9'
  ,'Unknown');
FILE_SCHEMA(('AUTOMOTIVE_DESIGN { 1 0 10303 214 1 1 1 1 }'));
ENDSEC;
DATA;
#1 = APPLICATION_PROTOCOL_DEFINITION('international standard',
  'automotive_design',2000,#2);
#2 = APPLICATION_CONTEXT(
  'core data for automotive mechanical design processes');
#3 = SHAPE_DEFINITION_REPRESENTATION(#4,#10);
#4 = PRODUCT_DEFINITION_SHAPE('','',#5);
#5 = PRODUCT_DEFINITION('design','',#6,#9);
#6 = PRODUCT_DEFINITION_FORMATION('','',#7);
#7 = PRODUCT('Open CASCADE STEP translator 7.9 1',
  'Open CASCADE STEP translator 7.9 1','',(#8));
#8 = PRODUCT_CONTEXT('',#2,'mechanical');
#9 = PRODUCT_DEFINITION_CONTEXT('part definition',#2,'design');
#10 = SHAPE_REPRESENTATION('',(#11,#15,#19),#23);
#11 = AXIS2_PLACEMENT_3D('',#12,#13,#14);
#12 = CARTESIAN_POINT('',(0.,0.,0.));
#13 = DIRECTION('',(0.,0.,1.));
#14 = DIRECTION('',(1.,0.,-0.));
#15 = AXIS2_PLACEMENT_3D('',#16,#17,#18);
#16 = CARTESIAN_POINT('',(0.,0.,0.));
#17 = DIRECTION('',(0.,0.,1.));
#18 = DIRECTION('',(1.,0.,-0.));
#19 = AXIS2_PLACEMENT_3D('',#20,#21,#22);
#20 = CARTESIAN_POINT('',(0.,0.,0.));
#21 = DIRECTION('',(0.,0.,1.));
#22 = DIRECTION('',(1.,0.,-0.));
#23 = ( GEOMETRIC_REPRESENTATION_CONTEXT(3) 
GLOBAL_UNCERTAINTY_ASSIGNED_CONTEXT((#27)) GLOBAL_UNIT_ASSIGNED_CONTEXT(
(#24,#25,#26)) REPRESENTATION_CONTEXT('Context #1',
  '3D Context with UNIT and UNCERTAINTY') );
#24 = ( LENGTH_UNIT() NAMED_UNIT(*) SI_UNIT(.MILLI.,.METRE.) );
#25 = ( NAMED_UNIT(*) PLANE_ANGLE_UNIT() SI_UNIT($,.RADIAN.) );
#26 = ( NAMED_UNIT(*) SI_UNIT($,.STERADIAN.) SOLID_ANGLE_UNIT() );
#27 = UNCERTAINTY_MEASURE_WITH_UNIT(LENGTH_MEASURE(1.E-07),#24,
  'distance_accuracy_value','confusion accuracy');
#28 = PRODUCT_RELATED_PRODUCT_CATEGORY('part',$,(#7));
#29 = SHAPE_DEFINITION_REPRESENTATION(#30,#36);
#30 = PRODUCT_DEFINITION_SHAPE('','',#31);
#31 = PRODUCT_DEFINITION('design','',#32,#35);
#32 = PRODUCT_DEFINITION_FORMATION('','',#33);
#33 = PRODUCT('Open CASCADE STEP translator 7.9 1.1',
  'Open CASCADE STEP translator 7.9 1.1','',(#34));
#34 = PRODUCT_CONTEXT('',#2,'mechanical');
#35 = PRODUCT_DEFINITION_CONTEXT('part definition',#2,'design');
#36 = ADVANCED_BREP_SHAPE_REPRESENTATION('',(#11,#37),#1937);
#37 = MANIFOLD_SOLID_BREP('',#38);
#38 = CLOSED_SHELL('',(#39,#1068,#1115,#1139,#1211,#1473,#1603,#1674,
    #1723,#1770,#1817,#1825,#1852,#1877,#1907,#1917,#1924));
#39 = ADVANCED_FACE('',(#40),#55,.T.);
#40 = FACE_BOUND('',#41,.F.);
#41 = EDGE_LOOP('',(#42,#78,#101,#490,#513,#540,#541,#570,#596,#623,#624
    ,#648,#674,#707,#733,#757,#781,#1044));
#42 = ORIENTED_EDGE('',*,*,#43,.F.);
#43 = EDGE_CURVE('',#44,#46,#48,.T.);
#44 = VERTEX_POINT('',#45);
#45 = CARTESIAN_POINT('',(0.,8.25,0.));
#46 = VERTEX_POINT('',#47);
#47 = CARTESIAN_POINT('',(0.,3.437336386313,11.75));
#48 = SURFACE_CURVE('',#49,(#54,#66),.PCURVE_S1.);
#49 = CIRCLE('',#50,16.75);
#50 = AXIS2_PLACEMENT_3D('',#51,#52,#53);
#51 = CARTESIAN_POINT('',(0.,-8.5,0.));
#52 = DIRECTION('',(1.,0.,0.));
#53 = DIRECTION('',(0.,1.,0.));
#54 = PCURVE('',#55,#60);
#55 = CYLINDRICAL_SURFACE('',#56,16.75);
#56 = AXIS2_PLACEMENT_3D('',#57,#58,#59);
#57 = CARTESIAN_POINT('',(0.,-8.5,0.));
#58 = DIRECTION('',(-1.,-0.,-0.));
#59 = DIRECTION('',(0.,1.,0.));
#60 = DEFINITIONAL_REPRESENTATION('',(#61),#65);
#61 = LINE('',#62,#63);
#62 = CARTESIAN_POINT('',(-0.,0.));
#63 = VECTOR('',#64,1.);
#64 = DIRECTION('',(-1.,0.));
#65 = ( GEOMETRIC_REPRESENTATION_CONTEXT(2) 
PARAMETRIC_REPRESENTATION_CONTEXT() REPRESENTATION_CONTEXT('2D SPACE',''
  ) );
#66 = PCURVE('',#67,#72);
#67 = PLANE('',#68);
#68 = AXIS2_PLACEMENT_3D('',#69,#70,#71);
#69 = CARTESIAN_POINT('',(0.,-8.5,1.275556075309E-15));
#70 = DIRECTION('',(1.,0.,0.));
#71 = DIRECTION('',(-0.,0.,1.));
#72 = DEFINITIONAL_REPRESENTATION('',(#73),#77);
#73 = CIRCLE('',#74,16.75);
#74 = AXIS2_PLACEMENT_2D('',#75,#76);
#75 = CARTESIAN_POINT('',(-1.275556075309E-15,-1.7763568394E-15));
#76 = DIRECTION('',(0.,-1.));
#77 = ( GEOMETRIC_REPRESENTATION_CONTEXT(2) 
PARAMETRIC_REPRESENTATION_CONTEXT() REPRESENTATION_CONTEXT('2D SPACE',''
  ) );
#78 = ORIENTED_EDGE('',*,*,#79,.T.);
#79 = EDGE_CURVE('',#44,#80,#82,.T.);
#80 = VERTEX_POINT('',#81);
#81 = CARTESIAN_POINT('',(7.41848282792,8.25,0.));
#82 = SEAM_CURVE('',#83,(#87,#94),.PCURVE_S1.);
#83 = LINE('',#84,#85);
#84 = CARTESIAN_POINT('',(0.,8.25,0.));
#85 = VECTOR('',#86,1.);
#86 = DIRECTION('',(1.,0.,0.));
#87 = PCURVE('',#55,#88);
#88 = DEFINITIONAL_REPRESENTATION('',(#89),#93);
#89 = LINE('',#90,#91);
#90 = CARTESIAN_POINT('',(-0.,0.));
#91 = VECTOR('',#92,1.);
#92 = DIRECTION('',(-0.,-1.));
#93 = ( GEOMETRIC_REPRESENTATION_CONTEXT(2) 
PARAMETRIC_REPRESENTATION_CONTEXT() REPRESENTATION_CONTEXT('2D SPACE',''
  ) );
#94 = PCURVE('',#55,#95);
#95 = DEFINITIONAL_REPRESENTATION('',(#96),#100);
#96 = LINE('',#97,#98);
#97 = CARTESIAN_POINT('',(-6.28318530718,0.));
#98 = VECTOR('',#99,1.);
#99 = DIRECTION('',(-0.,-1.));
#100 = ( GEOMETRIC_REPRESENTATION_CONTEXT(2) 
PARAMETRIC_REPRESENTATION_CONTEXT() REPRESENTATION_CONTEXT('2D SPACE',''
  ) );
#101 = ORIENTED_EDGE('',*,*,#102,.F.);
#102 = EDGE_CURVE('',#103,#80,#105,.T.);
#103 = VERTEX_POINT('',#104);
#104 = CARTESIAN_POINT('',(10.78151717208,8.25,0.));
#105 = SURFACE_CURVE('',#106,(#207,#346),.PCURVE_S1.);
#106 = B_SPLINE_CURVE_WITH_KNOTS('',8,(#107,#108,#109,#110,#111,#112,
    #113,#114,#115,#116,#117,#118,#119,#120,#121,#122,#123,#124,#125,
    #126,#127,#128,#129,#130,#131,#132,#133,#134,#135,#136,#137,#138,
    #139,#140,#141,#142,#143,#144,#145,#146,#147,#148,#149,#150,#151,
    #152,#153,#154,#155,#156,#157,#158,#159,#160,#161,#162,#163,#164,
    #165,#166,#167,#168,#169,#170,#171,#172,#173,#174,#175,#176,#177,
    #178,#179,#180,#181,#182,#183,#184,#185,#186,#187,#188,#189,#190,
    #191,#192,#193,#194,#195,#196,#197,#198,#199,#200,#201,#202,#203,
    #204,#205,#206),.UNSPECIFIED.,.F.,.F.,(9,7,7,7,7,7,7,7,7,7,7,7,7,7,9
    ),(0.,0.554860590414,1.,1.745587905237,2.455801431749,2.714632925247
    ,2.865273076718,2.974066358808,3.065137931052,3.206936574003,
    3.287772027146,3.481923365568,4.061434538018,5.570363326552,
    6.110377678584),.UNSPECIFIED.);
#107 = CARTESIAN_POINT('',(10.78151717208,8.25,0.));
#108 = CARTESIAN_POINT('',(10.78151717208,8.25,0.200664254463));
#109 = CARTESIAN_POINT('',(10.78192557949,8.247252630154,0.401315011862)
  );
#110 = CARTESIAN_POINT('',(10.782742488448,8.241758535956,0.601932165073
    ));
#111 = CARTESIAN_POINT('',(10.783942092163,8.233517384611,0.802491815518
    ));
#112 = CARTESIAN_POINT('',(10.785473091067,8.222528314314,1.002966266387
    ));
#113 = CARTESIAN_POINT('',(10.787259100979,8.208790383524,1.203324015869
    ));
#114 = CARTESIAN_POINT('',(10.789199061251,8.192303020249,1.40352975037)
  );
#115 = CARTESIAN_POINT('',(10.792746946462,8.157633863228,1.764006941994
    ));
#116 = CARTESIAN_POINT('',(10.794344717158,8.140432089158,1.924343975736
    ));
#117 = CARTESIAN_POINT('',(10.795896270761,8.121459969605,2.08454990102)
  );
#118 = CARTESIAN_POINT('',(10.797327172546,8.100715979159,2.244615197935
    ));
#119 = CARTESIAN_POINT('',(10.798552981954,8.078198626979,2.404526370212
    ));
#120 = CARTESIAN_POINT('',(10.79947899722,8.053906837259,2.564265950819)
  );
#121 = CARTESIAN_POINT('',(10.8,8.027840329704,2.723812507558));
#122 = CARTESIAN_POINT('',(10.8,7.953368736495,3.150007909613));
#123 = CARTESIAN_POINT('',(10.79853804581,7.901845523292,3.41577947327)
  );
#124 = CARTESIAN_POINT('',(10.79507786444,7.845385456379,3.6807997668));
#125 = CARTESIAN_POINT('',(10.788988488265,7.783931714595,3.94522891456)
  );
#126 = CARTESIAN_POINT('',(10.779525278965,7.717447636199,4.209018670763
    ));
#127 = CARTESIAN_POINT('',(10.765808777037,7.645958083974,4.471888645884
    ));
#128 = CARTESIAN_POINT('',(10.746801376893,7.569600098905,4.733302826827
    ));
#129 = CARTESIAN_POINT('',(10.696973051869,7.41160470083,5.239294902176)
  );
#130 = CARTESIAN_POINT('',(10.666953478527,7.331017108536,5.482075387247
    ));
#131 = CARTESIAN_POINT('',(10.630082983459,7.246514777654,5.722664276711
    ));
#132 = CARTESIAN_POINT('',(10.584904194044,7.157891888001,5.96166633276)
  );
#133 = CARTESIAN_POINT('',(10.529580081988,7.065285701716,6.198557890618
    ));
#134 = CARTESIAN_POINT('',(10.461875751868,6.969379056991,6.431669149223
    ));
#135 = CARTESIAN_POINT('',(10.379205250861,6.871698515604,6.657993126593
    ));
#136 = CARTESIAN_POINT('',(10.242159317291,6.739820335877,6.951096740045
    ));
#137 = CARTESIAN_POINT('',(10.203116028349,6.704657076956,7.028022665187
    ));
#138 = CARTESIAN_POINT('',(10.161441992212,6.669654251838,7.103430135853
    ));
#139 = CARTESIAN_POINT('',(10.116934310853,6.634947070061,7.177094505957
    ));
#140 = CARTESIAN_POINT('',(10.06938458818,6.600714456331,7.248716636582)
  );
#141 = CARTESIAN_POINT('',(10.018584542753,6.567186047336,7.317916116495
    ));
#142 = CARTESIAN_POINT('',(9.964332199361,6.534648590118,7.384224084829)
  );
#143 = CARTESIAN_POINT('',(9.872744569538,6.48529514961,7.483655324308)
  );
#144 = CARTESIAN_POINT('',(9.837796121878,6.467581318741,7.519087115643)
  );
#145 = CARTESIAN_POINT('',(9.801575679133,6.450392338583,7.553232262419)
  );
#146 = CARTESIAN_POINT('',(9.764070460835,6.43381551072,7.585946442769)
  );
#147 = CARTESIAN_POINT('',(9.72527270206,6.417943005968,7.617079647142)
  );
#148 = CARTESIAN_POINT('',(9.685179812086,6.402871521219,7.646476044951)
  );
#149 = CARTESIAN_POINT('',(9.643794533044,6.388701936285,7.673973851224)
  );
#150 = CARTESIAN_POINT('',(9.570308959752,6.366032592733,7.717771871331)
  );
#151 = CARTESIAN_POINT('',(9.53882184709,6.357050903433,7.735061336569)
  );
#152 = CARTESIAN_POINT('',(9.506698372765,6.348643212533,7.751191215728)
  );
#153 = CARTESIAN_POINT('',(9.473975620135,6.340856039536,7.76608508949)
  );
#154 = CARTESIAN_POINT('',(9.440693107923,6.333732856421,7.779672432032)
  );
#155 = CARTESIAN_POINT('',(9.406892754408,6.327313830285,7.79188855059)
  );
#156 = CARTESIAN_POINT('',(9.372618841601,6.321635566008,7.802674525025)
  );
#157 = CARTESIAN_POINT('',(9.308869659395,6.312625077928,7.819764433787)
  );
#158 = CARTESIAN_POINT('',(9.279529697591,6.309062434753,7.826510229397)
  );
#159 = CARTESIAN_POINT('',(9.249944323236,6.306064280583,7.832179375955)
  );
#160 = CARTESIAN_POINT('',(9.22016046383,6.303647908577,7.836743629276)
  );
#161 = CARTESIAN_POINT('',(9.190225688628,6.301826477344,7.840181644394)
  );
#162 = CARTESIAN_POINT('',(9.160188152111,6.300608944466,7.842478960705)
  );
#163 = CARTESIAN_POINT('',(9.130096537455,6.3,7.843627987099));
#164 = CARTESIAN_POINT('',(9.053139623447,6.3,7.843627987099));
#165 = CARTESIAN_POINT('',(9.006320333961,6.301476254395,7.840842240301)
  );
#166 = CARTESIAN_POINT('',(8.959714001573,6.304424152783,7.835280190108)
  );
#167 = CARTESIAN_POINT('',(8.91348865104,6.308816111919,7.826986180412)
  );
#168 = CARTESIAN_POINT('',(8.867807949984,6.314602410403,7.816039625372)
  );
#169 = CARTESIAN_POINT('',(8.822830697052,6.321712023359,7.802555179191)
  );
#170 = CARTESIAN_POINT('',(8.778710310057,6.330053457118,7.786682905889)
  );
#171 = CARTESIAN_POINT('',(8.711015086881,6.344909678587,7.758304705153)
  );
#172 = CARTESIAN_POINT('',(8.686747845702,6.350671187852,7.747279334039)
  );
#173 = CARTESIAN_POINT('',(8.662804538237,6.35678369547,7.7355586376));
#174 = CARTESIAN_POINT('',(8.639196412547,6.363230346222,7.723169787986)
  );
#175 = CARTESIAN_POINT('',(8.615934017104,6.369993845902,7.710140827638)
  );
#176 = CARTESIAN_POINT('',(8.593027200799,6.377056461313,7.696500669287)
  );
#177 = CARTESIAN_POINT('',(8.570485112932,6.384400020267,7.682279095955)
  );
#178 = CARTESIAN_POINT('',(8.495070711001,6.41027381165,7.632026430226)
  );
#179 = CARTESIAN_POINT('',(8.444015954834,6.430042391403,7.593394352413)
  );
#180 = CARTESIAN_POINT('',(8.395135267933,6.451095015103,7.551957698125)
  );
#181 = CARTESIAN_POINT('',(8.34839633714,6.473233411414,7.508034445543)
  );
#182 = CARTESIAN_POINT('',(8.303754064222,6.496276959502,7.461915822006)
  );
#183 = CARTESIAN_POINT('',(8.261153427168,6.520061975128,7.413868745604)
  );
#184 = CARTESIAN_POINT('',(8.220532341481,6.544440996748,7.364138266764)
  );
#185 = CARTESIAN_POINT('',(8.066287774022,6.643428768359,7.160161123472)
  );
#186 = CARTESIAN_POINT('',(7.967011103768,6.72219454069,6.993347750357)
  );
#187 = CARTESIAN_POINT('',(7.882082982752,6.802514480056,6.81745865612)
  );
#188 = CARTESIAN_POINT('',(7.809475928347,6.882474298809,6.63579559821)
  );
#189 = CARTESIAN_POINT('',(7.747285444342,6.961008575917,6.450397228337)
  );
#190 = CARTESIAN_POINT('',(7.693848776371,7.03764703121,6.262245660577)
  );
#191 = CARTESIAN_POINT('',(7.647776603703,7.112328722808,6.071322509116)
  );
#192 = CARTESIAN_POINT('',(7.504180423287,7.375316949047,5.369370433352)
  );
#193 = CARTESIAN_POINT('',(7.443194226188,7.552757139536,4.838711719092)
  );
#194 = CARTESIAN_POINT('',(7.411056047703,7.709605648867,4.299489711923)
  );
#195 = CARTESIAN_POINT('',(7.397383794104,7.844336276039,3.758521654858)
  );
#196 = CARTESIAN_POINT('',(7.39469688106,7.957165143977,3.219227031556)
  );
#197 = CARTESIAN_POINT('',(7.397946989825,8.049449415229,2.680944068508)
  );
#198 = CARTESIAN_POINT('',(7.40356893134,8.122135074596,2.139052241021)
  );
#199 = CARTESIAN_POINT('',(7.410947768808,8.193547362699,1.388336414372)
  );
#200 = CARTESIAN_POINT('',(7.412856615969,8.209678989992,1.190293007253)
  );
#201 = CARTESIAN_POINT('',(7.414609509878,8.22312066666,0.992101060813)
  );
#202 = CARTESIAN_POINT('',(7.416109664418,8.233872841831,0.793795127161)
  );
#203 = CARTESIAN_POINT('',(7.417283940847,8.241936338138,0.595406249119)
  );
#204 = CARTESIAN_POINT('',(7.418083228904,8.247311943018,0.396961972721)
  );
#205 = CARTESIAN_POINT('',(7.41848282792,8.25,0.198486359703));
#206 = CARTESIAN_POINT('',(7.41848282792,8.25,0.));
#207 = PCURVE('',#55,#208);
#208 = DEFINITIONAL_REPRESENTATION('',(#209),#345);
#209 = B_SPLINE_CURVE_WITH_KNOTS('',3,(#210,#211,#212,#213,#214,#215,
    #216,#217,#218,#219,#220,#221,#222,#223,#224,#225,#226,#227,#228,
    #229,#230,#231,#232,#233,#234,#235,#236,#237,#238,#239,#240,#241,
    #242,#243,#244,#245,#246,#247,#248,#249,#250,#251,#252,#253,#254,
    #255,#256,#257,#258,#259,#260,#261,#262,#263,#264,#265,#266,#267,
    #268,#269,#270,#271,#272,#273,#274,#275,#276,#277,#278,#279,#280,
    #281,#282,#283,#284,#285,#286,#287,#288,#289,#290,#291,#292,#293,
    #294,#295,#296,#297,#298,#299,#300,#301,#302,#303,#304,#305,#306,
    #307,#308,#309,#310,#311,#312,#313,#314,#315,#316,#317,#318,#319,
    #320,#321,#322,#323,#324,#325,#326,#327,#328,#329,#330,#331,#332,
    #333,#334,#335,#336,#337,#338,#339,#340,#341,#342,#343,#344),
  .UNSPECIFIED.,.F.,.F.,(4,1,1,1,1,1,1,1,1,1,1,1,1,1,1,1,1,1,1,1,1,1,1,1
    ,1,1,1,1,1,1,1,1,1,1,1,1,1,1,1,1,1,1,1,1,1,1,1,1,1,1,1,1,1,1,1,1,1,1
    ,1,1,1,1,1,1,1,1,1,1,1,1,1,1,1,1,1,1,1,1,1,1,1,1,1,1,1,1,1,1,1,1,1,1
    ,1,1,1,1,1,1,1,1,1,1,1,1,1,1,1,1,1,1,1,1,1,1,1,1,1,1,1,1,1,1,1,1,1,1
    ,1,1,1,1,1,1,4),(0.,4.629073998927E-02,9.258147997854E-02,
    0.138872219968,0.185162959957,0.231453699946,0.277744439936,
    0.324035179925,0.370325919914,0.416616659903,0.462907399893,
    0.509198139882,0.555488879871,0.601779619861,0.64807035985,
    0.694361099839,0.740651839828,0.786942579818,0.833233319807,
    0.879524059796,0.925814799785,0.972105539775,1.018396279764,
    1.064687019753,1.110977759743,1.157268499732,1.203559239721,
    1.24984997971,1.2961407197,1.342431459689,1.388722199678,
    1.435012939667,1.481303679657,1.527594419646,1.573885159635,
    1.620175899625,1.666466639614,1.712757379603,1.759048119592,
    1.805338859582,1.851629599571,1.89792033956,1.944211079549,
    1.990501819539,2.036792559528,2.083083299517,2.129374039507,
    2.175664779496,2.221955519485,2.268246259474,2.314536999464,
    2.360827739453,2.407118479442,2.453409219431,2.499699959421,
    2.54599069941,2.592281439399,2.638572179388,2.684862919378,
    2.731153659367,2.777444399356,2.823735139346,2.870025879335,
    2.916316619324,2.962607359313,3.008898099303,3.055188839292,
    3.101479579281,3.14777031927,3.19406105926,3.240351799249,
    3.286642539238,3.332933279228,3.379224019217,3.425514759206,
    3.471805499195,3.518096239185,3.564386979174,3.610677719163,
    3.656968459152,3.703259199142,3.749549939131,3.79584067912,
    3.84213141911,3.888422159099,3.934712899088,3.981003639077,
    4.027294379067,4.073585119056,4.119875859045,4.166166599034,
    4.212457339024,4.258748079013,4.305038819002,4.351329558992,
    4.397620298981,4.44391103897,4.490201778959,4.536492518949,
    4.582783258938,4.629073998927,4.675364738916,4.721655478906,
    4.767946218895,4.814236958884,4.860527698874,4.906818438863,
    4.953109178852,4.999399918841,5.045690658831,5.09198139882,
    5.138272138809,5.184562878798,5.230853618788,5.277144358777,
    5.323435098766,5.369725838756,5.416016578745,5.462307318734,
    5.508598058723,5.554888798713,5.601179538702,5.647470278691,
    5.69376101868,5.74005175867,5.786342498659,5.832633238648,
    5.878923978638,5.925214718627,5.971505458616,6.017796198605,
    6.064086938595,6.110377678584),.QUASI_UNIFORM_KNOTS.);
#210 = CARTESIAN_POINT('',(0.,-10.78151717208));
#211 = CARTESIAN_POINT('',(-2.665225320943E-03,-10.78151699752));
#212 = CARTESIAN_POINT('',(-7.99557709629E-03,-10.78157037324));
#213 = CARTESIAN_POINT('',(-1.599105566239E-02,-10.78180827676));
#214 = CARTESIAN_POINT('',(-2.39867398266E-02,-10.78220150488));
#215 = CARTESIAN_POINT('',(-3.198285911078E-02,-10.7827446751));
#216 = CARTESIAN_POINT('',(-3.997962665181E-02,-10.78343053953));
#217 = CARTESIAN_POINT('',(-4.79772369512E-02,-10.78424973057));
#218 = CARTESIAN_POINT('',(-5.597586652071E-02,-10.78519084312));
#219 = CARTESIAN_POINT('',(-6.397567387862E-02,-10.78624042653));
#220 = CARTESIAN_POINT('',(-7.197679914274E-02,-10.78738300098));
#221 = CARTESIAN_POINT('',(-7.997936578179E-02,-10.78860106667));
#222 = CARTESIAN_POINT('',(-8.798347403226E-02,-10.7898751171));
#223 = CARTESIAN_POINT('',(-9.598922539142E-02,-10.79118364327));
#224 = CARTESIAN_POINT('',(-0.103996630986,-10.79250317025));
#225 = CARTESIAN_POINT('',(-0.112006007285,-10.79380828402));
#226 = CARTESIAN_POINT('',(-0.12001769069,-10.79507161666));
#227 = CARTESIAN_POINT('',(-0.128031955069,-10.79626384707));
#228 = CARTESIAN_POINT('',(-0.136049031813,-10.79735367442));
#229 = CARTESIAN_POINT('',(-0.144069111842,-10.79830779842));
#230 = CARTESIAN_POINT('',(-0.152092316992,-10.79909089957));
#231 = CARTESIAN_POINT('',(-0.160118811676,-10.79966561277));
#232 = CARTESIAN_POINT('',(-0.168148383829,-10.7999925272));
#233 = CARTESIAN_POINT('',(-0.176182008137,-10.80003008811));
#234 = CARTESIAN_POINT('',(-0.184213155842,-10.79973487687));
#235 = CARTESIAN_POINT('',(-0.192244131746,-10.79906168945));
#236 = CARTESIAN_POINT('',(-0.200276495621,-10.7979626857));
#237 = CARTESIAN_POINT('',(-0.208311638871,-10.79638740066));
#238 = CARTESIAN_POINT('',(-0.21635061678,-10.79428258381));
#239 = CARTESIAN_POINT('',(-0.224394179753,-10.79159208124));
#240 = CARTESIAN_POINT('',(-0.23244275065,-10.78825670322));
#241 = CARTESIAN_POINT('',(-0.2404964163,-10.78421409205));
#242 = CARTESIAN_POINT('',(-0.248554913579,-10.7793985885));
#243 = CARTESIAN_POINT('',(-0.256617620361,-10.77374108843));
#244 = CARTESIAN_POINT('',(-0.264683529573,-10.76716892509));
#245 = CARTESIAN_POINT('',(-0.272751283037,-10.75960564336));
#246 = CARTESIAN_POINT('',(-0.280818980031,-10.75097116567));
#247 = CARTESIAN_POINT('',(-0.288884824031,-10.74118048391));
#248 = CARTESIAN_POINT('',(-0.296944638766,-10.73014784096));
#249 = CARTESIAN_POINT('',(-0.30500106553,-10.7177704125));
#250 = CARTESIAN_POINT('',(-0.313021944952,-10.70400023307));
#251 = CARTESIAN_POINT('',(-0.321014802957,-10.68872818521));
#252 = CARTESIAN_POINT('',(-0.328987170662,-10.67182900386));
#253 = CARTESIAN_POINT('',(-0.336943719449,-10.65316845689));
#254 = CARTESIAN_POINT('',(-0.344887033897,-10.63260103741));
#255 = CARTESIAN_POINT('',(-0.352817386168,-10.6099703012));
#256 = CARTESIAN_POINT('',(-0.360732753539,-10.58510860464));
#257 = CARTESIAN_POINT('',(-0.368628746579,-10.55783711342));
#258 = CARTESIAN_POINT('',(-0.376498534224,-10.52796587074));
#259 = CARTESIAN_POINT('',(-0.384332751257,-10.49529392506));
#260 = CARTESIAN_POINT('',(-0.392119357926,-10.45960975342));
#261 = CARTESIAN_POINT('',(-0.399843585374,-10.42069106181));
#262 = CARTESIAN_POINT('',(-0.407487460661,-10.37830742534));
#263 = CARTESIAN_POINT('',(-0.415030800739,-10.33221286124));
#264 = CARTESIAN_POINT('',(-0.422446622471,-10.28217652481));
#265 = CARTESIAN_POINT('',(-0.429717289268,-10.22787170012));
#266 = CARTESIAN_POINT('',(-0.436832917224,-10.16882168496));
#267 = CARTESIAN_POINT('',(-0.443756880385,-10.10466306714));
#268 = CARTESIAN_POINT('',(-0.450448103791,-10.03499450147));
#269 = CARTESIAN_POINT('',(-0.456854374786,-9.959422664895));
#270 = CARTESIAN_POINT('',(-0.46291283936,-9.877571299477));
#271 = CARTESIAN_POINT('',(-0.46855284495,-9.789010593305));
#272 = CARTESIAN_POINT('',(-0.473673283156,-9.693651212202));
#273 = CARTESIAN_POINT('',(-0.4781699857,-9.591444835599));
#274 = CARTESIAN_POINT('',(-0.481927097705,-9.482485845139));
#275 = CARTESIAN_POINT('',(-0.484806794654,-9.367801811506));
#276 = CARTESIAN_POINT('',(-0.4866963905,-9.248439851404));
#277 = CARTESIAN_POINT('',(-0.487500778041,-9.126375557051));
#278 = CARTESIAN_POINT('',(-0.487178621121,-9.003845213334));
#279 = CARTESIAN_POINT('',(-0.485749464683,-8.883188210056));
#280 = CARTESIAN_POINT('',(-0.483280539232,-8.766210092031));
#281 = CARTESIAN_POINT('',(-0.479890493817,-8.654810900418));
#282 = CARTESIAN_POINT('',(-0.475698098825,-8.549644365727));
#283 = CARTESIAN_POINT('',(-0.470836532217,-8.451389524102));
#284 = CARTESIAN_POINT('',(-0.465416786548,-8.360022324725));
#285 = CARTESIAN_POINT('',(-0.459532144914,-8.275328647153));
#286 = CARTESIAN_POINT('',(-0.453269511832,-8.197089653931));
#287 = CARTESIAN_POINT('',(-0.446700886892,-8.124961161106));
#288 = CARTESIAN_POINT('',(-0.439860265113,-8.058334680051));
#289 = CARTESIAN_POINT('',(-0.432801725108,-7.996940601015));
#290 = CARTESIAN_POINT('',(-0.425565680052,-7.940428536486));
#291 = CARTESIAN_POINT('',(-0.418187671045,-7.888474107635));
#292 = CARTESIAN_POINT('',(-0.410696601252,-7.840754673302));
#293 = CARTESIAN_POINT('',(-0.403115725465,-7.796959496039));
#294 = CARTESIAN_POINT('',(-0.39546283841,-7.756790069665));
#295 = CARTESIAN_POINT('',(-0.387750575601,-7.719962382206));
#296 = CARTESIAN_POINT('',(-0.379986730719,-7.686208460588));
#297 = CARTESIAN_POINT('',(-0.372174063159,-7.655276203986));
#298 = CARTESIAN_POINT('',(-0.364311801515,-7.626934298135));
#299 = CARTESIAN_POINT('',(-0.356390551624,-7.600956200735));
#300 = CARTESIAN_POINT('',(-0.348413814687,-7.577187682956));
#301 = CARTESIAN_POINT('',(-0.340393473922,-7.555508564032));
#302 = CARTESIAN_POINT('',(-0.332336382502,-7.535790035592));
#303 = CARTESIAN_POINT('',(-0.324249770832,-7.517911974814));
#304 = CARTESIAN_POINT('',(-0.31613986755,-7.50175816516));
#305 = CARTESIAN_POINT('',(-0.308012331647,-7.487217437979));
#306 = CARTESIAN_POINT('',(-0.29987219261,-7.474183228231));
#307 = CARTESIAN_POINT('',(-0.291723916228,-7.462553555198));
#308 = CARTESIAN_POINT('',(-0.283571431095,-7.452230888896));
#309 = CARTESIAN_POINT('',(-0.275418160491,-7.443122046269));
#310 = CARTESIAN_POINT('',(-0.267267048173,-7.435138078188));
#311 = CARTESIAN_POINT('',(-0.259120581581,-7.428194157417));
#312 = CARTESIAN_POINT('',(-0.250980811978,-7.422209464588));
#313 = CARTESIAN_POINT('',(-0.242849372061,-7.417107072813));
#314 = CARTESIAN_POINT('',(-0.234727491296,-7.412813830662));
#315 = CARTESIAN_POINT('',(-0.226616009292,-7.409260243539));
#316 = CARTESIAN_POINT('',(-0.218515387483,-7.406380353479));
#317 = CARTESIAN_POINT('',(-0.210425719377,-7.404111617442));
#318 = CARTESIAN_POINT('',(-0.202346739624,-7.402394784246));
#319 = CARTESIAN_POINT('',(-0.194277832127,-7.401173770311));
#320 = CARTESIAN_POINT('',(-0.18621803741,-7.400395534452));
#321 = CARTESIAN_POINT('',(-0.178166059448,-7.400009952007));
#322 = CARTESIAN_POINT('',(-0.170120272127,-7.399969688624));
#323 = CARTESIAN_POINT('',(-0.162078725503,-7.400230074103));
#324 = CARTESIAN_POINT('',(-0.154039152081,-7.400748976712));
#325 = CARTESIAN_POINT('',(-0.145998972952,-7.401486678515));
#326 = CARTESIAN_POINT('',(-0.13795530503,-7.402405752028));
#327 = CARTESIAN_POINT('',(-0.129904965357,-7.403470939615));
#328 = CARTESIAN_POINT('',(-0.121844488022,-7.404649033215));
#329 = CARTESIAN_POINT('',(-0.113770096149,-7.405908766378));
#330 = CARTESIAN_POINT('',(-0.105677844072,-7.407220677291));
#331 = CARTESIAN_POINT('',(-9.756312724157E-02,-7.408557100466));
#332 = CARTESIAN_POINT('',(-8.942255495302E-02,-7.409891702474));
#333 = CARTESIAN_POINT('',(-8.128836758929E-02,-7.411194129938));
#334 = CARTESIAN_POINT('',(-7.315448174089E-02,-7.412442429538));
#335 = CARTESIAN_POINT('',(-6.502240587059E-02,-7.413615526515));
#336 = CARTESIAN_POINT('',(-5.68915906856E-02,-7.414694823553));
#337 = CARTESIAN_POINT('',(-4.876201479067E-02,-7.415663787759));
#338 = CARTESIAN_POINT('',(-4.063349189891E-02,-7.416508075004));
#339 = CARTESIAN_POINT('',(-3.250585642146E-02,-7.417215516691));
#340 = CARTESIAN_POINT('',(-2.437891387399E-02,-7.417776119462));
#341 = CARTESIAN_POINT('',(-1.625245352683E-02,-7.418182150739));
#342 = CARTESIAN_POINT('',(-8.12624715327E-03,-7.418427867968));
#343 = CARTESIAN_POINT('',(-2.708776405139E-03,-7.418483014136));
#344 = CARTESIAN_POINT('',(0.,-7.41848282792));
#345 = ( GEOMETRIC_REPRESENTATION_CONTEXT(2) 
PARAMETRIC_REPRESENTATION_CONTEXT() REPRESENTATION_CONTEXT('2D SPACE',''
  ) );
#346 = PCURVE('',#347,#352);
#347 = CYLINDRICAL_SURFACE('',#348,1.7);
#348 = AXIS2_PLACEMENT_3D('',#349,#350,#351);
#349 = CARTESIAN_POINT('',(9.1,8.,21.76));
#350 = DIRECTION('',(0.,0.,1.));
#351 = DIRECTION('',(1.,0.,0.));
#352 = DEFINITIONAL_REPRESENTATION('',(#353),#489);
#353 = B_SPLINE_CURVE_WITH_KNOTS('',3,(#354,#355,#356,#357,#358,#359,
    #360,#361,#362,#363,#364,#365,#366,#367,#368,#369,#370,#371,#372,
    #373,#374,#375,#376,#377,#378,#379,#380,#381,#382,#383,#384,#385,
    #386,#387,#388,#389,#390,#391,#392,#393,#394,#395,#396,#397,#398,
    #399,#400,#401,#402,#403,#404,#405,#406,#407,#408,#409,#410,#411,
    #412,#413,#414,#415,#416,#417,#418,#419,#420,#421,#422,#423,#424,
    #425,#426,#427,#428,#429,#430,#431,#432,#433,#434,#435,#436,#437,
    #438,#439,#440,#441,#442,#443,#444,#445,#446,#447,#448,#449,#450,
    #451,#452,#453,#454,#455,#456,#457,#458,#459,#460,#461,#462,#463,
    #464,#465,#466,#467,#468,#469,#470,#471,#472,#473,#474,#475,#476,
    #477,#478,#479,#480,#481,#482,#483,#484,#485,#486,#487,#488),
  .UNSPECIFIED.,.F.,.F.,(4,1,1,1,1,1,1,1,1,1,1,1,1,1,1,1,1,1,1,1,1,1,1,1
    ,1,1,1,1,1,1,1,1,1,1,1,1,1,1,1,1,1,1,1,1,1,1,1,1,1,1,1,1,1,1,1,1,1,1
    ,1,1,1,1,1,1,1,1,1,1,1,1,1,1,1,1,1,1,1,1,1,1,1,1,1,1,1,1,1,1,1,1,1,1
    ,1,1,1,1,1,1,1,1,1,1,1,1,1,1,1,1,1,1,1,1,1,1,1,1,1,1,1,1,1,1,1,1,1,1
    ,1,1,1,1,1,1,4),(0.,4.629073998927E-02,9.258147997854E-02,
    0.138872219968,0.185162959957,0.231453699946,0.277744439936,
    0.324035179925,0.370325919914,0.416616659903,0.462907399893,
    0.509198139882,0.555488879871,0.601779619861,0.64807035985,
    0.694361099839,0.740651839828,0.786942579818,0.833233319807,
    0.879524059796,0.925814799785,0.972105539775,1.018396279764,
    1.064687019753,1.110977759743,1.157268499732,1.203559239721,
    1.24984997971,1.2961407197,1.342431459689,1.388722199678,
    1.435012939667,1.481303679657,1.527594419646,1.573885159635,
    1.620175899625,1.666466639614,1.712757379603,1.759048119592,
    1.805338859582,1.851629599571,1.89792033956,1.944211079549,
    1.990501819539,2.036792559528,2.083083299517,2.129374039507,
    2.175664779496,2.221955519485,2.268246259474,2.314536999464,
    2.360827739453,2.407118479442,2.453409219431,2.499699959421,
    2.54599069941,2.592281439399,2.638572179388,2.684862919378,
    2.731153659367,2.777444399356,2.823735139346,2.870025879335,
    2.916316619324,2.962607359313,3.008898099303,3.055188839292,
    3.101479579281,3.14777031927,3.19406105926,3.240351799249,
    3.286642539238,3.332933279228,3.379224019217,3.425514759206,
    3.471805499195,3.518096239185,3.564386979174,3.610677719163,
    3.656968459152,3.703259199142,3.749549939131,3.79584067912,
    3.84213141911,3.888422159099,3.934712899088,3.981003639077,
    4.027294379067,4.073585119056,4.119875859045,4.166166599034,
    4.212457339024,4.258748079013,4.305038819002,4.351329558992,
    4.397620298981,4.44391103897,4.490201778959,4.536492518949,
    4.582783258938,4.629073998927,4.675364738916,4.721655478906,
    4.767946218895,4.814236958884,4.860527698874,4.906818438863,
    4.953109178852,4.999399918841,5.045690658831,5.09198139882,
    5.138272138809,5.184562878798,5.230853618788,5.277144358777,
    5.323435098766,5.369725838756,5.416016578745,5.462307318734,
    5.508598058723,5.554888798713,5.601179538702,5.647470278691,
    5.69376101868,5.74005175867,5.786342498659,5.832633238648,
    5.878923978638,5.925214718627,5.971505458616,6.017796198605,
    6.064086938595,6.110377678584),.QUASI_UNIFORM_KNOTS.);
#354 = CARTESIAN_POINT('',(6.430779412839,-21.76));
#355 = CARTESIAN_POINT('',(6.430779424521,-21.71535747592));
#356 = CARTESIAN_POINT('',(6.430567127186,-21.62607408365));
#357 = CARTESIAN_POINT('',(6.429612013371,-21.49215837925));
#358 = CARTESIAN_POINT('',(6.428020470905,-21.35825635407));
#359 = CARTESIAN_POINT('',(6.425792931886,-21.22437272747));
#360 = CARTESIAN_POINT('',(6.42292995144,-21.09051249709));
#361 = CARTESIAN_POINT('',(6.41943221817,-20.95668097801));
#362 = CARTESIAN_POINT('',(6.415300538355,-20.82288379307));
#363 = CARTESIAN_POINT('',(6.410535822333,-20.68912687368));
#364 = CARTESIAN_POINT('',(6.405139066207,-20.55541646716));
#365 = CARTESIAN_POINT('',(6.399111328089,-20.42175910781));
#366 = CARTESIAN_POINT('',(6.392453709085,-20.28816172645));
#367 = CARTESIAN_POINT('',(6.385167299146,-20.15463124211));
#368 = CARTESIAN_POINT('',(6.377253237248,-20.02117608775));
#369 = CARTESIAN_POINT('',(6.368712266739,-19.88779961771));
#370 = CARTESIAN_POINT('',(6.359544894161,-19.75450487922));
#371 = CARTESIAN_POINT('',(6.349751443861,-19.62129598579));
#372 = CARTESIAN_POINT('',(6.33933200482,-19.48817778156));
#373 = CARTESIAN_POINT('',(6.328286383763,-19.35515580758));
#374 = CARTESIAN_POINT('',(6.316614115741,-19.22223676979));
#375 = CARTESIAN_POINT('',(6.304314213027,-19.08942669784));
#376 = CARTESIAN_POINT('',(6.291385877546,-18.95673783931));
#377 = CARTESIAN_POINT('',(6.277825595291,-18.82416292116));
#378 = CARTESIAN_POINT('',(6.263642647259,-18.69181828311));
#379 = CARTESIAN_POINT('',(6.248831166895,-18.55967433836));
#380 = CARTESIAN_POINT('',(6.233385026979,-18.42771400918));
#381 = CARTESIAN_POINT('',(6.21729714662,-18.29592311197));
#382 = CARTESIAN_POINT('',(6.200559705025,-18.16429312166));
#383 = CARTESIAN_POINT('',(6.183164107014,-18.03282061832));
#384 = CARTESIAN_POINT('',(6.16510100882,-17.90150762359));
#385 = CARTESIAN_POINT('',(6.146360318907,-17.77036169365));
#386 = CARTESIAN_POINT('',(6.126931199403,-17.63939609411));
#387 = CARTESIAN_POINT('',(6.10680204334,-17.50862988858));
#388 = CARTESIAN_POINT('',(6.085960492916,-17.37808828871));
#389 = CARTESIAN_POINT('',(6.064393253396,-17.24780204249));
#390 = CARTESIAN_POINT('',(6.042086608939,-17.11781040621));
#391 = CARTESIAN_POINT('',(6.019024249821,-16.98815074123));
#392 = CARTESIAN_POINT('',(5.995195055483,-16.85889802596));
#393 = CARTESIAN_POINT('',(5.970563634338,-16.73001808016));
#394 = CARTESIAN_POINT('',(5.945202219527,-16.60203133261));
#395 = CARTESIAN_POINT('',(5.91906157987,-16.47482163993));
#396 = CARTESIAN_POINT('',(5.892083173999,-16.34827435766));
#397 = CARTESIAN_POINT('',(5.864209854868,-16.22232105611));
#398 = CARTESIAN_POINT('',(5.835383011553,-16.0969269278));
#399 = CARTESIAN_POINT('',(5.805543321136,-15.9720938752));
#400 = CARTESIAN_POINT('',(5.774630505333,-15.84785972749));
#401 = CARTESIAN_POINT('',(5.74258331478,-15.72429881812));
#402 = CARTESIAN_POINT('',(5.709339416771,-15.60152256173));
#403 = CARTESIAN_POINT('',(5.674835208141,-15.47968025999));
#404 = CARTESIAN_POINT('',(5.639005721164,-15.35896059402));
#405 = CARTESIAN_POINT('',(5.601783839767,-15.23959175839));
#406 = CARTESIAN_POINT('',(5.563101676515,-15.12184797421));
#407 = CARTESIAN_POINT('',(5.522883353412,-15.00603349079));
#408 = CARTESIAN_POINT('',(5.481069198844,-14.89255191583));
#409 = CARTESIAN_POINT('',(5.437521875718,-14.78165841942));
#410 = CARTESIAN_POINT('',(5.392001212819,-14.67348718396));
#411 = CARTESIAN_POINT('',(5.344369821784,-14.56857479437));
#412 = CARTESIAN_POINT('',(5.294462575507,-14.46751724139));
#413 = CARTESIAN_POINT('',(5.24211903439,-14.37107024388));
#414 = CARTESIAN_POINT('',(5.187180227767,-14.28013952066));
#415 = CARTESIAN_POINT('',(5.129437406027,-14.19573744993));
#416 = CARTESIAN_POINT('',(5.068874206587,-14.11932046354));
#417 = CARTESIAN_POINT('',(5.00544755025,-14.05237856975));
#418 = CARTESIAN_POINT('',(4.939147197495,-13.99656770158));
#419 = CARTESIAN_POINT('',(4.870448426365,-13.95386580531));
#420 = CARTESIAN_POINT('',(4.7997429972,-13.9258814354));
#421 = CARTESIAN_POINT('',(4.727891175191,-13.91397733884));
#422 = CARTESIAN_POINT('',(4.655845941255,-13.91874433116));
#423 = CARTESIAN_POINT('',(4.584611618388,-13.93990155277));
#424 = CARTESIAN_POINT('',(4.514915424994,-13.97648991613));
#425 = CARTESIAN_POINT('',(4.447621203746,-14.02680718393));
#426 = CARTESIAN_POINT('',(4.382939341592,-14.08915789057));
#427 = CARTESIAN_POINT('',(4.32118249222,-14.16163114372));
#428 = CARTESIAN_POINT('',(4.262305190833,-14.24263862418));
#429 = CARTESIAN_POINT('',(4.206188104499,-14.3308461138));
#430 = CARTESIAN_POINT('',(4.152746763173,-14.4250035251));
#431 = CARTESIAN_POINT('',(4.101842342286,-14.52407136887));
#432 = CARTESIAN_POINT('',(4.053153469899,-14.62757409084));
#433 = CARTESIAN_POINT('',(4.006600351009,-14.73472485522));
#434 = CARTESIAN_POINT('',(3.962052555536,-14.84493417108));
#435 = CARTESIAN_POINT('',(3.91939801918,-14.95767906697));
#436 = CARTESIAN_POINT('',(3.878523198771,-15.0725309778));
#437 = CARTESIAN_POINT('',(3.839317418424,-15.18914221624));
#438 = CARTESIAN_POINT('',(3.80167105506,-15.30724445727));
#439 = CARTESIAN_POINT('',(3.765475451027,-15.42664551434));
#440 = CARTESIAN_POINT('',(3.73062294467,-15.54722573049));
#441 = CARTESIAN_POINT('',(3.697005223793,-15.66894227754));
#442 = CARTESIAN_POINT('',(3.66451850509,-15.79180673329));
#443 = CARTESIAN_POINT('',(3.633043084525,-15.9159660294));
#444 = CARTESIAN_POINT('',(3.602527152704,-16.04136575936));
#445 = CARTESIAN_POINT('',(3.57295710771,-16.16781799521));
#446 = CARTESIAN_POINT('',(3.54430452248,-16.29521195885));
#447 = CARTESIAN_POINT('',(3.516547150182,-16.42342949857));
#448 = CARTESIAN_POINT('',(3.489663062341,-16.55236691315));
#449 = CARTESIAN_POINT('',(3.463632019595,-16.68192837154));
#450 = CARTESIAN_POINT('',(3.438434932644,-16.81202702759));
#451 = CARTESIAN_POINT('',(3.41405385868,-16.9425841499));
#452 = CARTESIAN_POINT('',(3.39047187455,-17.07352885376));
#453 = CARTESIAN_POINT('',(3.367673000348,-17.20479773552));
#454 = CARTESIAN_POINT('',(3.345642124759,-17.33633459042));
#455 = CARTESIAN_POINT('',(3.324364943554,-17.4680901594));
#456 = CARTESIAN_POINT('',(3.30382790701,-17.60002191358));
#457 = CARTESIAN_POINT('',(3.284018176537,-17.73209386857));
#458 = CARTESIAN_POINT('',(3.264923589856,-17.86427642517));
#459 = CARTESIAN_POINT('',(3.246532634518,-17.99654623247));
#460 = CARTESIAN_POINT('',(3.228834429588,-18.12888606932));
#461 = CARTESIAN_POINT('',(3.211818715364,-18.26128474076));
#462 = CARTESIAN_POINT('',(3.195475851054,-18.39373698577));
#463 = CARTESIAN_POINT('',(3.179796820319,-18.52624339322));
#464 = CARTESIAN_POINT('',(3.164773244575,-18.65881032287));
#465 = CARTESIAN_POINT('',(3.150397403907,-18.79144982859));
#466 = CARTESIAN_POINT('',(3.136662265397,-18.92417958096));
#467 = CARTESIAN_POINT('',(3.123561518579,-19.05702278717));
#468 = CARTESIAN_POINT('',(3.111089617825,-19.1900081045));
#469 = CARTESIAN_POINT('',(3.099241830748,-19.32316955019));
#470 = CARTESIAN_POINT('',(3.088014293981,-19.4565463874));
#471 = CARTESIAN_POINT('',(3.077404068977,-19.59018305401));
#472 = CARTESIAN_POINT('',(3.06740922242,-19.72412887689));
#473 = CARTESIAN_POINT('',(3.058028836323,-19.85843852487));
#474 = CARTESIAN_POINT('',(3.049263298489,-19.99316963671));
#475 = CARTESIAN_POINT('',(3.041113560534,-20.12839091813));
#476 = CARTESIAN_POINT('',(3.033584258486,-20.2641510894));
#477 = CARTESIAN_POINT('',(3.026709056295,-20.39990386371));
#478 = CARTESIAN_POINT('',(3.020482975392,-20.53574155492));
#479 = CARTESIAN_POINT('',(3.014908834244,-20.67163000104));
#480 = CARTESIAN_POINT('',(3.009987323066,-20.80756933304));
#481 = CARTESIAN_POINT('',(3.005719625844,-20.9435508965));
#482 = CARTESIAN_POINT('',(3.002106685475,-21.07956879377));
#483 = CARTESIAN_POINT('',(2.999149373007,-21.21561679149));
#484 = CARTESIAN_POINT('',(2.996848421391,-21.35168914602));
#485 = CARTESIAN_POINT('',(2.995204421338,-21.48778039174));
#486 = CARTESIAN_POINT('',(2.994217828686,-21.62388536017));
#487 = CARTESIAN_POINT('',(2.993998535127,-21.71462799529));
#488 = CARTESIAN_POINT('',(2.993998547931,-21.76));
#489 = ( GEOMETRIC_REPRESENTATION_CONTEXT(2) 
PARAMETRIC_REPRESENTATION_CONTEXT() REPRESENTATION_CONTEXT('2D SPACE',''
  ) );
#490 = ORIENTED_EDGE('',*,*,#491,.T.);
#491 = EDGE_CURVE('',#103,#492,#494,.T.);
#492 = VERTEX_POINT('',#493);
#493 = CARTESIAN_POINT('',(17.,8.25,0.));
#494 = SEAM_CURVE('',#495,(#499,#506),.PCURVE_S1.);
#495 = LINE('',#496,#497);
#496 = CARTESIAN_POINT('',(0.,8.25,0.));
#497 = VECTOR('',#498,1.);
#498 = DIRECTION('',(1.,0.,0.));
#499 = PCURVE('',#55,#500);
#500 = DEFINITIONAL_REPRESENTATION('',(#501),#505);
#501 = LINE('',#502,#503);
#502 = CARTESIAN_POINT('',(-0.,0.));
#503 = VECTOR('',#504,1.);
#504 = DIRECTION('',(-0.,-1.));
#505 = ( GEOMETRIC_REPRESENTATION_CONTEXT(2) 
PARAMETRIC_REPRESENTATION_CONTEXT() REPRESENTATION_CONTEXT('2D SPACE',''
  ) );
#506 = PCURVE('',#55,#507);
#507 = DEFINITIONAL_REPRESENTATION('',(#508),#512);
#508 = LINE('',#509,#510);
#509 = CARTESIAN_POINT('',(-6.28318530718,0.));
#510 = VECTOR('',#511,1.);
#511 = DIRECTION('',(-0.,-1.));
#512 = ( GEOMETRIC_REPRESENTATION_CONTEXT(2) 
PARAMETRIC_REPRESENTATION_CONTEXT() REPRESENTATION_CONTEXT('2D SPACE',''
  ) );
#513 = ORIENTED_EDGE('',*,*,#514,.T.);
#514 = EDGE_CURVE('',#492,#492,#515,.T.);
#515 = SURFACE_CURVE('',#516,(#521,#528),.PCURVE_S1.);
#516 = CIRCLE('',#517,16.75);
#517 = AXIS2_PLACEMENT_3D('',#518,#519,#520);
#518 = CARTESIAN_POINT('',(17.,-8.5,0.));
#519 = DIRECTION('',(1.,0.,0.));
#520 = DIRECTION('',(0.,1.,0.));
#521 = PCURVE('',#55,#522);
#522 = DEFINITIONAL_REPRESENTATION('',(#523),#527);
#523 = LINE('',#524,#525);
#524 = CARTESIAN_POINT('',(-0.,-17.));
#525 = VECTOR('',#526,1.);
#526 = DIRECTION('',(-1.,0.));
#527 = ( GEOMETRIC_REPRESENTATION_CONTEXT(2) 
PARAMETRIC_REPRESENTATION_CONTEXT() REPRESENTATION_CONTEXT('2D SPACE',''
  ) );
#528 = PCURVE('',#529,#534);
#529 = PLANE('',#530);
#530 = AXIS2_PLACEMENT_3D('',#531,#532,#533);
#531 = CARTESIAN_POINT('',(17.,-8.5,1.275556075309E-15));
#532 = DIRECTION('',(1.,0.,0.));
#533 = DIRECTION('',(-0.,0.,1.));
#534 = DEFINITIONAL_REPRESENTATION('',(#535),#539);
#535 = CIRCLE('',#536,16.75);
#536 = AXIS2_PLACEMENT_2D('',#537,#538);
#537 = CARTESIAN_POINT('',(-1.275556075309E-15,-1.7763568394E-15));
#538 = DIRECTION('',(0.,-1.));
#539 = ( GEOMETRIC_REPRESENTATION_CONTEXT(2) 
PARAMETRIC_REPRESENTATION_CONTEXT() REPRESENTATION_CONTEXT('2D SPACE',''
  ) );
#540 = ORIENTED_EDGE('',*,*,#491,.F.);
#541 = ORIENTED_EDGE('',*,*,#542,.F.);
#542 = EDGE_CURVE('',#543,#103,#545,.T.);
#543 = VERTEX_POINT('',#544);
#544 = CARTESIAN_POINT('',(10.78568859455,8.220122607206,-1.));
#545 = SURFACE_CURVE('',#546,(#552,#561),.PCURVE_S1.);
#546 = B_SPLINE_CURVE_WITH_KNOTS('',4,(#547,#548,#549,#550,#551),
  .UNSPECIFIED.,.F.,.F.,(5,5),(0.,1.),.PIECEWISE_BEZIER_KNOTS.);
#547 = CARTESIAN_POINT('',(10.785688599236,8.220122571321,-1.0000006));
#548 = CARTESIAN_POINT('',(10.783737721773,8.235062301848,
    -0.750206624277));
#549 = CARTESIAN_POINT('',(10.782257612537,8.245020722592,
    -0.500207487492));
#550 = CARTESIAN_POINT('',(10.78151717208,8.25,-0.25010368893));
#551 = CARTESIAN_POINT('',(10.78151717208,8.25,-3.774758283726E-15));
#552 = PCURVE('',#55,#553);
#553 = DEFINITIONAL_REPRESENTATION('',(#554),#560);
#554 = B_SPLINE_CURVE_WITH_KNOTS('',4,(#555,#556,#557,#558,#559),
  .UNSPECIFIED.,.F.,.F.,(5,5),(0.,1.),.PIECEWISE_BEZIER_KNOTS.);
#555 = CARTESIAN_POINT('',(-6.223448256397,-10.78568859923));
#556 = CARTESIAN_POINT('',(-6.238387977961,-10.78373772177));
#557 = CARTESIAN_POINT('',(-6.253322172357,-10.78225761253));
#558 = CARTESIAN_POINT('',(-6.268253743661,-10.78151717208));
#559 = CARTESIAN_POINT('',(-6.28318530718,-10.78151717208));
#560 = ( GEOMETRIC_REPRESENTATION_CONTEXT(2) 
PARAMETRIC_REPRESENTATION_CONTEXT() REPRESENTATION_CONTEXT('2D SPACE',''
  ) );
#561 = PCURVE('',#347,#562);
#562 = DEFINITIONAL_REPRESENTATION('',(#563),#569);
#563 = B_SPLINE_CURVE_WITH_KNOTS('',4,(#564,#565,#566,#567,#568),
  .UNSPECIFIED.,.F.,.F.,(5,5),(6.004948457052E-07,1.),
  .PIECEWISE_BEZIER_KNOTS.);
#564 = CARTESIAN_POINT('',(6.413033773986,-22.76));
#565 = CARTESIAN_POINT('',(6.421896450421,-22.5102061739));
#566 = CARTESIAN_POINT('',(6.427818004917,-22.26020718712));
#567 = CARTESIAN_POINT('',(6.430779412839,-22.01010353874));
#568 = CARTESIAN_POINT('',(6.430779412839,-21.76));
#569 = ( GEOMETRIC_REPRESENTATION_CONTEXT(2) 
PARAMETRIC_REPRESENTATION_CONTEXT() REPRESENTATION_CONTEXT('2D SPACE',''
  ) );
#570 = ORIENTED_EDGE('',*,*,#571,.T.);
#571 = EDGE_CURVE('',#543,#572,#574,.T.);
#572 = VERTEX_POINT('',#573);
#573 = CARTESIAN_POINT('',(7.41431140545,8.220122607206,-1.));
#574 = SURFACE_CURVE('',#575,(#579,#585),.PCURVE_S1.);
#575 = LINE('',#576,#577);
#576 = CARTESIAN_POINT('',(0.,8.220122607206,-1.));
#577 = VECTOR('',#578,1.);
#578 = DIRECTION('',(-1.,-0.,-0.));
#579 = PCURVE('',#55,#580);
#580 = DEFINITIONAL_REPRESENTATION('',(#581),#584);
#581 = B_SPLINE_CURVE_WITH_KNOTS('',1,(#582,#583),.UNSPECIFIED.,.F.,.F.,
  (2,2),(-11.14,-7.06),.PIECEWISE_BEZIER_KNOTS.);
#582 = CARTESIAN_POINT('',(-6.223448292282,-11.14));
#583 = CARTESIAN_POINT('',(-6.223448292282,-7.06));
#584 = ( GEOMETRIC_REPRESENTATION_CONTEXT(2) 
PARAMETRIC_REPRESENTATION_CONTEXT() REPRESENTATION_CONTEXT('2D SPACE',''
  ) );
#585 = PCURVE('',#586,#591);
#586 = PLANE('',#587);
#587 = AXIS2_PLACEMENT_3D('',#588,#589,#590);
#588 = CARTESIAN_POINT('',(9.1,8.,-1.));
#589 = DIRECTION('',(0.,0.,1.));
#590 = DIRECTION('',(1.,0.,-0.));
#591 = DEFINITIONAL_REPRESENTATION('',(#592),#595);
#592 = B_SPLINE_CURVE_WITH_KNOTS('',1,(#593,#594),.UNSPECIFIED.,.F.,.F.,
  (2,2),(-11.14,-7.06),.PIECEWISE_BEZIER_KNOTS.);
#593 = CARTESIAN_POINT('',(2.04,0.220122607206));
#594 = CARTESIAN_POINT('',(-2.04,0.220122607206));
#595 = ( GEOMETRIC_REPRESENTATION_CONTEXT(2) 
PARAMETRIC_REPRESENTATION_CONTEXT() REPRESENTATION_CONTEXT('2D SPACE',''
  ) );
#596 = ORIENTED_EDGE('',*,*,#597,.F.);
#597 = EDGE_CURVE('',#80,#572,#598,.T.);
#598 = SURFACE_CURVE('',#599,(#605,#614),.PCURVE_S1.);
#599 = B_SPLINE_CURVE_WITH_KNOTS('',4,(#600,#601,#602,#603,#604),
  .UNSPECIFIED.,.F.,.F.,(5,5),(0.,1.),.PIECEWISE_BEZIER_KNOTS.);
#600 = CARTESIAN_POINT('',(7.41848282792,8.25,-3.774758283726E-15));
#601 = CARTESIAN_POINT('',(7.41848282792,8.25,-0.250103683926));
#602 = CARTESIAN_POINT('',(7.417742388425,8.245020722696,-0.500207490896
    ));
#603 = CARTESIAN_POINT('',(7.416262278228,8.235062301859,-0.750206624105
    ));
#604 = CARTESIAN_POINT('',(7.414311400764,8.220122571321,-1.0000006));
#605 = PCURVE('',#55,#606);
#606 = DEFINITIONAL_REPRESENTATION('',(#607),#613);
#607 = B_SPLINE_CURVE_WITH_KNOTS('',4,(#608,#609,#610,#611,#612),
  .UNSPECIFIED.,.F.,.F.,(5,5),(0.,1.),.PIECEWISE_BEZIER_KNOTS.);
#608 = CARTESIAN_POINT('',(-6.28318530718,-7.41848282792));
#609 = CARTESIAN_POINT('',(-6.26825374396,-7.41848282792));
#610 = CARTESIAN_POINT('',(-6.25332217216,-7.417742388425));
#611 = CARTESIAN_POINT('',(-6.238387977971,-7.416262278228));
#612 = CARTESIAN_POINT('',(-6.223448256397,-7.414311400764));
#613 = ( GEOMETRIC_REPRESENTATION_CONTEXT(2) 
PARAMETRIC_REPRESENTATION_CONTEXT() REPRESENTATION_CONTEXT('2D SPACE',''
  ) );
#614 = PCURVE('',#347,#615);
#615 = DEFINITIONAL_REPRESENTATION('',(#616),#622);
#616 = B_SPLINE_CURVE_WITH_KNOTS('',4,(#617,#618,#619,#620,#621),
  .UNSPECIFIED.,.F.,.F.,(5,5),(0.,0.999999399505),
  .PIECEWISE_BEZIER_KNOTS.);
#617 = CARTESIAN_POINT('',(2.993998547931,-21.76));
#618 = CARTESIAN_POINT('',(2.993998547931,-22.01010353374));
#619 = CARTESIAN_POINT('',(2.996959954208,-22.26020719052));
#620 = CARTESIAN_POINT('',(3.002881510342,-22.51020617373));
#621 = CARTESIAN_POINT('',(3.011744186783,-22.76));
#622 = ( GEOMETRIC_REPRESENTATION_CONTEXT(2) 
PARAMETRIC_REPRESENTATION_CONTEXT() REPRESENTATION_CONTEXT('2D SPACE',''
  ) );
#623 = ORIENTED_EDGE('',*,*,#79,.F.);
#624 = ORIENTED_EDGE('',*,*,#625,.F.);
#625 = EDGE_CURVE('',#626,#44,#628,.T.);
#626 = VERTEX_POINT('',#627);
#627 = CARTESIAN_POINT('',(0.,3.437336386313,-11.75));
#628 = SURFACE_CURVE('',#629,(#634,#641),.PCURVE_S1.);
#629 = CIRCLE('',#630,16.75);
#630 = AXIS2_PLACEMENT_3D('',#631,#632,#633);
#631 = CARTESIAN_POINT('',(0.,-8.5,0.));
#632 = DIRECTION('',(1.,0.,0.));
#633 = DIRECTION('',(0.,1.,0.));
#634 = PCURVE('',#55,#635);
#635 = DEFINITIONAL_REPRESENTATION('',(#636),#640);
#636 = LINE('',#637,#638);
#637 = CARTESIAN_POINT('',(-0.,0.));
#638 = VECTOR('',#639,1.);
#639 = DIRECTION('',(-1.,0.));
#640 = ( GEOMETRIC_REPRESENTATION_CONTEXT(2) 
PARAMETRIC_REPRESENTATION_CONTEXT() REPRESENTATION_CONTEXT('2D SPACE',''
  ) );
#641 = PCURVE('',#67,#642);
#642 = DEFINITIONAL_REPRESENTATION('',(#643),#647);
#643 = CIRCLE('',#644,16.75);
#644 = AXIS2_PLACEMENT_2D('',#645,#646);
#645 = CARTESIAN_POINT('',(-1.275556075309E-15,-1.7763568394E-15));
#646 = DIRECTION('',(0.,-1.));
#647 = ( GEOMETRIC_REPRESENTATION_CONTEXT(2) 
PARAMETRIC_REPRESENTATION_CONTEXT() REPRESENTATION_CONTEXT('2D SPACE',''
  ) );
#648 = ORIENTED_EDGE('',*,*,#649,.F.);
#649 = EDGE_CURVE('',#650,#626,#652,.T.);
#650 = VERTEX_POINT('',#651);
#651 = CARTESIAN_POINT('',(1.,3.437336386313,-11.75));
#652 = SURFACE_CURVE('',#653,(#657,#663),.PCURVE_S1.);
#653 = LINE('',#654,#655);
#654 = CARTESIAN_POINT('',(0.,3.437336386313,-11.75));
#655 = VECTOR('',#656,1.);
#656 = DIRECTION('',(-1.,-0.,-0.));
#657 = PCURVE('',#55,#658);
#658 = DEFINITIONAL_REPRESENTATION('',(#659),#662);
#659 = B_SPLINE_CURVE_WITH_KNOTS('',1,(#660,#661),.UNSPECIFIED.,.F.,.F.,
  (2,2),(-1.2,6.E-07),.PIECEWISE_BEZIER_KNOTS.);
#660 = CARTESIAN_POINT('',(-5.505695693633,-1.2));
#661 = CARTESIAN_POINT('',(-5.505695693633,6.E-07));
#662 = ( GEOMETRIC_REPRESENTATION_CONTEXT(2) 
PARAMETRIC_REPRESENTATION_CONTEXT() REPRESENTATION_CONTEXT('2D SPACE',''
  ) );
#663 = PCURVE('',#664,#669);
#664 = PLANE('',#665);
#665 = AXIS2_PLACEMENT_3D('',#666,#667,#668);
#666 = CARTESIAN_POINT('',(-1.,-9.5,-11.75));
#667 = DIRECTION('',(0.,0.,1.));
#668 = DIRECTION('',(1.,0.,0.));
#669 = DEFINITIONAL_REPRESENTATION('',(#670),#673);
#670 = B_SPLINE_CURVE_WITH_KNOTS('',1,(#671,#672),.UNSPECIFIED.,.F.,.F.,
  (2,2),(-1.2,6.E-07),.PIECEWISE_BEZIER_KNOTS.);
#671 = CARTESIAN_POINT('',(2.2,12.937336386313));
#672 = CARTESIAN_POINT('',(0.9999994,12.937336386313));
#673 = ( GEOMETRIC_REPRESENTATION_CONTEXT(2) 
PARAMETRIC_REPRESENTATION_CONTEXT() REPRESENTATION_CONTEXT('2D SPACE',''
  ) );
#674 = ORIENTED_EDGE('',*,*,#675,.T.);
#675 = EDGE_CURVE('',#650,#676,#678,.T.);
#676 = VERTEX_POINT('',#677);
#677 = CARTESIAN_POINT('',(1.,-9.5,-16.7201226072));
#678 = SURFACE_CURVE('',#679,(#684,#691),.PCURVE_S1.);
#679 = CIRCLE('',#680,16.75);
#680 = AXIS2_PLACEMENT_3D('',#681,#682,#683);
#681 = CARTESIAN_POINT('',(1.,-8.5,0.));
#682 = DIRECTION('',(-1.,0.,0.));
#683 = DIRECTION('',(0.,1.,0.));
#684 = PCURVE('',#55,#685);
#685 = DEFINITIONAL_REPRESENTATION('',(#686),#690);
#686 = LINE('',#687,#688);
#687 = CARTESIAN_POINT('',(-6.28318530718,-1.));
#688 = VECTOR('',#689,1.);
#689 = DIRECTION('',(1.,-0.));
#690 = ( GEOMETRIC_REPRESENTATION_CONTEXT(2) 
PARAMETRIC_REPRESENTATION_CONTEXT() REPRESENTATION_CONTEXT('2D SPACE',''
  ) );
#691 = PCURVE('',#692,#697);
#692 = PLANE('',#693);
#693 = AXIS2_PLACEMENT_3D('',#694,#695,#696);
#694 = CARTESIAN_POINT('',(1.,-9.5,-17.75));
#695 = DIRECTION('',(1.,0.,0.));
#696 = DIRECTION('',(0.,0.,1.));
#697 = DEFINITIONAL_REPRESENTATION('',(#698),#706);
#698 = ( BOUNDED_CURVE() B_SPLINE_CURVE(2,(#699,#700,#701,#702,#703,#704
,#705),.UNSPECIFIED.,.T.,.F.) B_SPLINE_CURVE_WITH_KNOTS((1,2,2,2,2,1),(
    -2.094395102393,0.,2.094395102393,4.188790204786,6.28318530718,
8.377580409573),.UNSPECIFIED.) CURVE() GEOMETRIC_REPRESENTATION_ITEM() 
RATIONAL_B_SPLINE_CURVE((1.,0.5,1.,0.5,1.,0.5,1.)) REPRESENTATION_ITEM(
  '') );
#699 = CARTESIAN_POINT('',(17.75,-17.75));
#700 = CARTESIAN_POINT('',(-11.26185102677,-17.75));
#701 = CARTESIAN_POINT('',(3.244074486611,7.375));
#702 = CARTESIAN_POINT('',(17.75,32.5));
#703 = CARTESIAN_POINT('',(32.255925513389,7.375));
#704 = CARTESIAN_POINT('',(46.761851026779,-17.75));
#705 = CARTESIAN_POINT('',(17.75,-17.75));
#706 = ( GEOMETRIC_REPRESENTATION_CONTEXT(2) 
PARAMETRIC_REPRESENTATION_CONTEXT() REPRESENTATION_CONTEXT('2D SPACE',''
  ) );
#707 = ORIENTED_EDGE('',*,*,#708,.T.);
#708 = EDGE_CURVE('',#676,#709,#711,.T.);
#709 = VERTEX_POINT('',#710);
#710 = CARTESIAN_POINT('',(0.,-9.5,-16.7201226072));
#711 = SURFACE_CURVE('',#712,(#716,#722),.PCURVE_S1.);
#712 = LINE('',#713,#714);
#713 = CARTESIAN_POINT('',(0.,-9.5,-16.7201226072));
#714 = VECTOR('',#715,1.);
#715 = DIRECTION('',(-1.,-0.,-0.));
#716 = PCURVE('',#55,#717);
#717 = DEFINITIONAL_REPRESENTATION('',(#718),#721);
#718 = B_SPLINE_CURVE_WITH_KNOTS('',1,(#719,#720),.UNSPECIFIED.,.F.,.F.,
  (2,2),(-1.2,6.E-07),.PIECEWISE_BEZIER_KNOTS.);
#719 = CARTESIAN_POINT('',(-4.652651965487,-1.2));
#720 = CARTESIAN_POINT('',(-4.652651965487,6.E-07));
#721 = ( GEOMETRIC_REPRESENTATION_CONTEXT(2) 
PARAMETRIC_REPRESENTATION_CONTEXT() REPRESENTATION_CONTEXT('2D SPACE',''
  ) );
#722 = PCURVE('',#723,#728);
#723 = PLANE('',#724);
#724 = AXIS2_PLACEMENT_3D('',#725,#726,#727);
#725 = CARTESIAN_POINT('',(-1.,-9.5,-17.75));
#726 = DIRECTION('',(0.,1.,0.));
#727 = DIRECTION('',(0.,0.,1.));
#728 = DEFINITIONAL_REPRESENTATION('',(#729),#732);
#729 = B_SPLINE_CURVE_WITH_KNOTS('',1,(#730,#731),.UNSPECIFIED.,.F.,.F.,
  (2,2),(-1.2,6.E-07),.PIECEWISE_BEZIER_KNOTS.);
#730 = CARTESIAN_POINT('',(1.029877392794,2.2));
#731 = CARTESIAN_POINT('',(1.029877392794,0.9999994));
#732 = ( GEOMETRIC_REPRESENTATION_CONTEXT(2) 
PARAMETRIC_REPRESENTATION_CONTEXT() REPRESENTATION_CONTEXT('2D SPACE',''
  ) );
#733 = ORIENTED_EDGE('',*,*,#734,.F.);
#734 = EDGE_CURVE('',#735,#709,#737,.T.);
#735 = VERTEX_POINT('',#736);
#736 = CARTESIAN_POINT('',(0.,-8.5,16.75));
#737 = SURFACE_CURVE('',#738,(#743,#750),.PCURVE_S1.);
#738 = CIRCLE('',#739,16.75);
#739 = AXIS2_PLACEMENT_3D('',#740,#741,#742);
#740 = CARTESIAN_POINT('',(0.,-8.5,0.));
#741 = DIRECTION('',(1.,0.,0.));
#742 = DIRECTION('',(0.,1.,0.));
#743 = PCURVE('',#55,#744);
#744 = DEFINITIONAL_REPRESENTATION('',(#745),#749);
#745 = LINE('',#746,#747);
#746 = CARTESIAN_POINT('',(-0.,0.));
#747 = VECTOR('',#748,1.);
#748 = DIRECTION('',(-1.,0.));
#749 = ( GEOMETRIC_REPRESENTATION_CONTEXT(2) 
PARAMETRIC_REPRESENTATION_CONTEXT() REPRESENTATION_CONTEXT('2D SPACE',''
  ) );
#750 = PCURVE('',#67,#751);
#751 = DEFINITIONAL_REPRESENTATION('',(#752),#756);
#752 = CIRCLE('',#753,16.75);
#753 = AXIS2_PLACEMENT_2D('',#754,#755);
#754 = CARTESIAN_POINT('',(-1.275556075309E-15,-1.7763568394E-15));
#755 = DIRECTION('',(0.,-1.));
#756 = ( GEOMETRIC_REPRESENTATION_CONTEXT(2) 
PARAMETRIC_REPRESENTATION_CONTEXT() REPRESENTATION_CONTEXT('2D SPACE',''
  ) );
#757 = ORIENTED_EDGE('',*,*,#758,.F.);
#758 = EDGE_CURVE('',#759,#735,#761,.T.);
#759 = VERTEX_POINT('',#760);
#760 = CARTESIAN_POINT('',(0.,-3.75,16.062378404209));
#761 = SURFACE_CURVE('',#762,(#767,#774),.PCURVE_S1.);
#762 = CIRCLE('',#763,16.75);
#763 = AXIS2_PLACEMENT_3D('',#764,#765,#766);
#764 = CARTESIAN_POINT('',(0.,-8.5,0.));
#765 = DIRECTION('',(1.,0.,0.));
#766 = DIRECTION('',(0.,1.,0.));
#767 = PCURVE('',#55,#768);
#768 = DEFINITIONAL_REPRESENTATION('',(#769),#773);
#769 = LINE('',#770,#771);
#770 = CARTESIAN_POINT('',(-0.,0.));
#771 = VECTOR('',#772,1.);
#772 = DIRECTION('',(-1.,0.));
#773 = ( GEOMETRIC_REPRESENTATION_CONTEXT(2) 
PARAMETRIC_REPRESENTATION_CONTEXT() REPRESENTATION_CONTEXT('2D SPACE',''
  ) );
#774 = PCURVE('',#67,#775);
#775 = DEFINITIONAL_REPRESENTATION('',(#776),#780);
#776 = CIRCLE('',#777,16.75);
#777 = AXIS2_PLACEMENT_2D('',#778,#779);
#778 = CARTESIAN_POINT('',(-1.275556075309E-15,-1.7763568394E-15));
#779 = DIRECTION('',(0.,-1.));
#780 = ( GEOMETRIC_REPRESENTATION_CONTEXT(2) 
PARAMETRIC_REPRESENTATION_CONTEXT() REPRESENTATION_CONTEXT('2D SPACE',''
  ) );
#781 = ORIENTED_EDGE('',*,*,#782,.F.);
#782 = EDGE_CURVE('',#783,#759,#785,.T.);
#783 = VERTEX_POINT('',#784);
#784 = CARTESIAN_POINT('',(1.499072569066,3.437336386313,11.75));
#785 = SURFACE_CURVE('',#786,(#849,#944),.PCURVE_S1.);
#786 = B_SPLINE_CURVE_WITH_KNOTS('',7,(#787,#788,#789,#790,#791,#792,
    #793,#794,#795,#796,#797,#798,#799,#800,#801,#802,#803,#804,#805,
    #806,#807,#808,#809,#810,#811,#812,#813,#814,#815,#816,#817,#818,
    #819,#820,#821,#822,#823,#824,#825,#826,#827,#828,#829,#830,#831,
    #832,#833,#834,#835,#836,#837,#838,#839,#840,#841,#842,#843,#844,
    #845,#846,#847,#848),.UNSPECIFIED.,.F.,.F.,(8,6,6,6,6,6,6,6,6,6,8),(
    0.,0.125852094139,0.408999217982,0.686741777169,0.807962170154,
    0.999999655841,1.25650154256,1.425964289667,1.505091815634,
    1.646660281879,2.223218286709),.UNSPECIFIED.);
#787 = CARTESIAN_POINT('',(1.499072569066,3.437336386313,11.75));
#788 = CARTESIAN_POINT('',(1.56981577827,3.406484240221,11.781344037973)
  );
#789 = CARTESIAN_POINT('',(1.63957605487,3.374039199707,11.814114497828)
  );
#790 = CARTESIAN_POINT('',(1.70833006218,3.340036073697,11.848242006921)
  );
#791 = CARTESIAN_POINT('',(1.77605443165,3.304509187006,11.883657760221)
  );
#792 = CARTESIAN_POINT('',(1.842725762861,3.267492380337,11.920293520308
    ));
#793 = CARTESIAN_POINT('',(1.908320623527,3.229019010283,11.958081617376
    ));
#794 = CARTESIAN_POINT('',(2.117918838521,3.099359930368,12.084413741101
    ));
#795 = CARTESIAN_POINT('',(2.257432571217,3.002405785728,12.177353045455
    ));
#796 = CARTESIAN_POINT('',(2.39123234301,2.898553808862,12.275091022048)
  );
#797 = CARTESIAN_POINT('',(2.519178800594,2.788042654459,12.377010407414
    ));
#798 = CARTESIAN_POINT('',(2.641107519624,2.671064371177,12.48255087338)
  );
#799 = CARTESIAN_POINT('',(2.756818882406,2.547773434371,12.591201385572
    ));
#800 = CARTESIAN_POINT('',(2.973231739432,2.291289525277,12.811659470341
    ));
#801 = CARTESIAN_POINT('',(3.074208736926,2.158293239643,12.923398665417
    ));
#802 = CARTESIAN_POINT('',(3.16876617982,2.019413503376,13.037275274342)
  );
#803 = CARTESIAN_POINT('',(3.2566186905,1.874736189986,13.152882376448)
  );
#804 = CARTESIAN_POINT('',(3.33741988055,1.72434152925,13.269830977597)
  );
#805 = CARTESIAN_POINT('',(3.410753949304,1.568319171418,13.387739984563
    ));
#806 = CARTESIAN_POINT('',(3.50465939198,1.336281100932,13.557939331135)
  );
#807 = CARTESIAN_POINT('',(3.531673645052,1.264732278404,13.609759938299
    ));
#808 = CARTESIAN_POINT('',(3.55712604276,1.192154401618,13.661650207696)
  );
#809 = CARTESIAN_POINT('',(3.580970814358,1.118566845674,13.713572441127
    ));
#810 = CARTESIAN_POINT('',(3.603160417226,1.04399074299,13.765489035396)
  );
#811 = CARTESIAN_POINT('',(3.623645536865,0.968448983302,13.817362482317
    ));
#812 = CARTESIAN_POINT('',(3.672046461566,0.770802122227,13.951205718772
    ));
#813 = CARTESIAN_POINT('',(3.697324484031,0.647224729115,14.03308907756)
  );
#814 = CARTESIAN_POINT('',(3.717978124697,0.521415166928,14.114598342624
    ));
#815 = CARTESIAN_POINT('',(3.733784334977,0.393568820579,14.195533848632
    ));
#816 = CARTESIAN_POINT('',(3.74452768478,0.263896436323,14.275704429661)
  );
#817 = CARTESIAN_POINT('',(3.75,0.132625230788,14.354928481485));
#818 = CARTESIAN_POINT('',(3.75,-0.177145736948,14.537360881975));
#819 = CARTESIAN_POINT('',(3.740237102485,-0.35685716199,14.639781381328
    ));
#820 = CARTESIAN_POINT('',(3.720202490058,-0.538057503347,
    14.739587921978));
#821 = CARTESIAN_POINT('',(3.689571469567,-0.719640289766,
    14.836178467204));
#822 = CARTESIAN_POINT('',(3.648201168632,-0.900482687864,
    14.929063726343));
#823 = CARTESIAN_POINT('',(3.596130495931,-1.079466402502,
    15.017866097475));
#824 = CARTESIAN_POINT('',(3.492258778158,-1.371810070464,
    15.158101711457));
#825 = CARTESIAN_POINT('',(3.446401247164,-1.486718124482,
    15.211937097195));
#826 = CARTESIAN_POINT('',(3.396100074705,-1.599893406483,
    15.263731290307));
#827 = CARTESIAN_POINT('',(3.341485689657,-1.711010413538,
    15.313421760853));
#828 = CARTESIAN_POINT('',(3.28272909571,-1.819758112954,15.360967194723
    ));
#829 = CARTESIAN_POINT('',(3.22004231974,-1.925843019682,15.406345002541
    ));
#830 = CARTESIAN_POINT('',(3.122691658225,-2.077155928666,
    15.469722063838));
#831 = CARTESIAN_POINT('',(3.090897828492,-2.124687170377,
    15.489424452487));
#832 = CARTESIAN_POINT('',(3.058320359774,-2.171562059861,
    15.508656966304));
#833 = CARTESIAN_POINT('',(3.024982604515,-2.217758653853,
    15.527421500681));
#834 = CARTESIAN_POINT('',(2.990908278808,-2.263257004817,
    15.545720874616));
#835 = CARTESIAN_POINT('',(2.956121462397,-2.308039160948,
    15.563558830707));
#836 = CARTESIAN_POINT('',(2.857177888075,-2.430899815196,
    15.612037057669));
#837 = CARTESIAN_POINT('',(2.791522534702,-2.50734678896,15.641663934246
    ));
#838 = CARTESIAN_POINT('',(2.723804772306,-2.58136067871,15.669855837461
    ));
#839 = CARTESIAN_POINT('',(2.654153096743,-2.652878677435,
    15.696649330891));
#840 = CARTESIAN_POINT('',(2.582700294731,-2.721845017069,
    15.722081936138));
#841 = CARTESIAN_POINT('',(2.509583472599,-2.788211405693,
    15.746191699835));
#842 = CARTESIAN_POINT('',(2.130964409909,-3.111471034832,
    15.861975114122));
#843 = CARTESIAN_POINT('',(1.802757937007,-3.326334879492,
    15.933311160815));
#844 = CARTESIAN_POINT('',(1.457191146725,-3.496888736194,
    15.986776756701));
#845 = CARTESIAN_POINT('',(1.099783602362,-3.623858945005,
    16.025075628773));
#846 = CARTESIAN_POINT('',(0.735139365133,-3.708032109657,
    16.049967592042));
#847 = CARTESIAN_POINT('',(0.367284807985,-3.750000000001,
    16.062378404209));
#848 = CARTESIAN_POINT('',(-1.493924979264E-16,-3.75,16.062378404209));
#849 = PCURVE('',#55,#850);
#850 = DEFINITIONAL_REPRESENTATION('',(#851),#943);
#851 = B_SPLINE_CURVE_WITH_KNOTS('',3,(#852,#853,#854,#855,#856,#857,
    #858,#859,#860,#861,#862,#863,#864,#865,#866,#867,#868,#869,#870,
    #871,#872,#873,#874,#875,#876,#877,#878,#879,#880,#881,#882,#883,
    #884,#885,#886,#887,#888,#889,#890,#891,#892,#893,#894,#895,#896,
    #897,#898,#899,#900,#901,#902,#903,#904,#905,#906,#907,#908,#909,
    #910,#911,#912,#913,#914,#915,#916,#917,#918,#919,#920,#921,#922,
    #923,#924,#925,#926,#927,#928,#929,#930,#931,#932,#933,#934,#935,
    #936,#937,#938,#939,#940,#941,#942),.UNSPECIFIED.,.F.,.F.,(4,1,1,1,1
    ,1,1,1,1,1,1,1,1,1,1,1,1,1,1,1,1,1,1,1,1,1,1,1,1,1,1,1,1,1,1,1,1,1,1
    ,1,1,1,1,1,1,1,1,1,1,1,1,1,1,1,1,1,1,1,1,1,1,1,1,1,1,1,1,1,1,1,1,1,1
    ,1,1,1,1,1,1,1,1,1,1,1,1,1,1,1,4),(0.,2.526384416715E-02,
    5.05276883343E-02,7.579153250145E-02,0.101055376669,0.126319220836,
    0.151583065003,0.17684690917,0.202110753337,0.227374597504,
    0.252638441671,0.277902285839,0.303166130006,0.328429974173,
    0.35369381834,0.378957662507,0.404221506674,0.429485350842,
    0.454749195009,0.480013039176,0.505276883343,0.53054072751,
    0.555804571677,0.581068415844,0.606332260012,0.631596104179,
    0.656859948346,0.682123792513,0.70738763668,0.732651480847,
    0.757915325014,0.783179169182,0.808443013349,0.833706857516,
    0.858970701683,0.88423454585,0.909498390017,0.934762234185,
    0.960026078352,0.985289922519,1.010553766686,1.035817610853,
    1.06108145502,1.086345299187,1.111609143355,1.136872987522,
    1.162136831689,1.187400675856,1.212664520023,1.23792836419,
    1.263192208357,1.288456052525,1.313719896692,1.338983740859,
    1.364247585026,1.389511429193,1.41477527336,1.440039117528,
    1.465302961695,1.490566805862,1.515830650029,1.541094494196,
    1.566358338363,1.59162218253,1.616886026698,1.642149870865,
    1.667413715032,1.692677559199,1.717941403366,1.743205247533,
    1.7684690917,1.793732935868,1.818996780035,1.844260624202,
    1.869524468369,1.894788312536,1.920052156703,1.94531600087,
    1.970579845038,1.995843689205,2.021107533372,2.046371377539,
    2.071635221706,2.096899065873,2.122162910041,2.147426754208,
    2.172690598375,2.197954442542,2.223218286709),
  .QUASI_UNIFORM_KNOTS.);
#852 = CARTESIAN_POINT('',(-0.777489613547,-1.499072569066));
#853 = CARTESIAN_POINT('',(-0.778719501754,-1.53220859966));
#854 = CARTESIAN_POINT('',(-0.781251128744,-1.597926141959));
#855 = CARTESIAN_POINT('',(-0.78525680589,-1.694799155184));
#856 = CARTESIAN_POINT('',(-0.789463379695,-1.789929262815));
#857 = CARTESIAN_POINT('',(-0.793863597423,-1.883276375795));
#858 = CARTESIAN_POINT('',(-0.798450366992,-1.974801940817));
#859 = CARTESIAN_POINT('',(-0.803216357879,-2.064461477066));
#860 = CARTESIAN_POINT('',(-0.808155482574,-2.152231927162));
#861 = CARTESIAN_POINT('',(-0.813262224324,-2.238094456489));
#862 = CARTESIAN_POINT('',(-0.818531264314,-2.322027759403));
#863 = CARTESIAN_POINT('',(-0.823957569647,-2.404009669489));
#864 = CARTESIAN_POINT('',(-0.829536357967,-2.484016546821));
#865 = CARTESIAN_POINT('',(-0.835263094374,-2.562023253156));
#866 = CARTESIAN_POINT('',(-0.841133482157,-2.638002998408));
#867 = CARTESIAN_POINT('',(-0.847143445577,-2.711927114054));
#868 = CARTESIAN_POINT('',(-0.853289150227,-2.783765247527));
#869 = CARTESIAN_POINT('',(-0.859566880572,-2.853483945751));
#870 = CARTESIAN_POINT('',(-0.865973450734,-2.92105126109));
#871 = CARTESIAN_POINT('',(-0.872506689162,-2.98644003827));
#872 = CARTESIAN_POINT('',(-0.879163367823,-3.049606893193));
#873 = CARTESIAN_POINT('',(-0.885940666798,-3.110508375213));
#874 = CARTESIAN_POINT('',(-0.892835789653,-3.169096781064));
#875 = CARTESIAN_POINT('',(-0.899846045321,-3.225321109155));
#876 = CARTESIAN_POINT('',(-0.906968804979,-3.279126637427));
#877 = CARTESIAN_POINT('',(-0.914201491924,-3.3304548666));
#878 = CARTESIAN_POINT('',(-0.921541563951,-3.379243378305));
#879 = CARTESIAN_POINT('',(-0.92898649235,-3.425425668281));
#880 = CARTESIAN_POINT('',(-0.936533761605,-3.468931164444));
#881 = CARTESIAN_POINT('',(-0.944180789488,-3.509684530371));
#882 = CARTESIAN_POINT('',(-0.951923561563,-3.547599511004));
#883 = CARTESIAN_POINT('',(-0.959758276387,-3.582589061517));
#884 = CARTESIAN_POINT('',(-0.967681115335,-3.614563334851));
#885 = CARTESIAN_POINT('',(-0.975687575303,-3.643427861945));
#886 = CARTESIAN_POINT('',(-0.983775321133,-3.669092625421));
#887 = CARTESIAN_POINT('',(-0.991938807011,-3.691453214355));
#888 = CARTESIAN_POINT('',(-1.00017040421,-3.710400828924));
#889 = CARTESIAN_POINT('',(-1.008462922899,-3.725830311792));
#890 = CARTESIAN_POINT('',(-1.016808931641,-3.737637937236));
#891 = CARTESIAN_POINT('',(-1.025200918234,-3.745722007252));
#892 = CARTESIAN_POINT('',(-1.033631285536,-3.749982462009));
#893 = CARTESIAN_POINT('',(-1.042092164162,-3.750321625936));
#894 = CARTESIAN_POINT('',(-1.050577835511,-3.746641074802));
#895 = CARTESIAN_POINT('',(-1.059072703806,-3.738851159516));
#896 = CARTESIAN_POINT('',(-1.067562500002,-3.726877852716));
#897 = CARTESIAN_POINT('',(-1.076032817443,-3.710661275419));
#898 = CARTESIAN_POINT('',(-1.084469516542,-3.690156078665));
#899 = CARTESIAN_POINT('',(-1.092858645977,-3.665331249817));
#900 = CARTESIAN_POINT('',(-1.101186436041,-3.636170427732));
#901 = CARTESIAN_POINT('',(-1.109439494868,-3.602670820287));
#902 = CARTESIAN_POINT('',(-1.117604129793,-3.564847266125));
#903 = CARTESIAN_POINT('',(-1.125668974859,-3.522717179647));
#904 = CARTESIAN_POINT('',(-1.133613818121,-3.476364936829));
#905 = CARTESIAN_POINT('',(-1.141424232733,-3.425873347437));
#906 = CARTESIAN_POINT('',(-1.149087708342,-3.371332838846));
#907 = CARTESIAN_POINT('',(-1.156591849292,-3.312853040617));
#908 = CARTESIAN_POINT('',(-1.163924840855,-3.250560185844));
#909 = CARTESIAN_POINT('',(-1.171075476787,-3.184596420453));
#910 = CARTESIAN_POINT('',(-1.178032681094,-3.115125663904));
#911 = CARTESIAN_POINT('',(-1.184789769322,-3.042287682426));
#912 = CARTESIAN_POINT('',(-1.191339156948,-2.96624514514));
#913 = CARTESIAN_POINT('',(-1.19767475792,-2.887159401076));
#914 = CARTESIAN_POINT('',(-1.203790016721,-2.805214311355));
#915 = CARTESIAN_POINT('',(-1.209682046882,-2.720558596448));
#916 = CARTESIAN_POINT('',(-1.215347943155,-2.633347824482));
#917 = CARTESIAN_POINT('',(-1.220785065805,-2.543742727345));
#918 = CARTESIAN_POINT('',(-1.225991596335,-2.451898511498));
#919 = CARTESIAN_POINT('',(-1.230964093704,-2.358009377298));
#920 = CARTESIAN_POINT('',(-1.235699596109,-2.262281664411));
#921 = CARTESIAN_POINT('',(-1.240201030591,-2.164810376831));
#922 = CARTESIAN_POINT('',(-1.244469815097,-2.065713220874));
#923 = CARTESIAN_POINT('',(-1.248507718235,-1.965097098097));
#924 = CARTESIAN_POINT('',(-1.252316358305,-1.863067293864));
#925 = CARTESIAN_POINT('',(-1.255897334652,-1.759725222031));
#926 = CARTESIAN_POINT('',(-1.259252189361,-1.655169232581));
#927 = CARTESIAN_POINT('',(-1.26238241421,-1.549494595272));
#928 = CARTESIAN_POINT('',(-1.265289445312,-1.442793700981));
#929 = CARTESIAN_POINT('',(-1.267974660871,-1.335156201803));
#930 = CARTESIAN_POINT('',(-1.270439377955,-1.226669164806));
#931 = CARTESIAN_POINT('',(-1.27268484938,-1.117417219559));
#932 = CARTESIAN_POINT('',(-1.274712260435,-1.007482704928));
#933 = CARTESIAN_POINT('',(-1.276522725533,-0.896945813828));
#934 = CARTESIAN_POINT('',(-1.278117284774,-0.785884736519));
#935 = CARTESIAN_POINT('',(-1.27949690042,-0.674375802217));
#936 = CARTESIAN_POINT('',(-1.280662453388,-0.56249362016));
#937 = CARTESIAN_POINT('',(-1.281614739365,-0.450311216623));
#938 = CARTESIAN_POINT('',(-1.282354466067,-0.337900181591));
#939 = CARTESIAN_POINT('',(-1.282882246014,-0.225330774564));
#940 = CARTESIAN_POINT('',(-1.28319860582,-0.112672178707));
#941 = CARTESIAN_POINT('',(-1.283268824396,-3.755219146664E-02));
#942 = CARTESIAN_POINT('',(-1.283268832984,1.493924979264E-16));
#943 = ( GEOMETRIC_REPRESENTATION_CONTEXT(2) 
PARAMETRIC_REPRESENTATION_CONTEXT() REPRESENTATION_CONTEXT('2D SPACE',''
  ) );
#944 = PCURVE('',#945,#950);
#945 = CYLINDRICAL_SURFACE('',#946,3.75);
#946 = AXIS2_PLACEMENT_3D('',#947,#948,#949);
#947 = CARTESIAN_POINT('',(0.,0.,21.76));
#948 = DIRECTION('',(0.,0.,1.));
#949 = DIRECTION('',(1.,0.,0.));
#950 = DEFINITIONAL_REPRESENTATION('',(#951),#1043);
#951 = B_SPLINE_CURVE_WITH_KNOTS('',3,(#952,#953,#954,#955,#956,#957,
    #958,#959,#960,#961,#962,#963,#964,#965,#966,#967,#968,#969,#970,
    #971,#972,#973,#974,#975,#976,#977,#978,#979,#980,#981,#982,#983,
    #984,#985,#986,#987,#988,#989,#990,#991,#992,#993,#994,#995,#996,
    #997,#998,#999,#1000,#1001,#1002,#1003,#1004,#1005,#1006,#1007,#1008
    ,#1009,#1010,#1011,#1012,#1013,#1014,#1015,#1016,#1017,#1018,#1019,
    #1020,#1021,#1022,#1023,#1024,#1025,#1026,#1027,#1028,#1029,#1030,
    #1031,#1032,#1033,#1034,#1035,#1036,#1037,#1038,#1039,#1040,#1041,
    #1042),.UNSPECIFIED.,.F.,.F.,(4,1,1,1,1,1,1,1,1,1,1,1,1,1,1,1,1,1,1,
    1,1,1,1,1,1,1,1,1,1,1,1,1,1,1,1,1,1,1,1,1,1,1,1,1,1,1,1,1,1,1,1,1,1,
    1,1,1,1,1,1,1,1,1,1,1,1,1,1,1,1,1,1,1,1,1,1,1,1,1,1,1,1,1,1,1,1,1,1,
    1,4),(0.,2.526384416715E-02,5.05276883343E-02,7.579153250145E-02,
    0.101055376669,0.126319220836,0.151583065003,0.17684690917,
    0.202110753337,0.227374597504,0.252638441671,0.277902285839,
    0.303166130006,0.328429974173,0.35369381834,0.378957662507,
    0.404221506674,0.429485350842,0.454749195009,0.480013039176,
    0.505276883343,0.53054072751,0.555804571677,0.581068415844,
    0.606332260012,0.631596104179,0.656859948346,0.682123792513,
    0.70738763668,0.732651480847,0.757915325014,0.783179169182,
    0.808443013349,0.833706857516,0.858970701683,0.88423454585,
    0.909498390017,0.934762234185,0.960026078352,0.985289922519,
    1.010553766686,1.035817610853,1.06108145502,1.086345299187,
    1.111609143355,1.136872987522,1.162136831689,1.187400675856,
    1.212664520023,1.23792836419,1.263192208357,1.288456052525,
    1.313719896692,1.338983740859,1.364247585026,1.389511429193,
    1.41477527336,1.440039117528,1.465302961695,1.490566805862,
    1.515830650029,1.541094494196,1.566358338363,1.59162218253,
    1.616886026698,1.642149870865,1.667413715032,1.692677559199,
    1.717941403366,1.743205247533,1.7684690917,1.793732935868,
    1.818996780035,1.844260624202,1.869524468369,1.894788312536,
    1.920052156703,1.94531600087,1.970579845038,1.995843689205,
    2.021107533372,2.046371377539,2.071635221706,2.096899065873,
    2.122162910041,2.147426754208,2.172690598375,2.197954442542,
    2.223218286709),.QUASI_UNIFORM_KNOTS.);
#952 = CARTESIAN_POINT('',(7.442734614718,-10.01));
#953 = CARTESIAN_POINT('',(7.433094622209,-9.995318425742));
#954 = CARTESIAN_POINT('',(7.413854233009,-9.965150783111));
#955 = CARTESIAN_POINT('',(7.385105040991,-9.91760246674));
#956 = CARTESIAN_POINT('',(7.356459627337,-9.867874157109));
#957 = CARTESIAN_POINT('',(7.32791114073,-9.816081911025));
#958 = CARTESIAN_POINT('',(7.299452576826,-9.762340119914));
#959 = CARTESIAN_POINT('',(7.271079204547,-9.706765997803));
#960 = CARTESIAN_POINT('',(7.242779851515,-9.649462009246));
#961 = CARTESIAN_POINT('',(7.214541823167,-9.590524087638));
#962 = CARTESIAN_POINT('',(7.186352991022,-9.530045806629));
#963 = CARTESIAN_POINT('',(7.158201195965,-9.468117400897));
#964 = CARTESIAN_POINT('',(7.130074371616,-9.404826165029));
#965 = CARTESIAN_POINT('',(7.101960479018,-9.340256490601));
#966 = CARTESIAN_POINT('',(7.073847481135,-9.274489972359));
#967 = CARTESIAN_POINT('',(7.045723350291,-9.207605599796));
#968 = CARTESIAN_POINT('',(7.017575905947,-9.139679538047));
#969 = CARTESIAN_POINT('',(6.989393298434,-9.070786466107));
#970 = CARTESIAN_POINT('',(6.961162077151,-9.000995096443));
#971 = CARTESIAN_POINT('',(6.932865224192,-8.930363221477));
#972 = CARTESIAN_POINT('',(6.904491075465,-8.85896007907));
#973 = CARTESIAN_POINT('',(6.876026653901,-8.78685043327));
#974 = CARTESIAN_POINT('',(6.847459307428,-8.714098727303));
#975 = CARTESIAN_POINT('',(6.818776249402,-8.640768170467));
#976 = CARTESIAN_POINT('',(6.789964658831,-8.5669211815));
#977 = CARTESIAN_POINT('',(6.761011629715,-8.492619472172));
#978 = CARTESIAN_POINT('',(6.731904151511,-8.417924213488));
#979 = CARTESIAN_POINT('',(6.702629100024,-8.34289623124));
#980 = CARTESIAN_POINT('',(6.673173136196,-8.267596001538));
#981 = CARTESIAN_POINT('',(6.643522940354,-8.192084417083));
#982 = CARTESIAN_POINT('',(6.613670354135,-8.11643589988));
#983 = CARTESIAN_POINT('',(6.583605848745,-8.0407217985));
#984 = CARTESIAN_POINT('',(6.553319417468,-7.965012571032));
#985 = CARTESIAN_POINT('',(6.522802993872,-7.889384020864));
#986 = CARTESIAN_POINT('',(6.492039534445,-7.813890529659));
#987 = CARTESIAN_POINT('',(6.46102344465,-7.738615392671));
#988 = CARTESIAN_POINT('',(6.429756115422,-7.663658625793));
#989 = CARTESIAN_POINT('',(6.398236356292,-7.589113155592));
#990 = CARTESIAN_POINT('',(6.366462975479,-7.515071039729));
#991 = CARTESIAN_POINT('',(6.334434165521,-7.441621762307));
#992 = CARTESIAN_POINT('',(6.302147493555,-7.368852199103));
#993 = CARTESIAN_POINT('',(6.269600636717,-7.296847828373));
#994 = CARTESIAN_POINT('',(6.236781882865,-7.225672805852));
#995 = CARTESIAN_POINT('',(6.203716804907,-7.155469576108));
#996 = CARTESIAN_POINT('',(6.17042560869,-7.086361789023));
#997 = CARTESIAN_POINT('',(6.136928895734,-7.018467146448));
#998 = CARTESIAN_POINT('',(6.10324630474,-6.951893915087));
#999 = CARTESIAN_POINT('',(6.069396982712,-6.886741744996));
#1000 = CARTESIAN_POINT('',(6.035399811577,-6.82310179927));
#1001 = CARTESIAN_POINT('',(6.001272739779,-6.761055533255));
#1002 = CARTESIAN_POINT('',(5.967035900364,-6.700679764366));
#1003 = CARTESIAN_POINT('',(5.932700446702,-6.642028129838));
#1004 = CARTESIAN_POINT('',(5.898316976533,-6.585211432893));
#1005 = CARTESIAN_POINT('',(5.863914457223,-6.530290268786));
#1006 = CARTESIAN_POINT('',(5.829515747586,-6.477305849894));
#1007 = CARTESIAN_POINT('',(5.79514574462,-6.426293265989));
#1008 = CARTESIAN_POINT('',(5.760829647122,-6.377278741232));
#1009 = CARTESIAN_POINT('',(5.726593023718,-6.330280119674));
#1010 = CARTESIAN_POINT('',(5.692464600272,-6.285310440027));
#1011 = CARTESIAN_POINT('',(5.658455103426,-6.242351475712));
#1012 = CARTESIAN_POINT('',(5.624582497503,-6.201389416439));
#1013 = CARTESIAN_POINT('',(5.590860323832,-6.162399788914));
#1014 = CARTESIAN_POINT('',(5.557308268037,-6.125360096784));
#1015 = CARTESIAN_POINT('',(5.523929213999,-6.09022563173));
#1016 = CARTESIAN_POINT('',(5.490728238351,-6.056952793729));
#1017 = CARTESIAN_POINT('',(5.457711509515,-6.025497478761));
#1018 = CARTESIAN_POINT('',(5.424882696916,-5.995812253663));
#1019 = CARTESIAN_POINT('',(5.392258735837,-5.967860453936));
#1020 = CARTESIAN_POINT('',(5.359858839578,-5.941603871113));
#1021 = CARTESIAN_POINT('',(5.327664669935,-5.916973906683));
#1022 = CARTESIAN_POINT('',(5.29566760863,-5.893913453874));
#1023 = CARTESIAN_POINT('',(5.263856812691,-5.872366301763));
#1024 = CARTESIAN_POINT('',(5.232222369022,-5.852279921196));
#1025 = CARTESIAN_POINT('',(5.200754407785,-5.833604665789));
#1026 = CARTESIAN_POINT('',(5.169443302718,-5.816293934501));
#1027 = CARTESIAN_POINT('',(5.138279583779,-5.800304077814));
#1028 = CARTESIAN_POINT('',(5.107253929927,-5.785594374161));
#1029 = CARTESIAN_POINT('',(5.076357143008,-5.772126989335));
#1030 = CARTESIAN_POINT('',(5.045580128794,-5.759866942539));
#1031 = CARTESIAN_POINT('',(5.014913877776,-5.748782073009));
#1032 = CARTESIAN_POINT('',(4.98434944727,-5.738843009105));
#1033 = CARTESIAN_POINT('',(4.953877944053,-5.73002313966));
#1034 = CARTESIAN_POINT('',(4.923490507381,-5.722298587758));
#1035 = CARTESIAN_POINT('',(4.893178292107,-5.715648187829));
#1036 = CARTESIAN_POINT('',(4.862932451785,-5.710053463546));
#1037 = CARTESIAN_POINT('',(4.832744121159,-5.705498617055));
#1038 = CARTESIAN_POINT('',(4.802604399461,-5.701970491128));
#1039 = CARTESIAN_POINT('',(4.772504328421,-5.699458648707));
#1040 = CARTESIAN_POINT('',(4.742434887152,-5.697955031635));
#1041 = CARTESIAN_POINT('',(4.722402909512,-5.69762181599));
#1042 = CARTESIAN_POINT('',(4.712388980385,-5.697621595791));
#1043 = ( GEOMETRIC_REPRESENTATION_CONTEXT(2) 
PARAMETRIC_REPRESENTATION_CONTEXT() REPRESENTATION_CONTEXT('2D SPACE',''
  ) );
#1044 = ORIENTED_EDGE('',*,*,#1045,.T.);
#1045 = EDGE_CURVE('',#783,#46,#1046,.T.);
#1046 = SURFACE_CURVE('',#1047,(#1051,#1057),.PCURVE_S1.);
#1047 = LINE('',#1048,#1049);
#1048 = CARTESIAN_POINT('',(0.,3.437336386313,11.75));
#1049 = VECTOR('',#1050,1.);
#1050 = DIRECTION('',(-1.,-0.,-0.));
#1051 = PCURVE('',#55,#1052);
#1052 = DEFINITIONAL_REPRESENTATION('',(#1053),#1056);
#1053 = B_SPLINE_CURVE_WITH_KNOTS('',1,(#1054,#1055),.UNSPECIFIED.,.F.,
  .F.,(2,2),(-4.5,6.E-07),.PIECEWISE_BEZIER_KNOTS.);
#1054 = CARTESIAN_POINT('',(-0.777489613547,-4.5));
#1055 = CARTESIAN_POINT('',(-0.777489613547,6.E-07));
#1056 = ( GEOMETRIC_REPRESENTATION_CONTEXT(2) 
PARAMETRIC_REPRESENTATION_CONTEXT() REPRESENTATION_CONTEXT('2D SPACE',''
  ) );
#1057 = PCURVE('',#1058,#1063);
#1058 = PLANE('',#1059);
#1059 = AXIS2_PLACEMENT_3D('',#1060,#1061,#1062);
#1060 = CARTESIAN_POINT('',(-1.823253510053E-16,2.924450111184E-17,11.75
    ));
#1061 = DIRECTION('',(0.,0.,1.));
#1062 = DIRECTION('',(1.,0.,-0.));
#1063 = DEFINITIONAL_REPRESENTATION('',(#1064),#1067);
#1064 = B_SPLINE_CURVE_WITH_KNOTS('',1,(#1065,#1066),.UNSPECIFIED.,.F.,
  .F.,(2,2),(-4.5,6.E-07),.PIECEWISE_BEZIER_KNOTS.);
#1065 = CARTESIAN_POINT('',(4.5,3.437336386313));
#1066 = CARTESIAN_POINT('',(-5.999999998177E-07,3.437336386313));
#1067 = ( GEOMETRIC_REPRESENTATION_CONTEXT(2) 
PARAMETRIC_REPRESENTATION_CONTEXT() REPRESENTATION_CONTEXT('2D SPACE',''
  ) );
#1068 = ADVANCED_FACE('',(#1069),#1058,.T.);
#1069 = FACE_BOUND('',#1070,.T.);
#1070 = EDGE_LOOP('',(#1071,#1095,#1096));
#1071 = ORIENTED_EDGE('',*,*,#1072,.T.);
#1072 = EDGE_CURVE('',#1073,#783,#1075,.T.);
#1073 = VERTEX_POINT('',#1074);
#1074 = CARTESIAN_POINT('',(-6.888638245204E-16,-3.75,11.75));
#1075 = SURFACE_CURVE('',#1076,(#1081,#1088),.PCURVE_S1.);
#1076 = CIRCLE('',#1077,3.75);
#1077 = AXIS2_PLACEMENT_3D('',#1078,#1079,#1080);
#1078 = CARTESIAN_POINT('',(0.,0.,11.75));
#1079 = DIRECTION('',(0.,0.,1.));
#1080 = DIRECTION('',(-1.836970198721E-16,-1.,0.));
#1081 = PCURVE('',#1058,#1082);
#1082 = DEFINITIONAL_REPRESENTATION('',(#1083),#1087);
#1083 = CIRCLE('',#1084,3.75);
#1084 = AXIS2_PLACEMENT_2D('',#1085,#1086);
#1085 = CARTESIAN_POINT('',(1.823253510053E-16,-2.924450111184E-17));
#1086 = DIRECTION('',(-1.836970198721E-16,-1.));
#1087 = ( GEOMETRIC_REPRESENTATION_CONTEXT(2) 
PARAMETRIC_REPRESENTATION_CONTEXT() REPRESENTATION_CONTEXT('2D SPACE',''
  ) );
#1088 = PCURVE('',#945,#1089);
#1089 = DEFINITIONAL_REPRESENTATION('',(#1090),#1094);
#1090 = LINE('',#1091,#1092);
#1091 = CARTESIAN_POINT('',(4.712388980385,-10.01));
#1092 = VECTOR('',#1093,1.);
#1093 = DIRECTION('',(1.,0.));
#1094 = ( GEOMETRIC_REPRESENTATION_CONTEXT(2) 
PARAMETRIC_REPRESENTATION_CONTEXT() REPRESENTATION_CONTEXT('2D SPACE',''
  ) );
#1095 = ORIENTED_EDGE('',*,*,#1045,.T.);
#1096 = ORIENTED_EDGE('',*,*,#1097,.T.);
#1097 = EDGE_CURVE('',#46,#1073,#1098,.T.);
#1098 = SURFACE_CURVE('',#1099,(#1103,#1109),.PCURVE_S1.);
#1099 = LINE('',#1100,#1101);
#1100 = CARTESIAN_POINT('',(0.,-4.25,11.75));
#1101 = VECTOR('',#1102,1.);
#1102 = DIRECTION('',(0.,-1.,0.));
#1103 = PCURVE('',#1058,#1104);
#1104 = DEFINITIONAL_REPRESENTATION('',(#1105),#1108);
#1105 = B_SPLINE_CURVE_WITH_KNOTS('',1,(#1106,#1107),.UNSPECIFIED.,.F.,
  .F.,(2,2),(-8.,-0.5),.PIECEWISE_BEZIER_KNOTS.);
#1106 = CARTESIAN_POINT('',(1.823253510053E-16,3.75));
#1107 = CARTESIAN_POINT('',(1.823253510053E-16,-3.75));
#1108 = ( GEOMETRIC_REPRESENTATION_CONTEXT(2) 
PARAMETRIC_REPRESENTATION_CONTEXT() REPRESENTATION_CONTEXT('2D SPACE',''
  ) );
#1109 = PCURVE('',#67,#1110);
#1110 = DEFINITIONAL_REPRESENTATION('',(#1111),#1114);
#1111 = B_SPLINE_CURVE_WITH_KNOTS('',1,(#1112,#1113),.UNSPECIFIED.,.F.,
  .F.,(2,2),(-8.,-0.5),.PIECEWISE_BEZIER_KNOTS.);
#1112 = CARTESIAN_POINT('',(11.75,-12.25));
#1113 = CARTESIAN_POINT('',(11.75,-4.75));
#1114 = ( GEOMETRIC_REPRESENTATION_CONTEXT(2) 
PARAMETRIC_REPRESENTATION_CONTEXT() REPRESENTATION_CONTEXT('2D SPACE',''
  ) );
#1115 = ADVANCED_FACE('',(#1116),#945,.F.);
#1116 = FACE_BOUND('',#1117,.F.);
#1117 = EDGE_LOOP('',(#1118,#1119,#1138));
#1118 = ORIENTED_EDGE('',*,*,#782,.T.);
#1119 = ORIENTED_EDGE('',*,*,#1120,.F.);
#1120 = EDGE_CURVE('',#1073,#759,#1121,.T.);
#1121 = SURFACE_CURVE('',#1122,(#1126,#1132),.PCURVE_S1.);
#1122 = LINE('',#1123,#1124);
#1123 = CARTESIAN_POINT('',(0.,-3.75,21.76));
#1124 = VECTOR('',#1125,1.);
#1125 = DIRECTION('',(0.,0.,1.));
#1126 = PCURVE('',#945,#1127);
#1127 = DEFINITIONAL_REPRESENTATION('',(#1128),#1131);
#1128 = B_SPLINE_CURVE_WITH_KNOTS('',1,(#1129,#1130),.UNSPECIFIED.,.F.,
  .F.,(2,2),(-10.01,-5.697621595791),.PIECEWISE_BEZIER_KNOTS.);
#1129 = CARTESIAN_POINT('',(4.712388980385,-10.01));
#1130 = CARTESIAN_POINT('',(4.712388980385,-5.697621595791));
#1131 = ( GEOMETRIC_REPRESENTATION_CONTEXT(2) 
PARAMETRIC_REPRESENTATION_CONTEXT() REPRESENTATION_CONTEXT('2D SPACE',''
  ) );
#1132 = PCURVE('',#67,#1133);
#1133 = DEFINITIONAL_REPRESENTATION('',(#1134),#1137);
#1134 = B_SPLINE_CURVE_WITH_KNOTS('',1,(#1135,#1136),.UNSPECIFIED.,.F.,
  .F.,(2,2),(-10.0100006,-1.662987739279),.PIECEWISE_BEZIER_KNOTS.);
#1135 = CARTESIAN_POINT('',(11.7499994,-4.75));
#1136 = CARTESIAN_POINT('',(20.097012260721,-4.75));
#1137 = ( GEOMETRIC_REPRESENTATION_CONTEXT(2) 
PARAMETRIC_REPRESENTATION_CONTEXT() REPRESENTATION_CONTEXT('2D SPACE',''
  ) );
#1138 = ORIENTED_EDGE('',*,*,#1072,.T.);
#1139 = ADVANCED_FACE('',(#1140),#723,.T.);
#1140 = FACE_BOUND('',#1141,.T.);
#1141 = EDGE_LOOP('',(#1142,#1165,#1166,#1187));
#1142 = ORIENTED_EDGE('',*,*,#1143,.F.);
#1143 = EDGE_CURVE('',#676,#1144,#1146,.T.);
#1144 = VERTEX_POINT('',#1145);
#1145 = CARTESIAN_POINT('',(1.,-9.5,-12.75));
#1146 = SURFACE_CURVE('',#1147,(#1151,#1158),.PCURVE_S1.);
#1147 = LINE('',#1148,#1149);
#1148 = CARTESIAN_POINT('',(1.,-9.5,-17.75));
#1149 = VECTOR('',#1150,1.);
#1150 = DIRECTION('',(0.,0.,1.));
#1151 = PCURVE('',#723,#1152);
#1152 = DEFINITIONAL_REPRESENTATION('',(#1153),#1157);
#1153 = LINE('',#1154,#1155);
#1154 = CARTESIAN_POINT('',(0.,2.));
#1155 = VECTOR('',#1156,1.);
#1156 = DIRECTION('',(1.,0.));
#1157 = ( GEOMETRIC_REPRESENTATION_CONTEXT(2) 
PARAMETRIC_REPRESENTATION_CONTEXT() REPRESENTATION_CONTEXT('2D SPACE',''
  ) );
#1158 = PCURVE('',#692,#1159);
#1159 = DEFINITIONAL_REPRESENTATION('',(#1160),#1164);
#1160 = LINE('',#1161,#1162);
#1161 = CARTESIAN_POINT('',(0.,0.));
#1162 = VECTOR('',#1163,1.);
#1163 = DIRECTION('',(1.,0.));
#1164 = ( GEOMETRIC_REPRESENTATION_CONTEXT(2) 
PARAMETRIC_REPRESENTATION_CONTEXT() REPRESENTATION_CONTEXT('2D SPACE',''
  ) );
#1165 = ORIENTED_EDGE('',*,*,#708,.T.);
#1166 = ORIENTED_EDGE('',*,*,#1167,.T.);
#1167 = EDGE_CURVE('',#709,#1168,#1170,.T.);
#1168 = VERTEX_POINT('',#1169);
#1169 = CARTESIAN_POINT('',(0.,-9.5,-12.75));
#1170 = SURFACE_CURVE('',#1171,(#1175,#1181),.PCURVE_S1.);
#1171 = LINE('',#1172,#1173);
#1172 = CARTESIAN_POINT('',(0.,-9.5,-8.875));
#1173 = VECTOR('',#1174,1.);
#1174 = DIRECTION('',(0.,0.,1.));
#1175 = PCURVE('',#723,#1176);
#1176 = DEFINITIONAL_REPRESENTATION('',(#1177),#1180);
#1177 = B_SPLINE_CURVE_WITH_KNOTS('',1,(#1178,#1179),.UNSPECIFIED.,.F.,
  .F.,(2,2),(-7.875,-2.875),.PIECEWISE_BEZIER_KNOTS.);
#1178 = CARTESIAN_POINT('',(1.,1.));
#1179 = CARTESIAN_POINT('',(6.,1.));
#1180 = ( GEOMETRIC_REPRESENTATION_CONTEXT(2) 
PARAMETRIC_REPRESENTATION_CONTEXT() REPRESENTATION_CONTEXT('2D SPACE',''
  ) );
#1181 = PCURVE('',#67,#1182);
#1182 = DEFINITIONAL_REPRESENTATION('',(#1183),#1186);
#1183 = B_SPLINE_CURVE_WITH_KNOTS('',1,(#1184,#1185),.UNSPECIFIED.,.F.,
  .F.,(2,2),(-7.875,-2.875),.PIECEWISE_BEZIER_KNOTS.);
#1184 = CARTESIAN_POINT('',(-16.75,1.));
#1185 = CARTESIAN_POINT('',(-11.75,1.));
#1186 = ( GEOMETRIC_REPRESENTATION_CONTEXT(2) 
PARAMETRIC_REPRESENTATION_CONTEXT() REPRESENTATION_CONTEXT('2D SPACE',''
  ) );
#1187 = ORIENTED_EDGE('',*,*,#1188,.F.);
#1188 = EDGE_CURVE('',#1144,#1168,#1189,.T.);
#1189 = SURFACE_CURVE('',#1190,(#1194,#1200),.PCURVE_S1.);
#1190 = LINE('',#1191,#1192);
#1191 = CARTESIAN_POINT('',(0.,-9.5,-12.75));
#1192 = VECTOR('',#1193,1.);
#1193 = DIRECTION('',(-1.,-0.,-0.));
#1194 = PCURVE('',#723,#1195);
#1195 = DEFINITIONAL_REPRESENTATION('',(#1196),#1199);
#1196 = B_SPLINE_CURVE_WITH_KNOTS('',1,(#1197,#1198),.UNSPECIFIED.,.F.,
  .F.,(2,2),(-1.2,6.E-07),.PIECEWISE_BEZIER_KNOTS.);
#1197 = CARTESIAN_POINT('',(5.,2.2));
#1198 = CARTESIAN_POINT('',(5.,0.9999994));
#1199 = ( GEOMETRIC_REPRESENTATION_CONTEXT(2) 
PARAMETRIC_REPRESENTATION_CONTEXT() REPRESENTATION_CONTEXT('2D SPACE',''
  ) );
#1200 = PCURVE('',#1201,#1206);
#1201 = CYLINDRICAL_SURFACE('',#1202,12.75);
#1202 = AXIS2_PLACEMENT_3D('',#1203,#1204,#1205);
#1203 = CARTESIAN_POINT('',(0.,-9.5,0.));
#1204 = DIRECTION('',(-1.,-0.,-0.));
#1205 = DIRECTION('',(0.,1.,0.));
#1206 = DEFINITIONAL_REPRESENTATION('',(#1207),#1210);
#1207 = B_SPLINE_CURVE_WITH_KNOTS('',1,(#1208,#1209),.UNSPECIFIED.,.F.,
  .F.,(2,2),(-1.2,6.E-07),.PIECEWISE_BEZIER_KNOTS.);
#1208 = CARTESIAN_POINT('',(-4.712388980385,-1.2));
#1209 = CARTESIAN_POINT('',(-4.712388980385,6.E-07));
#1210 = ( GEOMETRIC_REPRESENTATION_CONTEXT(2) 
PARAMETRIC_REPRESENTATION_CONTEXT() REPRESENTATION_CONTEXT('2D SPACE',''
  ) );
#1211 = ADVANCED_FACE('',(#1212),#1201,.F.);
#1212 = FACE_BOUND('',#1213,.T.);
#1213 = EDGE_LOOP('',(#1214,#1238,#1261,#1294,#1320,#1348,#1374,#1400,
    #1401,#1425,#1446,#1472));
#1214 = ORIENTED_EDGE('',*,*,#1215,.F.);
#1215 = EDGE_CURVE('',#1216,#1168,#1218,.T.);
#1216 = VERTEX_POINT('',#1217);
#1217 = CARTESIAN_POINT('',(0.,3.25,0.));
#1218 = SURFACE_CURVE('',#1219,(#1224,#1231),.PCURVE_S1.);
#1219 = CIRCLE('',#1220,12.75);
#1220 = AXIS2_PLACEMENT_3D('',#1221,#1222,#1223);
#1221 = CARTESIAN_POINT('',(0.,-9.5,0.));
#1222 = DIRECTION('',(1.,0.,0.));
#1223 = DIRECTION('',(0.,1.,0.));
#1224 = PCURVE('',#1201,#1225);
#1225 = DEFINITIONAL_REPRESENTATION('',(#1226),#1230);
#1226 = LINE('',#1227,#1228);
#1227 = CARTESIAN_POINT('',(-0.,0.));
#1228 = VECTOR('',#1229,1.);
#1229 = DIRECTION('',(-1.,0.));
#1230 = ( GEOMETRIC_REPRESENTATION_CONTEXT(2) 
PARAMETRIC_REPRESENTATION_CONTEXT() REPRESENTATION_CONTEXT('2D SPACE',''
  ) );
#1231 = PCURVE('',#67,#1232);
#1232 = DEFINITIONAL_REPRESENTATION('',(#1233),#1237);
#1233 = CIRCLE('',#1234,12.75);
#1234 = AXIS2_PLACEMENT_2D('',#1235,#1236);
#1235 = CARTESIAN_POINT('',(-1.275556075309E-15,1.));
#1236 = DIRECTION('',(0.,-1.));
#1237 = ( GEOMETRIC_REPRESENTATION_CONTEXT(2) 
PARAMETRIC_REPRESENTATION_CONTEXT() REPRESENTATION_CONTEXT('2D SPACE',''
  ) );
#1238 = ORIENTED_EDGE('',*,*,#1239,.T.);
#1239 = EDGE_CURVE('',#1216,#1240,#1242,.T.);
#1240 = VERTEX_POINT('',#1241);
#1241 = CARTESIAN_POINT('',(16.75,3.25,0.));
#1242 = SEAM_CURVE('',#1243,(#1247,#1254),.PCURVE_S1.);
#1243 = LINE('',#1244,#1245);
#1244 = CARTESIAN_POINT('',(0.,3.25,0.));
#1245 = VECTOR('',#1246,1.);
#1246 = DIRECTION('',(1.,0.,0.));
#1247 = PCURVE('',#1201,#1248);
#1248 = DEFINITIONAL_REPRESENTATION('',(#1249),#1253);
#1249 = LINE('',#1250,#1251);
#1250 = CARTESIAN_POINT('',(-6.28318530718,0.));
#1251 = VECTOR('',#1252,1.);
#1252 = DIRECTION('',(-0.,-1.));
#1253 = ( GEOMETRIC_REPRESENTATION_CONTEXT(2) 
PARAMETRIC_REPRESENTATION_CONTEXT() REPRESENTATION_CONTEXT('2D SPACE',''
  ) );
#1254 = PCURVE('',#1201,#1255);
#1255 = DEFINITIONAL_REPRESENTATION('',(#1256),#1260);
#1256 = LINE('',#1257,#1258);
#1257 = CARTESIAN_POINT('',(-0.,0.));
#1258 = VECTOR('',#1259,1.);
#1259 = DIRECTION('',(-0.,-1.));
#1260 = ( GEOMETRIC_REPRESENTATION_CONTEXT(2) 
PARAMETRIC_REPRESENTATION_CONTEXT() REPRESENTATION_CONTEXT('2D SPACE',''
  ) );
#1261 = ORIENTED_EDGE('',*,*,#1262,.F.);
#1262 = EDGE_CURVE('',#1263,#1240,#1265,.T.);
#1263 = VERTEX_POINT('',#1264);
#1264 = CARTESIAN_POINT('',(16.75,2.606300012803,4.));
#1265 = SURFACE_CURVE('',#1266,(#1271,#1278),.PCURVE_S1.);
#1266 = CIRCLE('',#1267,12.75);
#1267 = AXIS2_PLACEMENT_3D('',#1268,#1269,#1270);
#1268 = CARTESIAN_POINT('',(16.75,-9.5,0.));
#1269 = DIRECTION('',(-1.,0.,0.));
#1270 = DIRECTION('',(0.,1.,0.));
#1271 = PCURVE('',#1201,#1272);
#1272 = DEFINITIONAL_REPRESENTATION('',(#1273),#1277);
#1273 = LINE('',#1274,#1275);
#1274 = CARTESIAN_POINT('',(-6.28318530718,-16.75));
#1275 = VECTOR('',#1276,1.);
#1276 = DIRECTION('',(1.,-0.));
#1277 = ( GEOMETRIC_REPRESENTATION_CONTEXT(2) 
PARAMETRIC_REPRESENTATION_CONTEXT() REPRESENTATION_CONTEXT('2D SPACE',''
  ) );
#1278 = PCURVE('',#1279,#1284);
#1279 = PLANE('',#1280);
#1280 = AXIS2_PLACEMENT_3D('',#1281,#1282,#1283);
#1281 = CARTESIAN_POINT('',(16.75,-5.,-4.));
#1282 = DIRECTION('',(1.,0.,0.));
#1283 = DIRECTION('',(0.,0.,1.));
#1284 = DEFINITIONAL_REPRESENTATION('',(#1285),#1293);
#1285 = ( BOUNDED_CURVE() B_SPLINE_CURVE(2,(#1286,#1287,#1288,#1289,
#1290,#1291,#1292),.UNSPECIFIED.,.T.,.F.) B_SPLINE_CURVE_WITH_KNOTS((1,2
    ,2,2,2,1),(-2.094395102393,0.,2.094395102393,4.188790204786,
6.28318530718,8.377580409573),.UNSPECIFIED.) CURVE() 
GEOMETRIC_REPRESENTATION_ITEM() RATIONAL_B_SPLINE_CURVE((1.,0.5,1.,0.5,
1.,0.5,1.)) REPRESENTATION_ITEM('') );
#1286 = CARTESIAN_POINT('',(4.,-8.25));
#1287 = CARTESIAN_POINT('',(-18.0836477965,-8.25));
#1288 = CARTESIAN_POINT('',(-7.041823898252,10.875));
#1289 = CARTESIAN_POINT('',(4.,30.));
#1290 = CARTESIAN_POINT('',(15.041823898252,10.875));
#1291 = CARTESIAN_POINT('',(26.083647796503,-8.25));
#1292 = CARTESIAN_POINT('',(4.,-8.25));
#1293 = ( GEOMETRIC_REPRESENTATION_CONTEXT(2) 
PARAMETRIC_REPRESENTATION_CONTEXT() REPRESENTATION_CONTEXT('2D SPACE',''
  ) );
#1294 = ORIENTED_EDGE('',*,*,#1295,.F.);
#1295 = EDGE_CURVE('',#1296,#1263,#1298,.T.);
#1296 = VERTEX_POINT('',#1297);
#1297 = CARTESIAN_POINT('',(17.,2.606300012803,4.));
#1298 = SURFACE_CURVE('',#1299,(#1303,#1309),.PCURVE_S1.);
#1299 = LINE('',#1300,#1301);
#1300 = CARTESIAN_POINT('',(0.,2.606300012803,4.));
#1301 = VECTOR('',#1302,1.);
#1302 = DIRECTION('',(-1.,-0.,-0.));
#1303 = PCURVE('',#1201,#1304);
#1304 = DEFINITIONAL_REPRESENTATION('',(#1305),#1308);
#1305 = B_SPLINE_CURVE_WITH_KNOTS('',1,(#1306,#1307),.UNSPECIFIED.,.F.,
  .F.,(2,2),(-17.0000006,-16.15),.PIECEWISE_BEZIER_KNOTS.);
#1306 = CARTESIAN_POINT('',(-0.319114079532,-17.0000006));
#1307 = CARTESIAN_POINT('',(-0.319114079532,-16.15));
#1308 = ( GEOMETRIC_REPRESENTATION_CONTEXT(2) 
PARAMETRIC_REPRESENTATION_CONTEXT() REPRESENTATION_CONTEXT('2D SPACE',''
  ) );
#1309 = PCURVE('',#1310,#1315);
#1310 = PLANE('',#1311);
#1311 = AXIS2_PLACEMENT_3D('',#1312,#1313,#1314);
#1312 = CARTESIAN_POINT('',(16.75,-5.,4.));
#1313 = DIRECTION('',(0.,0.,1.));
#1314 = DIRECTION('',(1.,0.,0.));
#1315 = DEFINITIONAL_REPRESENTATION('',(#1316),#1319);
#1316 = B_SPLINE_CURVE_WITH_KNOTS('',1,(#1317,#1318),.UNSPECIFIED.,.F.,
  .F.,(2,2),(-17.0000006,-16.15),.PIECEWISE_BEZIER_KNOTS.);
#1317 = CARTESIAN_POINT('',(0.2500006,7.606300012803));
#1318 = CARTESIAN_POINT('',(-0.6,7.606300012803));
#1319 = ( GEOMETRIC_REPRESENTATION_CONTEXT(2) 
PARAMETRIC_REPRESENTATION_CONTEXT() REPRESENTATION_CONTEXT('2D SPACE',''
  ) );
#1320 = ORIENTED_EDGE('',*,*,#1321,.F.);
#1321 = EDGE_CURVE('',#1322,#1296,#1324,.T.);
#1322 = VERTEX_POINT('',#1323);
#1323 = CARTESIAN_POINT('',(17.,2.606300012803,-4.));
#1324 = SURFACE_CURVE('',#1325,(#1330,#1337),.PCURVE_S1.);
#1325 = CIRCLE('',#1326,12.75);
#1326 = AXIS2_PLACEMENT_3D('',#1327,#1328,#1329);
#1327 = CARTESIAN_POINT('',(17.,-9.5,0.));
#1328 = DIRECTION('',(-1.,0.,0.));
#1329 = DIRECTION('',(0.,1.,0.));
#1330 = PCURVE('',#1201,#1331);
#1331 = DEFINITIONAL_REPRESENTATION('',(#1332),#1336);
#1332 = LINE('',#1333,#1334);
#1333 = CARTESIAN_POINT('',(-6.28318530718,-17.));
#1334 = VECTOR('',#1335,1.);
#1335 = DIRECTION('',(1.,-0.));
#1336 = ( GEOMETRIC_REPRESENTATION_CONTEXT(2) 
PARAMETRIC_REPRESENTATION_CONTEXT() REPRESENTATION_CONTEXT('2D SPACE',''
  ) );
#1337 = PCURVE('',#529,#1338);
#1338 = DEFINITIONAL_REPRESENTATION('',(#1339),#1347);
#1339 = ( BOUNDED_CURVE() B_SPLINE_CURVE(2,(#1340,#1341,#1342,#1343,
#1344,#1345,#1346),.UNSPECIFIED.,.T.,.F.) B_SPLINE_CURVE_WITH_KNOTS((1,2
    ,2,2,2,1),(-2.094395102393,0.,2.094395102393,4.188790204786,
6.28318530718,8.377580409573),.UNSPECIFIED.) CURVE() 
GEOMETRIC_REPRESENTATION_ITEM() RATIONAL_B_SPLINE_CURVE((1.,0.5,1.,0.5,
1.,0.5,1.)) REPRESENTATION_ITEM('') );
#1340 = CARTESIAN_POINT('',(-1.275556075309E-15,-11.75));
#1341 = CARTESIAN_POINT('',(-22.0836477965,-11.75));
#1342 = CARTESIAN_POINT('',(-11.04182389825,7.375));
#1343 = CARTESIAN_POINT('',(-4.398405413134E-15,26.5));
#1344 = CARTESIAN_POINT('',(11.041823898252,7.375));
#1345 = CARTESIAN_POINT('',(22.083647796503,-11.75));
#1346 = CARTESIAN_POINT('',(-1.275556075309E-15,-11.75));
#1347 = ( GEOMETRIC_REPRESENTATION_CONTEXT(2) 
PARAMETRIC_REPRESENTATION_CONTEXT() REPRESENTATION_CONTEXT('2D SPACE',''
  ) );
#1348 = ORIENTED_EDGE('',*,*,#1349,.T.);
#1349 = EDGE_CURVE('',#1322,#1350,#1352,.T.);
#1350 = VERTEX_POINT('',#1351);
#1351 = CARTESIAN_POINT('',(16.75,2.606300012803,-4.));
#1352 = SURFACE_CURVE('',#1353,(#1357,#1363),.PCURVE_S1.);
#1353 = LINE('',#1354,#1355);
#1354 = CARTESIAN_POINT('',(0.,2.606300012803,-4.));
#1355 = VECTOR('',#1356,1.);
#1356 = DIRECTION('',(-1.,-0.,-0.));
#1357 = PCURVE('',#1201,#1358);
#1358 = DEFINITIONAL_REPRESENTATION('',(#1359),#1362);
#1359 = B_SPLINE_CURVE_WITH_KNOTS('',1,(#1360,#1361),.UNSPECIFIED.,.F.,
  .F.,(2,2),(-17.0000006,-16.15),.PIECEWISE_BEZIER_KNOTS.);
#1360 = CARTESIAN_POINT('',(-5.964071227647,-17.0000006));
#1361 = CARTESIAN_POINT('',(-5.964071227647,-16.15));
#1362 = ( GEOMETRIC_REPRESENTATION_CONTEXT(2) 
PARAMETRIC_REPRESENTATION_CONTEXT() REPRESENTATION_CONTEXT('2D SPACE',''
  ) );
#1363 = PCURVE('',#1364,#1369);
#1364 = PLANE('',#1365);
#1365 = AXIS2_PLACEMENT_3D('',#1366,#1367,#1368);
#1366 = CARTESIAN_POINT('',(16.75,-5.,-4.));
#1367 = DIRECTION('',(0.,0.,1.));
#1368 = DIRECTION('',(1.,0.,0.));
#1369 = DEFINITIONAL_REPRESENTATION('',(#1370),#1373);
#1370 = B_SPLINE_CURVE_WITH_KNOTS('',1,(#1371,#1372),.UNSPECIFIED.,.F.,
  .F.,(2,2),(-17.0000006,-16.15),.PIECEWISE_BEZIER_KNOTS.);
#1371 = CARTESIAN_POINT('',(0.2500006,7.606300012803));
#1372 = CARTESIAN_POINT('',(-0.6,7.606300012803));
#1373 = ( GEOMETRIC_REPRESENTATION_CONTEXT(2) 
PARAMETRIC_REPRESENTATION_CONTEXT() REPRESENTATION_CONTEXT('2D SPACE',''
  ) );
#1374 = ORIENTED_EDGE('',*,*,#1375,.F.);
#1375 = EDGE_CURVE('',#1240,#1350,#1376,.T.);
#1376 = SURFACE_CURVE('',#1377,(#1382,#1389),.PCURVE_S1.);
#1377 = CIRCLE('',#1378,12.75);
#1378 = AXIS2_PLACEMENT_3D('',#1379,#1380,#1381);
#1379 = CARTESIAN_POINT('',(16.75,-9.5,0.));
#1380 = DIRECTION('',(-1.,0.,0.));
#1381 = DIRECTION('',(0.,1.,0.));
#1382 = PCURVE('',#1201,#1383);
#1383 = DEFINITIONAL_REPRESENTATION('',(#1384),#1388);
#1384 = LINE('',#1385,#1386);
#1385 = CARTESIAN_POINT('',(-6.28318530718,-16.75));
#1386 = VECTOR('',#1387,1.);
#1387 = DIRECTION('',(1.,-0.));
#1388 = ( GEOMETRIC_REPRESENTATION_CONTEXT(2) 
PARAMETRIC_REPRESENTATION_CONTEXT() REPRESENTATION_CONTEXT('2D SPACE',''
  ) );
#1389 = PCURVE('',#1279,#1390);
#1390 = DEFINITIONAL_REPRESENTATION('',(#1391),#1399);
#1391 = ( BOUNDED_CURVE() B_SPLINE_CURVE(2,(#1392,#1393,#1394,#1395,
#1396,#1397,#1398),.UNSPECIFIED.,.T.,.F.) B_SPLINE_CURVE_WITH_KNOTS((1,2
    ,2,2,2,1),(-2.094395102393,0.,2.094395102393,4.188790204786,
6.28318530718,8.377580409573),.UNSPECIFIED.) CURVE() 
GEOMETRIC_REPRESENTATION_ITEM() RATIONAL_B_SPLINE_CURVE((1.,0.5,1.,0.5,
1.,0.5,1.)) REPRESENTATION_ITEM('') );
#1392 = CARTESIAN_POINT('',(4.,-8.25));
#1393 = CARTESIAN_POINT('',(-18.0836477965,-8.25));
#1394 = CARTESIAN_POINT('',(-7.041823898252,10.875));
#1395 = CARTESIAN_POINT('',(4.,30.));
#1396 = CARTESIAN_POINT('',(15.041823898252,10.875));
#1397 = CARTESIAN_POINT('',(26.083647796503,-8.25));
#1398 = CARTESIAN_POINT('',(4.,-8.25));
#1399 = ( GEOMETRIC_REPRESENTATION_CONTEXT(2) 
PARAMETRIC_REPRESENTATION_CONTEXT() REPRESENTATION_CONTEXT('2D SPACE',''
  ) );
#1400 = ORIENTED_EDGE('',*,*,#1239,.F.);
#1401 = ORIENTED_EDGE('',*,*,#1402,.F.);
#1402 = EDGE_CURVE('',#1403,#1216,#1405,.T.);
#1403 = VERTEX_POINT('',#1404);
#1404 = CARTESIAN_POINT('',(0.,-4.550252531694,-11.75));
#1405 = SURFACE_CURVE('',#1406,(#1411,#1418),.PCURVE_S1.);
#1406 = CIRCLE('',#1407,12.75);
#1407 = AXIS2_PLACEMENT_3D('',#1408,#1409,#1410);
#1408 = CARTESIAN_POINT('',(0.,-9.5,0.));
#1409 = DIRECTION('',(1.,0.,0.));
#1410 = DIRECTION('',(0.,1.,0.));
#1411 = PCURVE('',#1201,#1412);
#1412 = DEFINITIONAL_REPRESENTATION('',(#1413),#1417);
#1413 = LINE('',#1414,#1415);
#1414 = CARTESIAN_POINT('',(-0.,0.));
#1415 = VECTOR('',#1416,1.);
#1416 = DIRECTION('',(-1.,0.));
#1417 = ( GEOMETRIC_REPRESENTATION_CONTEXT(2) 
PARAMETRIC_REPRESENTATION_CONTEXT() REPRESENTATION_CONTEXT('2D SPACE',''
  ) );
#1418 = PCURVE('',#67,#1419);
#1419 = DEFINITIONAL_REPRESENTATION('',(#1420),#1424);
#1420 = CIRCLE('',#1421,12.75);
#1421 = AXIS2_PLACEMENT_2D('',#1422,#1423);
#1422 = CARTESIAN_POINT('',(-1.275556075309E-15,1.));
#1423 = DIRECTION('',(0.,-1.));
#1424 = ( GEOMETRIC_REPRESENTATION_CONTEXT(2) 
PARAMETRIC_REPRESENTATION_CONTEXT() REPRESENTATION_CONTEXT('2D SPACE',''
  ) );
#1425 = ORIENTED_EDGE('',*,*,#1426,.F.);
#1426 = EDGE_CURVE('',#1427,#1403,#1429,.T.);
#1427 = VERTEX_POINT('',#1428);
#1428 = CARTESIAN_POINT('',(1.,-4.550252531694,-11.75));
#1429 = SURFACE_CURVE('',#1430,(#1434,#1440),.PCURVE_S1.);
#1430 = LINE('',#1431,#1432);
#1431 = CARTESIAN_POINT('',(0.,-4.550252531694,-11.75));
#1432 = VECTOR('',#1433,1.);
#1433 = DIRECTION('',(-1.,-0.,-0.));
#1434 = PCURVE('',#1201,#1435);
#1435 = DEFINITIONAL_REPRESENTATION('',(#1436),#1439);
#1436 = B_SPLINE_CURVE_WITH_KNOTS('',1,(#1437,#1438),.UNSPECIFIED.,.F.,
  .F.,(2,2),(-1.2,6.E-07),.PIECEWISE_BEZIER_KNOTS.);
#1437 = CARTESIAN_POINT('',(-5.111083395786,-1.2));
#1438 = CARTESIAN_POINT('',(-5.111083395786,6.E-07));
#1439 = ( GEOMETRIC_REPRESENTATION_CONTEXT(2) 
PARAMETRIC_REPRESENTATION_CONTEXT() REPRESENTATION_CONTEXT('2D SPACE',''
  ) );
#1440 = PCURVE('',#664,#1441);
#1441 = DEFINITIONAL_REPRESENTATION('',(#1442),#1445);
#1442 = B_SPLINE_CURVE_WITH_KNOTS('',1,(#1443,#1444),.UNSPECIFIED.,.F.,
  .F.,(2,2),(-1.2,6.E-07),.PIECEWISE_BEZIER_KNOTS.);
#1443 = CARTESIAN_POINT('',(2.2,4.949747468306));
#1444 = CARTESIAN_POINT('',(0.9999994,4.949747468306));
#1445 = ( GEOMETRIC_REPRESENTATION_CONTEXT(2) 
PARAMETRIC_REPRESENTATION_CONTEXT() REPRESENTATION_CONTEXT('2D SPACE',''
  ) );
#1446 = ORIENTED_EDGE('',*,*,#1447,.T.);
#1447 = EDGE_CURVE('',#1427,#1144,#1448,.T.);
#1448 = SURFACE_CURVE('',#1449,(#1454,#1461),.PCURVE_S1.);
#1449 = CIRCLE('',#1450,12.75);
#1450 = AXIS2_PLACEMENT_3D('',#1451,#1452,#1453);
#1451 = CARTESIAN_POINT('',(1.,-9.5,0.));
#1452 = DIRECTION('',(-1.,0.,0.));
#1453 = DIRECTION('',(0.,1.,0.));
#1454 = PCURVE('',#1201,#1455);
#1455 = DEFINITIONAL_REPRESENTATION('',(#1456),#1460);
#1456 = LINE('',#1457,#1458);
#1457 = CARTESIAN_POINT('',(-6.28318530718,-1.));
#1458 = VECTOR('',#1459,1.);
#1459 = DIRECTION('',(1.,-0.));
#1460 = ( GEOMETRIC_REPRESENTATION_CONTEXT(2) 
PARAMETRIC_REPRESENTATION_CONTEXT() REPRESENTATION_CONTEXT('2D SPACE',''
  ) );
#1461 = PCURVE('',#692,#1462);
#1462 = DEFINITIONAL_REPRESENTATION('',(#1463),#1471);
#1463 = ( BOUNDED_CURVE() B_SPLINE_CURVE(2,(#1464,#1465,#1466,#1467,
#1468,#1469,#1470),.UNSPECIFIED.,.T.,.F.) B_SPLINE_CURVE_WITH_KNOTS((1,2
    ,2,2,2,1),(-2.094395102393,0.,2.094395102393,4.188790204786,
6.28318530718,8.377580409573),.UNSPECIFIED.) CURVE() 
GEOMETRIC_REPRESENTATION_ITEM() RATIONAL_B_SPLINE_CURVE((1.,0.5,1.,0.5,
1.,0.5,1.)) REPRESENTATION_ITEM('') );
#1464 = CARTESIAN_POINT('',(17.75,-12.75));
#1465 = CARTESIAN_POINT('',(-4.333647796503,-12.75));
#1466 = CARTESIAN_POINT('',(6.708176101748,6.375));
#1467 = CARTESIAN_POINT('',(17.75,25.5));
#1468 = CARTESIAN_POINT('',(28.791823898252,6.375));
#1469 = CARTESIAN_POINT('',(39.833647796503,-12.75));
#1470 = CARTESIAN_POINT('',(17.75,-12.75));
#1471 = ( GEOMETRIC_REPRESENTATION_CONTEXT(2) 
PARAMETRIC_REPRESENTATION_CONTEXT() REPRESENTATION_CONTEXT('2D SPACE',''
  ) );
#1472 = ORIENTED_EDGE('',*,*,#1188,.T.);
#1473 = ADVANCED_FACE('',(#1474),#1310,.T.);
#1474 = FACE_BOUND('',#1475,.T.);
#1475 = EDGE_LOOP('',(#1476,#1499,#1527,#1555,#1583,#1602));
#1476 = ORIENTED_EDGE('',*,*,#1477,.F.);
#1477 = EDGE_CURVE('',#1478,#1263,#1480,.T.);
#1478 = VERTEX_POINT('',#1479);
#1479 = CARTESIAN_POINT('',(16.75,-5.,4.));
#1480 = SURFACE_CURVE('',#1481,(#1485,#1492),.PCURVE_S1.);
#1481 = LINE('',#1482,#1483);
#1482 = CARTESIAN_POINT('',(16.75,-5.,4.));
#1483 = VECTOR('',#1484,1.);
#1484 = DIRECTION('',(0.,1.,0.));
#1485 = PCURVE('',#1310,#1486);
#1486 = DEFINITIONAL_REPRESENTATION('',(#1487),#1491);
#1487 = LINE('',#1488,#1489);
#1488 = CARTESIAN_POINT('',(0.,0.));
#1489 = VECTOR('',#1490,1.);
#1490 = DIRECTION('',(0.,1.));
#1491 = ( GEOMETRIC_REPRESENTATION_CONTEXT(2) 
PARAMETRIC_REPRESENTATION_CONTEXT() REPRESENTATION_CONTEXT('2D SPACE',''
  ) );
#1492 = PCURVE('',#1279,#1493);
#1493 = DEFINITIONAL_REPRESENTATION('',(#1494),#1498);
#1494 = LINE('',#1495,#1496);
#1495 = CARTESIAN_POINT('',(8.,0.));
#1496 = VECTOR('',#1497,1.);
#1497 = DIRECTION('',(0.,-1.));
#1498 = ( GEOMETRIC_REPRESENTATION_CONTEXT(2) 
PARAMETRIC_REPRESENTATION_CONTEXT() REPRESENTATION_CONTEXT('2D SPACE',''
  ) );
#1499 = ORIENTED_EDGE('',*,*,#1500,.T.);
#1500 = EDGE_CURVE('',#1478,#1501,#1503,.T.);
#1501 = VERTEX_POINT('',#1502);
#1502 = CARTESIAN_POINT('',(22.75,-5.,4.));
#1503 = SURFACE_CURVE('',#1504,(#1508,#1515),.PCURVE_S1.);
#1504 = LINE('',#1505,#1506);
#1505 = CARTESIAN_POINT('',(16.75,-5.,4.));
#1506 = VECTOR('',#1507,1.);
#1507 = DIRECTION('',(1.,0.,0.));
#1508 = PCURVE('',#1310,#1509);
#1509 = DEFINITIONAL_REPRESENTATION('',(#1510),#1514);
#1510 = LINE('',#1511,#1512);
#1511 = CARTESIAN_POINT('',(0.,0.));
#1512 = VECTOR('',#1513,1.);
#1513 = DIRECTION('',(1.,0.));
#1514 = ( GEOMETRIC_REPRESENTATION_CONTEXT(2) 
PARAMETRIC_REPRESENTATION_CONTEXT() REPRESENTATION_CONTEXT('2D SPACE',''
  ) );
#1515 = PCURVE('',#1516,#1521);
#1516 = PLANE('',#1517);
#1517 = AXIS2_PLACEMENT_3D('',#1518,#1519,#1520);
#1518 = CARTESIAN_POINT('',(16.75,-5.,-4.));
#1519 = DIRECTION('',(0.,1.,0.));
#1520 = DIRECTION('',(0.,0.,1.));
#1521 = DEFINITIONAL_REPRESENTATION('',(#1522),#1526);
#1522 = LINE('',#1523,#1524);
#1523 = CARTESIAN_POINT('',(8.,0.));
#1524 = VECTOR('',#1525,1.);
#1525 = DIRECTION('',(0.,1.));
#1526 = ( GEOMETRIC_REPRESENTATION_CONTEXT(2) 
PARAMETRIC_REPRESENTATION_CONTEXT() REPRESENTATION_CONTEXT('2D SPACE',''
  ) );
#1527 = ORIENTED_EDGE('',*,*,#1528,.T.);
#1528 = EDGE_CURVE('',#1501,#1529,#1531,.T.);
#1529 = VERTEX_POINT('',#1530);
#1530 = CARTESIAN_POINT('',(22.75,5.,4.));
#1531 = SURFACE_CURVE('',#1532,(#1536,#1543),.PCURVE_S1.);
#1532 = LINE('',#1533,#1534);
#1533 = CARTESIAN_POINT('',(22.75,-5.,4.));
#1534 = VECTOR('',#1535,1.);
#1535 = DIRECTION('',(0.,1.,0.));
#1536 = PCURVE('',#1310,#1537);
#1537 = DEFINITIONAL_REPRESENTATION('',(#1538),#1542);
#1538 = LINE('',#1539,#1540);
#1539 = CARTESIAN_POINT('',(6.,0.));
#1540 = VECTOR('',#1541,1.);
#1541 = DIRECTION('',(0.,1.));
#1542 = ( GEOMETRIC_REPRESENTATION_CONTEXT(2) 
PARAMETRIC_REPRESENTATION_CONTEXT() REPRESENTATION_CONTEXT('2D SPACE',''
  ) );
#1543 = PCURVE('',#1544,#1549);
#1544 = PLANE('',#1545);
#1545 = AXIS2_PLACEMENT_3D('',#1546,#1547,#1548);
#1546 = CARTESIAN_POINT('',(22.75,-5.,-4.));
#1547 = DIRECTION('',(1.,0.,0.));
#1548 = DIRECTION('',(0.,0.,1.));
#1549 = DEFINITIONAL_REPRESENTATION('',(#1550),#1554);
#1550 = LINE('',#1551,#1552);
#1551 = CARTESIAN_POINT('',(8.,0.));
#1552 = VECTOR('',#1553,1.);
#1553 = DIRECTION('',(0.,-1.));
#1554 = ( GEOMETRIC_REPRESENTATION_CONTEXT(2) 
PARAMETRIC_REPRESENTATION_CONTEXT() REPRESENTATION_CONTEXT('2D SPACE',''
  ) );
#1555 = ORIENTED_EDGE('',*,*,#1556,.F.);
#1556 = EDGE_CURVE('',#1557,#1529,#1559,.T.);
#1557 = VERTEX_POINT('',#1558);
#1558 = CARTESIAN_POINT('',(17.,5.,4.));
#1559 = SURFACE_CURVE('',#1560,(#1564,#1571),.PCURVE_S1.);
#1560 = LINE('',#1561,#1562);
#1561 = CARTESIAN_POINT('',(16.75,5.,4.));
#1562 = VECTOR('',#1563,1.);
#1563 = DIRECTION('',(1.,0.,0.));
#1564 = PCURVE('',#1310,#1565);
#1565 = DEFINITIONAL_REPRESENTATION('',(#1566),#1570);
#1566 = LINE('',#1567,#1568);
#1567 = CARTESIAN_POINT('',(0.,10.));
#1568 = VECTOR('',#1569,1.);
#1569 = DIRECTION('',(1.,0.));
#1570 = ( GEOMETRIC_REPRESENTATION_CONTEXT(2) 
PARAMETRIC_REPRESENTATION_CONTEXT() REPRESENTATION_CONTEXT('2D SPACE',''
  ) );
#1571 = PCURVE('',#1572,#1577);
#1572 = PLANE('',#1573);
#1573 = AXIS2_PLACEMENT_3D('',#1574,#1575,#1576);
#1574 = CARTESIAN_POINT('',(16.75,5.,-4.));
#1575 = DIRECTION('',(0.,1.,0.));
#1576 = DIRECTION('',(0.,0.,1.));
#1577 = DEFINITIONAL_REPRESENTATION('',(#1578),#1582);
#1578 = LINE('',#1579,#1580);
#1579 = CARTESIAN_POINT('',(8.,0.));
#1580 = VECTOR('',#1581,1.);
#1581 = DIRECTION('',(0.,1.));
#1582 = ( GEOMETRIC_REPRESENTATION_CONTEXT(2) 
PARAMETRIC_REPRESENTATION_CONTEXT() REPRESENTATION_CONTEXT('2D SPACE',''
  ) );
#1583 = ORIENTED_EDGE('',*,*,#1584,.T.);
#1584 = EDGE_CURVE('',#1557,#1296,#1585,.T.);
#1585 = SURFACE_CURVE('',#1586,(#1590,#1596),.PCURVE_S1.);
#1586 = LINE('',#1587,#1588);
#1587 = CARTESIAN_POINT('',(17.,-6.75,4.));
#1588 = VECTOR('',#1589,1.);
#1589 = DIRECTION('',(0.,-1.,0.));
#1590 = PCURVE('',#1310,#1591);
#1591 = DEFINITIONAL_REPRESENTATION('',(#1592),#1595);
#1592 = B_SPLINE_CURVE_WITH_KNOTS('',1,(#1593,#1594),.UNSPECIFIED.,.F.,
  .F.,(2,2),(-11.75,-1.75),.PIECEWISE_BEZIER_KNOTS.);
#1593 = CARTESIAN_POINT('',(0.25,10.));
#1594 = CARTESIAN_POINT('',(0.25,0.));
#1595 = ( GEOMETRIC_REPRESENTATION_CONTEXT(2) 
PARAMETRIC_REPRESENTATION_CONTEXT() REPRESENTATION_CONTEXT('2D SPACE',''
  ) );
#1596 = PCURVE('',#529,#1597);
#1597 = DEFINITIONAL_REPRESENTATION('',(#1598),#1601);
#1598 = B_SPLINE_CURVE_WITH_KNOTS('',1,(#1599,#1600),.UNSPECIFIED.,.F.,
  .F.,(2,2),(-11.75,-1.75),.PIECEWISE_BEZIER_KNOTS.);
#1599 = CARTESIAN_POINT('',(4.,-13.5));
#1600 = CARTESIAN_POINT('',(4.,-3.5));
#1601 = ( GEOMETRIC_REPRESENTATION_CONTEXT(2) 
PARAMETRIC_REPRESENTATION_CONTEXT() REPRESENTATION_CONTEXT('2D SPACE',''
  ) );
#1602 = ORIENTED_EDGE('',*,*,#1295,.T.);
#1603 = ADVANCED_FACE('',(#1604),#1516,.F.);
#1604 = FACE_BOUND('',#1605,.F.);
#1605 = EDGE_LOOP('',(#1606,#1631,#1652,#1653));
#1606 = ORIENTED_EDGE('',*,*,#1607,.F.);
#1607 = EDGE_CURVE('',#1608,#1610,#1612,.T.);
#1608 = VERTEX_POINT('',#1609);
#1609 = CARTESIAN_POINT('',(16.75,-5.,-4.));
#1610 = VERTEX_POINT('',#1611);
#1611 = CARTESIAN_POINT('',(22.75,-5.,-4.));
#1612 = SURFACE_CURVE('',#1613,(#1617,#1624),.PCURVE_S1.);
#1613 = LINE('',#1614,#1615);
#1614 = CARTESIAN_POINT('',(16.75,-5.,-4.));
#1615 = VECTOR('',#1616,1.);
#1616 = DIRECTION('',(1.,0.,0.));
#1617 = PCURVE('',#1516,#1618);
#1618 = DEFINITIONAL_REPRESENTATION('',(#1619),#1623);
#1619 = LINE('',#1620,#1621);
#1620 = CARTESIAN_POINT('',(0.,0.));
#1621 = VECTOR('',#1622,1.);
#1622 = DIRECTION('',(0.,1.));
#1623 = ( GEOMETRIC_REPRESENTATION_CONTEXT(2) 
PARAMETRIC_REPRESENTATION_CONTEXT() REPRESENTATION_CONTEXT('2D SPACE',''
  ) );
#1624 = PCURVE('',#1364,#1625);
#1625 = DEFINITIONAL_REPRESENTATION('',(#1626),#1630);
#1626 = LINE('',#1627,#1628);
#1627 = CARTESIAN_POINT('',(0.,0.));
#1628 = VECTOR('',#1629,1.);
#1629 = DIRECTION('',(1.,0.));
#1630 = ( GEOMETRIC_REPRESENTATION_CONTEXT(2) 
PARAMETRIC_REPRESENTATION_CONTEXT() REPRESENTATION_CONTEXT('2D SPACE',''
  ) );
#1631 = ORIENTED_EDGE('',*,*,#1632,.T.);
#1632 = EDGE_CURVE('',#1608,#1478,#1633,.T.);
#1633 = SURFACE_CURVE('',#1634,(#1638,#1645),.PCURVE_S1.);
#1634 = LINE('',#1635,#1636);
#1635 = CARTESIAN_POINT('',(16.75,-5.,-4.));
#1636 = VECTOR('',#1637,1.);
#1637 = DIRECTION('',(0.,0.,1.));
#1638 = PCURVE('',#1516,#1639);
#1639 = DEFINITIONAL_REPRESENTATION('',(#1640),#1644);
#1640 = LINE('',#1641,#1642);
#1641 = CARTESIAN_POINT('',(0.,0.));
#1642 = VECTOR('',#1643,1.);
#1643 = DIRECTION('',(1.,0.));
#1644 = ( GEOMETRIC_REPRESENTATION_CONTEXT(2) 
PARAMETRIC_REPRESENTATION_CONTEXT() REPRESENTATION_CONTEXT('2D SPACE',''
  ) );
#1645 = PCURVE('',#1279,#1646);
#1646 = DEFINITIONAL_REPRESENTATION('',(#1647),#1651);
#1647 = LINE('',#1648,#1649);
#1648 = CARTESIAN_POINT('',(0.,0.));
#1649 = VECTOR('',#1650,1.);
#1650 = DIRECTION('',(1.,0.));
#1651 = ( GEOMETRIC_REPRESENTATION_CONTEXT(2) 
PARAMETRIC_REPRESENTATION_CONTEXT() REPRESENTATION_CONTEXT('2D SPACE',''
  ) );
#1652 = ORIENTED_EDGE('',*,*,#1500,.T.);
#1653 = ORIENTED_EDGE('',*,*,#1654,.F.);
#1654 = EDGE_CURVE('',#1610,#1501,#1655,.T.);
#1655 = SURFACE_CURVE('',#1656,(#1660,#1667),.PCURVE_S1.);
#1656 = LINE('',#1657,#1658);
#1657 = CARTESIAN_POINT('',(22.75,-5.,-4.));
#1658 = VECTOR('',#1659,1.);
#1659 = DIRECTION('',(0.,0.,1.));
#1660 = PCURVE('',#1516,#1661);
#1661 = DEFINITIONAL_REPRESENTATION('',(#1662),#1666);
#1662 = LINE('',#1663,#1664);
#1663 = CARTESIAN_POINT('',(0.,6.));
#1664 = VECTOR('',#1665,1.);
#1665 = DIRECTION('',(1.,0.));
#1666 = ( GEOMETRIC_REPRESENTATION_CONTEXT(2) 
PARAMETRIC_REPRESENTATION_CONTEXT() REPRESENTATION_CONTEXT('2D SPACE',''
  ) );
#1667 = PCURVE('',#1544,#1668);
#1668 = DEFINITIONAL_REPRESENTATION('',(#1669),#1673);
#1669 = LINE('',#1670,#1671);
#1670 = CARTESIAN_POINT('',(0.,0.));
#1671 = VECTOR('',#1672,1.);
#1672 = DIRECTION('',(1.,0.));
#1673 = ( GEOMETRIC_REPRESENTATION_CONTEXT(2) 
PARAMETRIC_REPRESENTATION_CONTEXT() REPRESENTATION_CONTEXT('2D SPACE',''
  ) );
#1674 = ADVANCED_FACE('',(#1675),#1544,.T.);
#1675 = FACE_BOUND('',#1676,.T.);
#1676 = EDGE_LOOP('',(#1677,#1678,#1701,#1722));
#1677 = ORIENTED_EDGE('',*,*,#1654,.F.);
#1678 = ORIENTED_EDGE('',*,*,#1679,.T.);
#1679 = EDGE_CURVE('',#1610,#1680,#1682,.T.);
#1680 = VERTEX_POINT('',#1681);
#1681 = CARTESIAN_POINT('',(22.75,5.,-4.));
#1682 = SURFACE_CURVE('',#1683,(#1687,#1694),.PCURVE_S1.);
#1683 = LINE('',#1684,#1685);
#1684 = CARTESIAN_POINT('',(22.75,-5.,-4.));
#1685 = VECTOR('',#1686,1.);
#1686 = DIRECTION('',(0.,1.,0.));
#1687 = PCURVE('',#1544,#1688);
#1688 = DEFINITIONAL_REPRESENTATION('',(#1689),#1693);
#1689 = LINE('',#1690,#1691);
#1690 = CARTESIAN_POINT('',(0.,0.));
#1691 = VECTOR('',#1692,1.);
#1692 = DIRECTION('',(0.,-1.));
#1693 = ( GEOMETRIC_REPRESENTATION_CONTEXT(2) 
PARAMETRIC_REPRESENTATION_CONTEXT() REPRESENTATION_CONTEXT('2D SPACE',''
  ) );
#1694 = PCURVE('',#1364,#1695);
#1695 = DEFINITIONAL_REPRESENTATION('',(#1696),#1700);
#1696 = LINE('',#1697,#1698);
#1697 = CARTESIAN_POINT('',(6.,0.));
#1698 = VECTOR('',#1699,1.);
#1699 = DIRECTION('',(0.,1.));
#1700 = ( GEOMETRIC_REPRESENTATION_CONTEXT(2) 
PARAMETRIC_REPRESENTATION_CONTEXT() REPRESENTATION_CONTEXT('2D SPACE',''
  ) );
#1701 = ORIENTED_EDGE('',*,*,#1702,.T.);
#1702 = EDGE_CURVE('',#1680,#1529,#1703,.T.);
#1703 = SURFACE_CURVE('',#1704,(#1708,#1715),.PCURVE_S1.);
#1704 = LINE('',#1705,#1706);
#1705 = CARTESIAN_POINT('',(22.75,5.,-4.));
#1706 = VECTOR('',#1707,1.);
#1707 = DIRECTION('',(0.,0.,1.));
#1708 = PCURVE('',#1544,#1709);
#1709 = DEFINITIONAL_REPRESENTATION('',(#1710),#1714);
#1710 = LINE('',#1711,#1712);
#1711 = CARTESIAN_POINT('',(0.,-10.));
#1712 = VECTOR('',#1713,1.);
#1713 = DIRECTION('',(1.,0.));
#1714 = ( GEOMETRIC_REPRESENTATION_CONTEXT(2) 
PARAMETRIC_REPRESENTATION_CONTEXT() REPRESENTATION_CONTEXT('2D SPACE',''
  ) );
#1715 = PCURVE('',#1572,#1716);
#1716 = DEFINITIONAL_REPRESENTATION('',(#1717),#1721);
#1717 = LINE('',#1718,#1719);
#1718 = CARTESIAN_POINT('',(0.,6.));
#1719 = VECTOR('',#1720,1.);
#1720 = DIRECTION('',(1.,0.));
#1721 = ( GEOMETRIC_REPRESENTATION_CONTEXT(2) 
PARAMETRIC_REPRESENTATION_CONTEXT() REPRESENTATION_CONTEXT('2D SPACE',''
  ) );
#1722 = ORIENTED_EDGE('',*,*,#1528,.F.);
#1723 = ADVANCED_FACE('',(#1724),#1572,.T.);
#1724 = FACE_BOUND('',#1725,.T.);
#1725 = EDGE_LOOP('',(#1726,#1749,#1768,#1769));
#1726 = ORIENTED_EDGE('',*,*,#1727,.F.);
#1727 = EDGE_CURVE('',#1728,#1680,#1730,.T.);
#1728 = VERTEX_POINT('',#1729);
#1729 = CARTESIAN_POINT('',(17.,5.,-4.));
#1730 = SURFACE_CURVE('',#1731,(#1735,#1742),.PCURVE_S1.);
#1731 = LINE('',#1732,#1733);
#1732 = CARTESIAN_POINT('',(16.75,5.,-4.));
#1733 = VECTOR('',#1734,1.);
#1734 = DIRECTION('',(1.,0.,0.));
#1735 = PCURVE('',#1572,#1736);
#1736 = DEFINITIONAL_REPRESENTATION('',(#1737),#1741);
#1737 = LINE('',#1738,#1739);
#1738 = CARTESIAN_POINT('',(0.,0.));
#1739 = VECTOR('',#1740,1.);
#1740 = DIRECTION('',(0.,1.));
#1741 = ( GEOMETRIC_REPRESENTATION_CONTEXT(2) 
PARAMETRIC_REPRESENTATION_CONTEXT() REPRESENTATION_CONTEXT('2D SPACE',''
  ) );
#1742 = PCURVE('',#1364,#1743);
#1743 = DEFINITIONAL_REPRESENTATION('',(#1744),#1748);
#1744 = LINE('',#1745,#1746);
#1745 = CARTESIAN_POINT('',(0.,10.));
#1746 = VECTOR('',#1747,1.);
#1747 = DIRECTION('',(1.,0.));
#1748 = ( GEOMETRIC_REPRESENTATION_CONTEXT(2) 
PARAMETRIC_REPRESENTATION_CONTEXT() REPRESENTATION_CONTEXT('2D SPACE',''
  ) );
#1749 = ORIENTED_EDGE('',*,*,#1750,.T.);
#1750 = EDGE_CURVE('',#1728,#1557,#1751,.T.);
#1751 = SURFACE_CURVE('',#1752,(#1756,#1762),.PCURVE_S1.);
#1752 = LINE('',#1753,#1754);
#1753 = CARTESIAN_POINT('',(17.,5.,-2.));
#1754 = VECTOR('',#1755,1.);
#1755 = DIRECTION('',(0.,0.,1.));
#1756 = PCURVE('',#1572,#1757);
#1757 = DEFINITIONAL_REPRESENTATION('',(#1758),#1761);
#1758 = B_SPLINE_CURVE_WITH_KNOTS('',1,(#1759,#1760),.UNSPECIFIED.,.F.,
  .F.,(2,2),(-2.,6.),.PIECEWISE_BEZIER_KNOTS.);
#1759 = CARTESIAN_POINT('',(0.,0.25));
#1760 = CARTESIAN_POINT('',(8.,0.25));
#1761 = ( GEOMETRIC_REPRESENTATION_CONTEXT(2) 
PARAMETRIC_REPRESENTATION_CONTEXT() REPRESENTATION_CONTEXT('2D SPACE',''
  ) );
#1762 = PCURVE('',#529,#1763);
#1763 = DEFINITIONAL_REPRESENTATION('',(#1764),#1767);
#1764 = B_SPLINE_CURVE_WITH_KNOTS('',1,(#1765,#1766),.UNSPECIFIED.,.F.,
  .F.,(2,2),(-2.,6.),.PIECEWISE_BEZIER_KNOTS.);
#1765 = CARTESIAN_POINT('',(-4.,-13.5));
#1766 = CARTESIAN_POINT('',(4.,-13.5));
#1767 = ( GEOMETRIC_REPRESENTATION_CONTEXT(2) 
PARAMETRIC_REPRESENTATION_CONTEXT() REPRESENTATION_CONTEXT('2D SPACE',''
  ) );
#1768 = ORIENTED_EDGE('',*,*,#1556,.T.);
#1769 = ORIENTED_EDGE('',*,*,#1702,.F.);
#1770 = ADVANCED_FACE('',(#1771),#1364,.F.);
#1771 = FACE_BOUND('',#1772,.F.);
#1772 = EDGE_LOOP('',(#1773,#1794,#1795,#1796,#1797,#1816));
#1773 = ORIENTED_EDGE('',*,*,#1774,.F.);
#1774 = EDGE_CURVE('',#1608,#1350,#1775,.T.);
#1775 = SURFACE_CURVE('',#1776,(#1780,#1787),.PCURVE_S1.);
#1776 = LINE('',#1777,#1778);
#1777 = CARTESIAN_POINT('',(16.75,-5.,-4.));
#1778 = VECTOR('',#1779,1.);
#1779 = DIRECTION('',(0.,1.,0.));
#1780 = PCURVE('',#1364,#1781);
#1781 = DEFINITIONAL_REPRESENTATION('',(#1782),#1786);
#1782 = LINE('',#1783,#1784);
#1783 = CARTESIAN_POINT('',(0.,0.));
#1784 = VECTOR('',#1785,1.);
#1785 = DIRECTION('',(0.,1.));
#1786 = ( GEOMETRIC_REPRESENTATION_CONTEXT(2) 
PARAMETRIC_REPRESENTATION_CONTEXT() REPRESENTATION_CONTEXT('2D SPACE',''
  ) );
#1787 = PCURVE('',#1279,#1788);
#1788 = DEFINITIONAL_REPRESENTATION('',(#1789),#1793);
#1789 = LINE('',#1790,#1791);
#1790 = CARTESIAN_POINT('',(0.,0.));
#1791 = VECTOR('',#1792,1.);
#1792 = DIRECTION('',(0.,-1.));
#1793 = ( GEOMETRIC_REPRESENTATION_CONTEXT(2) 
PARAMETRIC_REPRESENTATION_CONTEXT() REPRESENTATION_CONTEXT('2D SPACE',''
  ) );
#1794 = ORIENTED_EDGE('',*,*,#1607,.T.);
#1795 = ORIENTED_EDGE('',*,*,#1679,.T.);
#1796 = ORIENTED_EDGE('',*,*,#1727,.F.);
#1797 = ORIENTED_EDGE('',*,*,#1798,.T.);
#1798 = EDGE_CURVE('',#1728,#1322,#1799,.T.);
#1799 = SURFACE_CURVE('',#1800,(#1804,#1810),.PCURVE_S1.);
#1800 = LINE('',#1801,#1802);
#1801 = CARTESIAN_POINT('',(17.,-6.75,-4.));
#1802 = VECTOR('',#1803,1.);
#1803 = DIRECTION('',(0.,-1.,0.));
#1804 = PCURVE('',#1364,#1805);
#1805 = DEFINITIONAL_REPRESENTATION('',(#1806),#1809);
#1806 = B_SPLINE_CURVE_WITH_KNOTS('',1,(#1807,#1808),.UNSPECIFIED.,.F.,
  .F.,(2,2),(-11.75,-1.75),.PIECEWISE_BEZIER_KNOTS.);
#1807 = CARTESIAN_POINT('',(0.25,10.));
#1808 = CARTESIAN_POINT('',(0.25,0.));
#1809 = ( GEOMETRIC_REPRESENTATION_CONTEXT(2) 
PARAMETRIC_REPRESENTATION_CONTEXT() REPRESENTATION_CONTEXT('2D SPACE',''
  ) );
#1810 = PCURVE('',#529,#1811);
#1811 = DEFINITIONAL_REPRESENTATION('',(#1812),#1815);
#1812 = B_SPLINE_CURVE_WITH_KNOTS('',1,(#1813,#1814),.UNSPECIFIED.,.F.,
  .F.,(2,2),(-11.75,-1.75),.PIECEWISE_BEZIER_KNOTS.);
#1813 = CARTESIAN_POINT('',(-4.,-13.5));
#1814 = CARTESIAN_POINT('',(-4.,-3.5));
#1815 = ( GEOMETRIC_REPRESENTATION_CONTEXT(2) 
PARAMETRIC_REPRESENTATION_CONTEXT() REPRESENTATION_CONTEXT('2D SPACE',''
  ) );
#1816 = ORIENTED_EDGE('',*,*,#1349,.T.);
#1817 = ADVANCED_FACE('',(#1818),#1279,.F.);
#1818 = FACE_BOUND('',#1819,.F.);
#1819 = EDGE_LOOP('',(#1820,#1821,#1822,#1823,#1824));
#1820 = ORIENTED_EDGE('',*,*,#1477,.F.);
#1821 = ORIENTED_EDGE('',*,*,#1632,.F.);
#1822 = ORIENTED_EDGE('',*,*,#1774,.T.);
#1823 = ORIENTED_EDGE('',*,*,#1375,.F.);
#1824 = ORIENTED_EDGE('',*,*,#1262,.F.);
#1825 = ADVANCED_FACE('',(#1826),#692,.F.);
#1826 = FACE_BOUND('',#1827,.F.);
#1827 = EDGE_LOOP('',(#1828,#1829,#1830,#1851));
#1828 = ORIENTED_EDGE('',*,*,#1143,.F.);
#1829 = ORIENTED_EDGE('',*,*,#675,.F.);
#1830 = ORIENTED_EDGE('',*,*,#1831,.F.);
#1831 = EDGE_CURVE('',#1427,#650,#1832,.T.);
#1832 = SURFACE_CURVE('',#1833,(#1837,#1844),.PCURVE_S1.);
#1833 = LINE('',#1834,#1835);
#1834 = CARTESIAN_POINT('',(1.,-9.5,-11.75));
#1835 = VECTOR('',#1836,1.);
#1836 = DIRECTION('',(0.,1.,0.));
#1837 = PCURVE('',#692,#1838);
#1838 = DEFINITIONAL_REPRESENTATION('',(#1839),#1843);
#1839 = LINE('',#1840,#1841);
#1840 = CARTESIAN_POINT('',(6.,0.));
#1841 = VECTOR('',#1842,1.);
#1842 = DIRECTION('',(0.,-1.));
#1843 = ( GEOMETRIC_REPRESENTATION_CONTEXT(2) 
PARAMETRIC_REPRESENTATION_CONTEXT() REPRESENTATION_CONTEXT('2D SPACE',''
  ) );
#1844 = PCURVE('',#664,#1845);
#1845 = DEFINITIONAL_REPRESENTATION('',(#1846),#1850);
#1846 = LINE('',#1847,#1848);
#1847 = CARTESIAN_POINT('',(2.,0.));
#1848 = VECTOR('',#1849,1.);
#1849 = DIRECTION('',(0.,1.));
#1850 = ( GEOMETRIC_REPRESENTATION_CONTEXT(2) 
PARAMETRIC_REPRESENTATION_CONTEXT() REPRESENTATION_CONTEXT('2D SPACE',''
  ) );
#1851 = ORIENTED_EDGE('',*,*,#1447,.T.);
#1852 = ADVANCED_FACE('',(#1853),#664,.F.);
#1853 = FACE_BOUND('',#1854,.F.);
#1854 = EDGE_LOOP('',(#1855,#1856,#1857,#1876));
#1855 = ORIENTED_EDGE('',*,*,#1831,.T.);
#1856 = ORIENTED_EDGE('',*,*,#649,.T.);
#1857 = ORIENTED_EDGE('',*,*,#1858,.T.);
#1858 = EDGE_CURVE('',#626,#1403,#1859,.T.);
#1859 = SURFACE_CURVE('',#1860,(#1864,#1870),.PCURVE_S1.);
#1860 = LINE('',#1861,#1862);
#1861 = CARTESIAN_POINT('',(0.,-9.,-11.75));
#1862 = VECTOR('',#1863,1.);
#1863 = DIRECTION('',(0.,-1.,0.));
#1864 = PCURVE('',#664,#1865);
#1865 = DEFINITIONAL_REPRESENTATION('',(#1866),#1869);
#1866 = B_SPLINE_CURVE_WITH_KNOTS('',1,(#1867,#1868),.UNSPECIFIED.,.F.,
  .F.,(2,2),(-17.25,0.5),.PIECEWISE_BEZIER_KNOTS.);
#1867 = CARTESIAN_POINT('',(1.,17.75));
#1868 = CARTESIAN_POINT('',(1.,0.));
#1869 = ( GEOMETRIC_REPRESENTATION_CONTEXT(2) 
PARAMETRIC_REPRESENTATION_CONTEXT() REPRESENTATION_CONTEXT('2D SPACE',''
  ) );
#1870 = PCURVE('',#67,#1871);
#1871 = DEFINITIONAL_REPRESENTATION('',(#1872),#1875);
#1872 = B_SPLINE_CURVE_WITH_KNOTS('',1,(#1873,#1874),.UNSPECIFIED.,.F.,
  .F.,(2,2),(-17.25,0.5),.PIECEWISE_BEZIER_KNOTS.);
#1873 = CARTESIAN_POINT('',(-11.75,-16.75));
#1874 = CARTESIAN_POINT('',(-11.75,1.));
#1875 = ( GEOMETRIC_REPRESENTATION_CONTEXT(2) 
PARAMETRIC_REPRESENTATION_CONTEXT() REPRESENTATION_CONTEXT('2D SPACE',''
  ) );
#1876 = ORIENTED_EDGE('',*,*,#1426,.F.);
#1877 = ADVANCED_FACE('',(#1878),#586,.T.);
#1878 = FACE_BOUND('',#1879,.T.);
#1879 = EDGE_LOOP('',(#1880,#1881));
#1880 = ORIENTED_EDGE('',*,*,#571,.T.);
#1881 = ORIENTED_EDGE('',*,*,#1882,.F.);
#1882 = EDGE_CURVE('',#543,#572,#1883,.T.);
#1883 = SURFACE_CURVE('',#1884,(#1889,#1900),.PCURVE_S1.);
#1884 = CIRCLE('',#1885,1.7);
#1885 = AXIS2_PLACEMENT_3D('',#1886,#1887,#1888);
#1886 = CARTESIAN_POINT('',(9.1,8.,-1.));
#1887 = DIRECTION('',(0.,0.,-1.));
#1888 = DIRECTION('',(0.991581526206,0.129483886592,0.));
#1889 = PCURVE('',#586,#1890);
#1890 = DEFINITIONAL_REPRESENTATION('',(#1891),#1899);
#1891 = ( BOUNDED_CURVE() B_SPLINE_CURVE(2,(#1892,#1893,#1894,#1895,
#1896,#1897,#1898),.UNSPECIFIED.,.T.,.F.) B_SPLINE_CURVE_WITH_KNOTS((1,2
    ,2,2,2,1),(-2.094395102393,0.,2.094395102393,4.188790204786,
6.28318530718,8.377580409573),.UNSPECIFIED.) CURVE() 
GEOMETRIC_REPRESENTATION_ITEM() RATIONAL_B_SPLINE_CURVE((1.,0.5,1.,0.5,
1.,0.5,1.)) REPRESENTATION_ITEM('') );
#1892 = CARTESIAN_POINT('',(1.68568859455,0.220122607206));
#1893 = CARTESIAN_POINT('',(2.066952134126,-2.699575684294));
#1894 = CARTESIAN_POINT('',(-0.652212527488,-1.569910449353));
#1895 = CARTESIAN_POINT('',(-3.371377189101,-0.440245214412));
#1896 = CARTESIAN_POINT('',(-1.033476067063,1.349787842147));
#1897 = CARTESIAN_POINT('',(1.304425054975,3.139820898706));
#1898 = CARTESIAN_POINT('',(1.68568859455,0.220122607206));
#1899 = ( GEOMETRIC_REPRESENTATION_CONTEXT(2) 
PARAMETRIC_REPRESENTATION_CONTEXT() REPRESENTATION_CONTEXT('2D SPACE',''
  ) );
#1900 = PCURVE('',#347,#1901);
#1901 = DEFINITIONAL_REPRESENTATION('',(#1902),#1906);
#1902 = LINE('',#1903,#1904);
#1903 = CARTESIAN_POINT('',(6.413033773986,-22.76));
#1904 = VECTOR('',#1905,1.);
#1905 = DIRECTION('',(-1.,-0.));
#1906 = ( GEOMETRIC_REPRESENTATION_CONTEXT(2) 
PARAMETRIC_REPRESENTATION_CONTEXT() REPRESENTATION_CONTEXT('2D SPACE',''
  ) );
#1907 = ADVANCED_FACE('',(#1908,#1911),#529,.T.);
#1908 = FACE_BOUND('',#1909,.T.);
#1909 = EDGE_LOOP('',(#1910));
#1910 = ORIENTED_EDGE('',*,*,#514,.T.);
#1911 = FACE_BOUND('',#1912,.T.);
#1912 = EDGE_LOOP('',(#1913,#1914,#1915,#1916));
#1913 = ORIENTED_EDGE('',*,*,#1798,.T.);
#1914 = ORIENTED_EDGE('',*,*,#1321,.T.);
#1915 = ORIENTED_EDGE('',*,*,#1584,.F.);
#1916 = ORIENTED_EDGE('',*,*,#1750,.F.);
#1917 = ADVANCED_FACE('',(#1918),#347,.F.);
#1918 = FACE_BOUND('',#1919,.F.);
#1919 = EDGE_LOOP('',(#1920,#1921,#1922,#1923));
#1920 = ORIENTED_EDGE('',*,*,#1882,.F.);
#1921 = ORIENTED_EDGE('',*,*,#542,.T.);
#1922 = ORIENTED_EDGE('',*,*,#102,.T.);
#1923 = ORIENTED_EDGE('',*,*,#597,.T.);
#1924 = ADVANCED_FACE('',(#1925),#67,.F.);
#1925 = FACE_BOUND('',#1926,.F.);
#1926 = EDGE_LOOP('',(#1927,#1928,#1929,#1930,#1931,#1932,#1933,#1934,
    #1935,#1936));
#1927 = ORIENTED_EDGE('',*,*,#1858,.F.);
#1928 = ORIENTED_EDGE('',*,*,#625,.T.);
#1929 = ORIENTED_EDGE('',*,*,#43,.T.);
#1930 = ORIENTED_EDGE('',*,*,#1097,.T.);
#1931 = ORIENTED_EDGE('',*,*,#1120,.T.);
#1932 = ORIENTED_EDGE('',*,*,#758,.T.);
#1933 = ORIENTED_EDGE('',*,*,#734,.T.);
#1934 = ORIENTED_EDGE('',*,*,#1167,.T.);
#1935 = ORIENTED_EDGE('',*,*,#1215,.F.);
#1936 = ORIENTED_EDGE('',*,*,#1402,.F.);
#1937 = ( GEOMETRIC_REPRESENTATION_CONTEXT(3) 
GLOBAL_UNCERTAINTY_ASSIGNED_CONTEXT((#1941)) 
GLOBAL_UNIT_ASSIGNED_CONTEXT((#1938,#1939,#1940)) REPRESENTATION_CONTEXT
('Context #1','3D Context with UNIT and UNCERTAINTY') );
#1938 = ( LENGTH_UNIT() NAMED_UNIT(*) SI_UNIT(.MILLI.,.METRE.) );
#1939 = ( NAMED_UNIT(*) PLANE_ANGLE_UNIT() SI_UNIT($,.RADIAN.) );
#1940 = ( NAMED_UNIT(*) SI_UNIT($,.STERADIAN.) SOLID_ANGLE_UNIT() );
#1941 = UNCERTAINTY_MEASURE_WITH_UNIT(LENGTH_MEASURE(1.E-07),#1938,
  'distance_accuracy_value','confusion accuracy');
#1942 = CONTEXT_DEPENDENT_SHAPE_REPRESENTATION(#1943,#1945);
#1943 = ( REPRESENTATION_RELATIONSHIP('','',#36,#10) 
REPRESENTATION_RELATIONSHIP_WITH_TRANSFORMATION(#1944) 
SHAPE_REPRESENTATION_RELATIONSHIP() );
#1944 = ITEM_DEFINED_TRANSFORMATION('','',#11,#15);
#1945 = PRODUCT_DEFINITION_SHAPE('Placement','Placement of an item',
  #1946);
#1946 = NEXT_ASSEMBLY_USAGE_OCCURRENCE('1','','',#5,#31,$);
#1947 = PRODUCT_RELATED_PRODUCT_CATEGORY('part',$,(#33));
#1948 = SHAPE_DEFINITION_REPRESENTATION(#1949,#1955);
#1949 = PRODUCT_DEFINITION_SHAPE('','',#1950);
#1950 = PRODUCT_DEFINITION('design','',#1951,#1954);
#1951 = PRODUCT_DEFINITION_FORMATION('','',#1952);
#1952 = PRODUCT('Open CASCADE STEP translator 7.9 1.2',
  'Open CASCADE STEP translator 7.9 1.2','',(#1953));
#1953 = PRODUCT_CONTEXT('',#2,'mechanical');
#1954 = PRODUCT_DEFINITION_CONTEXT('part definition',#2,'design');
#1955 = ADVANCED_BREP_SHAPE_REPRESENTATION('',(#11,#1956),#2562);
#1956 = MANIFOLD_SOLID_BREP('',#1957);
#1957 = CLOSED_SHELL('',(#1958,#2194,#2270,#2319,#2368,#2396,#2446,#2496
    ,#2546));
#1958 = ADVANCED_FACE('',(#1959,#2101,#2132,#2163),#1973,.F.);
#1959 = FACE_BOUND('',#1960,.F.);
#1960 = EDGE_LOOP('',(#1961,#1996,#2024,#2052,#2075));
#1961 = ORIENTED_EDGE('',*,*,#1962,.F.);
#1962 = EDGE_CURVE('',#1963,#1965,#1967,.T.);
#1963 = VERTEX_POINT('',#1964);
#1964 = CARTESIAN_POINT('',(-13.8,-12.7,16.75));
#1965 = VERTEX_POINT('',#1966);
#1966 = CARTESIAN_POINT('',(-13.8,12.7,16.75));
#1967 = SURFACE_CURVE('',#1968,(#1972,#1984),.PCURVE_S1.);
#1968 = LINE('',#1969,#1970);
#1969 = CARTESIAN_POINT('',(-13.8,-12.7,16.75));
#1970 = VECTOR('',#1971,1.);
#1971 = DIRECTION('',(0.,1.,0.));
#1972 = PCURVE('',#1973,#1978);
#1973 = PLANE('',#1974);
#1974 = AXIS2_PLACEMENT_3D('',#1975,#1976,#1977);
#1975 = CARTESIAN_POINT('',(-13.8,-12.7,16.75));
#1976 = DIRECTION('',(0.,0.,1.));
#1977 = DIRECTION('',(1.,0.,0.));
#1978 = DEFINITIONAL_REPRESENTATION('',(#1979),#1983);
#1979 = LINE('',#1980,#1981);
#1980 = CARTESIAN_POINT('',(0.,0.));
#1981 = VECTOR('',#1982,1.);
#1982 = DIRECTION('',(0.,1.));
#1983 = ( GEOMETRIC_REPRESENTATION_CONTEXT(2) 
PARAMETRIC_REPRESENTATION_CONTEXT() REPRESENTATION_CONTEXT('2D SPACE',''
  ) );
#1984 = PCURVE('',#1985,#1990);
#1985 = PLANE('',#1986);
#1986 = AXIS2_PLACEMENT_3D('',#1987,#1988,#1989);
#1987 = CARTESIAN_POINT('',(-13.8,-12.7,16.75));
#1988 = DIRECTION('',(1.,0.,0.));
#1989 = DIRECTION('',(0.,0.,1.));
#1990 = DEFINITIONAL_REPRESENTATION('',(#1991),#1995);
#1991 = LINE('',#1992,#1993);
#1992 = CARTESIAN_POINT('',(0.,0.));
#1993 = VECTOR('',#1994,1.);
#1994 = DIRECTION('',(0.,-1.));
#1995 = ( GEOMETRIC_REPRESENTATION_CONTEXT(2) 
PARAMETRIC_REPRESENTATION_CONTEXT() REPRESENTATION_CONTEXT('2D SPACE',''
  ) );
#1996 = ORIENTED_EDGE('',*,*,#1997,.T.);
#1997 = EDGE_CURVE('',#1963,#1998,#2000,.T.);
#1998 = VERTEX_POINT('',#1999);
#1999 = CARTESIAN_POINT('',(13.8,-12.7,16.75));
#2000 = SURFACE_CURVE('',#2001,(#2005,#2012),.PCURVE_S1.);
#2001 = LINE('',#2002,#2003);
#2002 = CARTESIAN_POINT('',(-13.8,-12.7,16.75));
#2003 = VECTOR('',#2004,1.);
#2004 = DIRECTION('',(1.,0.,0.));
#2005 = PCURVE('',#1973,#2006);
#2006 = DEFINITIONAL_REPRESENTATION('',(#2007),#2011);
#2007 = LINE('',#2008,#2009);
#2008 = CARTESIAN_POINT('',(0.,0.));
#2009 = VECTOR('',#2010,1.);
#2010 = DIRECTION('',(1.,0.));
#2011 = ( GEOMETRIC_REPRESENTATION_CONTEXT(2) 
PARAMETRIC_REPRESENTATION_CONTEXT() REPRESENTATION_CONTEXT('2D SPACE',''
  ) );
#2012 = PCURVE('',#2013,#2018);
#2013 = PLANE('',#2014);
#2014 = AXIS2_PLACEMENT_3D('',#2015,#2016,#2017);
#2015 = CARTESIAN_POINT('',(-13.8,-12.7,16.75));
#2016 = DIRECTION('',(0.,1.,0.));
#2017 = DIRECTION('',(0.,0.,1.));
#2018 = DEFINITIONAL_REPRESENTATION('',(#2019),#2023);
#2019 = LINE('',#2020,#2021);
#2020 = CARTESIAN_POINT('',(0.,0.));
#2021 = VECTOR('',#2022,1.);
#2022 = DIRECTION('',(0.,1.));
#2023 = ( GEOMETRIC_REPRESENTATION_CONTEXT(2) 
PARAMETRIC_REPRESENTATION_CONTEXT() REPRESENTATION_CONTEXT('2D SPACE',''
  ) );
#2024 = ORIENTED_EDGE('',*,*,#2025,.T.);
#2025 = EDGE_CURVE('',#1998,#2026,#2028,.T.);
#2026 = VERTEX_POINT('',#2027);
#2027 = CARTESIAN_POINT('',(13.8,-8.5,16.75));
#2028 = SURFACE_CURVE('',#2029,(#2033,#2040),.PCURVE_S1.);
#2029 = LINE('',#2030,#2031);
#2030 = CARTESIAN_POINT('',(13.8,-12.7,16.75));
#2031 = VECTOR('',#2032,1.);
#2032 = DIRECTION('',(0.,1.,0.));
#2033 = PCURVE('',#1973,#2034);
#2034 = DEFINITIONAL_REPRESENTATION('',(#2035),#2039);
#2035 = LINE('',#2036,#2037);
#2036 = CARTESIAN_POINT('',(27.6,0.));
#2037 = VECTOR('',#2038,1.);
#2038 = DIRECTION('',(0.,1.));
#2039 = ( GEOMETRIC_REPRESENTATION_CONTEXT(2) 
PARAMETRIC_REPRESENTATION_CONTEXT() REPRESENTATION_CONTEXT('2D SPACE',''
  ) );
#2040 = PCURVE('',#2041,#2046);
#2041 = PLANE('',#2042);
#2042 = AXIS2_PLACEMENT_3D('',#2043,#2044,#2045);
#2043 = CARTESIAN_POINT('',(13.8,-12.7,16.75));
#2044 = DIRECTION('',(1.,0.,0.));
#2045 = DIRECTION('',(0.,0.,1.));
#2046 = DEFINITIONAL_REPRESENTATION('',(#2047),#2051);
#2047 = LINE('',#2048,#2049);
#2048 = CARTESIAN_POINT('',(0.,0.));
#2049 = VECTOR('',#2050,1.);
#2050 = DIRECTION('',(0.,-1.));
#2051 = ( GEOMETRIC_REPRESENTATION_CONTEXT(2) 
PARAMETRIC_REPRESENTATION_CONTEXT() REPRESENTATION_CONTEXT('2D SPACE',''
  ) );
#2052 = ORIENTED_EDGE('',*,*,#2053,.T.);
#2053 = EDGE_CURVE('',#2026,#2054,#2056,.T.);
#2054 = VERTEX_POINT('',#2055);
#2055 = CARTESIAN_POINT('',(13.8,12.7,16.75));
#2056 = SURFACE_CURVE('',#2057,(#2061,#2068),.PCURVE_S1.);
#2057 = LINE('',#2058,#2059);
#2058 = CARTESIAN_POINT('',(13.8,-12.7,16.75));
#2059 = VECTOR('',#2060,1.);
#2060 = DIRECTION('',(0.,1.,0.));
#2061 = PCURVE('',#1973,#2062);
#2062 = DEFINITIONAL_REPRESENTATION('',(#2063),#2067);
#2063 = LINE('',#2064,#2065);
#2064 = CARTESIAN_POINT('',(27.6,0.));
#2065 = VECTOR('',#2066,1.);
#2066 = DIRECTION('',(0.,1.));
#2067 = ( GEOMETRIC_REPRESENTATION_CONTEXT(2) 
PARAMETRIC_REPRESENTATION_CONTEXT() REPRESENTATION_CONTEXT('2D SPACE',''
  ) );
#2068 = PCURVE('',#2041,#2069);
#2069 = DEFINITIONAL_REPRESENTATION('',(#2070),#2074);
#2070 = LINE('',#2071,#2072);
#2071 = CARTESIAN_POINT('',(0.,0.));
#2072 = VECTOR('',#2073,1.);
#2073 = DIRECTION('',(0.,-1.));
#2074 = ( GEOMETRIC_REPRESENTATION_CONTEXT(2) 
PARAMETRIC_REPRESENTATION_CONTEXT() REPRESENTATION_CONTEXT('2D SPACE',''
  ) );
#2075 = ORIENTED_EDGE('',*,*,#2076,.F.);
#2076 = EDGE_CURVE('',#1965,#2054,#2077,.T.);
#2077 = SURFACE_CURVE('',#2078,(#2082,#2089),.PCURVE_S1.);
#2078 = LINE('',#2079,#2080);
#2079 = CARTESIAN_POINT('',(-13.8,12.7,16.75));
#2080 = VECTOR('',#2081,1.);
#2081 = DIRECTION('',(1.,0.,0.));
#2082 = PCURVE('',#1973,#2083);
#2083 = DEFINITIONAL_REPRESENTATION('',(#2084),#2088);
#2084 = LINE('',#2085,#2086);
#2085 = CARTESIAN_POINT('',(0.,25.4));
#2086 = VECTOR('',#2087,1.);
#2087 = DIRECTION('',(1.,0.));
#2088 = ( GEOMETRIC_REPRESENTATION_CONTEXT(2) 
PARAMETRIC_REPRESENTATION_CONTEXT() REPRESENTATION_CONTEXT('2D SPACE',''
  ) );
#2089 = PCURVE('',#2090,#2095);
#2090 = PLANE('',#2091);
#2091 = AXIS2_PLACEMENT_3D('',#2092,#2093,#2094);
#2092 = CARTESIAN_POINT('',(-13.8,12.7,16.75));
#2093 = DIRECTION('',(0.,1.,0.));
#2094 = DIRECTION('',(0.,0.,1.));
#2095 = DEFINITIONAL_REPRESENTATION('',(#2096),#2100);
#2096 = LINE('',#2097,#2098);
#2097 = CARTESIAN_POINT('',(0.,0.));
#2098 = VECTOR('',#2099,1.);
#2099 = DIRECTION('',(0.,1.));
#2100 = ( GEOMETRIC_REPRESENTATION_CONTEXT(2) 
PARAMETRIC_REPRESENTATION_CONTEXT() REPRESENTATION_CONTEXT('2D SPACE',''
  ) );
#2101 = FACE_BOUND('',#2102,.F.);
#2102 = EDGE_LOOP('',(#2103));
#2103 = ORIENTED_EDGE('',*,*,#2104,.F.);
#2104 = EDGE_CURVE('',#2105,#2105,#2107,.T.);
#2105 = VERTEX_POINT('',#2106);
#2106 = CARTESIAN_POINT('',(-7.4,-8.,16.75));
#2107 = SURFACE_CURVE('',#2108,(#2113,#2120),.PCURVE_S1.);
#2108 = CIRCLE('',#2109,1.7);
#2109 = AXIS2_PLACEMENT_3D('',#2110,#2111,#2112);
#2110 = CARTESIAN_POINT('',(-9.1,-8.,16.75));
#2111 = DIRECTION('',(0.,0.,1.));
#2112 = DIRECTION('',(1.,0.,-0.));
#2113 = PCURVE('',#1973,#2114);
#2114 = DEFINITIONAL_REPRESENTATION('',(#2115),#2119);
#2115 = CIRCLE('',#2116,1.7);
#2116 = AXIS2_PLACEMENT_2D('',#2117,#2118);
#2117 = CARTESIAN_POINT('',(4.7,4.7));
#2118 = DIRECTION('',(1.,0.));
#2119 = ( GEOMETRIC_REPRESENTATION_CONTEXT(2) 
PARAMETRIC_REPRESENTATION_CONTEXT() REPRESENTATION_CONTEXT('2D SPACE',''
  ) );
#2120 = PCURVE('',#2121,#2126);
#2121 = CYLINDRICAL_SURFACE('',#2122,1.7);
#2122 = AXIS2_PLACEMENT_3D('',#2123,#2124,#2125);
#2123 = CARTESIAN_POINT('',(-9.1,-8.,21.76));
#2124 = DIRECTION('',(0.,0.,1.));
#2125 = DIRECTION('',(1.,0.,0.));
#2126 = DEFINITIONAL_REPRESENTATION('',(#2127),#2131);
#2127 = LINE('',#2128,#2129);
#2128 = CARTESIAN_POINT('',(0.,-5.01));
#2129 = VECTOR('',#2130,1.);
#2130 = DIRECTION('',(1.,0.));
#2131 = ( GEOMETRIC_REPRESENTATION_CONTEXT(2) 
PARAMETRIC_REPRESENTATION_CONTEXT() REPRESENTATION_CONTEXT('2D SPACE',''
  ) );
#2132 = FACE_BOUND('',#2133,.F.);
#2133 = EDGE_LOOP('',(#2134));
#2134 = ORIENTED_EDGE('',*,*,#2135,.F.);
#2135 = EDGE_CURVE('',#2136,#2136,#2138,.T.);
#2136 = VERTEX_POINT('',#2137);
#2137 = CARTESIAN_POINT('',(3.75,0.,16.75));
#2138 = SURFACE_CURVE('',#2139,(#2144,#2151),.PCURVE_S1.);
#2139 = CIRCLE('',#2140,3.75);
#2140 = AXIS2_PLACEMENT_3D('',#2141,#2142,#2143);
#2141 = CARTESIAN_POINT('',(0.,0.,16.75));
#2142 = DIRECTION('',(0.,0.,1.));
#2143 = DIRECTION('',(1.,0.,-0.));
#2144 = PCURVE('',#1973,#2145);
#2145 = DEFINITIONAL_REPRESENTATION('',(#2146),#2150);
#2146 = CIRCLE('',#2147,3.75);
#2147 = AXIS2_PLACEMENT_2D('',#2148,#2149);
#2148 = CARTESIAN_POINT('',(13.8,12.7));
#2149 = DIRECTION('',(1.,0.));
#2150 = ( GEOMETRIC_REPRESENTATION_CONTEXT(2) 
PARAMETRIC_REPRESENTATION_CONTEXT() REPRESENTATION_CONTEXT('2D SPACE',''
  ) );
#2151 = PCURVE('',#2152,#2157);
#2152 = CYLINDRICAL_SURFACE('',#2153,3.75);
#2153 = AXIS2_PLACEMENT_3D('',#2154,#2155,#2156);
#2154 = CARTESIAN_POINT('',(0.,0.,21.76));
#2155 = DIRECTION('',(0.,0.,1.));
#2156 = DIRECTION('',(1.,0.,0.));
#2157 = DEFINITIONAL_REPRESENTATION('',(#2158),#2162);
#2158 = LINE('',#2159,#2160);
#2159 = CARTESIAN_POINT('',(0.,-5.01));
#2160 = VECTOR('',#2161,1.);
#2161 = DIRECTION('',(1.,0.));
#2162 = ( GEOMETRIC_REPRESENTATION_CONTEXT(2) 
PARAMETRIC_REPRESENTATION_CONTEXT() REPRESENTATION_CONTEXT('2D SPACE',''
  ) );
#2163 = FACE_BOUND('',#2164,.F.);
#2164 = EDGE_LOOP('',(#2165));
#2165 = ORIENTED_EDGE('',*,*,#2166,.F.);
#2166 = EDGE_CURVE('',#2167,#2167,#2169,.T.);
#2167 = VERTEX_POINT('',#2168);
#2168 = CARTESIAN_POINT('',(10.8,8.,16.75));
#2169 = SURFACE_CURVE('',#2170,(#2175,#2182),.PCURVE_S1.);
#2170 = CIRCLE('',#2171,1.7);
#2171 = AXIS2_PLACEMENT_3D('',#2172,#2173,#2174);
#2172 = CARTESIAN_POINT('',(9.1,8.,16.75));
#2173 = DIRECTION('',(0.,0.,1.));
#2174 = DIRECTION('',(1.,0.,-0.));
#2175 = PCURVE('',#1973,#2176);
#2176 = DEFINITIONAL_REPRESENTATION('',(#2177),#2181);
#2177 = CIRCLE('',#2178,1.7);
#2178 = AXIS2_PLACEMENT_2D('',#2179,#2180);
#2179 = CARTESIAN_POINT('',(22.9,20.7));
#2180 = DIRECTION('',(1.,0.));
#2181 = ( GEOMETRIC_REPRESENTATION_CONTEXT(2) 
PARAMETRIC_REPRESENTATION_CONTEXT() REPRESENTATION_CONTEXT('2D SPACE',''
  ) );
#2182 = PCURVE('',#2183,#2188);
#2183 = CYLINDRICAL_SURFACE('',#2184,1.7);
#2184 = AXIS2_PLACEMENT_3D('',#2185,#2186,#2187);
#2185 = CARTESIAN_POINT('',(9.1,8.,21.76));
#2186 = DIRECTION('',(0.,0.,1.));
#2187 = DIRECTION('',(1.,0.,0.));
#2188 = DEFINITIONAL_REPRESENTATION('',(#2189),#2193);
#2189 = LINE('',#2190,#2191);
#2190 = CARTESIAN_POINT('',(0.,-5.01));
#2191 = VECTOR('',#2192,1.);
#2192 = DIRECTION('',(1.,0.));
#2193 = ( GEOMETRIC_REPRESENTATION_CONTEXT(2) 
PARAMETRIC_REPRESENTATION_CONTEXT() REPRESENTATION_CONTEXT('2D SPACE',''
  ) );
#2194 = ADVANCED_FACE('',(#2195),#1985,.F.);
#2195 = FACE_BOUND('',#2196,.F.);
#2196 = EDGE_LOOP('',(#2197,#2220,#2221,#2244));
#2197 = ORIENTED_EDGE('',*,*,#2198,.F.);
#2198 = EDGE_CURVE('',#1963,#2199,#2201,.T.);
#2199 = VERTEX_POINT('',#2200);
#2200 = CARTESIAN_POINT('',(-13.8,-12.7,21.75));
#2201 = SURFACE_CURVE('',#2202,(#2206,#2213),.PCURVE_S1.);
#2202 = LINE('',#2203,#2204);
#2203 = CARTESIAN_POINT('',(-13.8,-12.7,16.75));
#2204 = VECTOR('',#2205,1.);
#2205 = DIRECTION('',(0.,0.,1.));
#2206 = PCURVE('',#1985,#2207);
#2207 = DEFINITIONAL_REPRESENTATION('',(#2208),#2212);
#2208 = LINE('',#2209,#2210);
#2209 = CARTESIAN_POINT('',(0.,0.));
#2210 = VECTOR('',#2211,1.);
#2211 = DIRECTION('',(1.,0.));
#2212 = ( GEOMETRIC_REPRESENTATION_CONTEXT(2) 
PARAMETRIC_REPRESENTATION_CONTEXT() REPRESENTATION_CONTEXT('2D SPACE',''
  ) );
#2213 = PCURVE('',#2013,#2214);
#2214 = DEFINITIONAL_REPRESENTATION('',(#2215),#2219);
#2215 = LINE('',#2216,#2217);
#2216 = CARTESIAN_POINT('',(0.,0.));
#2217 = VECTOR('',#2218,1.);
#2218 = DIRECTION('',(1.,0.));
#2219 = ( GEOMETRIC_REPRESENTATION_CONTEXT(2) 
PARAMETRIC_REPRESENTATION_CONTEXT() REPRESENTATION_CONTEXT('2D SPACE',''
  ) );
#2220 = ORIENTED_EDGE('',*,*,#1962,.T.);
#2221 = ORIENTED_EDGE('',*,*,#2222,.T.);
#2222 = EDGE_CURVE('',#1965,#2223,#2225,.T.);
#2223 = VERTEX_POINT('',#2224);
#2224 = CARTESIAN_POINT('',(-13.8,12.7,21.75));
#2225 = SURFACE_CURVE('',#2226,(#2230,#2237),.PCURVE_S1.);
#2226 = LINE('',#2227,#2228);
#2227 = CARTESIAN_POINT('',(-13.8,12.7,16.75));
#2228 = VECTOR('',#2229,1.);
#2229 = DIRECTION('',(0.,0.,1.));
#2230 = PCURVE('',#1985,#2231);
#2231 = DEFINITIONAL_REPRESENTATION('',(#2232),#2236);
#2232 = LINE('',#2233,#2234);
#2233 = CARTESIAN_POINT('',(0.,-25.4));
#2234 = VECTOR('',#2235,1.);
#2235 = DIRECTION('',(1.,0.));
#2236 = ( GEOMETRIC_REPRESENTATION_CONTEXT(2) 
PARAMETRIC_REPRESENTATION_CONTEXT() REPRESENTATION_CONTEXT('2D SPACE',''
  ) );
#2237 = PCURVE('',#2090,#2238);
#2238 = DEFINITIONAL_REPRESENTATION('',(#2239),#2243);
#2239 = LINE('',#2240,#2241);
#2240 = CARTESIAN_POINT('',(0.,0.));
#2241 = VECTOR('',#2242,1.);
#2242 = DIRECTION('',(1.,0.));
#2243 = ( GEOMETRIC_REPRESENTATION_CONTEXT(2) 
PARAMETRIC_REPRESENTATION_CONTEXT() REPRESENTATION_CONTEXT('2D SPACE',''
  ) );
#2244 = ORIENTED_EDGE('',*,*,#2245,.F.);
#2245 = EDGE_CURVE('',#2199,#2223,#2246,.T.);
#2246 = SURFACE_CURVE('',#2247,(#2251,#2258),.PCURVE_S1.);
#2247 = LINE('',#2248,#2249);
#2248 = CARTESIAN_POINT('',(-13.8,-12.7,21.75));
#2249 = VECTOR('',#2250,1.);
#2250 = DIRECTION('',(0.,1.,0.));
#2251 = PCURVE('',#1985,#2252);
#2252 = DEFINITIONAL_REPRESENTATION('',(#2253),#2257);
#2253 = LINE('',#2254,#2255);
#2254 = CARTESIAN_POINT('',(5.,0.));
#2255 = VECTOR('',#2256,1.);
#2256 = DIRECTION('',(0.,-1.));
#2257 = ( GEOMETRIC_REPRESENTATION_CONTEXT(2) 
PARAMETRIC_REPRESENTATION_CONTEXT() REPRESENTATION_CONTEXT('2D SPACE',''
  ) );
#2258 = PCURVE('',#2259,#2264);
#2259 = PLANE('',#2260);
#2260 = AXIS2_PLACEMENT_3D('',#2261,#2262,#2263);
#2261 = CARTESIAN_POINT('',(-13.8,-12.7,21.75));
#2262 = DIRECTION('',(0.,0.,1.));
#2263 = DIRECTION('',(1.,0.,0.));
#2264 = DEFINITIONAL_REPRESENTATION('',(#2265),#2269);
#2265 = LINE('',#2266,#2267);
#2266 = CARTESIAN_POINT('',(0.,0.));
#2267 = VECTOR('',#2268,1.);
#2268 = DIRECTION('',(0.,1.));
#2269 = ( GEOMETRIC_REPRESENTATION_CONTEXT(2) 
PARAMETRIC_REPRESENTATION_CONTEXT() REPRESENTATION_CONTEXT('2D SPACE',''
  ) );
#2270 = ADVANCED_FACE('',(#2271),#2090,.T.);
#2271 = FACE_BOUND('',#2272,.T.);
#2272 = EDGE_LOOP('',(#2273,#2274,#2275,#2298));
#2273 = ORIENTED_EDGE('',*,*,#2076,.F.);
#2274 = ORIENTED_EDGE('',*,*,#2222,.T.);
#2275 = ORIENTED_EDGE('',*,*,#2276,.T.);
#2276 = EDGE_CURVE('',#2223,#2277,#2279,.T.);
#2277 = VERTEX_POINT('',#2278);
#2278 = CARTESIAN_POINT('',(13.8,12.7,21.75));
#2279 = SURFACE_CURVE('',#2280,(#2284,#2291),.PCURVE_S1.);
#2280 = LINE('',#2281,#2282);
#2281 = CARTESIAN_POINT('',(-13.8,12.7,21.75));
#2282 = VECTOR('',#2283,1.);
#2283 = DIRECTION('',(1.,0.,0.));
#2284 = PCURVE('',#2090,#2285);
#2285 = DEFINITIONAL_REPRESENTATION('',(#2286),#2290);
#2286 = LINE('',#2287,#2288);
#2287 = CARTESIAN_POINT('',(5.,0.));
#2288 = VECTOR('',#2289,1.);
#2289 = DIRECTION('',(0.,1.));
#2290 = ( GEOMETRIC_REPRESENTATION_CONTEXT(2) 
PARAMETRIC_REPRESENTATION_CONTEXT() REPRESENTATION_CONTEXT('2D SPACE',''
  ) );
#2291 = PCURVE('',#2259,#2292);
#2292 = DEFINITIONAL_REPRESENTATION('',(#2293),#2297);
#2293 = LINE('',#2294,#2295);
#2294 = CARTESIAN_POINT('',(0.,25.4));
#2295 = VECTOR('',#2296,1.);
#2296 = DIRECTION('',(1.,0.));
#2297 = ( GEOMETRIC_REPRESENTATION_CONTEXT(2) 
PARAMETRIC_REPRESENTATION_CONTEXT() REPRESENTATION_CONTEXT('2D SPACE',''
  ) );
#2298 = ORIENTED_EDGE('',*,*,#2299,.F.);
#2299 = EDGE_CURVE('',#2054,#2277,#2300,.T.);
#2300 = SURFACE_CURVE('',#2301,(#2305,#2312),.PCURVE_S1.);
#2301 = LINE('',#2302,#2303);
#2302 = CARTESIAN_POINT('',(13.8,12.7,16.75));
#2303 = VECTOR('',#2304,1.);
#2304 = DIRECTION('',(0.,0.,1.));
#2305 = PCURVE('',#2090,#2306);
#2306 = DEFINITIONAL_REPRESENTATION('',(#2307),#2311);
#2307 = LINE('',#2308,#2309);
#2308 = CARTESIAN_POINT('',(0.,27.6));
#2309 = VECTOR('',#2310,1.);
#2310 = DIRECTION('',(1.,0.));
#2311 = ( GEOMETRIC_REPRESENTATION_CONTEXT(2) 
PARAMETRIC_REPRESENTATION_CONTEXT() REPRESENTATION_CONTEXT('2D SPACE',''
  ) );
#2312 = PCURVE('',#2041,#2313);
#2313 = DEFINITIONAL_REPRESENTATION('',(#2314),#2318);
#2314 = LINE('',#2315,#2316);
#2315 = CARTESIAN_POINT('',(0.,-25.4));
#2316 = VECTOR('',#2317,1.);
#2317 = DIRECTION('',(1.,0.));
#2318 = ( GEOMETRIC_REPRESENTATION_CONTEXT(2) 
PARAMETRIC_REPRESENTATION_CONTEXT() REPRESENTATION_CONTEXT('2D SPACE',''
  ) );
#2319 = ADVANCED_FACE('',(#2320),#2013,.F.);
#2320 = FACE_BOUND('',#2321,.F.);
#2321 = EDGE_LOOP('',(#2322,#2323,#2324,#2347));
#2322 = ORIENTED_EDGE('',*,*,#1997,.F.);
#2323 = ORIENTED_EDGE('',*,*,#2198,.T.);
#2324 = ORIENTED_EDGE('',*,*,#2325,.T.);
#2325 = EDGE_CURVE('',#2199,#2326,#2328,.T.);
#2326 = VERTEX_POINT('',#2327);
#2327 = CARTESIAN_POINT('',(13.8,-12.7,21.75));
#2328 = SURFACE_CURVE('',#2329,(#2333,#2340),.PCURVE_S1.);
#2329 = LINE('',#2330,#2331);
#2330 = CARTESIAN_POINT('',(-13.8,-12.7,21.75));
#2331 = VECTOR('',#2332,1.);
#2332 = DIRECTION('',(1.,0.,0.));
#2333 = PCURVE('',#2013,#2334);
#2334 = DEFINITIONAL_REPRESENTATION('',(#2335),#2339);
#2335 = LINE('',#2336,#2337);
#2336 = CARTESIAN_POINT('',(5.,0.));
#2337 = VECTOR('',#2338,1.);
#2338 = DIRECTION('',(0.,1.));
#2339 = ( GEOMETRIC_REPRESENTATION_CONTEXT(2) 
PARAMETRIC_REPRESENTATION_CONTEXT() REPRESENTATION_CONTEXT('2D SPACE',''
  ) );
#2340 = PCURVE('',#2259,#2341);
#2341 = DEFINITIONAL_REPRESENTATION('',(#2342),#2346);
#2342 = LINE('',#2343,#2344);
#2343 = CARTESIAN_POINT('',(0.,0.));
#2344 = VECTOR('',#2345,1.);
#2345 = DIRECTION('',(1.,0.));
#2346 = ( GEOMETRIC_REPRESENTATION_CONTEXT(2) 
PARAMETRIC_REPRESENTATION_CONTEXT() REPRESENTATION_CONTEXT('2D SPACE',''
  ) );
#2347 = ORIENTED_EDGE('',*,*,#2348,.F.);
#2348 = EDGE_CURVE('',#1998,#2326,#2349,.T.);
#2349 = SURFACE_CURVE('',#2350,(#2354,#2361),.PCURVE_S1.);
#2350 = LINE('',#2351,#2352);
#2351 = CARTESIAN_POINT('',(13.8,-12.7,16.75));
#2352 = VECTOR('',#2353,1.);
#2353 = DIRECTION('',(0.,0.,1.));
#2354 = PCURVE('',#2013,#2355);
#2355 = DEFINITIONAL_REPRESENTATION('',(#2356),#2360);
#2356 = LINE('',#2357,#2358);
#2357 = CARTESIAN_POINT('',(0.,27.6));
#2358 = VECTOR('',#2359,1.);
#2359 = DIRECTION('',(1.,0.));
#2360 = ( GEOMETRIC_REPRESENTATION_CONTEXT(2) 
PARAMETRIC_REPRESENTATION_CONTEXT() REPRESENTATION_CONTEXT('2D SPACE',''
  ) );
#2361 = PCURVE('',#2041,#2362);
#2362 = DEFINITIONAL_REPRESENTATION('',(#2363),#2367);
#2363 = LINE('',#2364,#2365);
#2364 = CARTESIAN_POINT('',(0.,0.));
#2365 = VECTOR('',#2366,1.);
#2366 = DIRECTION('',(1.,0.));
#2367 = ( GEOMETRIC_REPRESENTATION_CONTEXT(2) 
PARAMETRIC_REPRESENTATION_CONTEXT() REPRESENTATION_CONTEXT('2D SPACE',''
  ) );
#2368 = ADVANCED_FACE('',(#2369),#2041,.T.);
#2369 = FACE_BOUND('',#2370,.T.);
#2370 = EDGE_LOOP('',(#2371,#2372,#2373,#2374,#2375));
#2371 = ORIENTED_EDGE('',*,*,#2348,.F.);
#2372 = ORIENTED_EDGE('',*,*,#2025,.T.);
#2373 = ORIENTED_EDGE('',*,*,#2053,.T.);
#2374 = ORIENTED_EDGE('',*,*,#2299,.T.);
#2375 = ORIENTED_EDGE('',*,*,#2376,.F.);
#2376 = EDGE_CURVE('',#2326,#2277,#2377,.T.);
#2377 = SURFACE_CURVE('',#2378,(#2382,#2389),.PCURVE_S1.);
#2378 = LINE('',#2379,#2380);
#2379 = CARTESIAN_POINT('',(13.8,-12.7,21.75));
#2380 = VECTOR('',#2381,1.);
#2381 = DIRECTION('',(0.,1.,0.));
#2382 = PCURVE('',#2041,#2383);
#2383 = DEFINITIONAL_REPRESENTATION('',(#2384),#2388);
#2384 = LINE('',#2385,#2386);
#2385 = CARTESIAN_POINT('',(5.,0.));
#2386 = VECTOR('',#2387,1.);
#2387 = DIRECTION('',(0.,-1.));
#2388 = ( GEOMETRIC_REPRESENTATION_CONTEXT(2) 
PARAMETRIC_REPRESENTATION_CONTEXT() REPRESENTATION_CONTEXT('2D SPACE',''
  ) );
#2389 = PCURVE('',#2259,#2390);
#2390 = DEFINITIONAL_REPRESENTATION('',(#2391),#2395);
#2391 = LINE('',#2392,#2393);
#2392 = CARTESIAN_POINT('',(27.6,0.));
#2393 = VECTOR('',#2394,1.);
#2394 = DIRECTION('',(0.,1.));
#2395 = ( GEOMETRIC_REPRESENTATION_CONTEXT(2) 
PARAMETRIC_REPRESENTATION_CONTEXT() REPRESENTATION_CONTEXT('2D SPACE',''
  ) );
#2396 = ADVANCED_FACE('',(#2397),#2121,.F.);
#2397 = FACE_BOUND('',#2398,.F.);
#2398 = EDGE_LOOP('',(#2399,#2423,#2444,#2445));
#2399 = ORIENTED_EDGE('',*,*,#2400,.F.);
#2400 = EDGE_CURVE('',#2401,#2401,#2403,.T.);
#2401 = VERTEX_POINT('',#2402);
#2402 = CARTESIAN_POINT('',(-7.4,-8.,21.75));
#2403 = SURFACE_CURVE('',#2404,(#2409,#2416),.PCURVE_S1.);
#2404 = CIRCLE('',#2405,1.7);
#2405 = AXIS2_PLACEMENT_3D('',#2406,#2407,#2408);
#2406 = CARTESIAN_POINT('',(-9.1,-8.,21.75));
#2407 = DIRECTION('',(0.,0.,1.));
#2408 = DIRECTION('',(1.,0.,-0.));
#2409 = PCURVE('',#2121,#2410);
#2410 = DEFINITIONAL_REPRESENTATION('',(#2411),#2415);
#2411 = LINE('',#2412,#2413);
#2412 = CARTESIAN_POINT('',(0.,-1.E-02));
#2413 = VECTOR('',#2414,1.);
#2414 = DIRECTION('',(1.,0.));
#2415 = ( GEOMETRIC_REPRESENTATION_CONTEXT(2) 
PARAMETRIC_REPRESENTATION_CONTEXT() REPRESENTATION_CONTEXT('2D SPACE',''
  ) );
#2416 = PCURVE('',#2259,#2417);
#2417 = DEFINITIONAL_REPRESENTATION('',(#2418),#2422);
#2418 = CIRCLE('',#2419,1.7);
#2419 = AXIS2_PLACEMENT_2D('',#2420,#2421);
#2420 = CARTESIAN_POINT('',(4.7,4.7));
#2421 = DIRECTION('',(1.,0.));
#2422 = ( GEOMETRIC_REPRESENTATION_CONTEXT(2) 
PARAMETRIC_REPRESENTATION_CONTEXT() REPRESENTATION_CONTEXT('2D SPACE',''
  ) );
#2423 = ORIENTED_EDGE('',*,*,#2424,.T.);
#2424 = EDGE_CURVE('',#2401,#2105,#2425,.T.);
#2425 = SEAM_CURVE('',#2426,(#2430,#2437),.PCURVE_S1.);
#2426 = LINE('',#2427,#2428);
#2427 = CARTESIAN_POINT('',(-7.4,-8.,21.76));
#2428 = VECTOR('',#2429,1.);
#2429 = DIRECTION('',(-0.,-0.,-1.));
#2430 = PCURVE('',#2121,#2431);
#2431 = DEFINITIONAL_REPRESENTATION('',(#2432),#2436);
#2432 = LINE('',#2433,#2434);
#2433 = CARTESIAN_POINT('',(6.28318530718,0.));
#2434 = VECTOR('',#2435,1.);
#2435 = DIRECTION('',(0.,-1.));
#2436 = ( GEOMETRIC_REPRESENTATION_CONTEXT(2) 
PARAMETRIC_REPRESENTATION_CONTEXT() REPRESENTATION_CONTEXT('2D SPACE',''
  ) );
#2437 = PCURVE('',#2121,#2438);
#2438 = DEFINITIONAL_REPRESENTATION('',(#2439),#2443);
#2439 = LINE('',#2440,#2441);
#2440 = CARTESIAN_POINT('',(0.,0.));
#2441 = VECTOR('',#2442,1.);
#2442 = DIRECTION('',(0.,-1.));
#2443 = ( GEOMETRIC_REPRESENTATION_CONTEXT(2) 
PARAMETRIC_REPRESENTATION_CONTEXT() REPRESENTATION_CONTEXT('2D SPACE',''
  ) );
#2444 = ORIENTED_EDGE('',*,*,#2104,.T.);
#2445 = ORIENTED_EDGE('',*,*,#2424,.F.);
#2446 = ADVANCED_FACE('',(#2447),#2152,.F.);
#2447 = FACE_BOUND('',#2448,.F.);
#2448 = EDGE_LOOP('',(#2449,#2473,#2494,#2495));
#2449 = ORIENTED_EDGE('',*,*,#2450,.F.);
#2450 = EDGE_CURVE('',#2451,#2451,#2453,.T.);
#2451 = VERTEX_POINT('',#2452);
#2452 = CARTESIAN_POINT('',(3.75,0.,21.75));
#2453 = SURFACE_CURVE('',#2454,(#2459,#2466),.PCURVE_S1.);
#2454 = CIRCLE('',#2455,3.75);
#2455 = AXIS2_PLACEMENT_3D('',#2456,#2457,#2458);
#2456 = CARTESIAN_POINT('',(0.,0.,21.75));
#2457 = DIRECTION('',(0.,0.,1.));
#2458 = DIRECTION('',(1.,0.,-0.));
#2459 = PCURVE('',#2152,#2460);
#2460 = DEFINITIONAL_REPRESENTATION('',(#2461),#2465);
#2461 = LINE('',#2462,#2463);
#2462 = CARTESIAN_POINT('',(0.,-1.E-02));
#2463 = VECTOR('',#2464,1.);
#2464 = DIRECTION('',(1.,0.));
#2465 = ( GEOMETRIC_REPRESENTATION_CONTEXT(2) 
PARAMETRIC_REPRESENTATION_CONTEXT() REPRESENTATION_CONTEXT('2D SPACE',''
  ) );
#2466 = PCURVE('',#2259,#2467);
#2467 = DEFINITIONAL_REPRESENTATION('',(#2468),#2472);
#2468 = CIRCLE('',#2469,3.75);
#2469 = AXIS2_PLACEMENT_2D('',#2470,#2471);
#2470 = CARTESIAN_POINT('',(13.8,12.7));
#2471 = DIRECTION('',(1.,0.));
#2472 = ( GEOMETRIC_REPRESENTATION_CONTEXT(2) 
PARAMETRIC_REPRESENTATION_CONTEXT() REPRESENTATION_CONTEXT('2D SPACE',''
  ) );
#2473 = ORIENTED_EDGE('',*,*,#2474,.T.);
#2474 = EDGE_CURVE('',#2451,#2136,#2475,.T.);
#2475 = SEAM_CURVE('',#2476,(#2480,#2487),.PCURVE_S1.);
#2476 = LINE('',#2477,#2478);
#2477 = CARTESIAN_POINT('',(3.75,0.,21.76));
#2478 = VECTOR('',#2479,1.);
#2479 = DIRECTION('',(-0.,-0.,-1.));
#2480 = PCURVE('',#2152,#2481);
#2481 = DEFINITIONAL_REPRESENTATION('',(#2482),#2486);
#2482 = LINE('',#2483,#2484);
#2483 = CARTESIAN_POINT('',(6.28318530718,0.));
#2484 = VECTOR('',#2485,1.);
#2485 = DIRECTION('',(0.,-1.));
#2486 = ( GEOMETRIC_REPRESENTATION_CONTEXT(2) 
PARAMETRIC_REPRESENTATION_CONTEXT() REPRESENTATION_CONTEXT('2D SPACE',''
  ) );
#2487 = PCURVE('',#2152,#2488);
#2488 = DEFINITIONAL_REPRESENTATION('',(#2489),#2493);
#2489 = LINE('',#2490,#2491);
#2490 = CARTESIAN_POINT('',(0.,0.));
#2491 = VECTOR('',#2492,1.);
#2492 = DIRECTION('',(0.,-1.));
#2493 = ( GEOMETRIC_REPRESENTATION_CONTEXT(2) 
PARAMETRIC_REPRESENTATION_CONTEXT() REPRESENTATION_CONTEXT('2D SPACE',''
  ) );
#2494 = ORIENTED_EDGE('',*,*,#2135,.T.);
#2495 = ORIENTED_EDGE('',*,*,#2474,.F.);
#2496 = ADVANCED_FACE('',(#2497),#2183,.F.);
#2497 = FACE_BOUND('',#2498,.F.);
#2498 = EDGE_LOOP('',(#2499,#2523,#2544,#2545));
#2499 = ORIENTED_EDGE('',*,*,#2500,.F.);
#2500 = EDGE_CURVE('',#2501,#2501,#2503,.T.);
#2501 = VERTEX_POINT('',#2502);
#2502 = CARTESIAN_POINT('',(10.8,8.,21.75));
#2503 = SURFACE_CURVE('',#2504,(#2509,#2516),.PCURVE_S1.);
#2504 = CIRCLE('',#2505,1.7);
#2505 = AXIS2_PLACEMENT_3D('',#2506,#2507,#2508);
#2506 = CARTESIAN_POINT('',(9.1,8.,21.75));
#2507 = DIRECTION('',(0.,0.,1.));
#2508 = DIRECTION('',(1.,0.,-0.));
#2509 = PCURVE('',#2183,#2510);
#2510 = DEFINITIONAL_REPRESENTATION('',(#2511),#2515);
#2511 = LINE('',#2512,#2513);
#2512 = CARTESIAN_POINT('',(0.,-1.E-02));
#2513 = VECTOR('',#2514,1.);
#2514 = DIRECTION('',(1.,0.));
#2515 = ( GEOMETRIC_REPRESENTATION_CONTEXT(2) 
PARAMETRIC_REPRESENTATION_CONTEXT() REPRESENTATION_CONTEXT('2D SPACE',''
  ) );
#2516 = PCURVE('',#2259,#2517);
#2517 = DEFINITIONAL_REPRESENTATION('',(#2518),#2522);
#2518 = CIRCLE('',#2519,1.7);
#2519 = AXIS2_PLACEMENT_2D('',#2520,#2521);
#2520 = CARTESIAN_POINT('',(22.9,20.7));
#2521 = DIRECTION('',(1.,0.));
#2522 = ( GEOMETRIC_REPRESENTATION_CONTEXT(2) 
PARAMETRIC_REPRESENTATION_CONTEXT() REPRESENTATION_CONTEXT('2D SPACE',''
  ) );
#2523 = ORIENTED_EDGE('',*,*,#2524,.T.);
#2524 = EDGE_CURVE('',#2501,#2167,#2525,.T.);
#2525 = SEAM_CURVE('',#2526,(#2530,#2537),.PCURVE_S1.);
#2526 = LINE('',#2527,#2528);
#2527 = CARTESIAN_POINT('',(10.8,8.,21.76));
#2528 = VECTOR('',#2529,1.);
#2529 = DIRECTION('',(-0.,-0.,-1.));
#2530 = PCURVE('',#2183,#2531);
#2531 = DEFINITIONAL_REPRESENTATION('',(#2532),#2536);
#2532 = LINE('',#2533,#2534);
#2533 = CARTESIAN_POINT('',(6.28318530718,0.));
#2534 = VECTOR('',#2535,1.);
#2535 = DIRECTION('',(0.,-1.));
#2536 = ( GEOMETRIC_REPRESENTATION_CONTEXT(2) 
PARAMETRIC_REPRESENTATION_CONTEXT() REPRESENTATION_CONTEXT('2D SPACE',''
  ) );
#2537 = PCURVE('',#2183,#2538);
#2538 = DEFINITIONAL_REPRESENTATION('',(#2539),#2543);
#2539 = LINE('',#2540,#2541);
#2540 = CARTESIAN_POINT('',(0.,0.));
#2541 = VECTOR('',#2542,1.);
#2542 = DIRECTION('',(0.,-1.));
#2543 = ( GEOMETRIC_REPRESENTATION_CONTEXT(2) 
PARAMETRIC_REPRESENTATION_CONTEXT() REPRESENTATION_CONTEXT('2D SPACE',''
  ) );
#2544 = ORIENTED_EDGE('',*,*,#2166,.T.);
#2545 = ORIENTED_EDGE('',*,*,#2524,.F.);
#2546 = ADVANCED_FACE('',(#2547,#2553,#2556,#2559),#2259,.T.);
#2547 = FACE_BOUND('',#2548,.T.);
#2548 = EDGE_LOOP('',(#2549,#2550,#2551,#2552));
#2549 = ORIENTED_EDGE('',*,*,#2245,.F.);
#2550 = ORIENTED_EDGE('',*,*,#2325,.T.);
#2551 = ORIENTED_EDGE('',*,*,#2376,.T.);
#2552 = ORIENTED_EDGE('',*,*,#2276,.F.);
#2553 = FACE_BOUND('',#2554,.T.);
#2554 = EDGE_LOOP('',(#2555));
#2555 = ORIENTED_EDGE('',*,*,#2400,.F.);
#2556 = FACE_BOUND('',#2557,.T.);
#2557 = EDGE_LOOP('',(#2558));
#2558 = ORIENTED_EDGE('',*,*,#2450,.F.);
#2559 = FACE_BOUND('',#2560,.T.);
#2560 = EDGE_LOOP('',(#2561));
#2561 = ORIENTED_EDGE('',*,*,#2500,.F.);
#2562 = ( GEOMETRIC_REPRESENTATION_CONTEXT(3) 
GLOBAL_UNCERTAINTY_ASSIGNED_CONTEXT((#2566)) 
GLOBAL_UNIT_ASSIGNED_CONTEXT((#2563,#2564,#2565)) REPRESENTATION_CONTEXT
('Context #1','3D Context with UNIT and UNCERTAINTY') );
#2563 = ( LENGTH_UNIT() NAMED_UNIT(*) SI_UNIT(.MILLI.,.METRE.) );
#2564 = ( NAMED_UNIT(*) PLANE_ANGLE_UNIT() SI_UNIT($,.RADIAN.) );
#2565 = ( NAMED_UNIT(*) SI_UNIT($,.STERADIAN.) SOLID_ANGLE_UNIT() );
#2566 = UNCERTAINTY_MEASURE_WITH_UNIT(LENGTH_MEASURE(1.E-07),#2563,
  'distance_accuracy_value','confusion accuracy');
#2567 = CONTEXT_DEPENDENT_SHAPE_REPRESENTATION(#2568,#2570);
#2568 = ( REPRESENTATION_RELATIONSHIP('','',#1955,#10) 
REPRESENTATION_RELATIONSHIP_WITH_TRANSFORMATION(#2569) 
SHAPE_REPRESENTATION_RELATIONSHIP() );
#2569 = ITEM_DEFINED_TRANSFORMATION('','',#11,#19);
#2570 = PRODUCT_DEFINITION_SHAPE('Placement','Placement of an item',
  #2571);
#2571 = NEXT_ASSEMBLY_USAGE_OCCURRENCE('2','','',#5,#1950,$);
#2572 = PRODUCT_RELATED_PRODUCT_CATEGORY('part',$,(#1952));
ENDSEC;
END-ISO-10303-21;
