ISO-10303-21;
HEADER;
FILE_DESCRIPTION(('Open CASCADE Model'),'2;1');
FILE_NAME('Open CASCADE Shape Model','2026-05-15T22:42:01',('Author'),(
    'Open CASCADE'),'Open CASCADE STEP processor 7.8','Open CASCADE 7.8'
  ,'Unknown');
FILE_SCHEMA(('AUTOMOTIVE_DESIGN { 1 0 10303 214 1 1 1 1 }'));
ENDSEC;
DATA;
#1 = APPLICATION_PROTOCOL_DEFINITION('international standard',
  'automotive_design',2000,#2);
#2 = APPLICATION_CONTEXT(
  'core data for automotive mechanical design processes');
#3 = SHAPE_DEFINITION_REPRESENTATION(#4,#10);
#4 = PRODUCT_DEFINITION_SHAPE('','',#5);
#5 = PRODUCT_DEFINITION('design','',#6,#9);
#6 = PRODUCT_DEFINITION_FORMATION('','',#7);
#7 = PRODUCT('49e5a966-50af-11f1-b28d-6045bd04f0db',
  '49e5a966-50af-11f1-b28d-6045bd04f0db','',(#8));
#8 = PRODUCT_CONTEXT('',#2,'mechanical');
#9 = PRODUCT_DEFINITION_CONTEXT('part definition',#2,'design');
#10 = SHAPE_REPRESENTATION('',(#11,#15,#19,#23,#27,#31,#35,#39,#43),#47
  );
#11 = AXIS2_PLACEMENT_3D('',#12,#13,#14);
#12 = CARTESIAN_POINT('',(0.,0.,0.));
#13 = DIRECTION('',(0.,0.,1.));
#14 = DIRECTION('',(1.,0.,-0.));
#15 = AXIS2_PLACEMENT_3D('',#16,#17,#18);
#16 = CARTESIAN_POINT('',(0.,0.,0.));
#17 = DIRECTION('',(0.,0.,1.));
#18 = DIRECTION('',(1.,0.,-0.));
#19 = AXIS2_PLACEMENT_3D('',#20,#21,#22);
#20 = CARTESIAN_POINT('',(0.,0.,0.));
#21 = DIRECTION('',(0.,0.,1.));
#22 = DIRECTION('',(1.,0.,-0.));
#23 = AXIS2_PLACEMENT_3D('',#24,#25,#26);
#24 = CARTESIAN_POINT('',(0.,0.,304.));
#25 = DIRECTION('',(0.,0.,1.));
#26 = DIRECTION('',(1.,0.,-0.));
#27 = AXIS2_PLACEMENT_3D('',#28,#29,#30);
#28 = CARTESIAN_POINT('',(0.,0.,274.));
#29 = DIRECTION('',(0.,0.,1.));
#30 = DIRECTION('',(1.,0.,-0.));
#31 = AXIS2_PLACEMENT_3D('',#32,#33,#34);
#32 = CARTESIAN_POINT('',(32.1,0.,120.));
#33 = DIRECTION('',(0.,0.,1.));
#34 = DIRECTION('',(1.,0.,-0.));
#35 = AXIS2_PLACEMENT_3D('',#36,#37,#38);
#36 = CARTESIAN_POINT('',(-30.1,0.,30.));
#37 = DIRECTION('',(0.,0.,1.));
#38 = DIRECTION('',(1.,0.,-0.));
#39 = AXIS2_PLACEMENT_3D('',#40,#41,#42);
#40 = CARTESIAN_POINT('',(0.,20.,15.));
#41 = DIRECTION('',(0.,0.,1.));
#42 = DIRECTION('',(1.,0.,-0.));
#43 = AXIS2_PLACEMENT_3D('',#44,#45,#46);
#44 = CARTESIAN_POINT('',(0.,-32.5,95.));
#45 = DIRECTION('',(0.,0.,1.));
#46 = DIRECTION('',(1.,0.,-0.));
#47 = ( GEOMETRIC_REPRESENTATION_CONTEXT(3) 
GLOBAL_UNCERTAINTY_ASSIGNED_CONTEXT((#51)) GLOBAL_UNIT_ASSIGNED_CONTEXT(
(#48,#49,#50)) REPRESENTATION_CONTEXT('Context #1',
  '3D Context with UNIT and UNCERTAINTY') );
#48 = ( LENGTH_UNIT() NAMED_UNIT(*) SI_UNIT(.MILLI.,.METRE.) );
#49 = ( NAMED_UNIT(*) PLANE_ANGLE_UNIT() SI_UNIT($,.RADIAN.) );
#50 = ( NAMED_UNIT(*) SI_UNIT($,.STERADIAN.) SOLID_ANGLE_UNIT() );
#51 = UNCERTAINTY_MEASURE_WITH_UNIT(LENGTH_MEASURE(2.E-06),#48,
  'distance_accuracy_value','confusion accuracy');
#52 = PRODUCT_RELATED_PRODUCT_CATEGORY('part',$,(#7));
#53 = SHAPE_DEFINITION_REPRESENTATION(#54,#60);
#54 = PRODUCT_DEFINITION_SHAPE('','',#55);
#55 = PRODUCT_DEFINITION('design','',#56,#59);
#56 = PRODUCT_DEFINITION_FORMATION('','',#57);
#57 = PRODUCT('chassis','chassis','',(#58));
#58 = PRODUCT_CONTEXT('',#2,'mechanical');
#59 = PRODUCT_DEFINITION_CONTEXT('part definition',#2,'design');
#60 = ADVANCED_BREP_SHAPE_REPRESENTATION('',(#11,#61),#4089);
#61 = MANIFOLD_SOLID_BREP('',#62);
#62 = CLOSED_SHELL('',(#63,#409,#485,#534,#707,#756,#805,#1145,#1301,
    #1526,#1602,#1651,#1700,#1727,#1816,#1871,#1926,#1981,#2036,#2137,
    #2292,#2361,#2388,#2464,#2513,#2562,#2589,#2616,#2665,#2765,#2792,
    #2817,#3014,#3021,#3122,#3154,#3158,#3162,#3166,#3170,#3195,#3202,
    #3278,#3327,#3376,#3403,#3585,#3589,#3636,#3663,#3690,#3697,#3704,
    #3759,#3814,#3869,#3924,#3979,#3983,#3987,#3991,#4026,#4030,#4085));
#63 = ADVANCED_FACE('',(#64,#295),#78,.F.);
#64 = FACE_BOUND('',#65,.F.);
#65 = EDGE_LOOP('',(#66,#101,#129,#157,#185,#213,#241,#269));
#66 = ORIENTED_EDGE('',*,*,#67,.F.);
#67 = EDGE_CURVE('',#68,#70,#72,.T.);
#68 = VERTEX_POINT('',#69);
#69 = CARTESIAN_POINT('',(-35.,-30.,0.));
#70 = VERTEX_POINT('',#71);
#71 = CARTESIAN_POINT('',(-35.,-30.,60.));
#72 = SURFACE_CURVE('',#73,(#77,#89),.PCURVE_S1.);
#73 = LINE('',#74,#75);
#74 = CARTESIAN_POINT('',(-35.,-30.,0.));
#75 = VECTOR('',#76,1.);
#76 = DIRECTION('',(0.,0.,1.));
#77 = PCURVE('',#78,#83);
#78 = PLANE('',#79);
#79 = AXIS2_PLACEMENT_3D('',#80,#81,#82);
#80 = CARTESIAN_POINT('',(-35.,-30.,0.));
#81 = DIRECTION('',(1.,0.,0.));
#82 = DIRECTION('',(0.,0.,1.));
#83 = DEFINITIONAL_REPRESENTATION('',(#84),#88);
#84 = LINE('',#85,#86);
#85 = CARTESIAN_POINT('',(0.,0.));
#86 = VECTOR('',#87,1.);
#87 = DIRECTION('',(1.,0.));
#88 = ( GEOMETRIC_REPRESENTATION_CONTEXT(2) 
PARAMETRIC_REPRESENTATION_CONTEXT() REPRESENTATION_CONTEXT('2D SPACE',''
  ) );
#89 = PCURVE('',#90,#95);
#90 = PLANE('',#91);
#91 = AXIS2_PLACEMENT_3D('',#92,#93,#94);
#92 = CARTESIAN_POINT('',(-35.,-30.,0.));
#93 = DIRECTION('',(0.,1.,0.));
#94 = DIRECTION('',(0.,0.,1.));
#95 = DEFINITIONAL_REPRESENTATION('',(#96),#100);
#96 = LINE('',#97,#98);
#97 = CARTESIAN_POINT('',(0.,0.));
#98 = VECTOR('',#99,1.);
#99 = DIRECTION('',(1.,0.));
#100 = ( GEOMETRIC_REPRESENTATION_CONTEXT(2) 
PARAMETRIC_REPRESENTATION_CONTEXT() REPRESENTATION_CONTEXT('2D SPACE',''
  ) );
#101 = ORIENTED_EDGE('',*,*,#102,.T.);
#102 = EDGE_CURVE('',#68,#103,#105,.T.);
#103 = VERTEX_POINT('',#104);
#104 = CARTESIAN_POINT('',(-35.,30.,0.));
#105 = SURFACE_CURVE('',#106,(#110,#117),.PCURVE_S1.);
#106 = LINE('',#107,#108);
#107 = CARTESIAN_POINT('',(-35.,-30.,0.));
#108 = VECTOR('',#109,1.);
#109 = DIRECTION('',(0.,1.,0.));
#110 = PCURVE('',#78,#111);
#111 = DEFINITIONAL_REPRESENTATION('',(#112),#116);
#112 = LINE('',#113,#114);
#113 = CARTESIAN_POINT('',(0.,0.));
#114 = VECTOR('',#115,1.);
#115 = DIRECTION('',(0.,-1.));
#116 = ( GEOMETRIC_REPRESENTATION_CONTEXT(2) 
PARAMETRIC_REPRESENTATION_CONTEXT() REPRESENTATION_CONTEXT('2D SPACE',''
  ) );
#117 = PCURVE('',#118,#123);
#118 = PLANE('',#119);
#119 = AXIS2_PLACEMENT_3D('',#120,#121,#122);
#120 = CARTESIAN_POINT('',(-35.,-30.,0.));
#121 = DIRECTION('',(0.,0.,1.));
#122 = DIRECTION('',(1.,0.,0.));
#123 = DEFINITIONAL_REPRESENTATION('',(#124),#128);
#124 = LINE('',#125,#126);
#125 = CARTESIAN_POINT('',(0.,0.));
#126 = VECTOR('',#127,1.);
#127 = DIRECTION('',(0.,1.));
#128 = ( GEOMETRIC_REPRESENTATION_CONTEXT(2) 
PARAMETRIC_REPRESENTATION_CONTEXT() REPRESENTATION_CONTEXT('2D SPACE',''
  ) );
#129 = ORIENTED_EDGE('',*,*,#130,.T.);
#130 = EDGE_CURVE('',#103,#131,#133,.T.);
#131 = VERTEX_POINT('',#132);
#132 = CARTESIAN_POINT('',(-35.,30.,300.));
#133 = SURFACE_CURVE('',#134,(#138,#145),.PCURVE_S1.);
#134 = LINE('',#135,#136);
#135 = CARTESIAN_POINT('',(-35.,30.,0.));
#136 = VECTOR('',#137,1.);
#137 = DIRECTION('',(0.,0.,1.));
#138 = PCURVE('',#78,#139);
#139 = DEFINITIONAL_REPRESENTATION('',(#140),#144);
#140 = LINE('',#141,#142);
#141 = CARTESIAN_POINT('',(0.,-60.));
#142 = VECTOR('',#143,1.);
#143 = DIRECTION('',(1.,0.));
#144 = ( GEOMETRIC_REPRESENTATION_CONTEXT(2) 
PARAMETRIC_REPRESENTATION_CONTEXT() REPRESENTATION_CONTEXT('2D SPACE',''
  ) );
#145 = PCURVE('',#146,#151);
#146 = PLANE('',#147);
#147 = AXIS2_PLACEMENT_3D('',#148,#149,#150);
#148 = CARTESIAN_POINT('',(-35.,30.,0.));
#149 = DIRECTION('',(0.,1.,0.));
#150 = DIRECTION('',(0.,0.,1.));
#151 = DEFINITIONAL_REPRESENTATION('',(#152),#156);
#152 = LINE('',#153,#154);
#153 = CARTESIAN_POINT('',(0.,0.));
#154 = VECTOR('',#155,1.);
#155 = DIRECTION('',(1.,0.));
#156 = ( GEOMETRIC_REPRESENTATION_CONTEXT(2) 
PARAMETRIC_REPRESENTATION_CONTEXT() REPRESENTATION_CONTEXT('2D SPACE',''
  ) );
#157 = ORIENTED_EDGE('',*,*,#158,.F.);
#158 = EDGE_CURVE('',#159,#131,#161,.T.);
#159 = VERTEX_POINT('',#160);
#160 = CARTESIAN_POINT('',(-35.,-30.,300.));
#161 = SURFACE_CURVE('',#162,(#166,#173),.PCURVE_S1.);
#162 = LINE('',#163,#164);
#163 = CARTESIAN_POINT('',(-35.,-30.,300.));
#164 = VECTOR('',#165,1.);
#165 = DIRECTION('',(0.,1.,0.));
#166 = PCURVE('',#78,#167);
#167 = DEFINITIONAL_REPRESENTATION('',(#168),#172);
#168 = LINE('',#169,#170);
#169 = CARTESIAN_POINT('',(300.,0.));
#170 = VECTOR('',#171,1.);
#171 = DIRECTION('',(0.,-1.));
#172 = ( GEOMETRIC_REPRESENTATION_CONTEXT(2) 
PARAMETRIC_REPRESENTATION_CONTEXT() REPRESENTATION_CONTEXT('2D SPACE',''
  ) );
#173 = PCURVE('',#174,#179);
#174 = PLANE('',#175);
#175 = AXIS2_PLACEMENT_3D('',#176,#177,#178);
#176 = CARTESIAN_POINT('',(-35.,-30.,300.));
#177 = DIRECTION('',(0.,0.,1.));
#178 = DIRECTION('',(1.,0.,0.));
#179 = DEFINITIONAL_REPRESENTATION('',(#180),#184);
#180 = LINE('',#181,#182);
#181 = CARTESIAN_POINT('',(0.,0.));
#182 = VECTOR('',#183,1.);
#183 = DIRECTION('',(0.,1.));
#184 = ( GEOMETRIC_REPRESENTATION_CONTEXT(2) 
PARAMETRIC_REPRESENTATION_CONTEXT() REPRESENTATION_CONTEXT('2D SPACE',''
  ) );
#185 = ORIENTED_EDGE('',*,*,#186,.F.);
#186 = EDGE_CURVE('',#187,#159,#189,.T.);
#187 = VERTEX_POINT('',#188);
#188 = CARTESIAN_POINT('',(-35.,-30.,130.));
#189 = SURFACE_CURVE('',#190,(#194,#201),.PCURVE_S1.);
#190 = LINE('',#191,#192);
#191 = CARTESIAN_POINT('',(-35.,-30.,0.));
#192 = VECTOR('',#193,1.);
#193 = DIRECTION('',(0.,0.,1.));
#194 = PCURVE('',#78,#195);
#195 = DEFINITIONAL_REPRESENTATION('',(#196),#200);
#196 = LINE('',#197,#198);
#197 = CARTESIAN_POINT('',(0.,0.));
#198 = VECTOR('',#199,1.);
#199 = DIRECTION('',(1.,0.));
#200 = ( GEOMETRIC_REPRESENTATION_CONTEXT(2) 
PARAMETRIC_REPRESENTATION_CONTEXT() REPRESENTATION_CONTEXT('2D SPACE',''
  ) );
#201 = PCURVE('',#202,#207);
#202 = PLANE('',#203);
#203 = AXIS2_PLACEMENT_3D('',#204,#205,#206);
#204 = CARTESIAN_POINT('',(-35.,-30.,0.));
#205 = DIRECTION('',(0.,1.,0.));
#206 = DIRECTION('',(0.,0.,1.));
#207 = DEFINITIONAL_REPRESENTATION('',(#208),#212);
#208 = LINE('',#209,#210);
#209 = CARTESIAN_POINT('',(0.,0.));
#210 = VECTOR('',#211,1.);
#211 = DIRECTION('',(1.,0.));
#212 = ( GEOMETRIC_REPRESENTATION_CONTEXT(2) 
PARAMETRIC_REPRESENTATION_CONTEXT() REPRESENTATION_CONTEXT('2D SPACE',''
  ) );
#213 = ORIENTED_EDGE('',*,*,#214,.T.);
#214 = EDGE_CURVE('',#187,#215,#217,.T.);
#215 = VERTEX_POINT('',#216);
#216 = CARTESIAN_POINT('',(-35.,-28.5,130.));
#217 = SURFACE_CURVE('',#218,(#222,#229),.PCURVE_S1.);
#218 = LINE('',#219,#220);
#219 = CARTESIAN_POINT('',(-35.,-30.,130.));
#220 = VECTOR('',#221,1.);
#221 = DIRECTION('',(0.,1.,0.));
#222 = PCURVE('',#78,#223);
#223 = DEFINITIONAL_REPRESENTATION('',(#224),#228);
#224 = LINE('',#225,#226);
#225 = CARTESIAN_POINT('',(130.,0.));
#226 = VECTOR('',#227,1.);
#227 = DIRECTION('',(0.,-1.));
#228 = ( GEOMETRIC_REPRESENTATION_CONTEXT(2) 
PARAMETRIC_REPRESENTATION_CONTEXT() REPRESENTATION_CONTEXT('2D SPACE',''
  ) );
#229 = PCURVE('',#230,#235);
#230 = PLANE('',#231);
#231 = AXIS2_PLACEMENT_3D('',#232,#233,#234);
#232 = CARTESIAN_POINT('',(-35.,-30.,130.));
#233 = DIRECTION('',(0.,0.,1.));
#234 = DIRECTION('',(1.,0.,0.));
#235 = DEFINITIONAL_REPRESENTATION('',(#236),#240);
#236 = LINE('',#237,#238);
#237 = CARTESIAN_POINT('',(0.,0.));
#238 = VECTOR('',#239,1.);
#239 = DIRECTION('',(0.,1.));
#240 = ( GEOMETRIC_REPRESENTATION_CONTEXT(2) 
PARAMETRIC_REPRESENTATION_CONTEXT() REPRESENTATION_CONTEXT('2D SPACE',''
  ) );
#241 = ORIENTED_EDGE('',*,*,#242,.F.);
#242 = EDGE_CURVE('',#243,#215,#245,.T.);
#243 = VERTEX_POINT('',#244);
#244 = CARTESIAN_POINT('',(-35.,-28.5,60.));
#245 = SURFACE_CURVE('',#246,(#250,#257),.PCURVE_S1.);
#246 = LINE('',#247,#248);
#247 = CARTESIAN_POINT('',(-35.,-28.5,60.));
#248 = VECTOR('',#249,1.);
#249 = DIRECTION('',(0.,0.,1.));
#250 = PCURVE('',#78,#251);
#251 = DEFINITIONAL_REPRESENTATION('',(#252),#256);
#252 = LINE('',#253,#254);
#253 = CARTESIAN_POINT('',(60.,-1.5));
#254 = VECTOR('',#255,1.);
#255 = DIRECTION('',(1.,0.));
#256 = ( GEOMETRIC_REPRESENTATION_CONTEXT(2) 
PARAMETRIC_REPRESENTATION_CONTEXT() REPRESENTATION_CONTEXT('2D SPACE',''
  ) );
#257 = PCURVE('',#258,#263);
#258 = PLANE('',#259);
#259 = AXIS2_PLACEMENT_3D('',#260,#261,#262);
#260 = CARTESIAN_POINT('',(-35.,-28.5,60.));
#261 = DIRECTION('',(0.,1.,0.));
#262 = DIRECTION('',(0.,0.,1.));
#263 = DEFINITIONAL_REPRESENTATION('',(#264),#268);
#264 = LINE('',#265,#266);
#265 = CARTESIAN_POINT('',(0.,0.));
#266 = VECTOR('',#267,1.);
#267 = DIRECTION('',(1.,0.));
#268 = ( GEOMETRIC_REPRESENTATION_CONTEXT(2) 
PARAMETRIC_REPRESENTATION_CONTEXT() REPRESENTATION_CONTEXT('2D SPACE',''
  ) );
#269 = ORIENTED_EDGE('',*,*,#270,.F.);
#270 = EDGE_CURVE('',#70,#243,#271,.T.);
#271 = SURFACE_CURVE('',#272,(#276,#283),.PCURVE_S1.);
#272 = LINE('',#273,#274);
#273 = CARTESIAN_POINT('',(-35.,-30.,60.));
#274 = VECTOR('',#275,1.);
#275 = DIRECTION('',(0.,1.,0.));
#276 = PCURVE('',#78,#277);
#277 = DEFINITIONAL_REPRESENTATION('',(#278),#282);
#278 = LINE('',#279,#280);
#279 = CARTESIAN_POINT('',(60.,0.));
#280 = VECTOR('',#281,1.);
#281 = DIRECTION('',(0.,-1.));
#282 = ( GEOMETRIC_REPRESENTATION_CONTEXT(2) 
PARAMETRIC_REPRESENTATION_CONTEXT() REPRESENTATION_CONTEXT('2D SPACE',''
  ) );
#283 = PCURVE('',#284,#289);
#284 = PLANE('',#285);
#285 = AXIS2_PLACEMENT_3D('',#286,#287,#288);
#286 = CARTESIAN_POINT('',(-35.,-30.,60.));
#287 = DIRECTION('',(0.,0.,1.));
#288 = DIRECTION('',(1.,0.,0.));
#289 = DEFINITIONAL_REPRESENTATION('',(#290),#294);
#290 = LINE('',#291,#292);
#291 = CARTESIAN_POINT('',(0.,0.));
#292 = VECTOR('',#293,1.);
#293 = DIRECTION('',(0.,1.));
#294 = ( GEOMETRIC_REPRESENTATION_CONTEXT(2) 
PARAMETRIC_REPRESENTATION_CONTEXT() REPRESENTATION_CONTEXT('2D SPACE',''
  ) );
#295 = FACE_BOUND('',#296,.F.);
#296 = EDGE_LOOP('',(#297,#327,#355,#383));
#297 = ORIENTED_EDGE('',*,*,#298,.T.);
#298 = EDGE_CURVE('',#299,#301,#303,.T.);
#299 = VERTEX_POINT('',#300);
#300 = CARTESIAN_POINT('',(-35.,-9.6,18.9));
#301 = VERTEX_POINT('',#302);
#302 = CARTESIAN_POINT('',(-35.,-9.6,41.1));
#303 = SURFACE_CURVE('',#304,(#308,#315),.PCURVE_S1.);
#304 = LINE('',#305,#306);
#305 = CARTESIAN_POINT('',(-35.,-9.6,18.9));
#306 = VECTOR('',#307,1.);
#307 = DIRECTION('',(0.,0.,1.));
#308 = PCURVE('',#78,#309);
#309 = DEFINITIONAL_REPRESENTATION('',(#310),#314);
#310 = LINE('',#311,#312);
#311 = CARTESIAN_POINT('',(18.9,-20.4));
#312 = VECTOR('',#313,1.);
#313 = DIRECTION('',(1.,0.));
#314 = ( GEOMETRIC_REPRESENTATION_CONTEXT(2) 
PARAMETRIC_REPRESENTATION_CONTEXT() REPRESENTATION_CONTEXT('2D SPACE',''
  ) );
#315 = PCURVE('',#316,#321);
#316 = PLANE('',#317);
#317 = AXIS2_PLACEMENT_3D('',#318,#319,#320);
#318 = CARTESIAN_POINT('',(-35.,-9.6,18.9));
#319 = DIRECTION('',(0.,1.,0.));
#320 = DIRECTION('',(0.,0.,1.));
#321 = DEFINITIONAL_REPRESENTATION('',(#322),#326);
#322 = LINE('',#323,#324);
#323 = CARTESIAN_POINT('',(0.,0.));
#324 = VECTOR('',#325,1.);
#325 = DIRECTION('',(1.,0.));
#326 = ( GEOMETRIC_REPRESENTATION_CONTEXT(2) 
PARAMETRIC_REPRESENTATION_CONTEXT() REPRESENTATION_CONTEXT('2D SPACE',''
  ) );
#327 = ORIENTED_EDGE('',*,*,#328,.T.);
#328 = EDGE_CURVE('',#301,#329,#331,.T.);
#329 = VERTEX_POINT('',#330);
#330 = CARTESIAN_POINT('',(-35.,9.6,41.1));
#331 = SURFACE_CURVE('',#332,(#336,#343),.PCURVE_S1.);
#332 = LINE('',#333,#334);
#333 = CARTESIAN_POINT('',(-35.,-9.6,41.1));
#334 = VECTOR('',#335,1.);
#335 = DIRECTION('',(0.,1.,0.));
#336 = PCURVE('',#78,#337);
#337 = DEFINITIONAL_REPRESENTATION('',(#338),#342);
#338 = LINE('',#339,#340);
#339 = CARTESIAN_POINT('',(41.1,-20.4));
#340 = VECTOR('',#341,1.);
#341 = DIRECTION('',(0.,-1.));
#342 = ( GEOMETRIC_REPRESENTATION_CONTEXT(2) 
PARAMETRIC_REPRESENTATION_CONTEXT() REPRESENTATION_CONTEXT('2D SPACE',''
  ) );
#343 = PCURVE('',#344,#349);
#344 = PLANE('',#345);
#345 = AXIS2_PLACEMENT_3D('',#346,#347,#348);
#346 = CARTESIAN_POINT('',(-35.,-9.6,41.1));
#347 = DIRECTION('',(0.,0.,1.));
#348 = DIRECTION('',(1.,0.,0.));
#349 = DEFINITIONAL_REPRESENTATION('',(#350),#354);
#350 = LINE('',#351,#352);
#351 = CARTESIAN_POINT('',(0.,0.));
#352 = VECTOR('',#353,1.);
#353 = DIRECTION('',(0.,1.));
#354 = ( GEOMETRIC_REPRESENTATION_CONTEXT(2) 
PARAMETRIC_REPRESENTATION_CONTEXT() REPRESENTATION_CONTEXT('2D SPACE',''
  ) );
#355 = ORIENTED_EDGE('',*,*,#356,.F.);
#356 = EDGE_CURVE('',#357,#329,#359,.T.);
#357 = VERTEX_POINT('',#358);
#358 = CARTESIAN_POINT('',(-35.,9.6,18.9));
#359 = SURFACE_CURVE('',#360,(#364,#371),.PCURVE_S1.);
#360 = LINE('',#361,#362);
#361 = CARTESIAN_POINT('',(-35.,9.6,18.9));
#362 = VECTOR('',#363,1.);
#363 = DIRECTION('',(0.,0.,1.));
#364 = PCURVE('',#78,#365);
#365 = DEFINITIONAL_REPRESENTATION('',(#366),#370);
#366 = LINE('',#367,#368);
#367 = CARTESIAN_POINT('',(18.9,-39.6));
#368 = VECTOR('',#369,1.);
#369 = DIRECTION('',(1.,0.));
#370 = ( GEOMETRIC_REPRESENTATION_CONTEXT(2) 
PARAMETRIC_REPRESENTATION_CONTEXT() REPRESENTATION_CONTEXT('2D SPACE',''
  ) );
#371 = PCURVE('',#372,#377);
#372 = PLANE('',#373);
#373 = AXIS2_PLACEMENT_3D('',#374,#375,#376);
#374 = CARTESIAN_POINT('',(-35.,9.6,18.9));
#375 = DIRECTION('',(0.,1.,0.));
#376 = DIRECTION('',(0.,0.,1.));
#377 = DEFINITIONAL_REPRESENTATION('',(#378),#382);
#378 = LINE('',#379,#380);
#379 = CARTESIAN_POINT('',(0.,0.));
#380 = VECTOR('',#381,1.);
#381 = DIRECTION('',(1.,0.));
#382 = ( GEOMETRIC_REPRESENTATION_CONTEXT(2) 
PARAMETRIC_REPRESENTATION_CONTEXT() REPRESENTATION_CONTEXT('2D SPACE',''
  ) );
#383 = ORIENTED_EDGE('',*,*,#384,.F.);
#384 = EDGE_CURVE('',#299,#357,#385,.T.);
#385 = SURFACE_CURVE('',#386,(#390,#397),.PCURVE_S1.);
#386 = LINE('',#387,#388);
#387 = CARTESIAN_POINT('',(-35.,-9.6,18.9));
#388 = VECTOR('',#389,1.);
#389 = DIRECTION('',(0.,1.,0.));
#390 = PCURVE('',#78,#391);
#391 = DEFINITIONAL_REPRESENTATION('',(#392),#396);
#392 = LINE('',#393,#394);
#393 = CARTESIAN_POINT('',(18.9,-20.4));
#394 = VECTOR('',#395,1.);
#395 = DIRECTION('',(0.,-1.));
#396 = ( GEOMETRIC_REPRESENTATION_CONTEXT(2) 
PARAMETRIC_REPRESENTATION_CONTEXT() REPRESENTATION_CONTEXT('2D SPACE',''
  ) );
#397 = PCURVE('',#398,#403);
#398 = PLANE('',#399);
#399 = AXIS2_PLACEMENT_3D('',#400,#401,#402);
#400 = CARTESIAN_POINT('',(-35.,-9.6,18.9));
#401 = DIRECTION('',(0.,0.,1.));
#402 = DIRECTION('',(1.,0.,0.));
#403 = DEFINITIONAL_REPRESENTATION('',(#404),#408);
#404 = LINE('',#405,#406);
#405 = CARTESIAN_POINT('',(0.,0.));
#406 = VECTOR('',#407,1.);
#407 = DIRECTION('',(0.,1.));
#408 = ( GEOMETRIC_REPRESENTATION_CONTEXT(2) 
PARAMETRIC_REPRESENTATION_CONTEXT() REPRESENTATION_CONTEXT('2D SPACE',''
  ) );
#409 = ADVANCED_FACE('',(#410),#90,.F.);
#410 = FACE_BOUND('',#411,.F.);
#411 = EDGE_LOOP('',(#412,#442,#463,#464));
#412 = ORIENTED_EDGE('',*,*,#413,.F.);
#413 = EDGE_CURVE('',#414,#416,#418,.T.);
#414 = VERTEX_POINT('',#415);
#415 = CARTESIAN_POINT('',(35.,-30.,0.));
#416 = VERTEX_POINT('',#417);
#417 = CARTESIAN_POINT('',(35.,-30.,60.));
#418 = SURFACE_CURVE('',#419,(#423,#430),.PCURVE_S1.);
#419 = LINE('',#420,#421);
#420 = CARTESIAN_POINT('',(35.,-30.,0.));
#421 = VECTOR('',#422,1.);
#422 = DIRECTION('',(0.,0.,1.));
#423 = PCURVE('',#90,#424);
#424 = DEFINITIONAL_REPRESENTATION('',(#425),#429);
#425 = LINE('',#426,#427);
#426 = CARTESIAN_POINT('',(0.,70.));
#427 = VECTOR('',#428,1.);
#428 = DIRECTION('',(1.,0.));
#429 = ( GEOMETRIC_REPRESENTATION_CONTEXT(2) 
PARAMETRIC_REPRESENTATION_CONTEXT() REPRESENTATION_CONTEXT('2D SPACE',''
  ) );
#430 = PCURVE('',#431,#436);
#431 = PLANE('',#432);
#432 = AXIS2_PLACEMENT_3D('',#433,#434,#435);
#433 = CARTESIAN_POINT('',(35.,-30.,0.));
#434 = DIRECTION('',(1.,0.,0.));
#435 = DIRECTION('',(0.,0.,1.));
#436 = DEFINITIONAL_REPRESENTATION('',(#437),#441);
#437 = LINE('',#438,#439);
#438 = CARTESIAN_POINT('',(0.,0.));
#439 = VECTOR('',#440,1.);
#440 = DIRECTION('',(1.,0.));
#441 = ( GEOMETRIC_REPRESENTATION_CONTEXT(2) 
PARAMETRIC_REPRESENTATION_CONTEXT() REPRESENTATION_CONTEXT('2D SPACE',''
  ) );
#442 = ORIENTED_EDGE('',*,*,#443,.F.);
#443 = EDGE_CURVE('',#68,#414,#444,.T.);
#444 = SURFACE_CURVE('',#445,(#449,#456),.PCURVE_S1.);
#445 = LINE('',#446,#447);
#446 = CARTESIAN_POINT('',(-35.,-30.,0.));
#447 = VECTOR('',#448,1.);
#448 = DIRECTION('',(1.,0.,0.));
#449 = PCURVE('',#90,#450);
#450 = DEFINITIONAL_REPRESENTATION('',(#451),#455);
#451 = LINE('',#452,#453);
#452 = CARTESIAN_POINT('',(0.,0.));
#453 = VECTOR('',#454,1.);
#454 = DIRECTION('',(0.,1.));
#455 = ( GEOMETRIC_REPRESENTATION_CONTEXT(2) 
PARAMETRIC_REPRESENTATION_CONTEXT() REPRESENTATION_CONTEXT('2D SPACE',''
  ) );
#456 = PCURVE('',#118,#457);
#457 = DEFINITIONAL_REPRESENTATION('',(#458),#462);
#458 = LINE('',#459,#460);
#459 = CARTESIAN_POINT('',(0.,0.));
#460 = VECTOR('',#461,1.);
#461 = DIRECTION('',(1.,0.));
#462 = ( GEOMETRIC_REPRESENTATION_CONTEXT(2) 
PARAMETRIC_REPRESENTATION_CONTEXT() REPRESENTATION_CONTEXT('2D SPACE',''
  ) );
#463 = ORIENTED_EDGE('',*,*,#67,.T.);
#464 = ORIENTED_EDGE('',*,*,#465,.T.);
#465 = EDGE_CURVE('',#70,#416,#466,.T.);
#466 = SURFACE_CURVE('',#467,(#471,#478),.PCURVE_S1.);
#467 = LINE('',#468,#469);
#468 = CARTESIAN_POINT('',(-35.,-30.,60.));
#469 = VECTOR('',#470,1.);
#470 = DIRECTION('',(1.,0.,0.));
#471 = PCURVE('',#90,#472);
#472 = DEFINITIONAL_REPRESENTATION('',(#473),#477);
#473 = LINE('',#474,#475);
#474 = CARTESIAN_POINT('',(60.,0.));
#475 = VECTOR('',#476,1.);
#476 = DIRECTION('',(0.,1.));
#477 = ( GEOMETRIC_REPRESENTATION_CONTEXT(2) 
PARAMETRIC_REPRESENTATION_CONTEXT() REPRESENTATION_CONTEXT('2D SPACE',''
  ) );
#478 = PCURVE('',#284,#479);
#479 = DEFINITIONAL_REPRESENTATION('',(#480),#484);
#480 = LINE('',#481,#482);
#481 = CARTESIAN_POINT('',(0.,0.));
#482 = VECTOR('',#483,1.);
#483 = DIRECTION('',(1.,0.));
#484 = ( GEOMETRIC_REPRESENTATION_CONTEXT(2) 
PARAMETRIC_REPRESENTATION_CONTEXT() REPRESENTATION_CONTEXT('2D SPACE',''
  ) );
#485 = ADVANCED_FACE('',(#486),#284,.T.);
#486 = FACE_BOUND('',#487,.T.);
#487 = EDGE_LOOP('',(#488,#489,#490,#513));
#488 = ORIENTED_EDGE('',*,*,#270,.F.);
#489 = ORIENTED_EDGE('',*,*,#465,.T.);
#490 = ORIENTED_EDGE('',*,*,#491,.T.);
#491 = EDGE_CURVE('',#416,#492,#494,.T.);
#492 = VERTEX_POINT('',#493);
#493 = CARTESIAN_POINT('',(35.,-28.5,60.));
#494 = SURFACE_CURVE('',#495,(#499,#506),.PCURVE_S1.);
#495 = LINE('',#496,#497);
#496 = CARTESIAN_POINT('',(35.,-30.,60.));
#497 = VECTOR('',#498,1.);
#498 = DIRECTION('',(0.,1.,0.));
#499 = PCURVE('',#284,#500);
#500 = DEFINITIONAL_REPRESENTATION('',(#501),#505);
#501 = LINE('',#502,#503);
#502 = CARTESIAN_POINT('',(70.,0.));
#503 = VECTOR('',#504,1.);
#504 = DIRECTION('',(0.,1.));
#505 = ( GEOMETRIC_REPRESENTATION_CONTEXT(2) 
PARAMETRIC_REPRESENTATION_CONTEXT() REPRESENTATION_CONTEXT('2D SPACE',''
  ) );
#506 = PCURVE('',#431,#507);
#507 = DEFINITIONAL_REPRESENTATION('',(#508),#512);
#508 = LINE('',#509,#510);
#509 = CARTESIAN_POINT('',(60.,0.));
#510 = VECTOR('',#511,1.);
#511 = DIRECTION('',(0.,-1.));
#512 = ( GEOMETRIC_REPRESENTATION_CONTEXT(2) 
PARAMETRIC_REPRESENTATION_CONTEXT() REPRESENTATION_CONTEXT('2D SPACE',''
  ) );
#513 = ORIENTED_EDGE('',*,*,#514,.F.);
#514 = EDGE_CURVE('',#243,#492,#515,.T.);
#515 = SURFACE_CURVE('',#516,(#520,#527),.PCURVE_S1.);
#516 = LINE('',#517,#518);
#517 = CARTESIAN_POINT('',(-35.,-28.5,60.));
#518 = VECTOR('',#519,1.);
#519 = DIRECTION('',(1.,0.,0.));
#520 = PCURVE('',#284,#521);
#521 = DEFINITIONAL_REPRESENTATION('',(#522),#526);
#522 = LINE('',#523,#524);
#523 = CARTESIAN_POINT('',(0.,1.5));
#524 = VECTOR('',#525,1.);
#525 = DIRECTION('',(1.,0.));
#526 = ( GEOMETRIC_REPRESENTATION_CONTEXT(2) 
PARAMETRIC_REPRESENTATION_CONTEXT() REPRESENTATION_CONTEXT('2D SPACE',''
  ) );
#527 = PCURVE('',#258,#528);
#528 = DEFINITIONAL_REPRESENTATION('',(#529),#533);
#529 = LINE('',#530,#531);
#530 = CARTESIAN_POINT('',(0.,0.));
#531 = VECTOR('',#532,1.);
#532 = DIRECTION('',(0.,1.));
#533 = ( GEOMETRIC_REPRESENTATION_CONTEXT(2) 
PARAMETRIC_REPRESENTATION_CONTEXT() REPRESENTATION_CONTEXT('2D SPACE',''
  ) );
#534 = ADVANCED_FACE('',(#535,#583,#614,#645,#676),#258,.F.);
#535 = FACE_BOUND('',#536,.F.);
#536 = EDGE_LOOP('',(#537,#538,#539,#562));
#537 = ORIENTED_EDGE('',*,*,#514,.F.);
#538 = ORIENTED_EDGE('',*,*,#242,.T.);
#539 = ORIENTED_EDGE('',*,*,#540,.T.);
#540 = EDGE_CURVE('',#215,#541,#543,.T.);
#541 = VERTEX_POINT('',#542);
#542 = CARTESIAN_POINT('',(35.,-28.5,130.));
#543 = SURFACE_CURVE('',#544,(#548,#555),.PCURVE_S1.);
#544 = LINE('',#545,#546);
#545 = CARTESIAN_POINT('',(-35.,-28.5,130.));
#546 = VECTOR('',#547,1.);
#547 = DIRECTION('',(1.,0.,0.));
#548 = PCURVE('',#258,#549);
#549 = DEFINITIONAL_REPRESENTATION('',(#550),#554);
#550 = LINE('',#551,#552);
#551 = CARTESIAN_POINT('',(70.,0.));
#552 = VECTOR('',#553,1.);
#553 = DIRECTION('',(0.,1.));
#554 = ( GEOMETRIC_REPRESENTATION_CONTEXT(2) 
PARAMETRIC_REPRESENTATION_CONTEXT() REPRESENTATION_CONTEXT('2D SPACE',''
  ) );
#555 = PCURVE('',#230,#556);
#556 = DEFINITIONAL_REPRESENTATION('',(#557),#561);
#557 = LINE('',#558,#559);
#558 = CARTESIAN_POINT('',(0.,1.5));
#559 = VECTOR('',#560,1.);
#560 = DIRECTION('',(1.,0.));
#561 = ( GEOMETRIC_REPRESENTATION_CONTEXT(2) 
PARAMETRIC_REPRESENTATION_CONTEXT() REPRESENTATION_CONTEXT('2D SPACE',''
  ) );
#562 = ORIENTED_EDGE('',*,*,#563,.F.);
#563 = EDGE_CURVE('',#492,#541,#564,.T.);
#564 = SURFACE_CURVE('',#565,(#569,#576),.PCURVE_S1.);
#565 = LINE('',#566,#567);
#566 = CARTESIAN_POINT('',(35.,-28.5,60.));
#567 = VECTOR('',#568,1.);
#568 = DIRECTION('',(0.,0.,1.));
#569 = PCURVE('',#258,#570);
#570 = DEFINITIONAL_REPRESENTATION('',(#571),#575);
#571 = LINE('',#572,#573);
#572 = CARTESIAN_POINT('',(0.,70.));
#573 = VECTOR('',#574,1.);
#574 = DIRECTION('',(1.,0.));
#575 = ( GEOMETRIC_REPRESENTATION_CONTEXT(2) 
PARAMETRIC_REPRESENTATION_CONTEXT() REPRESENTATION_CONTEXT('2D SPACE',''
  ) );
#576 = PCURVE('',#431,#577);
#577 = DEFINITIONAL_REPRESENTATION('',(#578),#582);
#578 = LINE('',#579,#580);
#579 = CARTESIAN_POINT('',(60.,-1.5));
#580 = VECTOR('',#581,1.);
#581 = DIRECTION('',(1.,0.));
#582 = ( GEOMETRIC_REPRESENTATION_CONTEXT(2) 
PARAMETRIC_REPRESENTATION_CONTEXT() REPRESENTATION_CONTEXT('2D SPACE',''
  ) );
#583 = FACE_BOUND('',#584,.F.);
#584 = EDGE_LOOP('',(#585));
#585 = ORIENTED_EDGE('',*,*,#586,.F.);
#586 = EDGE_CURVE('',#587,#587,#589,.T.);
#587 = VERTEX_POINT('',#588);
#588 = CARTESIAN_POINT('',(-27.55,-28.5,83.5));
#589 = SURFACE_CURVE('',#590,(#595,#602),.PCURVE_S1.);
#590 = CIRCLE('',#591,1.45);
#591 = AXIS2_PLACEMENT_3D('',#592,#593,#594);
#592 = CARTESIAN_POINT('',(-29.,-28.5,83.5));
#593 = DIRECTION('',(-0.,1.,0.));
#594 = DIRECTION('',(1.,0.,0.));
#595 = PCURVE('',#258,#596);
#596 = DEFINITIONAL_REPRESENTATION('',(#597),#601);
#597 = CIRCLE('',#598,1.45);
#598 = AXIS2_PLACEMENT_2D('',#599,#600);
#599 = CARTESIAN_POINT('',(23.5,6.));
#600 = DIRECTION('',(0.,1.));
#601 = ( GEOMETRIC_REPRESENTATION_CONTEXT(2) 
PARAMETRIC_REPRESENTATION_CONTEXT() REPRESENTATION_CONTEXT('2D SPACE',''
  ) );
#602 = PCURVE('',#603,#608);
#603 = CYLINDRICAL_SURFACE('',#604,1.45);
#604 = AXIS2_PLACEMENT_3D('',#605,#606,#607);
#605 = CARTESIAN_POINT('',(-29.,0.,83.5));
#606 = DIRECTION('',(-0.,1.,-0.));
#607 = DIRECTION('',(1.,0.,0.));
#608 = DEFINITIONAL_REPRESENTATION('',(#609),#613);
#609 = LINE('',#610,#611);
#610 = CARTESIAN_POINT('',(-6.28318530718,-28.5));
#611 = VECTOR('',#612,1.);
#612 = DIRECTION('',(1.,-0.));
#613 = ( GEOMETRIC_REPRESENTATION_CONTEXT(2) 
PARAMETRIC_REPRESENTATION_CONTEXT() REPRESENTATION_CONTEXT('2D SPACE',''
  ) );
#614 = FACE_BOUND('',#615,.F.);
#615 = EDGE_LOOP('',(#616));
#616 = ORIENTED_EDGE('',*,*,#617,.F.);
#617 = EDGE_CURVE('',#618,#618,#620,.T.);
#618 = VERTEX_POINT('',#619);
#619 = CARTESIAN_POINT('',(-27.55,-28.5,106.5));
#620 = SURFACE_CURVE('',#621,(#626,#633),.PCURVE_S1.);
#621 = CIRCLE('',#622,1.45);
#622 = AXIS2_PLACEMENT_3D('',#623,#624,#625);
#623 = CARTESIAN_POINT('',(-29.,-28.5,106.5));
#624 = DIRECTION('',(-0.,1.,0.));
#625 = DIRECTION('',(1.,0.,0.));
#626 = PCURVE('',#258,#627);
#627 = DEFINITIONAL_REPRESENTATION('',(#628),#632);
#628 = CIRCLE('',#629,1.45);
#629 = AXIS2_PLACEMENT_2D('',#630,#631);
#630 = CARTESIAN_POINT('',(46.5,6.));
#631 = DIRECTION('',(0.,1.));
#632 = ( GEOMETRIC_REPRESENTATION_CONTEXT(2) 
PARAMETRIC_REPRESENTATION_CONTEXT() REPRESENTATION_CONTEXT('2D SPACE',''
  ) );
#633 = PCURVE('',#634,#639);
#634 = CYLINDRICAL_SURFACE('',#635,1.45);
#635 = AXIS2_PLACEMENT_3D('',#636,#637,#638);
#636 = CARTESIAN_POINT('',(-29.,0.,106.5));
#637 = DIRECTION('',(-0.,1.,-0.));
#638 = DIRECTION('',(1.,0.,0.));
#639 = DEFINITIONAL_REPRESENTATION('',(#640),#644);
#640 = LINE('',#641,#642);
#641 = CARTESIAN_POINT('',(-6.28318530718,-28.5));
#642 = VECTOR('',#643,1.);
#643 = DIRECTION('',(1.,-0.));
#644 = ( GEOMETRIC_REPRESENTATION_CONTEXT(2) 
PARAMETRIC_REPRESENTATION_CONTEXT() REPRESENTATION_CONTEXT('2D SPACE',''
  ) );
#645 = FACE_BOUND('',#646,.F.);
#646 = EDGE_LOOP('',(#647));
#647 = ORIENTED_EDGE('',*,*,#648,.F.);
#648 = EDGE_CURVE('',#649,#649,#651,.T.);
#649 = VERTEX_POINT('',#650);
#650 = CARTESIAN_POINT('',(30.45,-28.5,83.5));
#651 = SURFACE_CURVE('',#652,(#657,#664),.PCURVE_S1.);
#652 = CIRCLE('',#653,1.45);
#653 = AXIS2_PLACEMENT_3D('',#654,#655,#656);
#654 = CARTESIAN_POINT('',(29.,-28.5,83.5));
#655 = DIRECTION('',(-0.,1.,0.));
#656 = DIRECTION('',(1.,0.,0.));
#657 = PCURVE('',#258,#658);
#658 = DEFINITIONAL_REPRESENTATION('',(#659),#663);
#659 = CIRCLE('',#660,1.45);
#660 = AXIS2_PLACEMENT_2D('',#661,#662);
#661 = CARTESIAN_POINT('',(23.5,64.));
#662 = DIRECTION('',(0.,1.));
#663 = ( GEOMETRIC_REPRESENTATION_CONTEXT(2) 
PARAMETRIC_REPRESENTATION_CONTEXT() REPRESENTATION_CONTEXT('2D SPACE',''
  ) );
#664 = PCURVE('',#665,#670);
#665 = CYLINDRICAL_SURFACE('',#666,1.45);
#666 = AXIS2_PLACEMENT_3D('',#667,#668,#669);
#667 = CARTESIAN_POINT('',(29.,0.,83.5));
#668 = DIRECTION('',(-0.,1.,-0.));
#669 = DIRECTION('',(1.,0.,0.));
#670 = DEFINITIONAL_REPRESENTATION('',(#671),#675);
#671 = LINE('',#672,#673);
#672 = CARTESIAN_POINT('',(-6.28318530718,-28.5));
#673 = VECTOR('',#674,1.);
#674 = DIRECTION('',(1.,-0.));
#675 = ( GEOMETRIC_REPRESENTATION_CONTEXT(2) 
PARAMETRIC_REPRESENTATION_CONTEXT() REPRESENTATION_CONTEXT('2D SPACE',''
  ) );
#676 = FACE_BOUND('',#677,.F.);
#677 = EDGE_LOOP('',(#678));
#678 = ORIENTED_EDGE('',*,*,#679,.F.);
#679 = EDGE_CURVE('',#680,#680,#682,.T.);
#680 = VERTEX_POINT('',#681);
#681 = CARTESIAN_POINT('',(30.45,-28.5,106.5));
#682 = SURFACE_CURVE('',#683,(#688,#695),.PCURVE_S1.);
#683 = CIRCLE('',#684,1.45);
#684 = AXIS2_PLACEMENT_3D('',#685,#686,#687);
#685 = CARTESIAN_POINT('',(29.,-28.5,106.5));
#686 = DIRECTION('',(-0.,1.,0.));
#687 = DIRECTION('',(1.,0.,0.));
#688 = PCURVE('',#258,#689);
#689 = DEFINITIONAL_REPRESENTATION('',(#690),#694);
#690 = CIRCLE('',#691,1.45);
#691 = AXIS2_PLACEMENT_2D('',#692,#693);
#692 = CARTESIAN_POINT('',(46.5,64.));
#693 = DIRECTION('',(0.,1.));
#694 = ( GEOMETRIC_REPRESENTATION_CONTEXT(2) 
PARAMETRIC_REPRESENTATION_CONTEXT() REPRESENTATION_CONTEXT('2D SPACE',''
  ) );
#695 = PCURVE('',#696,#701);
#696 = CYLINDRICAL_SURFACE('',#697,1.45);
#697 = AXIS2_PLACEMENT_3D('',#698,#699,#700);
#698 = CARTESIAN_POINT('',(29.,0.,106.5));
#699 = DIRECTION('',(-0.,1.,-0.));
#700 = DIRECTION('',(1.,0.,0.));
#701 = DEFINITIONAL_REPRESENTATION('',(#702),#706);
#702 = LINE('',#703,#704);
#703 = CARTESIAN_POINT('',(-6.28318530718,-28.5));
#704 = VECTOR('',#705,1.);
#705 = DIRECTION('',(1.,-0.));
#706 = ( GEOMETRIC_REPRESENTATION_CONTEXT(2) 
PARAMETRIC_REPRESENTATION_CONTEXT() REPRESENTATION_CONTEXT('2D SPACE',''
  ) );
#707 = ADVANCED_FACE('',(#708),#230,.F.);
#708 = FACE_BOUND('',#709,.F.);
#709 = EDGE_LOOP('',(#710,#711,#734,#755));
#710 = ORIENTED_EDGE('',*,*,#214,.F.);
#711 = ORIENTED_EDGE('',*,*,#712,.T.);
#712 = EDGE_CURVE('',#187,#713,#715,.T.);
#713 = VERTEX_POINT('',#714);
#714 = CARTESIAN_POINT('',(35.,-30.,130.));
#715 = SURFACE_CURVE('',#716,(#720,#727),.PCURVE_S1.);
#716 = LINE('',#717,#718);
#717 = CARTESIAN_POINT('',(-35.,-30.,130.));
#718 = VECTOR('',#719,1.);
#719 = DIRECTION('',(1.,0.,0.));
#720 = PCURVE('',#230,#721);
#721 = DEFINITIONAL_REPRESENTATION('',(#722),#726);
#722 = LINE('',#723,#724);
#723 = CARTESIAN_POINT('',(0.,0.));
#724 = VECTOR('',#725,1.);
#725 = DIRECTION('',(1.,0.));
#726 = ( GEOMETRIC_REPRESENTATION_CONTEXT(2) 
PARAMETRIC_REPRESENTATION_CONTEXT() REPRESENTATION_CONTEXT('2D SPACE',''
  ) );
#727 = PCURVE('',#202,#728);
#728 = DEFINITIONAL_REPRESENTATION('',(#729),#733);
#729 = LINE('',#730,#731);
#730 = CARTESIAN_POINT('',(130.,0.));
#731 = VECTOR('',#732,1.);
#732 = DIRECTION('',(0.,1.));
#733 = ( GEOMETRIC_REPRESENTATION_CONTEXT(2) 
PARAMETRIC_REPRESENTATION_CONTEXT() REPRESENTATION_CONTEXT('2D SPACE',''
  ) );
#734 = ORIENTED_EDGE('',*,*,#735,.T.);
#735 = EDGE_CURVE('',#713,#541,#736,.T.);
#736 = SURFACE_CURVE('',#737,(#741,#748),.PCURVE_S1.);
#737 = LINE('',#738,#739);
#738 = CARTESIAN_POINT('',(35.,-30.,130.));
#739 = VECTOR('',#740,1.);
#740 = DIRECTION('',(0.,1.,0.));
#741 = PCURVE('',#230,#742);
#742 = DEFINITIONAL_REPRESENTATION('',(#743),#747);
#743 = LINE('',#744,#745);
#744 = CARTESIAN_POINT('',(70.,0.));
#745 = VECTOR('',#746,1.);
#746 = DIRECTION('',(0.,1.));
#747 = ( GEOMETRIC_REPRESENTATION_CONTEXT(2) 
PARAMETRIC_REPRESENTATION_CONTEXT() REPRESENTATION_CONTEXT('2D SPACE',''
  ) );
#748 = PCURVE('',#431,#749);
#749 = DEFINITIONAL_REPRESENTATION('',(#750),#754);
#750 = LINE('',#751,#752);
#751 = CARTESIAN_POINT('',(130.,0.));
#752 = VECTOR('',#753,1.);
#753 = DIRECTION('',(0.,-1.));
#754 = ( GEOMETRIC_REPRESENTATION_CONTEXT(2) 
PARAMETRIC_REPRESENTATION_CONTEXT() REPRESENTATION_CONTEXT('2D SPACE',''
  ) );
#755 = ORIENTED_EDGE('',*,*,#540,.F.);
#756 = ADVANCED_FACE('',(#757),#202,.F.);
#757 = FACE_BOUND('',#758,.F.);
#758 = EDGE_LOOP('',(#759,#782,#783,#784));
#759 = ORIENTED_EDGE('',*,*,#760,.F.);
#760 = EDGE_CURVE('',#713,#761,#763,.T.);
#761 = VERTEX_POINT('',#762);
#762 = CARTESIAN_POINT('',(35.,-30.,300.));
#763 = SURFACE_CURVE('',#764,(#768,#775),.PCURVE_S1.);
#764 = LINE('',#765,#766);
#765 = CARTESIAN_POINT('',(35.,-30.,0.));
#766 = VECTOR('',#767,1.);
#767 = DIRECTION('',(0.,0.,1.));
#768 = PCURVE('',#202,#769);
#769 = DEFINITIONAL_REPRESENTATION('',(#770),#774);
#770 = LINE('',#771,#772);
#771 = CARTESIAN_POINT('',(0.,70.));
#772 = VECTOR('',#773,1.);
#773 = DIRECTION('',(1.,0.));
#774 = ( GEOMETRIC_REPRESENTATION_CONTEXT(2) 
PARAMETRIC_REPRESENTATION_CONTEXT() REPRESENTATION_CONTEXT('2D SPACE',''
  ) );
#775 = PCURVE('',#431,#776);
#776 = DEFINITIONAL_REPRESENTATION('',(#777),#781);
#777 = LINE('',#778,#779);
#778 = CARTESIAN_POINT('',(0.,0.));
#779 = VECTOR('',#780,1.);
#780 = DIRECTION('',(1.,0.));
#781 = ( GEOMETRIC_REPRESENTATION_CONTEXT(2) 
PARAMETRIC_REPRESENTATION_CONTEXT() REPRESENTATION_CONTEXT('2D SPACE',''
  ) );
#782 = ORIENTED_EDGE('',*,*,#712,.F.);
#783 = ORIENTED_EDGE('',*,*,#186,.T.);
#784 = ORIENTED_EDGE('',*,*,#785,.T.);
#785 = EDGE_CURVE('',#159,#761,#786,.T.);
#786 = SURFACE_CURVE('',#787,(#791,#798),.PCURVE_S1.);
#787 = LINE('',#788,#789);
#788 = CARTESIAN_POINT('',(-35.,-30.,300.));
#789 = VECTOR('',#790,1.);
#790 = DIRECTION('',(1.,0.,0.));
#791 = PCURVE('',#202,#792);
#792 = DEFINITIONAL_REPRESENTATION('',(#793),#797);
#793 = LINE('',#794,#795);
#794 = CARTESIAN_POINT('',(300.,0.));
#795 = VECTOR('',#796,1.);
#796 = DIRECTION('',(0.,1.));
#797 = ( GEOMETRIC_REPRESENTATION_CONTEXT(2) 
PARAMETRIC_REPRESENTATION_CONTEXT() REPRESENTATION_CONTEXT('2D SPACE',''
  ) );
#798 = PCURVE('',#174,#799);
#799 = DEFINITIONAL_REPRESENTATION('',(#800),#804);
#800 = LINE('',#801,#802);
#801 = CARTESIAN_POINT('',(0.,0.));
#802 = VECTOR('',#803,1.);
#803 = DIRECTION('',(1.,0.));
#804 = ( GEOMETRIC_REPRESENTATION_CONTEXT(2) 
PARAMETRIC_REPRESENTATION_CONTEXT() REPRESENTATION_CONTEXT('2D SPACE',''
  ) );
#805 = ADVANCED_FACE('',(#806,#961,#996,#1110),#174,.T.);
#806 = FACE_BOUND('',#807,.T.);
#807 = EDGE_LOOP('',(#808,#831,#832,#833,#856,#884,#912,#940));
#808 = ORIENTED_EDGE('',*,*,#809,.F.);
#809 = EDGE_CURVE('',#131,#810,#812,.T.);
#810 = VERTEX_POINT('',#811);
#811 = CARTESIAN_POINT('',(35.,30.,300.));
#812 = SURFACE_CURVE('',#813,(#817,#824),.PCURVE_S1.);
#813 = LINE('',#814,#815);
#814 = CARTESIAN_POINT('',(-35.,30.,300.));
#815 = VECTOR('',#816,1.);
#816 = DIRECTION('',(1.,0.,0.));
#817 = PCURVE('',#174,#818);
#818 = DEFINITIONAL_REPRESENTATION('',(#819),#823);
#819 = LINE('',#820,#821);
#820 = CARTESIAN_POINT('',(0.,60.));
#821 = VECTOR('',#822,1.);
#822 = DIRECTION('',(1.,0.));
#823 = ( GEOMETRIC_REPRESENTATION_CONTEXT(2) 
PARAMETRIC_REPRESENTATION_CONTEXT() REPRESENTATION_CONTEXT('2D SPACE',''
  ) );
#824 = PCURVE('',#146,#825);
#825 = DEFINITIONAL_REPRESENTATION('',(#826),#830);
#826 = LINE('',#827,#828);
#827 = CARTESIAN_POINT('',(300.,0.));
#828 = VECTOR('',#829,1.);
#829 = DIRECTION('',(0.,1.));
#830 = ( GEOMETRIC_REPRESENTATION_CONTEXT(2) 
PARAMETRIC_REPRESENTATION_CONTEXT() REPRESENTATION_CONTEXT('2D SPACE',''
  ) );
#831 = ORIENTED_EDGE('',*,*,#158,.F.);
#832 = ORIENTED_EDGE('',*,*,#785,.T.);
#833 = ORIENTED_EDGE('',*,*,#834,.T.);
#834 = EDGE_CURVE('',#761,#835,#837,.T.);
#835 = VERTEX_POINT('',#836);
#836 = CARTESIAN_POINT('',(35.,-2.,300.));
#837 = SURFACE_CURVE('',#838,(#842,#849),.PCURVE_S1.);
#838 = LINE('',#839,#840);
#839 = CARTESIAN_POINT('',(35.,-30.,300.));
#840 = VECTOR('',#841,1.);
#841 = DIRECTION('',(0.,1.,0.));
#842 = PCURVE('',#174,#843);
#843 = DEFINITIONAL_REPRESENTATION('',(#844),#848);
#844 = LINE('',#845,#846);
#845 = CARTESIAN_POINT('',(70.,0.));
#846 = VECTOR('',#847,1.);
#847 = DIRECTION('',(0.,1.));
#848 = ( GEOMETRIC_REPRESENTATION_CONTEXT(2) 
PARAMETRIC_REPRESENTATION_CONTEXT() REPRESENTATION_CONTEXT('2D SPACE',''
  ) );
#849 = PCURVE('',#431,#850);
#850 = DEFINITIONAL_REPRESENTATION('',(#851),#855);
#851 = LINE('',#852,#853);
#852 = CARTESIAN_POINT('',(300.,0.));
#853 = VECTOR('',#854,1.);
#854 = DIRECTION('',(0.,-1.));
#855 = ( GEOMETRIC_REPRESENTATION_CONTEXT(2) 
PARAMETRIC_REPRESENTATION_CONTEXT() REPRESENTATION_CONTEXT('2D SPACE',''
  ) );
#856 = ORIENTED_EDGE('',*,*,#857,.F.);
#857 = EDGE_CURVE('',#858,#835,#860,.T.);
#858 = VERTEX_POINT('',#859);
#859 = CARTESIAN_POINT('',(32.,-2.,300.));
#860 = SURFACE_CURVE('',#861,(#865,#872),.PCURVE_S1.);
#861 = LINE('',#862,#863);
#862 = CARTESIAN_POINT('',(32.,-2.,300.));
#863 = VECTOR('',#864,1.);
#864 = DIRECTION('',(1.,0.,0.));
#865 = PCURVE('',#174,#866);
#866 = DEFINITIONAL_REPRESENTATION('',(#867),#871);
#867 = LINE('',#868,#869);
#868 = CARTESIAN_POINT('',(67.,28.));
#869 = VECTOR('',#870,1.);
#870 = DIRECTION('',(1.,0.));
#871 = ( GEOMETRIC_REPRESENTATION_CONTEXT(2) 
PARAMETRIC_REPRESENTATION_CONTEXT() REPRESENTATION_CONTEXT('2D SPACE',''
  ) );
#872 = PCURVE('',#873,#878);
#873 = PLANE('',#874);
#874 = AXIS2_PLACEMENT_3D('',#875,#876,#877);
#875 = CARTESIAN_POINT('',(32.,-2.,125.));
#876 = DIRECTION('',(0.,1.,0.));
#877 = DIRECTION('',(0.,0.,1.));
#878 = DEFINITIONAL_REPRESENTATION('',(#879),#883);
#879 = LINE('',#880,#881);
#880 = CARTESIAN_POINT('',(175.,0.));
#881 = VECTOR('',#882,1.);
#882 = DIRECTION('',(0.,1.));
#883 = ( GEOMETRIC_REPRESENTATION_CONTEXT(2) 
PARAMETRIC_REPRESENTATION_CONTEXT() REPRESENTATION_CONTEXT('2D SPACE',''
  ) );
#884 = ORIENTED_EDGE('',*,*,#885,.T.);
#885 = EDGE_CURVE('',#858,#886,#888,.T.);
#886 = VERTEX_POINT('',#887);
#887 = CARTESIAN_POINT('',(32.,2.,300.));
#888 = SURFACE_CURVE('',#889,(#893,#900),.PCURVE_S1.);
#889 = LINE('',#890,#891);
#890 = CARTESIAN_POINT('',(32.,-2.,300.));
#891 = VECTOR('',#892,1.);
#892 = DIRECTION('',(0.,1.,0.));
#893 = PCURVE('',#174,#894);
#894 = DEFINITIONAL_REPRESENTATION('',(#895),#899);
#895 = LINE('',#896,#897);
#896 = CARTESIAN_POINT('',(67.,28.));
#897 = VECTOR('',#898,1.);
#898 = DIRECTION('',(0.,1.));
#899 = ( GEOMETRIC_REPRESENTATION_CONTEXT(2) 
PARAMETRIC_REPRESENTATION_CONTEXT() REPRESENTATION_CONTEXT('2D SPACE',''
  ) );
#900 = PCURVE('',#901,#906);
#901 = PLANE('',#902);
#902 = AXIS2_PLACEMENT_3D('',#903,#904,#905);
#903 = CARTESIAN_POINT('',(32.,-2.,125.));
#904 = DIRECTION('',(1.,0.,0.));
#905 = DIRECTION('',(0.,0.,1.));
#906 = DEFINITIONAL_REPRESENTATION('',(#907),#911);
#907 = LINE('',#908,#909);
#908 = CARTESIAN_POINT('',(175.,0.));
#909 = VECTOR('',#910,1.);
#910 = DIRECTION('',(0.,-1.));
#911 = ( GEOMETRIC_REPRESENTATION_CONTEXT(2) 
PARAMETRIC_REPRESENTATION_CONTEXT() REPRESENTATION_CONTEXT('2D SPACE',''
  ) );
#912 = ORIENTED_EDGE('',*,*,#913,.T.);
#913 = EDGE_CURVE('',#886,#914,#916,.T.);
#914 = VERTEX_POINT('',#915);
#915 = CARTESIAN_POINT('',(35.,2.,300.));
#916 = SURFACE_CURVE('',#917,(#921,#928),.PCURVE_S1.);
#917 = LINE('',#918,#919);
#918 = CARTESIAN_POINT('',(32.,2.,300.));
#919 = VECTOR('',#920,1.);
#920 = DIRECTION('',(1.,0.,0.));
#921 = PCURVE('',#174,#922);
#922 = DEFINITIONAL_REPRESENTATION('',(#923),#927);
#923 = LINE('',#924,#925);
#924 = CARTESIAN_POINT('',(67.,32.));
#925 = VECTOR('',#926,1.);
#926 = DIRECTION('',(1.,0.));
#927 = ( GEOMETRIC_REPRESENTATION_CONTEXT(2) 
PARAMETRIC_REPRESENTATION_CONTEXT() REPRESENTATION_CONTEXT('2D SPACE',''
  ) );
#928 = PCURVE('',#929,#934);
#929 = PLANE('',#930);
#930 = AXIS2_PLACEMENT_3D('',#931,#932,#933);
#931 = CARTESIAN_POINT('',(32.,2.,125.));
#932 = DIRECTION('',(0.,1.,0.));
#933 = DIRECTION('',(0.,0.,1.));
#934 = DEFINITIONAL_REPRESENTATION('',(#935),#939);
#935 = LINE('',#936,#937);
#936 = CARTESIAN_POINT('',(175.,0.));
#937 = VECTOR('',#938,1.);
#938 = DIRECTION('',(0.,1.));
#939 = ( GEOMETRIC_REPRESENTATION_CONTEXT(2) 
PARAMETRIC_REPRESENTATION_CONTEXT() REPRESENTATION_CONTEXT('2D SPACE',''
  ) );
#940 = ORIENTED_EDGE('',*,*,#941,.T.);
#941 = EDGE_CURVE('',#914,#810,#942,.T.);
#942 = SURFACE_CURVE('',#943,(#947,#954),.PCURVE_S1.);
#943 = LINE('',#944,#945);
#944 = CARTESIAN_POINT('',(35.,-30.,300.));
#945 = VECTOR('',#946,1.);
#946 = DIRECTION('',(0.,1.,0.));
#947 = PCURVE('',#174,#948);
#948 = DEFINITIONAL_REPRESENTATION('',(#949),#953);
#949 = LINE('',#950,#951);
#950 = CARTESIAN_POINT('',(70.,0.));
#951 = VECTOR('',#952,1.);
#952 = DIRECTION('',(0.,1.));
#953 = ( GEOMETRIC_REPRESENTATION_CONTEXT(2) 
PARAMETRIC_REPRESENTATION_CONTEXT() REPRESENTATION_CONTEXT('2D SPACE',''
  ) );
#954 = PCURVE('',#431,#955);
#955 = DEFINITIONAL_REPRESENTATION('',(#956),#960);
#956 = LINE('',#957,#958);
#957 = CARTESIAN_POINT('',(300.,0.));
#958 = VECTOR('',#959,1.);
#959 = DIRECTION('',(0.,-1.));
#960 = ( GEOMETRIC_REPRESENTATION_CONTEXT(2) 
PARAMETRIC_REPRESENTATION_CONTEXT() REPRESENTATION_CONTEXT('2D SPACE',''
  ) );
#961 = FACE_BOUND('',#962,.T.);
#962 = EDGE_LOOP('',(#963));
#963 = ORIENTED_EDGE('',*,*,#964,.T.);
#964 = EDGE_CURVE('',#965,#965,#967,.T.);
#965 = VERTEX_POINT('',#966);
#966 = CARTESIAN_POINT('',(-23.15,20.,300.));
#967 = SURFACE_CURVE('',#968,(#973,#984),.PCURVE_S1.);
#968 = CIRCLE('',#969,1.6);
#969 = AXIS2_PLACEMENT_3D('',#970,#971,#972);
#970 = CARTESIAN_POINT('',(-24.75,20.,300.));
#971 = DIRECTION('',(0.,0.,-1.));
#972 = DIRECTION('',(1.,0.,0.));
#973 = PCURVE('',#174,#974);
#974 = DEFINITIONAL_REPRESENTATION('',(#975),#983);
#975 = ( BOUNDED_CURVE() B_SPLINE_CURVE(2,(#976,#977,#978,#979,#980,#981
,#982),.UNSPECIFIED.,.T.,.F.) B_SPLINE_CURVE_WITH_KNOTS((1,2,2,2,2,1),(
    -2.094395102393,0.,2.094395102393,4.188790204786,6.28318530718,
8.377580409573),.UNSPECIFIED.) CURVE() GEOMETRIC_REPRESENTATION_ITEM() 
RATIONAL_B_SPLINE_CURVE((1.,0.5,1.,0.5,1.,0.5,1.)) REPRESENTATION_ITEM(
  '') );
#976 = CARTESIAN_POINT('',(11.85,50.));
#977 = CARTESIAN_POINT('',(11.85,47.22871870789));
#978 = CARTESIAN_POINT('',(9.45,48.614359353945));
#979 = CARTESIAN_POINT('',(7.05,50.));
#980 = CARTESIAN_POINT('',(9.45,51.385640646055));
#981 = CARTESIAN_POINT('',(11.85,52.77128129211));
#982 = CARTESIAN_POINT('',(11.85,50.));
#983 = ( GEOMETRIC_REPRESENTATION_CONTEXT(2) 
PARAMETRIC_REPRESENTATION_CONTEXT() REPRESENTATION_CONTEXT('2D SPACE',''
  ) );
#984 = PCURVE('',#985,#990);
#985 = CYLINDRICAL_SURFACE('',#986,1.6);
#986 = AXIS2_PLACEMENT_3D('',#987,#988,#989);
#987 = CARTESIAN_POINT('',(-24.75,20.,0.));
#988 = DIRECTION('',(-0.,-0.,-1.));
#989 = DIRECTION('',(1.,0.,0.));
#990 = DEFINITIONAL_REPRESENTATION('',(#991),#995);
#991 = LINE('',#992,#993);
#992 = CARTESIAN_POINT('',(-6.28318530718,-300.));
#993 = VECTOR('',#994,1.);
#994 = DIRECTION('',(1.,-0.));
#995 = ( GEOMETRIC_REPRESENTATION_CONTEXT(2) 
PARAMETRIC_REPRESENTATION_CONTEXT() REPRESENTATION_CONTEXT('2D SPACE',''
  ) );
#996 = FACE_BOUND('',#997,.T.);
#997 = EDGE_LOOP('',(#998,#1028,#1056,#1084));
#998 = ORIENTED_EDGE('',*,*,#999,.T.);
#999 = EDGE_CURVE('',#1000,#1002,#1004,.T.);
#1000 = VERTEX_POINT('',#1001);
#1001 = CARTESIAN_POINT('',(-22.,-22.,300.));
#1002 = VERTEX_POINT('',#1003);
#1003 = CARTESIAN_POINT('',(-22.,22.,300.));
#1004 = SURFACE_CURVE('',#1005,(#1009,#1016),.PCURVE_S1.);
#1005 = LINE('',#1006,#1007);
#1006 = CARTESIAN_POINT('',(-22.,-22.,300.));
#1007 = VECTOR('',#1008,1.);
#1008 = DIRECTION('',(0.,1.,0.));
#1009 = PCURVE('',#174,#1010);
#1010 = DEFINITIONAL_REPRESENTATION('',(#1011),#1015);
#1011 = LINE('',#1012,#1013);
#1012 = CARTESIAN_POINT('',(13.,8.));
#1013 = VECTOR('',#1014,1.);
#1014 = DIRECTION('',(0.,1.));
#1015 = ( GEOMETRIC_REPRESENTATION_CONTEXT(2) 
PARAMETRIC_REPRESENTATION_CONTEXT() REPRESENTATION_CONTEXT('2D SPACE',''
  ) );
#1016 = PCURVE('',#1017,#1022);
#1017 = PLANE('',#1018);
#1018 = AXIS2_PLACEMENT_3D('',#1019,#1020,#1021);
#1019 = CARTESIAN_POINT('',(-22.,-22.,300.));
#1020 = DIRECTION('',(1.,0.,0.));
#1021 = DIRECTION('',(0.,0.,1.));
#1022 = DEFINITIONAL_REPRESENTATION('',(#1023),#1027);
#1023 = LINE('',#1024,#1025);
#1024 = CARTESIAN_POINT('',(0.,0.));
#1025 = VECTOR('',#1026,1.);
#1026 = DIRECTION('',(0.,-1.));
#1027 = ( GEOMETRIC_REPRESENTATION_CONTEXT(2) 
PARAMETRIC_REPRESENTATION_CONTEXT() REPRESENTATION_CONTEXT('2D SPACE',''
  ) );
#1028 = ORIENTED_EDGE('',*,*,#1029,.T.);
#1029 = EDGE_CURVE('',#1002,#1030,#1032,.T.);
#1030 = VERTEX_POINT('',#1031);
#1031 = CARTESIAN_POINT('',(22.,22.,300.));
#1032 = SURFACE_CURVE('',#1033,(#1037,#1044),.PCURVE_S1.);
#1033 = LINE('',#1034,#1035);
#1034 = CARTESIAN_POINT('',(-22.,22.,300.));
#1035 = VECTOR('',#1036,1.);
#1036 = DIRECTION('',(1.,0.,0.));
#1037 = PCURVE('',#174,#1038);
#1038 = DEFINITIONAL_REPRESENTATION('',(#1039),#1043);
#1039 = LINE('',#1040,#1041);
#1040 = CARTESIAN_POINT('',(13.,52.));
#1041 = VECTOR('',#1042,1.);
#1042 = DIRECTION('',(1.,0.));
#1043 = ( GEOMETRIC_REPRESENTATION_CONTEXT(2) 
PARAMETRIC_REPRESENTATION_CONTEXT() REPRESENTATION_CONTEXT('2D SPACE',''
  ) );
#1044 = PCURVE('',#1045,#1050);
#1045 = PLANE('',#1046);
#1046 = AXIS2_PLACEMENT_3D('',#1047,#1048,#1049);
#1047 = CARTESIAN_POINT('',(-22.,22.,300.));
#1048 = DIRECTION('',(0.,1.,0.));
#1049 = DIRECTION('',(0.,0.,1.));
#1050 = DEFINITIONAL_REPRESENTATION('',(#1051),#1055);
#1051 = LINE('',#1052,#1053);
#1052 = CARTESIAN_POINT('',(0.,0.));
#1053 = VECTOR('',#1054,1.);
#1054 = DIRECTION('',(0.,1.));
#1055 = ( GEOMETRIC_REPRESENTATION_CONTEXT(2) 
PARAMETRIC_REPRESENTATION_CONTEXT() REPRESENTATION_CONTEXT('2D SPACE',''
  ) );
#1056 = ORIENTED_EDGE('',*,*,#1057,.F.);
#1057 = EDGE_CURVE('',#1058,#1030,#1060,.T.);
#1058 = VERTEX_POINT('',#1059);
#1059 = CARTESIAN_POINT('',(22.,-22.,300.));
#1060 = SURFACE_CURVE('',#1061,(#1065,#1072),.PCURVE_S1.);
#1061 = LINE('',#1062,#1063);
#1062 = CARTESIAN_POINT('',(22.,-22.,300.));
#1063 = VECTOR('',#1064,1.);
#1064 = DIRECTION('',(0.,1.,0.));
#1065 = PCURVE('',#174,#1066);
#1066 = DEFINITIONAL_REPRESENTATION('',(#1067),#1071);
#1067 = LINE('',#1068,#1069);
#1068 = CARTESIAN_POINT('',(57.,8.));
#1069 = VECTOR('',#1070,1.);
#1070 = DIRECTION('',(0.,1.));
#1071 = ( GEOMETRIC_REPRESENTATION_CONTEXT(2) 
PARAMETRIC_REPRESENTATION_CONTEXT() REPRESENTATION_CONTEXT('2D SPACE',''
  ) );
#1072 = PCURVE('',#1073,#1078);
#1073 = PLANE('',#1074);
#1074 = AXIS2_PLACEMENT_3D('',#1075,#1076,#1077);
#1075 = CARTESIAN_POINT('',(22.,-22.,300.));
#1076 = DIRECTION('',(1.,0.,0.));
#1077 = DIRECTION('',(0.,0.,1.));
#1078 = DEFINITIONAL_REPRESENTATION('',(#1079),#1083);
#1079 = LINE('',#1080,#1081);
#1080 = CARTESIAN_POINT('',(0.,0.));
#1081 = VECTOR('',#1082,1.);
#1082 = DIRECTION('',(0.,-1.));
#1083 = ( GEOMETRIC_REPRESENTATION_CONTEXT(2) 
PARAMETRIC_REPRESENTATION_CONTEXT() REPRESENTATION_CONTEXT('2D SPACE',''
  ) );
#1084 = ORIENTED_EDGE('',*,*,#1085,.F.);
#1085 = EDGE_CURVE('',#1000,#1058,#1086,.T.);
#1086 = SURFACE_CURVE('',#1087,(#1091,#1098),.PCURVE_S1.);
#1087 = LINE('',#1088,#1089);
#1088 = CARTESIAN_POINT('',(-22.,-22.,300.));
#1089 = VECTOR('',#1090,1.);
#1090 = DIRECTION('',(1.,0.,0.));
#1091 = PCURVE('',#174,#1092);
#1092 = DEFINITIONAL_REPRESENTATION('',(#1093),#1097);
#1093 = LINE('',#1094,#1095);
#1094 = CARTESIAN_POINT('',(13.,8.));
#1095 = VECTOR('',#1096,1.);
#1096 = DIRECTION('',(1.,0.));
#1097 = ( GEOMETRIC_REPRESENTATION_CONTEXT(2) 
PARAMETRIC_REPRESENTATION_CONTEXT() REPRESENTATION_CONTEXT('2D SPACE',''
  ) );
#1098 = PCURVE('',#1099,#1104);
#1099 = PLANE('',#1100);
#1100 = AXIS2_PLACEMENT_3D('',#1101,#1102,#1103);
#1101 = CARTESIAN_POINT('',(-22.,-22.,300.));
#1102 = DIRECTION('',(0.,1.,0.));
#1103 = DIRECTION('',(0.,0.,1.));
#1104 = DEFINITIONAL_REPRESENTATION('',(#1105),#1109);
#1105 = LINE('',#1106,#1107);
#1106 = CARTESIAN_POINT('',(0.,0.));
#1107 = VECTOR('',#1108,1.);
#1108 = DIRECTION('',(0.,1.));
#1109 = ( GEOMETRIC_REPRESENTATION_CONTEXT(2) 
PARAMETRIC_REPRESENTATION_CONTEXT() REPRESENTATION_CONTEXT('2D SPACE',''
  ) );
#1110 = FACE_BOUND('',#1111,.T.);
#1111 = EDGE_LOOP('',(#1112));
#1112 = ORIENTED_EDGE('',*,*,#1113,.T.);
#1113 = EDGE_CURVE('',#1114,#1114,#1116,.T.);
#1114 = VERTEX_POINT('',#1115);
#1115 = CARTESIAN_POINT('',(26.35,20.,300.));
#1116 = SURFACE_CURVE('',#1117,(#1122,#1133),.PCURVE_S1.);
#1117 = CIRCLE('',#1118,1.6);
#1118 = AXIS2_PLACEMENT_3D('',#1119,#1120,#1121);
#1119 = CARTESIAN_POINT('',(24.75,20.,300.));
#1120 = DIRECTION('',(0.,0.,-1.));
#1121 = DIRECTION('',(1.,0.,0.));
#1122 = PCURVE('',#174,#1123);
#1123 = DEFINITIONAL_REPRESENTATION('',(#1124),#1132);
#1124 = ( BOUNDED_CURVE() B_SPLINE_CURVE(2,(#1125,#1126,#1127,#1128,
#1129,#1130,#1131),.UNSPECIFIED.,.T.,.F.) B_SPLINE_CURVE_WITH_KNOTS((1,2
    ,2,2,2,1),(-2.094395102393,0.,2.094395102393,4.188790204786,
6.28318530718,8.377580409573),.UNSPECIFIED.) CURVE() 
GEOMETRIC_REPRESENTATION_ITEM() RATIONAL_B_SPLINE_CURVE((1.,0.5,1.,0.5,
1.,0.5,1.)) REPRESENTATION_ITEM('') );
#1125 = CARTESIAN_POINT('',(61.35,50.));
#1126 = CARTESIAN_POINT('',(61.35,47.22871870789));
#1127 = CARTESIAN_POINT('',(58.95,48.614359353945));
#1128 = CARTESIAN_POINT('',(56.55,50.));
#1129 = CARTESIAN_POINT('',(58.95,51.385640646055));
#1130 = CARTESIAN_POINT('',(61.35,52.77128129211));
#1131 = CARTESIAN_POINT('',(61.35,50.));
#1132 = ( GEOMETRIC_REPRESENTATION_CONTEXT(2) 
PARAMETRIC_REPRESENTATION_CONTEXT() REPRESENTATION_CONTEXT('2D SPACE',''
  ) );
#1133 = PCURVE('',#1134,#1139);
#1134 = CYLINDRICAL_SURFACE('',#1135,1.6);
#1135 = AXIS2_PLACEMENT_3D('',#1136,#1137,#1138);
#1136 = CARTESIAN_POINT('',(24.75,20.,0.));
#1137 = DIRECTION('',(-0.,-0.,-1.));
#1138 = DIRECTION('',(1.,0.,0.));
#1139 = DEFINITIONAL_REPRESENTATION('',(#1140),#1144);
#1140 = LINE('',#1141,#1142);
#1141 = CARTESIAN_POINT('',(-6.28318530718,-300.));
#1142 = VECTOR('',#1143,1.);
#1143 = DIRECTION('',(1.,-0.));
#1144 = ( GEOMETRIC_REPRESENTATION_CONTEXT(2) 
PARAMETRIC_REPRESENTATION_CONTEXT() REPRESENTATION_CONTEXT('2D SPACE',''
  ) );
#1145 = ADVANCED_FACE('',(#1146),#146,.T.);
#1146 = FACE_BOUND('',#1147,.T.);
#1147 = EDGE_LOOP('',(#1148,#1171,#1172,#1173,#1196,#1219,#1247,#1275));
#1148 = ORIENTED_EDGE('',*,*,#1149,.F.);
#1149 = EDGE_CURVE('',#103,#1150,#1152,.T.);
#1150 = VERTEX_POINT('',#1151);
#1151 = CARTESIAN_POINT('',(-20.5,30.,0.));
#1152 = SURFACE_CURVE('',#1153,(#1157,#1164),.PCURVE_S1.);
#1153 = LINE('',#1154,#1155);
#1154 = CARTESIAN_POINT('',(-35.,30.,0.));
#1155 = VECTOR('',#1156,1.);
#1156 = DIRECTION('',(1.,0.,0.));
#1157 = PCURVE('',#146,#1158);
#1158 = DEFINITIONAL_REPRESENTATION('',(#1159),#1163);
#1159 = LINE('',#1160,#1161);
#1160 = CARTESIAN_POINT('',(0.,0.));
#1161 = VECTOR('',#1162,1.);
#1162 = DIRECTION('',(0.,1.));
#1163 = ( GEOMETRIC_REPRESENTATION_CONTEXT(2) 
PARAMETRIC_REPRESENTATION_CONTEXT() REPRESENTATION_CONTEXT('2D SPACE',''
  ) );
#1164 = PCURVE('',#118,#1165);
#1165 = DEFINITIONAL_REPRESENTATION('',(#1166),#1170);
#1166 = LINE('',#1167,#1168);
#1167 = CARTESIAN_POINT('',(0.,60.));
#1168 = VECTOR('',#1169,1.);
#1169 = DIRECTION('',(1.,0.));
#1170 = ( GEOMETRIC_REPRESENTATION_CONTEXT(2) 
PARAMETRIC_REPRESENTATION_CONTEXT() REPRESENTATION_CONTEXT('2D SPACE',''
  ) );
#1171 = ORIENTED_EDGE('',*,*,#130,.T.);
#1172 = ORIENTED_EDGE('',*,*,#809,.T.);
#1173 = ORIENTED_EDGE('',*,*,#1174,.F.);
#1174 = EDGE_CURVE('',#1175,#810,#1177,.T.);
#1175 = VERTEX_POINT('',#1176);
#1176 = CARTESIAN_POINT('',(35.,30.,0.));
#1177 = SURFACE_CURVE('',#1178,(#1182,#1189),.PCURVE_S1.);
#1178 = LINE('',#1179,#1180);
#1179 = CARTESIAN_POINT('',(35.,30.,0.));
#1180 = VECTOR('',#1181,1.);
#1181 = DIRECTION('',(0.,0.,1.));
#1182 = PCURVE('',#146,#1183);
#1183 = DEFINITIONAL_REPRESENTATION('',(#1184),#1188);
#1184 = LINE('',#1185,#1186);
#1185 = CARTESIAN_POINT('',(0.,70.));
#1186 = VECTOR('',#1187,1.);
#1187 = DIRECTION('',(1.,0.));
#1188 = ( GEOMETRIC_REPRESENTATION_CONTEXT(2) 
PARAMETRIC_REPRESENTATION_CONTEXT() REPRESENTATION_CONTEXT('2D SPACE',''
  ) );
#1189 = PCURVE('',#431,#1190);
#1190 = DEFINITIONAL_REPRESENTATION('',(#1191),#1195);
#1191 = LINE('',#1192,#1193);
#1192 = CARTESIAN_POINT('',(0.,-60.));
#1193 = VECTOR('',#1194,1.);
#1194 = DIRECTION('',(1.,0.));
#1195 = ( GEOMETRIC_REPRESENTATION_CONTEXT(2) 
PARAMETRIC_REPRESENTATION_CONTEXT() REPRESENTATION_CONTEXT('2D SPACE',''
  ) );
#1196 = ORIENTED_EDGE('',*,*,#1197,.F.);
#1197 = EDGE_CURVE('',#1198,#1175,#1200,.T.);
#1198 = VERTEX_POINT('',#1199);
#1199 = CARTESIAN_POINT('',(20.5,30.,0.));
#1200 = SURFACE_CURVE('',#1201,(#1205,#1212),.PCURVE_S1.);
#1201 = LINE('',#1202,#1203);
#1202 = CARTESIAN_POINT('',(-35.,30.,0.));
#1203 = VECTOR('',#1204,1.);
#1204 = DIRECTION('',(1.,0.,0.));
#1205 = PCURVE('',#146,#1206);
#1206 = DEFINITIONAL_REPRESENTATION('',(#1207),#1211);
#1207 = LINE('',#1208,#1209);
#1208 = CARTESIAN_POINT('',(0.,0.));
#1209 = VECTOR('',#1210,1.);
#1210 = DIRECTION('',(0.,1.));
#1211 = ( GEOMETRIC_REPRESENTATION_CONTEXT(2) 
PARAMETRIC_REPRESENTATION_CONTEXT() REPRESENTATION_CONTEXT('2D SPACE',''
  ) );
#1212 = PCURVE('',#118,#1213);
#1213 = DEFINITIONAL_REPRESENTATION('',(#1214),#1218);
#1214 = LINE('',#1215,#1216);
#1215 = CARTESIAN_POINT('',(0.,60.));
#1216 = VECTOR('',#1217,1.);
#1217 = DIRECTION('',(1.,0.));
#1218 = ( GEOMETRIC_REPRESENTATION_CONTEXT(2) 
PARAMETRIC_REPRESENTATION_CONTEXT() REPRESENTATION_CONTEXT('2D SPACE',''
  ) );
#1219 = ORIENTED_EDGE('',*,*,#1220,.T.);
#1220 = EDGE_CURVE('',#1198,#1221,#1223,.T.);
#1221 = VERTEX_POINT('',#1222);
#1222 = CARTESIAN_POINT('',(20.5,30.,36.6));
#1223 = SURFACE_CURVE('',#1224,(#1228,#1235),.PCURVE_S1.);
#1224 = LINE('',#1225,#1226);
#1225 = CARTESIAN_POINT('',(20.5,30.,-6.6));
#1226 = VECTOR('',#1227,1.);
#1227 = DIRECTION('',(0.,0.,1.));
#1228 = PCURVE('',#146,#1229);
#1229 = DEFINITIONAL_REPRESENTATION('',(#1230),#1234);
#1230 = LINE('',#1231,#1232);
#1231 = CARTESIAN_POINT('',(-6.6,55.5));
#1232 = VECTOR('',#1233,1.);
#1233 = DIRECTION('',(1.,0.));
#1234 = ( GEOMETRIC_REPRESENTATION_CONTEXT(2) 
PARAMETRIC_REPRESENTATION_CONTEXT() REPRESENTATION_CONTEXT('2D SPACE',''
  ) );
#1235 = PCURVE('',#1236,#1241);
#1236 = PLANE('',#1237);
#1237 = AXIS2_PLACEMENT_3D('',#1238,#1239,#1240);
#1238 = CARTESIAN_POINT('',(20.5,10.,-6.6));
#1239 = DIRECTION('',(1.,0.,0.));
#1240 = DIRECTION('',(0.,0.,1.));
#1241 = DEFINITIONAL_REPRESENTATION('',(#1242),#1246);
#1242 = LINE('',#1243,#1244);
#1243 = CARTESIAN_POINT('',(0.,-20.));
#1244 = VECTOR('',#1245,1.);
#1245 = DIRECTION('',(1.,0.));
#1246 = ( GEOMETRIC_REPRESENTATION_CONTEXT(2) 
PARAMETRIC_REPRESENTATION_CONTEXT() REPRESENTATION_CONTEXT('2D SPACE',''
  ) );
#1247 = ORIENTED_EDGE('',*,*,#1248,.F.);
#1248 = EDGE_CURVE('',#1249,#1221,#1251,.T.);
#1249 = VERTEX_POINT('',#1250);
#1250 = CARTESIAN_POINT('',(-20.5,30.,36.6));
#1251 = SURFACE_CURVE('',#1252,(#1256,#1263),.PCURVE_S1.);
#1252 = LINE('',#1253,#1254);
#1253 = CARTESIAN_POINT('',(-20.5,30.,36.6));
#1254 = VECTOR('',#1255,1.);
#1255 = DIRECTION('',(1.,0.,0.));
#1256 = PCURVE('',#146,#1257);
#1257 = DEFINITIONAL_REPRESENTATION('',(#1258),#1262);
#1258 = LINE('',#1259,#1260);
#1259 = CARTESIAN_POINT('',(36.6,14.5));
#1260 = VECTOR('',#1261,1.);
#1261 = DIRECTION('',(0.,1.));
#1262 = ( GEOMETRIC_REPRESENTATION_CONTEXT(2) 
PARAMETRIC_REPRESENTATION_CONTEXT() REPRESENTATION_CONTEXT('2D SPACE',''
  ) );
#1263 = PCURVE('',#1264,#1269);
#1264 = PLANE('',#1265);
#1265 = AXIS2_PLACEMENT_3D('',#1266,#1267,#1268);
#1266 = CARTESIAN_POINT('',(-20.5,10.,36.6));
#1267 = DIRECTION('',(0.,0.,1.));
#1268 = DIRECTION('',(1.,0.,0.));
#1269 = DEFINITIONAL_REPRESENTATION('',(#1270),#1274);
#1270 = LINE('',#1271,#1272);
#1271 = CARTESIAN_POINT('',(0.,20.));
#1272 = VECTOR('',#1273,1.);
#1273 = DIRECTION('',(1.,0.));
#1274 = ( GEOMETRIC_REPRESENTATION_CONTEXT(2) 
PARAMETRIC_REPRESENTATION_CONTEXT() REPRESENTATION_CONTEXT('2D SPACE',''
  ) );
#1275 = ORIENTED_EDGE('',*,*,#1276,.F.);
#1276 = EDGE_CURVE('',#1150,#1249,#1277,.T.);
#1277 = SURFACE_CURVE('',#1278,(#1282,#1289),.PCURVE_S1.);
#1278 = LINE('',#1279,#1280);
#1279 = CARTESIAN_POINT('',(-20.5,30.,-6.6));
#1280 = VECTOR('',#1281,1.);
#1281 = DIRECTION('',(0.,0.,1.));
#1282 = PCURVE('',#146,#1283);
#1283 = DEFINITIONAL_REPRESENTATION('',(#1284),#1288);
#1284 = LINE('',#1285,#1286);
#1285 = CARTESIAN_POINT('',(-6.6,14.5));
#1286 = VECTOR('',#1287,1.);
#1287 = DIRECTION('',(1.,0.));
#1288 = ( GEOMETRIC_REPRESENTATION_CONTEXT(2) 
PARAMETRIC_REPRESENTATION_CONTEXT() REPRESENTATION_CONTEXT('2D SPACE',''
  ) );
#1289 = PCURVE('',#1290,#1295);
#1290 = PLANE('',#1291);
#1291 = AXIS2_PLACEMENT_3D('',#1292,#1293,#1294);
#1292 = CARTESIAN_POINT('',(-20.5,10.,-6.6));
#1293 = DIRECTION('',(1.,0.,0.));
#1294 = DIRECTION('',(0.,0.,1.));
#1295 = DEFINITIONAL_REPRESENTATION('',(#1296),#1300);
#1296 = LINE('',#1297,#1298);
#1297 = CARTESIAN_POINT('',(0.,-20.));
#1298 = VECTOR('',#1299,1.);
#1299 = DIRECTION('',(1.,0.));
#1300 = ( GEOMETRIC_REPRESENTATION_CONTEXT(2) 
PARAMETRIC_REPRESENTATION_CONTEXT() REPRESENTATION_CONTEXT('2D SPACE',''
  ) );
#1301 = ADVANCED_FACE('',(#1302,#1474,#1500),#118,.F.);
#1302 = FACE_BOUND('',#1303,.F.);
#1303 = EDGE_LOOP('',(#1304,#1305,#1306,#1307,#1328,#1329,#1350,#1376,
    #1405,#1429,#1455));
#1304 = ORIENTED_EDGE('',*,*,#1149,.F.);
#1305 = ORIENTED_EDGE('',*,*,#102,.F.);
#1306 = ORIENTED_EDGE('',*,*,#443,.T.);
#1307 = ORIENTED_EDGE('',*,*,#1308,.T.);
#1308 = EDGE_CURVE('',#414,#1175,#1309,.T.);
#1309 = SURFACE_CURVE('',#1310,(#1314,#1321),.PCURVE_S1.);
#1310 = LINE('',#1311,#1312);
#1311 = CARTESIAN_POINT('',(35.,-30.,0.));
#1312 = VECTOR('',#1313,1.);
#1313 = DIRECTION('',(0.,1.,0.));
#1314 = PCURVE('',#118,#1315);
#1315 = DEFINITIONAL_REPRESENTATION('',(#1316),#1320);
#1316 = LINE('',#1317,#1318);
#1317 = CARTESIAN_POINT('',(70.,0.));
#1318 = VECTOR('',#1319,1.);
#1319 = DIRECTION('',(0.,1.));
#1320 = ( GEOMETRIC_REPRESENTATION_CONTEXT(2) 
PARAMETRIC_REPRESENTATION_CONTEXT() REPRESENTATION_CONTEXT('2D SPACE',''
  ) );
#1321 = PCURVE('',#431,#1322);
#1322 = DEFINITIONAL_REPRESENTATION('',(#1323),#1327);
#1323 = LINE('',#1324,#1325);
#1324 = CARTESIAN_POINT('',(0.,0.));
#1325 = VECTOR('',#1326,1.);
#1326 = DIRECTION('',(0.,-1.));
#1327 = ( GEOMETRIC_REPRESENTATION_CONTEXT(2) 
PARAMETRIC_REPRESENTATION_CONTEXT() REPRESENTATION_CONTEXT('2D SPACE',''
  ) );
#1328 = ORIENTED_EDGE('',*,*,#1197,.F.);
#1329 = ORIENTED_EDGE('',*,*,#1330,.F.);
#1330 = EDGE_CURVE('',#1331,#1198,#1333,.T.);
#1331 = VERTEX_POINT('',#1332);
#1332 = CARTESIAN_POINT('',(20.5,10.,0.));
#1333 = SURFACE_CURVE('',#1334,(#1338,#1344),.PCURVE_S1.);
#1334 = LINE('',#1335,#1336);
#1335 = CARTESIAN_POINT('',(20.5,-10.,0.));
#1336 = VECTOR('',#1337,1.);
#1337 = DIRECTION('',(0.,1.,0.));
#1338 = PCURVE('',#118,#1339);
#1339 = DEFINITIONAL_REPRESENTATION('',(#1340),#1343);
#1340 = B_SPLINE_CURVE_WITH_KNOTS('',1,(#1341,#1342),.UNSPECIFIED.,.F.,
  .F.,(2,2),(20.,40.),.PIECEWISE_BEZIER_KNOTS.);
#1341 = CARTESIAN_POINT('',(55.5,40.));
#1342 = CARTESIAN_POINT('',(55.5,60.));
#1343 = ( GEOMETRIC_REPRESENTATION_CONTEXT(2) 
PARAMETRIC_REPRESENTATION_CONTEXT() REPRESENTATION_CONTEXT('2D SPACE',''
  ) );
#1344 = PCURVE('',#1236,#1345);
#1345 = DEFINITIONAL_REPRESENTATION('',(#1346),#1349);
#1346 = B_SPLINE_CURVE_WITH_KNOTS('',1,(#1347,#1348),.UNSPECIFIED.,.F.,
  .F.,(2,2),(20.,40.),.PIECEWISE_BEZIER_KNOTS.);
#1347 = CARTESIAN_POINT('',(6.6,0.));
#1348 = CARTESIAN_POINT('',(6.6,-20.));
#1349 = ( GEOMETRIC_REPRESENTATION_CONTEXT(2) 
PARAMETRIC_REPRESENTATION_CONTEXT() REPRESENTATION_CONTEXT('2D SPACE',''
  ) );
#1350 = ORIENTED_EDGE('',*,*,#1351,.T.);
#1351 = EDGE_CURVE('',#1331,#1352,#1354,.T.);
#1352 = VERTEX_POINT('',#1353);
#1353 = CARTESIAN_POINT('',(7.82879301042,10.,0.));
#1354 = SURFACE_CURVE('',#1355,(#1359,#1365),.PCURVE_S1.);
#1355 = LINE('',#1356,#1357);
#1356 = CARTESIAN_POINT('',(-27.75,10.,0.));
#1357 = VECTOR('',#1358,1.);
#1358 = DIRECTION('',(-1.,0.,0.));
#1359 = PCURVE('',#118,#1360);
#1360 = DEFINITIONAL_REPRESENTATION('',(#1361),#1364);
#1361 = B_SPLINE_CURVE_WITH_KNOTS('',1,(#1362,#1363),.UNSPECIFIED.,.F.,
  .F.,(2,2),(-48.25,-7.25),.PIECEWISE_BEZIER_KNOTS.);
#1362 = CARTESIAN_POINT('',(55.5,40.));
#1363 = CARTESIAN_POINT('',(14.5,40.));
#1364 = ( GEOMETRIC_REPRESENTATION_CONTEXT(2) 
PARAMETRIC_REPRESENTATION_CONTEXT() REPRESENTATION_CONTEXT('2D SPACE',''
  ) );
#1365 = PCURVE('',#1366,#1371);
#1366 = PLANE('',#1367);
#1367 = AXIS2_PLACEMENT_3D('',#1368,#1369,#1370);
#1368 = CARTESIAN_POINT('',(-20.5,10.,-6.6));
#1369 = DIRECTION('',(0.,1.,0.));
#1370 = DIRECTION('',(0.,0.,1.));
#1371 = DEFINITIONAL_REPRESENTATION('',(#1372),#1375);
#1372 = B_SPLINE_CURVE_WITH_KNOTS('',1,(#1373,#1374),.UNSPECIFIED.,.F.,
  .F.,(2,2),(-48.25,-7.25),.PIECEWISE_BEZIER_KNOTS.);
#1373 = CARTESIAN_POINT('',(6.6,41.));
#1374 = CARTESIAN_POINT('',(6.6,0.));
#1375 = ( GEOMETRIC_REPRESENTATION_CONTEXT(2) 
PARAMETRIC_REPRESENTATION_CONTEXT() REPRESENTATION_CONTEXT('2D SPACE',''
  ) );
#1376 = ORIENTED_EDGE('',*,*,#1377,.F.);
#1377 = EDGE_CURVE('',#1378,#1352,#1380,.T.);
#1378 = VERTEX_POINT('',#1379);
#1379 = CARTESIAN_POINT('',(12.7,0.,0.));
#1380 = SURFACE_CURVE('',#1381,(#1386,#1393),.PCURVE_S1.);
#1381 = CIRCLE('',#1382,12.7);
#1382 = AXIS2_PLACEMENT_3D('',#1383,#1384,#1385);
#1383 = CARTESIAN_POINT('',(0.,0.,0.));
#1384 = DIRECTION('',(0.,0.,1.));
#1385 = DIRECTION('',(1.,0.,0.));
#1386 = PCURVE('',#118,#1387);
#1387 = DEFINITIONAL_REPRESENTATION('',(#1388),#1392);
#1388 = CIRCLE('',#1389,12.7);
#1389 = AXIS2_PLACEMENT_2D('',#1390,#1391);
#1390 = CARTESIAN_POINT('',(35.,30.));
#1391 = DIRECTION('',(1.,0.));
#1392 = ( GEOMETRIC_REPRESENTATION_CONTEXT(2) 
PARAMETRIC_REPRESENTATION_CONTEXT() REPRESENTATION_CONTEXT('2D SPACE',''
  ) );
#1393 = PCURVE('',#1394,#1399);
#1394 = CYLINDRICAL_SURFACE('',#1395,12.7);
#1395 = AXIS2_PLACEMENT_3D('',#1396,#1397,#1398);
#1396 = CARTESIAN_POINT('',(0.,0.,0.));
#1397 = DIRECTION('',(-0.,-0.,-1.));
#1398 = DIRECTION('',(1.,0.,0.));
#1399 = DEFINITIONAL_REPRESENTATION('',(#1400),#1404);
#1400 = LINE('',#1401,#1402);
#1401 = CARTESIAN_POINT('',(-0.,0.));
#1402 = VECTOR('',#1403,1.);
#1403 = DIRECTION('',(-1.,0.));
#1404 = ( GEOMETRIC_REPRESENTATION_CONTEXT(2) 
PARAMETRIC_REPRESENTATION_CONTEXT() REPRESENTATION_CONTEXT('2D SPACE',''
  ) );
#1405 = ORIENTED_EDGE('',*,*,#1406,.F.);
#1406 = EDGE_CURVE('',#1407,#1378,#1409,.T.);
#1407 = VERTEX_POINT('',#1408);
#1408 = CARTESIAN_POINT('',(-7.82879301042,10.,0.));
#1409 = SURFACE_CURVE('',#1410,(#1415,#1422),.PCURVE_S1.);
#1410 = CIRCLE('',#1411,12.7);
#1411 = AXIS2_PLACEMENT_3D('',#1412,#1413,#1414);
#1412 = CARTESIAN_POINT('',(0.,0.,0.));
#1413 = DIRECTION('',(0.,0.,1.));
#1414 = DIRECTION('',(1.,0.,0.));
#1415 = PCURVE('',#118,#1416);
#1416 = DEFINITIONAL_REPRESENTATION('',(#1417),#1421);
#1417 = CIRCLE('',#1418,12.7);
#1418 = AXIS2_PLACEMENT_2D('',#1419,#1420);
#1419 = CARTESIAN_POINT('',(35.,30.));
#1420 = DIRECTION('',(1.,0.));
#1421 = ( GEOMETRIC_REPRESENTATION_CONTEXT(2) 
PARAMETRIC_REPRESENTATION_CONTEXT() REPRESENTATION_CONTEXT('2D SPACE',''
  ) );
#1422 = PCURVE('',#1394,#1423);
#1423 = DEFINITIONAL_REPRESENTATION('',(#1424),#1428);
#1424 = LINE('',#1425,#1426);
#1425 = CARTESIAN_POINT('',(-0.,0.));
#1426 = VECTOR('',#1427,1.);
#1427 = DIRECTION('',(-1.,0.));
#1428 = ( GEOMETRIC_REPRESENTATION_CONTEXT(2) 
PARAMETRIC_REPRESENTATION_CONTEXT() REPRESENTATION_CONTEXT('2D SPACE',''
  ) );
#1429 = ORIENTED_EDGE('',*,*,#1430,.T.);
#1430 = EDGE_CURVE('',#1407,#1431,#1433,.T.);
#1431 = VERTEX_POINT('',#1432);
#1432 = CARTESIAN_POINT('',(-20.5,10.,0.));
#1433 = SURFACE_CURVE('',#1434,(#1438,#1444),.PCURVE_S1.);
#1434 = LINE('',#1435,#1436);
#1435 = CARTESIAN_POINT('',(-27.75,10.,0.));
#1436 = VECTOR('',#1437,1.);
#1437 = DIRECTION('',(-1.,0.,0.));
#1438 = PCURVE('',#118,#1439);
#1439 = DEFINITIONAL_REPRESENTATION('',(#1440),#1443);
#1440 = B_SPLINE_CURVE_WITH_KNOTS('',1,(#1441,#1442),.UNSPECIFIED.,.F.,
  .F.,(2,2),(-48.25,-7.25),.PIECEWISE_BEZIER_KNOTS.);
#1441 = CARTESIAN_POINT('',(55.5,40.));
#1442 = CARTESIAN_POINT('',(14.5,40.));
#1443 = ( GEOMETRIC_REPRESENTATION_CONTEXT(2) 
PARAMETRIC_REPRESENTATION_CONTEXT() REPRESENTATION_CONTEXT('2D SPACE',''
  ) );
#1444 = PCURVE('',#1445,#1450);
#1445 = PLANE('',#1446);
#1446 = AXIS2_PLACEMENT_3D('',#1447,#1448,#1449);
#1447 = CARTESIAN_POINT('',(-20.5,10.,-6.6));
#1448 = DIRECTION('',(0.,1.,0.));
#1449 = DIRECTION('',(0.,0.,1.));
#1450 = DEFINITIONAL_REPRESENTATION('',(#1451),#1454);
#1451 = B_SPLINE_CURVE_WITH_KNOTS('',1,(#1452,#1453),.UNSPECIFIED.,.F.,
  .F.,(2,2),(-48.25,-7.25),.PIECEWISE_BEZIER_KNOTS.);
#1452 = CARTESIAN_POINT('',(6.6,41.));
#1453 = CARTESIAN_POINT('',(6.6,0.));
#1454 = ( GEOMETRIC_REPRESENTATION_CONTEXT(2) 
PARAMETRIC_REPRESENTATION_CONTEXT() REPRESENTATION_CONTEXT('2D SPACE',''
  ) );
#1455 = ORIENTED_EDGE('',*,*,#1456,.T.);
#1456 = EDGE_CURVE('',#1431,#1150,#1457,.T.);
#1457 = SURFACE_CURVE('',#1458,(#1462,#1468),.PCURVE_S1.);
#1458 = LINE('',#1459,#1460);
#1459 = CARTESIAN_POINT('',(-20.5,-10.,0.));
#1460 = VECTOR('',#1461,1.);
#1461 = DIRECTION('',(0.,1.,0.));
#1462 = PCURVE('',#118,#1463);
#1463 = DEFINITIONAL_REPRESENTATION('',(#1464),#1467);
#1464 = B_SPLINE_CURVE_WITH_KNOTS('',1,(#1465,#1466),.UNSPECIFIED.,.F.,
  .F.,(2,2),(20.,40.),.PIECEWISE_BEZIER_KNOTS.);
#1465 = CARTESIAN_POINT('',(14.5,40.));
#1466 = CARTESIAN_POINT('',(14.5,60.));
#1467 = ( GEOMETRIC_REPRESENTATION_CONTEXT(2) 
PARAMETRIC_REPRESENTATION_CONTEXT() REPRESENTATION_CONTEXT('2D SPACE',''
  ) );
#1468 = PCURVE('',#1290,#1469);
#1469 = DEFINITIONAL_REPRESENTATION('',(#1470),#1473);
#1470 = B_SPLINE_CURVE_WITH_KNOTS('',1,(#1471,#1472),.UNSPECIFIED.,.F.,
  .F.,(2,2),(20.,40.),.PIECEWISE_BEZIER_KNOTS.);
#1471 = CARTESIAN_POINT('',(6.6,0.));
#1472 = CARTESIAN_POINT('',(6.6,-20.));
#1473 = ( GEOMETRIC_REPRESENTATION_CONTEXT(2) 
PARAMETRIC_REPRESENTATION_CONTEXT() REPRESENTATION_CONTEXT('2D SPACE',''
  ) );
#1474 = FACE_BOUND('',#1475,.F.);
#1475 = EDGE_LOOP('',(#1476));
#1476 = ORIENTED_EDGE('',*,*,#1477,.F.);
#1477 = EDGE_CURVE('',#1478,#1478,#1480,.T.);
#1478 = VERTEX_POINT('',#1479);
#1479 = CARTESIAN_POINT('',(-23.15,20.,0.));
#1480 = SURFACE_CURVE('',#1481,(#1486,#1493),.PCURVE_S1.);
#1481 = CIRCLE('',#1482,1.6);
#1482 = AXIS2_PLACEMENT_3D('',#1483,#1484,#1485);
#1483 = CARTESIAN_POINT('',(-24.75,20.,0.));
#1484 = DIRECTION('',(0.,0.,1.));
#1485 = DIRECTION('',(1.,0.,0.));
#1486 = PCURVE('',#118,#1487);
#1487 = DEFINITIONAL_REPRESENTATION('',(#1488),#1492);
#1488 = CIRCLE('',#1489,1.6);
#1489 = AXIS2_PLACEMENT_2D('',#1490,#1491);
#1490 = CARTESIAN_POINT('',(10.25,50.));
#1491 = DIRECTION('',(1.,0.));
#1492 = ( GEOMETRIC_REPRESENTATION_CONTEXT(2) 
PARAMETRIC_REPRESENTATION_CONTEXT() REPRESENTATION_CONTEXT('2D SPACE',''
  ) );
#1493 = PCURVE('',#985,#1494);
#1494 = DEFINITIONAL_REPRESENTATION('',(#1495),#1499);
#1495 = LINE('',#1496,#1497);
#1496 = CARTESIAN_POINT('',(-0.,0.));
#1497 = VECTOR('',#1498,1.);
#1498 = DIRECTION('',(-1.,0.));
#1499 = ( GEOMETRIC_REPRESENTATION_CONTEXT(2) 
PARAMETRIC_REPRESENTATION_CONTEXT() REPRESENTATION_CONTEXT('2D SPACE',''
  ) );
#1500 = FACE_BOUND('',#1501,.F.);
#1501 = EDGE_LOOP('',(#1502));
#1502 = ORIENTED_EDGE('',*,*,#1503,.F.);
#1503 = EDGE_CURVE('',#1504,#1504,#1506,.T.);
#1504 = VERTEX_POINT('',#1505);
#1505 = CARTESIAN_POINT('',(26.35,20.,0.));
#1506 = SURFACE_CURVE('',#1507,(#1512,#1519),.PCURVE_S1.);
#1507 = CIRCLE('',#1508,1.6);
#1508 = AXIS2_PLACEMENT_3D('',#1509,#1510,#1511);
#1509 = CARTESIAN_POINT('',(24.75,20.,0.));
#1510 = DIRECTION('',(0.,0.,1.));
#1511 = DIRECTION('',(1.,0.,0.));
#1512 = PCURVE('',#118,#1513);
#1513 = DEFINITIONAL_REPRESENTATION('',(#1514),#1518);
#1514 = CIRCLE('',#1515,1.6);
#1515 = AXIS2_PLACEMENT_2D('',#1516,#1517);
#1516 = CARTESIAN_POINT('',(59.75,50.));
#1517 = DIRECTION('',(1.,0.));
#1518 = ( GEOMETRIC_REPRESENTATION_CONTEXT(2) 
PARAMETRIC_REPRESENTATION_CONTEXT() REPRESENTATION_CONTEXT('2D SPACE',''
  ) );
#1519 = PCURVE('',#1134,#1520);
#1520 = DEFINITIONAL_REPRESENTATION('',(#1521),#1525);
#1521 = LINE('',#1522,#1523);
#1522 = CARTESIAN_POINT('',(-0.,0.));
#1523 = VECTOR('',#1524,1.);
#1524 = DIRECTION('',(-1.,0.));
#1525 = ( GEOMETRIC_REPRESENTATION_CONTEXT(2) 
PARAMETRIC_REPRESENTATION_CONTEXT() REPRESENTATION_CONTEXT('2D SPACE',''
  ) );
#1526 = ADVANCED_FACE('',(#1527),#316,.T.);
#1527 = FACE_BOUND('',#1528,.T.);
#1528 = EDGE_LOOP('',(#1529,#1552,#1553,#1576));
#1529 = ORIENTED_EDGE('',*,*,#1530,.F.);
#1530 = EDGE_CURVE('',#299,#1531,#1533,.T.);
#1531 = VERTEX_POINT('',#1532);
#1532 = CARTESIAN_POINT('',(-25.2,-9.6,18.9));
#1533 = SURFACE_CURVE('',#1534,(#1538,#1545),.PCURVE_S1.);
#1534 = LINE('',#1535,#1536);
#1535 = CARTESIAN_POINT('',(-35.,-9.6,18.9));
#1536 = VECTOR('',#1537,1.);
#1537 = DIRECTION('',(1.,0.,0.));
#1538 = PCURVE('',#316,#1539);
#1539 = DEFINITIONAL_REPRESENTATION('',(#1540),#1544);
#1540 = LINE('',#1541,#1542);
#1541 = CARTESIAN_POINT('',(0.,0.));
#1542 = VECTOR('',#1543,1.);
#1543 = DIRECTION('',(0.,1.));
#1544 = ( GEOMETRIC_REPRESENTATION_CONTEXT(2) 
PARAMETRIC_REPRESENTATION_CONTEXT() REPRESENTATION_CONTEXT('2D SPACE',''
  ) );
#1545 = PCURVE('',#398,#1546);
#1546 = DEFINITIONAL_REPRESENTATION('',(#1547),#1551);
#1547 = LINE('',#1548,#1549);
#1548 = CARTESIAN_POINT('',(0.,0.));
#1549 = VECTOR('',#1550,1.);
#1550 = DIRECTION('',(1.,0.));
#1551 = ( GEOMETRIC_REPRESENTATION_CONTEXT(2) 
PARAMETRIC_REPRESENTATION_CONTEXT() REPRESENTATION_CONTEXT('2D SPACE',''
  ) );
#1552 = ORIENTED_EDGE('',*,*,#298,.T.);
#1553 = ORIENTED_EDGE('',*,*,#1554,.T.);
#1554 = EDGE_CURVE('',#301,#1555,#1557,.T.);
#1555 = VERTEX_POINT('',#1556);
#1556 = CARTESIAN_POINT('',(-25.2,-9.6,41.1));
#1557 = SURFACE_CURVE('',#1558,(#1562,#1569),.PCURVE_S1.);
#1558 = LINE('',#1559,#1560);
#1559 = CARTESIAN_POINT('',(-35.,-9.6,41.1));
#1560 = VECTOR('',#1561,1.);
#1561 = DIRECTION('',(1.,0.,0.));
#1562 = PCURVE('',#316,#1563);
#1563 = DEFINITIONAL_REPRESENTATION('',(#1564),#1568);
#1564 = LINE('',#1565,#1566);
#1565 = CARTESIAN_POINT('',(22.2,0.));
#1566 = VECTOR('',#1567,1.);
#1567 = DIRECTION('',(0.,1.));
#1568 = ( GEOMETRIC_REPRESENTATION_CONTEXT(2) 
PARAMETRIC_REPRESENTATION_CONTEXT() REPRESENTATION_CONTEXT('2D SPACE',''
  ) );
#1569 = PCURVE('',#344,#1570);
#1570 = DEFINITIONAL_REPRESENTATION('',(#1571),#1575);
#1571 = LINE('',#1572,#1573);
#1572 = CARTESIAN_POINT('',(0.,0.));
#1573 = VECTOR('',#1574,1.);
#1574 = DIRECTION('',(1.,0.));
#1575 = ( GEOMETRIC_REPRESENTATION_CONTEXT(2) 
PARAMETRIC_REPRESENTATION_CONTEXT() REPRESENTATION_CONTEXT('2D SPACE',''
  ) );
#1576 = ORIENTED_EDGE('',*,*,#1577,.F.);
#1577 = EDGE_CURVE('',#1531,#1555,#1578,.T.);
#1578 = SURFACE_CURVE('',#1579,(#1583,#1590),.PCURVE_S1.);
#1579 = LINE('',#1580,#1581);
#1580 = CARTESIAN_POINT('',(-25.2,-9.6,18.9));
#1581 = VECTOR('',#1582,1.);
#1582 = DIRECTION('',(0.,0.,1.));
#1583 = PCURVE('',#316,#1584);
#1584 = DEFINITIONAL_REPRESENTATION('',(#1585),#1589);
#1585 = LINE('',#1586,#1587);
#1586 = CARTESIAN_POINT('',(0.,9.8));
#1587 = VECTOR('',#1588,1.);
#1588 = DIRECTION('',(1.,0.));
#1589 = ( GEOMETRIC_REPRESENTATION_CONTEXT(2) 
PARAMETRIC_REPRESENTATION_CONTEXT() REPRESENTATION_CONTEXT('2D SPACE',''
  ) );
#1590 = PCURVE('',#1591,#1596);
#1591 = PLANE('',#1592);
#1592 = AXIS2_PLACEMENT_3D('',#1593,#1594,#1595);
#1593 = CARTESIAN_POINT('',(-25.2,-9.6,18.9));
#1594 = DIRECTION('',(1.,0.,0.));
#1595 = DIRECTION('',(0.,0.,1.));
#1596 = DEFINITIONAL_REPRESENTATION('',(#1597),#1601);
#1597 = LINE('',#1598,#1599);
#1598 = CARTESIAN_POINT('',(0.,0.));
#1599 = VECTOR('',#1600,1.);
#1600 = DIRECTION('',(1.,0.));
#1601 = ( GEOMETRIC_REPRESENTATION_CONTEXT(2) 
PARAMETRIC_REPRESENTATION_CONTEXT() REPRESENTATION_CONTEXT('2D SPACE',''
  ) );
#1602 = ADVANCED_FACE('',(#1603),#344,.F.);
#1603 = FACE_BOUND('',#1604,.F.);
#1604 = EDGE_LOOP('',(#1605,#1606,#1607,#1630));
#1605 = ORIENTED_EDGE('',*,*,#328,.F.);
#1606 = ORIENTED_EDGE('',*,*,#1554,.T.);
#1607 = ORIENTED_EDGE('',*,*,#1608,.T.);
#1608 = EDGE_CURVE('',#1555,#1609,#1611,.T.);
#1609 = VERTEX_POINT('',#1610);
#1610 = CARTESIAN_POINT('',(-25.2,9.6,41.1));
#1611 = SURFACE_CURVE('',#1612,(#1616,#1623),.PCURVE_S1.);
#1612 = LINE('',#1613,#1614);
#1613 = CARTESIAN_POINT('',(-25.2,-9.6,41.1));
#1614 = VECTOR('',#1615,1.);
#1615 = DIRECTION('',(0.,1.,0.));
#1616 = PCURVE('',#344,#1617);
#1617 = DEFINITIONAL_REPRESENTATION('',(#1618),#1622);
#1618 = LINE('',#1619,#1620);
#1619 = CARTESIAN_POINT('',(9.8,0.));
#1620 = VECTOR('',#1621,1.);
#1621 = DIRECTION('',(0.,1.));
#1622 = ( GEOMETRIC_REPRESENTATION_CONTEXT(2) 
PARAMETRIC_REPRESENTATION_CONTEXT() REPRESENTATION_CONTEXT('2D SPACE',''
  ) );
#1623 = PCURVE('',#1591,#1624);
#1624 = DEFINITIONAL_REPRESENTATION('',(#1625),#1629);
#1625 = LINE('',#1626,#1627);
#1626 = CARTESIAN_POINT('',(22.2,0.));
#1627 = VECTOR('',#1628,1.);
#1628 = DIRECTION('',(0.,-1.));
#1629 = ( GEOMETRIC_REPRESENTATION_CONTEXT(2) 
PARAMETRIC_REPRESENTATION_CONTEXT() REPRESENTATION_CONTEXT('2D SPACE',''
  ) );
#1630 = ORIENTED_EDGE('',*,*,#1631,.F.);
#1631 = EDGE_CURVE('',#329,#1609,#1632,.T.);
#1632 = SURFACE_CURVE('',#1633,(#1637,#1644),.PCURVE_S1.);
#1633 = LINE('',#1634,#1635);
#1634 = CARTESIAN_POINT('',(-35.,9.6,41.1));
#1635 = VECTOR('',#1636,1.);
#1636 = DIRECTION('',(1.,0.,0.));
#1637 = PCURVE('',#344,#1638);
#1638 = DEFINITIONAL_REPRESENTATION('',(#1639),#1643);
#1639 = LINE('',#1640,#1641);
#1640 = CARTESIAN_POINT('',(0.,19.2));
#1641 = VECTOR('',#1642,1.);
#1642 = DIRECTION('',(1.,0.));
#1643 = ( GEOMETRIC_REPRESENTATION_CONTEXT(2) 
PARAMETRIC_REPRESENTATION_CONTEXT() REPRESENTATION_CONTEXT('2D SPACE',''
  ) );
#1644 = PCURVE('',#372,#1645);
#1645 = DEFINITIONAL_REPRESENTATION('',(#1646),#1650);
#1646 = LINE('',#1647,#1648);
#1647 = CARTESIAN_POINT('',(22.2,0.));
#1648 = VECTOR('',#1649,1.);
#1649 = DIRECTION('',(0.,1.));
#1650 = ( GEOMETRIC_REPRESENTATION_CONTEXT(2) 
PARAMETRIC_REPRESENTATION_CONTEXT() REPRESENTATION_CONTEXT('2D SPACE',''
  ) );
#1651 = ADVANCED_FACE('',(#1652),#398,.T.);
#1652 = FACE_BOUND('',#1653,.T.);
#1653 = EDGE_LOOP('',(#1654,#1655,#1656,#1679));
#1654 = ORIENTED_EDGE('',*,*,#384,.F.);
#1655 = ORIENTED_EDGE('',*,*,#1530,.T.);
#1656 = ORIENTED_EDGE('',*,*,#1657,.T.);
#1657 = EDGE_CURVE('',#1531,#1658,#1660,.T.);
#1658 = VERTEX_POINT('',#1659);
#1659 = CARTESIAN_POINT('',(-25.2,9.6,18.9));
#1660 = SURFACE_CURVE('',#1661,(#1665,#1672),.PCURVE_S1.);
#1661 = LINE('',#1662,#1663);
#1662 = CARTESIAN_POINT('',(-25.2,-9.6,18.9));
#1663 = VECTOR('',#1664,1.);
#1664 = DIRECTION('',(0.,1.,0.));
#1665 = PCURVE('',#398,#1666);
#1666 = DEFINITIONAL_REPRESENTATION('',(#1667),#1671);
#1667 = LINE('',#1668,#1669);
#1668 = CARTESIAN_POINT('',(9.8,0.));
#1669 = VECTOR('',#1670,1.);
#1670 = DIRECTION('',(0.,1.));
#1671 = ( GEOMETRIC_REPRESENTATION_CONTEXT(2) 
PARAMETRIC_REPRESENTATION_CONTEXT() REPRESENTATION_CONTEXT('2D SPACE',''
  ) );
#1672 = PCURVE('',#1591,#1673);
#1673 = DEFINITIONAL_REPRESENTATION('',(#1674),#1678);
#1674 = LINE('',#1675,#1676);
#1675 = CARTESIAN_POINT('',(0.,0.));
#1676 = VECTOR('',#1677,1.);
#1677 = DIRECTION('',(0.,-1.));
#1678 = ( GEOMETRIC_REPRESENTATION_CONTEXT(2) 
PARAMETRIC_REPRESENTATION_CONTEXT() REPRESENTATION_CONTEXT('2D SPACE',''
  ) );
#1679 = ORIENTED_EDGE('',*,*,#1680,.F.);
#1680 = EDGE_CURVE('',#357,#1658,#1681,.T.);
#1681 = SURFACE_CURVE('',#1682,(#1686,#1693),.PCURVE_S1.);
#1682 = LINE('',#1683,#1684);
#1683 = CARTESIAN_POINT('',(-35.,9.6,18.9));
#1684 = VECTOR('',#1685,1.);
#1685 = DIRECTION('',(1.,0.,0.));
#1686 = PCURVE('',#398,#1687);
#1687 = DEFINITIONAL_REPRESENTATION('',(#1688),#1692);
#1688 = LINE('',#1689,#1690);
#1689 = CARTESIAN_POINT('',(0.,19.2));
#1690 = VECTOR('',#1691,1.);
#1691 = DIRECTION('',(1.,0.));
#1692 = ( GEOMETRIC_REPRESENTATION_CONTEXT(2) 
PARAMETRIC_REPRESENTATION_CONTEXT() REPRESENTATION_CONTEXT('2D SPACE',''
  ) );
#1693 = PCURVE('',#372,#1694);
#1694 = DEFINITIONAL_REPRESENTATION('',(#1695),#1699);
#1695 = LINE('',#1696,#1697);
#1696 = CARTESIAN_POINT('',(0.,0.));
#1697 = VECTOR('',#1698,1.);
#1698 = DIRECTION('',(0.,1.));
#1699 = ( GEOMETRIC_REPRESENTATION_CONTEXT(2) 
PARAMETRIC_REPRESENTATION_CONTEXT() REPRESENTATION_CONTEXT('2D SPACE',''
  ) );
#1700 = ADVANCED_FACE('',(#1701),#372,.F.);
#1701 = FACE_BOUND('',#1702,.F.);
#1702 = EDGE_LOOP('',(#1703,#1704,#1705,#1706));
#1703 = ORIENTED_EDGE('',*,*,#1680,.F.);
#1704 = ORIENTED_EDGE('',*,*,#356,.T.);
#1705 = ORIENTED_EDGE('',*,*,#1631,.T.);
#1706 = ORIENTED_EDGE('',*,*,#1707,.F.);
#1707 = EDGE_CURVE('',#1658,#1609,#1708,.T.);
#1708 = SURFACE_CURVE('',#1709,(#1713,#1720),.PCURVE_S1.);
#1709 = LINE('',#1710,#1711);
#1710 = CARTESIAN_POINT('',(-25.2,9.6,18.9));
#1711 = VECTOR('',#1712,1.);
#1712 = DIRECTION('',(0.,0.,1.));
#1713 = PCURVE('',#372,#1714);
#1714 = DEFINITIONAL_REPRESENTATION('',(#1715),#1719);
#1715 = LINE('',#1716,#1717);
#1716 = CARTESIAN_POINT('',(0.,9.8));
#1717 = VECTOR('',#1718,1.);
#1718 = DIRECTION('',(1.,0.));
#1719 = ( GEOMETRIC_REPRESENTATION_CONTEXT(2) 
PARAMETRIC_REPRESENTATION_CONTEXT() REPRESENTATION_CONTEXT('2D SPACE',''
  ) );
#1720 = PCURVE('',#1591,#1721);
#1721 = DEFINITIONAL_REPRESENTATION('',(#1722),#1726);
#1722 = LINE('',#1723,#1724);
#1723 = CARTESIAN_POINT('',(0.,-19.2));
#1724 = VECTOR('',#1725,1.);
#1725 = DIRECTION('',(1.,0.));
#1726 = ( GEOMETRIC_REPRESENTATION_CONTEXT(2) 
PARAMETRIC_REPRESENTATION_CONTEXT() REPRESENTATION_CONTEXT('2D SPACE',''
  ) );
#1727 = ADVANCED_FACE('',(#1728),#431,.T.);
#1728 = FACE_BOUND('',#1729,.T.);
#1729 = EDGE_LOOP('',(#1730,#1731,#1732,#1733,#1734,#1757,#1790,#1811,
    #1812,#1813,#1814,#1815));
#1730 = ORIENTED_EDGE('',*,*,#413,.F.);
#1731 = ORIENTED_EDGE('',*,*,#1308,.T.);
#1732 = ORIENTED_EDGE('',*,*,#1174,.T.);
#1733 = ORIENTED_EDGE('',*,*,#941,.F.);
#1734 = ORIENTED_EDGE('',*,*,#1735,.F.);
#1735 = EDGE_CURVE('',#1736,#914,#1738,.T.);
#1736 = VERTEX_POINT('',#1737);
#1737 = CARTESIAN_POINT('',(35.,2.,129.74578760586));
#1738 = SURFACE_CURVE('',#1739,(#1743,#1750),.PCURVE_S1.);
#1739 = LINE('',#1740,#1741);
#1740 = CARTESIAN_POINT('',(35.,2.,125.));
#1741 = VECTOR('',#1742,1.);
#1742 = DIRECTION('',(0.,0.,1.));
#1743 = PCURVE('',#431,#1744);
#1744 = DEFINITIONAL_REPRESENTATION('',(#1745),#1749);
#1745 = LINE('',#1746,#1747);
#1746 = CARTESIAN_POINT('',(125.,-32.));
#1747 = VECTOR('',#1748,1.);
#1748 = DIRECTION('',(1.,0.));
#1749 = ( GEOMETRIC_REPRESENTATION_CONTEXT(2) 
PARAMETRIC_REPRESENTATION_CONTEXT() REPRESENTATION_CONTEXT('2D SPACE',''
  ) );
#1750 = PCURVE('',#929,#1751);
#1751 = DEFINITIONAL_REPRESENTATION('',(#1752),#1756);
#1752 = LINE('',#1753,#1754);
#1753 = CARTESIAN_POINT('',(0.,3.));
#1754 = VECTOR('',#1755,1.);
#1755 = DIRECTION('',(1.,0.));
#1756 = ( GEOMETRIC_REPRESENTATION_CONTEXT(2) 
PARAMETRIC_REPRESENTATION_CONTEXT() REPRESENTATION_CONTEXT('2D SPACE',''
  ) );
#1757 = ORIENTED_EDGE('',*,*,#1758,.T.);
#1758 = EDGE_CURVE('',#1736,#1759,#1761,.T.);
#1759 = VERTEX_POINT('',#1760);
#1760 = CARTESIAN_POINT('',(35.,-2.,129.74578760586));
#1761 = SURFACE_CURVE('',#1762,(#1767,#1778),.PCURVE_S1.);
#1762 = CIRCLE('',#1763,5.15);
#1763 = AXIS2_PLACEMENT_3D('',#1764,#1765,#1766);
#1764 = CARTESIAN_POINT('',(35.,0.,125.));
#1765 = DIRECTION('',(-1.,0.,0.));
#1766 = DIRECTION('',(0.,0.388349514563,0.921512156479));
#1767 = PCURVE('',#431,#1768);
#1768 = DEFINITIONAL_REPRESENTATION('',(#1769),#1777);
#1769 = ( BOUNDED_CURVE() B_SPLINE_CURVE(2,(#1770,#1771,#1772,#1773,
#1774,#1775,#1776),.UNSPECIFIED.,.T.,.F.) B_SPLINE_CURVE_WITH_KNOTS((1,2
    ,2,2,2,1),(-2.094395102393,0.,2.094395102393,4.188790204786,
6.28318530718,8.377580409573),.UNSPECIFIED.) CURVE() 
GEOMETRIC_REPRESENTATION_ITEM() RATIONAL_B_SPLINE_CURVE((1.,0.5,1.,0.5,
1.,0.5,1.)) REPRESENTATION_ITEM('') );
#1770 = CARTESIAN_POINT('',(129.74578760586,-32.));
#1771 = CARTESIAN_POINT('',(126.28168599072,-40.21994525529));
#1772 = CARTESIAN_POINT('',(120.89505538949,-33.10997262764));
#1773 = CARTESIAN_POINT('',(115.50842478826,-26.));
#1774 = CARTESIAN_POINT('',(124.35915700463,-24.89002737235));
#1775 = CARTESIAN_POINT('',(133.209889221,-23.7800547447));
#1776 = CARTESIAN_POINT('',(129.74578760586,-32.));
#1777 = ( GEOMETRIC_REPRESENTATION_CONTEXT(2) 
PARAMETRIC_REPRESENTATION_CONTEXT() REPRESENTATION_CONTEXT('2D SPACE',''
  ) );
#1778 = PCURVE('',#1779,#1784);
#1779 = CYLINDRICAL_SURFACE('',#1780,5.15);
#1780 = AXIS2_PLACEMENT_3D('',#1781,#1782,#1783);
#1781 = CARTESIAN_POINT('',(35.,0.,125.));
#1782 = DIRECTION('',(1.,0.,0.));
#1783 = DIRECTION('',(0.,1.,0.));
#1784 = DEFINITIONAL_REPRESENTATION('',(#1785),#1789);
#1785 = LINE('',#1786,#1787);
#1786 = CARTESIAN_POINT('',(7.455141780724,0.));
#1787 = VECTOR('',#1788,1.);
#1788 = DIRECTION('',(-1.,-0.));
#1789 = ( GEOMETRIC_REPRESENTATION_CONTEXT(2) 
PARAMETRIC_REPRESENTATION_CONTEXT() REPRESENTATION_CONTEXT('2D SPACE',''
  ) );
#1790 = ORIENTED_EDGE('',*,*,#1791,.T.);
#1791 = EDGE_CURVE('',#1759,#835,#1792,.T.);
#1792 = SURFACE_CURVE('',#1793,(#1797,#1804),.PCURVE_S1.);
#1793 = LINE('',#1794,#1795);
#1794 = CARTESIAN_POINT('',(35.,-2.,125.));
#1795 = VECTOR('',#1796,1.);
#1796 = DIRECTION('',(0.,0.,1.));
#1797 = PCURVE('',#431,#1798);
#1798 = DEFINITIONAL_REPRESENTATION('',(#1799),#1803);
#1799 = LINE('',#1800,#1801);
#1800 = CARTESIAN_POINT('',(125.,-28.));
#1801 = VECTOR('',#1802,1.);
#1802 = DIRECTION('',(1.,0.));
#1803 = ( GEOMETRIC_REPRESENTATION_CONTEXT(2) 
PARAMETRIC_REPRESENTATION_CONTEXT() REPRESENTATION_CONTEXT('2D SPACE',''
  ) );
#1804 = PCURVE('',#873,#1805);
#1805 = DEFINITIONAL_REPRESENTATION('',(#1806),#1810);
#1806 = LINE('',#1807,#1808);
#1807 = CARTESIAN_POINT('',(0.,3.));
#1808 = VECTOR('',#1809,1.);
#1809 = DIRECTION('',(1.,0.));
#1810 = ( GEOMETRIC_REPRESENTATION_CONTEXT(2) 
PARAMETRIC_REPRESENTATION_CONTEXT() REPRESENTATION_CONTEXT('2D SPACE',''
  ) );
#1811 = ORIENTED_EDGE('',*,*,#834,.F.);
#1812 = ORIENTED_EDGE('',*,*,#760,.F.);
#1813 = ORIENTED_EDGE('',*,*,#735,.T.);
#1814 = ORIENTED_EDGE('',*,*,#563,.F.);
#1815 = ORIENTED_EDGE('',*,*,#491,.F.);
#1816 = ADVANCED_FACE('',(#1817),#603,.F.);
#1817 = FACE_BOUND('',#1818,.T.);
#1818 = EDGE_LOOP('',(#1819,#1848,#1869,#1870));
#1819 = ORIENTED_EDGE('',*,*,#1820,.F.);
#1820 = EDGE_CURVE('',#1821,#1821,#1823,.T.);
#1821 = VERTEX_POINT('',#1822);
#1822 = CARTESIAN_POINT('',(-27.55,0.,83.5));
#1823 = SURFACE_CURVE('',#1824,(#1829,#1836),.PCURVE_S1.);
#1824 = CIRCLE('',#1825,1.45);
#1825 = AXIS2_PLACEMENT_3D('',#1826,#1827,#1828);
#1826 = CARTESIAN_POINT('',(-29.,0.,83.5));
#1827 = DIRECTION('',(0.,-1.,0.));
#1828 = DIRECTION('',(1.,0.,0.));
#1829 = PCURVE('',#603,#1830);
#1830 = DEFINITIONAL_REPRESENTATION('',(#1831),#1835);
#1831 = LINE('',#1832,#1833);
#1832 = CARTESIAN_POINT('',(-0.,0.));
#1833 = VECTOR('',#1834,1.);
#1834 = DIRECTION('',(-1.,0.));
#1835 = ( GEOMETRIC_REPRESENTATION_CONTEXT(2) 
PARAMETRIC_REPRESENTATION_CONTEXT() REPRESENTATION_CONTEXT('2D SPACE',''
  ) );
#1836 = PCURVE('',#1837,#1842);
#1837 = PLANE('',#1838);
#1838 = AXIS2_PLACEMENT_3D('',#1839,#1840,#1841);
#1839 = CARTESIAN_POINT('',(29.,0.,106.5));
#1840 = DIRECTION('',(-0.,-1.,-0.));
#1841 = DIRECTION('',(0.,0.,-1.));
#1842 = DEFINITIONAL_REPRESENTATION('',(#1843),#1847);
#1843 = CIRCLE('',#1844,1.45);
#1844 = AXIS2_PLACEMENT_2D('',#1845,#1846);
#1845 = CARTESIAN_POINT('',(23.,-58.));
#1846 = DIRECTION('',(0.,1.));
#1847 = ( GEOMETRIC_REPRESENTATION_CONTEXT(2) 
PARAMETRIC_REPRESENTATION_CONTEXT() REPRESENTATION_CONTEXT('2D SPACE',''
  ) );
#1848 = ORIENTED_EDGE('',*,*,#1849,.T.);
#1849 = EDGE_CURVE('',#1821,#587,#1850,.T.);
#1850 = SEAM_CURVE('',#1851,(#1855,#1862),.PCURVE_S1.);
#1851 = LINE('',#1852,#1853);
#1852 = CARTESIAN_POINT('',(-27.55,0.,83.5));
#1853 = VECTOR('',#1854,1.);
#1854 = DIRECTION('',(0.,-1.,0.));
#1855 = PCURVE('',#603,#1856);
#1856 = DEFINITIONAL_REPRESENTATION('',(#1857),#1861);
#1857 = LINE('',#1858,#1859);
#1858 = CARTESIAN_POINT('',(-6.28318530718,0.));
#1859 = VECTOR('',#1860,1.);
#1860 = DIRECTION('',(-0.,-1.));
#1861 = ( GEOMETRIC_REPRESENTATION_CONTEXT(2) 
PARAMETRIC_REPRESENTATION_CONTEXT() REPRESENTATION_CONTEXT('2D SPACE',''
  ) );
#1862 = PCURVE('',#603,#1863);
#1863 = DEFINITIONAL_REPRESENTATION('',(#1864),#1868);
#1864 = LINE('',#1865,#1866);
#1865 = CARTESIAN_POINT('',(-0.,0.));
#1866 = VECTOR('',#1867,1.);
#1867 = DIRECTION('',(-0.,-1.));
#1868 = ( GEOMETRIC_REPRESENTATION_CONTEXT(2) 
PARAMETRIC_REPRESENTATION_CONTEXT() REPRESENTATION_CONTEXT('2D SPACE',''
  ) );
#1869 = ORIENTED_EDGE('',*,*,#586,.F.);
#1870 = ORIENTED_EDGE('',*,*,#1849,.F.);
#1871 = ADVANCED_FACE('',(#1872),#634,.F.);
#1872 = FACE_BOUND('',#1873,.T.);
#1873 = EDGE_LOOP('',(#1874,#1903,#1924,#1925));
#1874 = ORIENTED_EDGE('',*,*,#1875,.F.);
#1875 = EDGE_CURVE('',#1876,#1876,#1878,.T.);
#1876 = VERTEX_POINT('',#1877);
#1877 = CARTESIAN_POINT('',(-27.55,0.,106.5));
#1878 = SURFACE_CURVE('',#1879,(#1884,#1891),.PCURVE_S1.);
#1879 = CIRCLE('',#1880,1.45);
#1880 = AXIS2_PLACEMENT_3D('',#1881,#1882,#1883);
#1881 = CARTESIAN_POINT('',(-29.,0.,106.5));
#1882 = DIRECTION('',(0.,-1.,0.));
#1883 = DIRECTION('',(1.,0.,0.));
#1884 = PCURVE('',#634,#1885);
#1885 = DEFINITIONAL_REPRESENTATION('',(#1886),#1890);
#1886 = LINE('',#1887,#1888);
#1887 = CARTESIAN_POINT('',(-0.,0.));
#1888 = VECTOR('',#1889,1.);
#1889 = DIRECTION('',(-1.,0.));
#1890 = ( GEOMETRIC_REPRESENTATION_CONTEXT(2) 
PARAMETRIC_REPRESENTATION_CONTEXT() REPRESENTATION_CONTEXT('2D SPACE',''
  ) );
#1891 = PCURVE('',#1892,#1897);
#1892 = PLANE('',#1893);
#1893 = AXIS2_PLACEMENT_3D('',#1894,#1895,#1896);
#1894 = CARTESIAN_POINT('',(29.,0.,106.5));
#1895 = DIRECTION('',(-0.,-1.,-0.));
#1896 = DIRECTION('',(0.,0.,-1.));
#1897 = DEFINITIONAL_REPRESENTATION('',(#1898),#1902);
#1898 = CIRCLE('',#1899,1.45);
#1899 = AXIS2_PLACEMENT_2D('',#1900,#1901);
#1900 = CARTESIAN_POINT('',(0.,-58.));
#1901 = DIRECTION('',(0.,1.));
#1902 = ( GEOMETRIC_REPRESENTATION_CONTEXT(2) 
PARAMETRIC_REPRESENTATION_CONTEXT() REPRESENTATION_CONTEXT('2D SPACE',''
  ) );
#1903 = ORIENTED_EDGE('',*,*,#1904,.T.);
#1904 = EDGE_CURVE('',#1876,#618,#1905,.T.);
#1905 = SEAM_CURVE('',#1906,(#1910,#1917),.PCURVE_S1.);
#1906 = LINE('',#1907,#1908);
#1907 = CARTESIAN_POINT('',(-27.55,0.,106.5));
#1908 = VECTOR('',#1909,1.);
#1909 = DIRECTION('',(0.,-1.,0.));
#1910 = PCURVE('',#634,#1911);
#1911 = DEFINITIONAL_REPRESENTATION('',(#1912),#1916);
#1912 = LINE('',#1913,#1914);
#1913 = CARTESIAN_POINT('',(-6.28318530718,0.));
#1914 = VECTOR('',#1915,1.);
#1915 = DIRECTION('',(-0.,-1.));
#1916 = ( GEOMETRIC_REPRESENTATION_CONTEXT(2) 
PARAMETRIC_REPRESENTATION_CONTEXT() REPRESENTATION_CONTEXT('2D SPACE',''
  ) );
#1917 = PCURVE('',#634,#1918);
#1918 = DEFINITIONAL_REPRESENTATION('',(#1919),#1923);
#1919 = LINE('',#1920,#1921);
#1920 = CARTESIAN_POINT('',(-0.,0.));
#1921 = VECTOR('',#1922,1.);
#1922 = DIRECTION('',(-0.,-1.));
#1923 = ( GEOMETRIC_REPRESENTATION_CONTEXT(2) 
PARAMETRIC_REPRESENTATION_CONTEXT() REPRESENTATION_CONTEXT('2D SPACE',''
  ) );
#1924 = ORIENTED_EDGE('',*,*,#617,.F.);
#1925 = ORIENTED_EDGE('',*,*,#1904,.F.);
#1926 = ADVANCED_FACE('',(#1927),#665,.F.);
#1927 = FACE_BOUND('',#1928,.T.);
#1928 = EDGE_LOOP('',(#1929,#1958,#1979,#1980));
#1929 = ORIENTED_EDGE('',*,*,#1930,.F.);
#1930 = EDGE_CURVE('',#1931,#1931,#1933,.T.);
#1931 = VERTEX_POINT('',#1932);
#1932 = CARTESIAN_POINT('',(30.45,0.,83.5));
#1933 = SURFACE_CURVE('',#1934,(#1939,#1946),.PCURVE_S1.);
#1934 = CIRCLE('',#1935,1.45);
#1935 = AXIS2_PLACEMENT_3D('',#1936,#1937,#1938);
#1936 = CARTESIAN_POINT('',(29.,0.,83.5));
#1937 = DIRECTION('',(0.,-1.,0.));
#1938 = DIRECTION('',(1.,0.,0.));
#1939 = PCURVE('',#665,#1940);
#1940 = DEFINITIONAL_REPRESENTATION('',(#1941),#1945);
#1941 = LINE('',#1942,#1943);
#1942 = CARTESIAN_POINT('',(-0.,0.));
#1943 = VECTOR('',#1944,1.);
#1944 = DIRECTION('',(-1.,0.));
#1945 = ( GEOMETRIC_REPRESENTATION_CONTEXT(2) 
PARAMETRIC_REPRESENTATION_CONTEXT() REPRESENTATION_CONTEXT('2D SPACE',''
  ) );
#1946 = PCURVE('',#1947,#1952);
#1947 = PLANE('',#1948);
#1948 = AXIS2_PLACEMENT_3D('',#1949,#1950,#1951);
#1949 = CARTESIAN_POINT('',(29.,0.,106.5));
#1950 = DIRECTION('',(-0.,-1.,-0.));
#1951 = DIRECTION('',(0.,0.,-1.));
#1952 = DEFINITIONAL_REPRESENTATION('',(#1953),#1957);
#1953 = CIRCLE('',#1954,1.45);
#1954 = AXIS2_PLACEMENT_2D('',#1955,#1956);
#1955 = CARTESIAN_POINT('',(23.,0.));
#1956 = DIRECTION('',(0.,1.));
#1957 = ( GEOMETRIC_REPRESENTATION_CONTEXT(2) 
PARAMETRIC_REPRESENTATION_CONTEXT() REPRESENTATION_CONTEXT('2D SPACE',''
  ) );
#1958 = ORIENTED_EDGE('',*,*,#1959,.T.);
#1959 = EDGE_CURVE('',#1931,#649,#1960,.T.);
#1960 = SEAM_CURVE('',#1961,(#1965,#1972),.PCURVE_S1.);
#1961 = LINE('',#1962,#1963);
#1962 = CARTESIAN_POINT('',(30.45,0.,83.5));
#1963 = VECTOR('',#1964,1.);
#1964 = DIRECTION('',(0.,-1.,0.));
#1965 = PCURVE('',#665,#1966);
#1966 = DEFINITIONAL_REPRESENTATION('',(#1967),#1971);
#1967 = LINE('',#1968,#1969);
#1968 = CARTESIAN_POINT('',(-6.28318530718,0.));
#1969 = VECTOR('',#1970,1.);
#1970 = DIRECTION('',(-0.,-1.));
#1971 = ( GEOMETRIC_REPRESENTATION_CONTEXT(2) 
PARAMETRIC_REPRESENTATION_CONTEXT() REPRESENTATION_CONTEXT('2D SPACE',''
  ) );
#1972 = PCURVE('',#665,#1973);
#1973 = DEFINITIONAL_REPRESENTATION('',(#1974),#1978);
#1974 = LINE('',#1975,#1976);
#1975 = CARTESIAN_POINT('',(-0.,0.));
#1976 = VECTOR('',#1977,1.);
#1977 = DIRECTION('',(-0.,-1.));
#1978 = ( GEOMETRIC_REPRESENTATION_CONTEXT(2) 
PARAMETRIC_REPRESENTATION_CONTEXT() REPRESENTATION_CONTEXT('2D SPACE',''
  ) );
#1979 = ORIENTED_EDGE('',*,*,#648,.F.);
#1980 = ORIENTED_EDGE('',*,*,#1959,.F.);
#1981 = ADVANCED_FACE('',(#1982),#696,.F.);
#1982 = FACE_BOUND('',#1983,.T.);
#1983 = EDGE_LOOP('',(#1984,#2013,#2034,#2035));
#1984 = ORIENTED_EDGE('',*,*,#1985,.F.);
#1985 = EDGE_CURVE('',#1986,#1986,#1988,.T.);
#1986 = VERTEX_POINT('',#1987);
#1987 = CARTESIAN_POINT('',(30.45,0.,106.5));
#1988 = SURFACE_CURVE('',#1989,(#1994,#2001),.PCURVE_S1.);
#1989 = CIRCLE('',#1990,1.45);
#1990 = AXIS2_PLACEMENT_3D('',#1991,#1992,#1993);
#1991 = CARTESIAN_POINT('',(29.,0.,106.5));
#1992 = DIRECTION('',(0.,-1.,0.));
#1993 = DIRECTION('',(1.,0.,0.));
#1994 = PCURVE('',#696,#1995);
#1995 = DEFINITIONAL_REPRESENTATION('',(#1996),#2000);
#1996 = LINE('',#1997,#1998);
#1997 = CARTESIAN_POINT('',(-0.,0.));
#1998 = VECTOR('',#1999,1.);
#1999 = DIRECTION('',(-1.,0.));
#2000 = ( GEOMETRIC_REPRESENTATION_CONTEXT(2) 
PARAMETRIC_REPRESENTATION_CONTEXT() REPRESENTATION_CONTEXT('2D SPACE',''
  ) );
#2001 = PCURVE('',#2002,#2007);
#2002 = PLANE('',#2003);
#2003 = AXIS2_PLACEMENT_3D('',#2004,#2005,#2006);
#2004 = CARTESIAN_POINT('',(29.,0.,106.5));
#2005 = DIRECTION('',(-0.,-1.,-0.));
#2006 = DIRECTION('',(0.,0.,-1.));
#2007 = DEFINITIONAL_REPRESENTATION('',(#2008),#2012);
#2008 = CIRCLE('',#2009,1.45);
#2009 = AXIS2_PLACEMENT_2D('',#2010,#2011);
#2010 = CARTESIAN_POINT('',(0.,0.));
#2011 = DIRECTION('',(0.,1.));
#2012 = ( GEOMETRIC_REPRESENTATION_CONTEXT(2) 
PARAMETRIC_REPRESENTATION_CONTEXT() REPRESENTATION_CONTEXT('2D SPACE',''
  ) );
#2013 = ORIENTED_EDGE('',*,*,#2014,.T.);
#2014 = EDGE_CURVE('',#1986,#680,#2015,.T.);
#2015 = SEAM_CURVE('',#2016,(#2020,#2027),.PCURVE_S1.);
#2016 = LINE('',#2017,#2018);
#2017 = CARTESIAN_POINT('',(30.45,0.,106.5));
#2018 = VECTOR('',#2019,1.);
#2019 = DIRECTION('',(0.,-1.,0.));
#2020 = PCURVE('',#696,#2021);
#2021 = DEFINITIONAL_REPRESENTATION('',(#2022),#2026);
#2022 = LINE('',#2023,#2024);
#2023 = CARTESIAN_POINT('',(-6.28318530718,0.));
#2024 = VECTOR('',#2025,1.);
#2025 = DIRECTION('',(-0.,-1.));
#2026 = ( GEOMETRIC_REPRESENTATION_CONTEXT(2) 
PARAMETRIC_REPRESENTATION_CONTEXT() REPRESENTATION_CONTEXT('2D SPACE',''
  ) );
#2027 = PCURVE('',#696,#2028);
#2028 = DEFINITIONAL_REPRESENTATION('',(#2029),#2033);
#2029 = LINE('',#2030,#2031);
#2030 = CARTESIAN_POINT('',(-0.,0.));
#2031 = VECTOR('',#2032,1.);
#2032 = DIRECTION('',(-0.,-1.));
#2033 = ( GEOMETRIC_REPRESENTATION_CONTEXT(2) 
PARAMETRIC_REPRESENTATION_CONTEXT() REPRESENTATION_CONTEXT('2D SPACE',''
  ) );
#2034 = ORIENTED_EDGE('',*,*,#679,.F.);
#2035 = ORIENTED_EDGE('',*,*,#2014,.F.);
#2036 = ADVANCED_FACE('',(#2037),#929,.F.);
#2037 = FACE_BOUND('',#2038,.F.);
#2038 = EDGE_LOOP('',(#2039,#2069,#2090,#2091,#2092,#2113));
#2039 = ORIENTED_EDGE('',*,*,#2040,.F.);
#2040 = EDGE_CURVE('',#2041,#2043,#2045,.T.);
#2041 = VERTEX_POINT('',#2042);
#2042 = CARTESIAN_POINT('',(32.,2.,125.));
#2043 = VERTEX_POINT('',#2044);
#2044 = CARTESIAN_POINT('',(32.1,2.,125.));
#2045 = SURFACE_CURVE('',#2046,(#2050,#2057),.PCURVE_S1.);
#2046 = LINE('',#2047,#2048);
#2047 = CARTESIAN_POINT('',(32.,2.,125.));
#2048 = VECTOR('',#2049,1.);
#2049 = DIRECTION('',(1.,0.,0.));
#2050 = PCURVE('',#929,#2051);
#2051 = DEFINITIONAL_REPRESENTATION('',(#2052),#2056);
#2052 = LINE('',#2053,#2054);
#2053 = CARTESIAN_POINT('',(0.,0.));
#2054 = VECTOR('',#2055,1.);
#2055 = DIRECTION('',(0.,1.));
#2056 = ( GEOMETRIC_REPRESENTATION_CONTEXT(2) 
PARAMETRIC_REPRESENTATION_CONTEXT() REPRESENTATION_CONTEXT('2D SPACE',''
  ) );
#2057 = PCURVE('',#2058,#2063);
#2058 = PLANE('',#2059);
#2059 = AXIS2_PLACEMENT_3D('',#2060,#2061,#2062);
#2060 = CARTESIAN_POINT('',(32.,-2.,125.));
#2061 = DIRECTION('',(0.,0.,1.));
#2062 = DIRECTION('',(1.,0.,0.));
#2063 = DEFINITIONAL_REPRESENTATION('',(#2064),#2068);
#2064 = LINE('',#2065,#2066);
#2065 = CARTESIAN_POINT('',(0.,4.));
#2066 = VECTOR('',#2067,1.);
#2067 = DIRECTION('',(1.,0.));
#2068 = ( GEOMETRIC_REPRESENTATION_CONTEXT(2) 
PARAMETRIC_REPRESENTATION_CONTEXT() REPRESENTATION_CONTEXT('2D SPACE',''
  ) );
#2069 = ORIENTED_EDGE('',*,*,#2070,.T.);
#2070 = EDGE_CURVE('',#2041,#886,#2071,.T.);
#2071 = SURFACE_CURVE('',#2072,(#2076,#2083),.PCURVE_S1.);
#2072 = LINE('',#2073,#2074);
#2073 = CARTESIAN_POINT('',(32.,2.,125.));
#2074 = VECTOR('',#2075,1.);
#2075 = DIRECTION('',(0.,0.,1.));
#2076 = PCURVE('',#929,#2077);
#2077 = DEFINITIONAL_REPRESENTATION('',(#2078),#2082);
#2078 = LINE('',#2079,#2080);
#2079 = CARTESIAN_POINT('',(0.,0.));
#2080 = VECTOR('',#2081,1.);
#2081 = DIRECTION('',(1.,0.));
#2082 = ( GEOMETRIC_REPRESENTATION_CONTEXT(2) 
PARAMETRIC_REPRESENTATION_CONTEXT() REPRESENTATION_CONTEXT('2D SPACE',''
  ) );
#2083 = PCURVE('',#901,#2084);
#2084 = DEFINITIONAL_REPRESENTATION('',(#2085),#2089);
#2085 = LINE('',#2086,#2087);
#2086 = CARTESIAN_POINT('',(0.,-4.));
#2087 = VECTOR('',#2088,1.);
#2088 = DIRECTION('',(1.,0.));
#2089 = ( GEOMETRIC_REPRESENTATION_CONTEXT(2) 
PARAMETRIC_REPRESENTATION_CONTEXT() REPRESENTATION_CONTEXT('2D SPACE',''
  ) );
#2090 = ORIENTED_EDGE('',*,*,#913,.T.);
#2091 = ORIENTED_EDGE('',*,*,#1735,.F.);
#2092 = ORIENTED_EDGE('',*,*,#2093,.F.);
#2093 = EDGE_CURVE('',#2094,#1736,#2096,.T.);
#2094 = VERTEX_POINT('',#2095);
#2095 = CARTESIAN_POINT('',(32.1,2.,129.74578760586));
#2096 = SURFACE_CURVE('',#2097,(#2101,#2107),.PCURVE_S1.);
#2097 = LINE('',#2098,#2099);
#2098 = CARTESIAN_POINT('',(35.,2.,129.74578760586));
#2099 = VECTOR('',#2100,1.);
#2100 = DIRECTION('',(1.,0.,0.));
#2101 = PCURVE('',#929,#2102);
#2102 = DEFINITIONAL_REPRESENTATION('',(#2103),#2106);
#2103 = B_SPLINE_CURVE_WITH_KNOTS('',1,(#2104,#2105),.UNSPECIFIED.,.F.,
  .F.,(2,2),(-2.9000006,5.999999999062E-07),.PIECEWISE_BEZIER_KNOTS.);
#2104 = CARTESIAN_POINT('',(4.745787605867,9.99994E-02));
#2105 = CARTESIAN_POINT('',(4.745787605867,3.0000006));
#2106 = ( GEOMETRIC_REPRESENTATION_CONTEXT(2) 
PARAMETRIC_REPRESENTATION_CONTEXT() REPRESENTATION_CONTEXT('2D SPACE',''
  ) );
#2107 = PCURVE('',#1779,#2108);
#2108 = DEFINITIONAL_REPRESENTATION('',(#2109),#2112);
#2109 = B_SPLINE_CURVE_WITH_KNOTS('',1,(#2110,#2111),.UNSPECIFIED.,.F.,
  .F.,(2,2),(-2.9,0.),.PIECEWISE_BEZIER_KNOTS.);
#2110 = CARTESIAN_POINT('',(7.455141780724,-2.9));
#2111 = CARTESIAN_POINT('',(7.455141780724,0.));
#2112 = ( GEOMETRIC_REPRESENTATION_CONTEXT(2) 
PARAMETRIC_REPRESENTATION_CONTEXT() REPRESENTATION_CONTEXT('2D SPACE',''
  ) );
#2113 = ORIENTED_EDGE('',*,*,#2114,.F.);
#2114 = EDGE_CURVE('',#2043,#2094,#2115,.T.);
#2115 = SURFACE_CURVE('',#2116,(#2120,#2126),.PCURVE_S1.);
#2116 = LINE('',#2117,#2118);
#2117 = CARTESIAN_POINT('',(32.1,2.,125.));
#2118 = VECTOR('',#2119,1.);
#2119 = DIRECTION('',(0.,0.,1.));
#2120 = PCURVE('',#929,#2121);
#2121 = DEFINITIONAL_REPRESENTATION('',(#2122),#2125);
#2122 = B_SPLINE_CURVE_WITH_KNOTS('',1,(#2123,#2124),.UNSPECIFIED.,.F.,
  .F.,(2,2),(0.,5.15),.PIECEWISE_BEZIER_KNOTS.);
#2123 = CARTESIAN_POINT('',(0.,0.1));
#2124 = CARTESIAN_POINT('',(5.15,0.1));
#2125 = ( GEOMETRIC_REPRESENTATION_CONTEXT(2) 
PARAMETRIC_REPRESENTATION_CONTEXT() REPRESENTATION_CONTEXT('2D SPACE',''
  ) );
#2126 = PCURVE('',#2127,#2132);
#2127 = PLANE('',#2128);
#2128 = AXIS2_PLACEMENT_3D('',#2129,#2130,#2131);
#2129 = CARTESIAN_POINT('',(32.1,6.638058895822E-16,125.));
#2130 = DIRECTION('',(1.,0.,0.));
#2131 = DIRECTION('',(-0.,0.,1.));
#2132 = DEFINITIONAL_REPRESENTATION('',(#2133),#2136);
#2133 = B_SPLINE_CURVE_WITH_KNOTS('',1,(#2134,#2135),.UNSPECIFIED.,.F.,
  .F.,(2,2),(0.,5.15),.PIECEWISE_BEZIER_KNOTS.);
#2134 = CARTESIAN_POINT('',(1.42108547152E-14,-2.));
#2135 = CARTESIAN_POINT('',(5.15,-2.));
#2136 = ( GEOMETRIC_REPRESENTATION_CONTEXT(2) 
PARAMETRIC_REPRESENTATION_CONTEXT() REPRESENTATION_CONTEXT('2D SPACE',''
  ) );
#2137 = ADVANCED_FACE('',(#2138,#2186),#901,.T.);
#2138 = FACE_BOUND('',#2139,.T.);
#2139 = EDGE_LOOP('',(#2140,#2163,#2184,#2185));
#2140 = ORIENTED_EDGE('',*,*,#2141,.F.);
#2141 = EDGE_CURVE('',#2142,#858,#2144,.T.);
#2142 = VERTEX_POINT('',#2143);
#2143 = CARTESIAN_POINT('',(32.,-2.,125.));
#2144 = SURFACE_CURVE('',#2145,(#2149,#2156),.PCURVE_S1.);
#2145 = LINE('',#2146,#2147);
#2146 = CARTESIAN_POINT('',(32.,-2.,125.));
#2147 = VECTOR('',#2148,1.);
#2148 = DIRECTION('',(0.,0.,1.));
#2149 = PCURVE('',#901,#2150);
#2150 = DEFINITIONAL_REPRESENTATION('',(#2151),#2155);
#2151 = LINE('',#2152,#2153);
#2152 = CARTESIAN_POINT('',(0.,0.));
#2153 = VECTOR('',#2154,1.);
#2154 = DIRECTION('',(1.,0.));
#2155 = ( GEOMETRIC_REPRESENTATION_CONTEXT(2) 
PARAMETRIC_REPRESENTATION_CONTEXT() REPRESENTATION_CONTEXT('2D SPACE',''
  ) );
#2156 = PCURVE('',#873,#2157);
#2157 = DEFINITIONAL_REPRESENTATION('',(#2158),#2162);
#2158 = LINE('',#2159,#2160);
#2159 = CARTESIAN_POINT('',(0.,0.));
#2160 = VECTOR('',#2161,1.);
#2161 = DIRECTION('',(1.,0.));
#2162 = ( GEOMETRIC_REPRESENTATION_CONTEXT(2) 
PARAMETRIC_REPRESENTATION_CONTEXT() REPRESENTATION_CONTEXT('2D SPACE',''
  ) );
#2163 = ORIENTED_EDGE('',*,*,#2164,.T.);
#2164 = EDGE_CURVE('',#2142,#2041,#2165,.T.);
#2165 = SURFACE_CURVE('',#2166,(#2170,#2177),.PCURVE_S1.);
#2166 = LINE('',#2167,#2168);
#2167 = CARTESIAN_POINT('',(32.,-2.,125.));
#2168 = VECTOR('',#2169,1.);
#2169 = DIRECTION('',(0.,1.,0.));
#2170 = PCURVE('',#901,#2171);
#2171 = DEFINITIONAL_REPRESENTATION('',(#2172),#2176);
#2172 = LINE('',#2173,#2174);
#2173 = CARTESIAN_POINT('',(0.,0.));
#2174 = VECTOR('',#2175,1.);
#2175 = DIRECTION('',(0.,-1.));
#2176 = ( GEOMETRIC_REPRESENTATION_CONTEXT(2) 
PARAMETRIC_REPRESENTATION_CONTEXT() REPRESENTATION_CONTEXT('2D SPACE',''
  ) );
#2177 = PCURVE('',#2058,#2178);
#2178 = DEFINITIONAL_REPRESENTATION('',(#2179),#2183);
#2179 = LINE('',#2180,#2181);
#2180 = CARTESIAN_POINT('',(0.,0.));
#2181 = VECTOR('',#2182,1.);
#2182 = DIRECTION('',(0.,1.));
#2183 = ( GEOMETRIC_REPRESENTATION_CONTEXT(2) 
PARAMETRIC_REPRESENTATION_CONTEXT() REPRESENTATION_CONTEXT('2D SPACE',''
  ) );
#2184 = ORIENTED_EDGE('',*,*,#2070,.T.);
#2185 = ORIENTED_EDGE('',*,*,#885,.F.);
#2186 = FACE_BOUND('',#2187,.T.);
#2187 = EDGE_LOOP('',(#2188,#2216,#2242,#2268));
#2188 = ORIENTED_EDGE('',*,*,#2189,.F.);
#2189 = EDGE_CURVE('',#2190,#2192,#2194,.T.);
#2190 = VERTEX_POINT('',#2191);
#2191 = CARTESIAN_POINT('',(32.,-0.75,132.65));
#2192 = VERTEX_POINT('',#2193);
#2193 = CARTESIAN_POINT('',(32.,-0.75,130.65));
#2194 = SURFACE_CURVE('',#2195,(#2199,#2205),.PCURVE_S1.);
#2195 = LINE('',#2196,#2197);
#2196 = CARTESIAN_POINT('',(32.,-0.75,127.825));
#2197 = VECTOR('',#2198,1.);
#2198 = DIRECTION('',(0.,0.,-1.));
#2199 = PCURVE('',#901,#2200);
#2200 = DEFINITIONAL_REPRESENTATION('',(#2201),#2204);
#2201 = B_SPLINE_CURVE_WITH_KNOTS('',1,(#2202,#2203),.UNSPECIFIED.,.F.,
  .F.,(2,2),(-4.825,-2.825),.PIECEWISE_BEZIER_KNOTS.);
#2202 = CARTESIAN_POINT('',(7.65,-1.25));
#2203 = CARTESIAN_POINT('',(5.65,-1.25));
#2204 = ( GEOMETRIC_REPRESENTATION_CONTEXT(2) 
PARAMETRIC_REPRESENTATION_CONTEXT() REPRESENTATION_CONTEXT('2D SPACE',''
  ) );
#2205 = PCURVE('',#2206,#2211);
#2206 = PLANE('',#2207);
#2207 = AXIS2_PLACEMENT_3D('',#2208,#2209,#2210);
#2208 = CARTESIAN_POINT('',(30.1,-0.75,130.65));
#2209 = DIRECTION('',(0.,1.,0.));
#2210 = DIRECTION('',(0.,0.,1.));
#2211 = DEFINITIONAL_REPRESENTATION('',(#2212),#2215);
#2212 = B_SPLINE_CURVE_WITH_KNOTS('',1,(#2213,#2214),.UNSPECIFIED.,.F.,
  .F.,(2,2),(-4.825,-2.825),.PIECEWISE_BEZIER_KNOTS.);
#2213 = CARTESIAN_POINT('',(2.,1.9));
#2214 = CARTESIAN_POINT('',(0.,1.9));
#2215 = ( GEOMETRIC_REPRESENTATION_CONTEXT(2) 
PARAMETRIC_REPRESENTATION_CONTEXT() REPRESENTATION_CONTEXT('2D SPACE',''
  ) );
#2216 = ORIENTED_EDGE('',*,*,#2217,.T.);
#2217 = EDGE_CURVE('',#2190,#2218,#2220,.T.);
#2218 = VERTEX_POINT('',#2219);
#2219 = CARTESIAN_POINT('',(32.,0.75,132.65));
#2220 = SURFACE_CURVE('',#2221,(#2225,#2231),.PCURVE_S1.);
#2221 = LINE('',#2222,#2223);
#2222 = CARTESIAN_POINT('',(32.,-1.375,132.65));
#2223 = VECTOR('',#2224,1.);
#2224 = DIRECTION('',(0.,1.,0.));
#2225 = PCURVE('',#901,#2226);
#2226 = DEFINITIONAL_REPRESENTATION('',(#2227),#2230);
#2227 = B_SPLINE_CURVE_WITH_KNOTS('',1,(#2228,#2229),.UNSPECIFIED.,.F.,
  .F.,(2,2),(0.625,2.125),.PIECEWISE_BEZIER_KNOTS.);
#2228 = CARTESIAN_POINT('',(7.65,-1.25));
#2229 = CARTESIAN_POINT('',(7.65,-2.75));
#2230 = ( GEOMETRIC_REPRESENTATION_CONTEXT(2) 
PARAMETRIC_REPRESENTATION_CONTEXT() REPRESENTATION_CONTEXT('2D SPACE',''
  ) );
#2231 = PCURVE('',#2232,#2237);
#2232 = PLANE('',#2233);
#2233 = AXIS2_PLACEMENT_3D('',#2234,#2235,#2236);
#2234 = CARTESIAN_POINT('',(30.1,-0.75,132.65));
#2235 = DIRECTION('',(0.,0.,1.));
#2236 = DIRECTION('',(1.,0.,0.));
#2237 = DEFINITIONAL_REPRESENTATION('',(#2238),#2241);
#2238 = B_SPLINE_CURVE_WITH_KNOTS('',1,(#2239,#2240),.UNSPECIFIED.,.F.,
  .F.,(2,2),(0.625,2.125),.PIECEWISE_BEZIER_KNOTS.);
#2239 = CARTESIAN_POINT('',(1.9,0.));
#2240 = CARTESIAN_POINT('',(1.9,1.5));
#2241 = ( GEOMETRIC_REPRESENTATION_CONTEXT(2) 
PARAMETRIC_REPRESENTATION_CONTEXT() REPRESENTATION_CONTEXT('2D SPACE',''
  ) );
#2242 = ORIENTED_EDGE('',*,*,#2243,.T.);
#2243 = EDGE_CURVE('',#2218,#2244,#2246,.T.);
#2244 = VERTEX_POINT('',#2245);
#2245 = CARTESIAN_POINT('',(32.,0.75,130.65));
#2246 = SURFACE_CURVE('',#2247,(#2251,#2257),.PCURVE_S1.);
#2247 = LINE('',#2248,#2249);
#2248 = CARTESIAN_POINT('',(32.,0.75,127.825));
#2249 = VECTOR('',#2250,1.);
#2250 = DIRECTION('',(0.,0.,-1.));
#2251 = PCURVE('',#901,#2252);
#2252 = DEFINITIONAL_REPRESENTATION('',(#2253),#2256);
#2253 = B_SPLINE_CURVE_WITH_KNOTS('',1,(#2254,#2255),.UNSPECIFIED.,.F.,
  .F.,(2,2),(-4.825,-2.825),.PIECEWISE_BEZIER_KNOTS.);
#2254 = CARTESIAN_POINT('',(7.65,-2.75));
#2255 = CARTESIAN_POINT('',(5.65,-2.75));
#2256 = ( GEOMETRIC_REPRESENTATION_CONTEXT(2) 
PARAMETRIC_REPRESENTATION_CONTEXT() REPRESENTATION_CONTEXT('2D SPACE',''
  ) );
#2257 = PCURVE('',#2258,#2263);
#2258 = PLANE('',#2259);
#2259 = AXIS2_PLACEMENT_3D('',#2260,#2261,#2262);
#2260 = CARTESIAN_POINT('',(30.1,0.75,130.65));
#2261 = DIRECTION('',(0.,1.,0.));
#2262 = DIRECTION('',(0.,0.,1.));
#2263 = DEFINITIONAL_REPRESENTATION('',(#2264),#2267);
#2264 = B_SPLINE_CURVE_WITH_KNOTS('',1,(#2265,#2266),.UNSPECIFIED.,.F.,
  .F.,(2,2),(-4.825,-2.825),.PIECEWISE_BEZIER_KNOTS.);
#2265 = CARTESIAN_POINT('',(2.,1.9));
#2266 = CARTESIAN_POINT('',(0.,1.9));
#2267 = ( GEOMETRIC_REPRESENTATION_CONTEXT(2) 
PARAMETRIC_REPRESENTATION_CONTEXT() REPRESENTATION_CONTEXT('2D SPACE',''
  ) );
#2268 = ORIENTED_EDGE('',*,*,#2269,.F.);
#2269 = EDGE_CURVE('',#2192,#2244,#2270,.T.);
#2270 = SURFACE_CURVE('',#2271,(#2275,#2281),.PCURVE_S1.);
#2271 = LINE('',#2272,#2273);
#2272 = CARTESIAN_POINT('',(32.,-1.375,130.65));
#2273 = VECTOR('',#2274,1.);
#2274 = DIRECTION('',(0.,1.,0.));
#2275 = PCURVE('',#901,#2276);
#2276 = DEFINITIONAL_REPRESENTATION('',(#2277),#2280);
#2277 = B_SPLINE_CURVE_WITH_KNOTS('',1,(#2278,#2279),.UNSPECIFIED.,.F.,
  .F.,(2,2),(0.625,2.125),.PIECEWISE_BEZIER_KNOTS.);
#2278 = CARTESIAN_POINT('',(5.65,-1.25));
#2279 = CARTESIAN_POINT('',(5.65,-2.75));
#2280 = ( GEOMETRIC_REPRESENTATION_CONTEXT(2) 
PARAMETRIC_REPRESENTATION_CONTEXT() REPRESENTATION_CONTEXT('2D SPACE',''
  ) );
#2281 = PCURVE('',#2282,#2287);
#2282 = PLANE('',#2283);
#2283 = AXIS2_PLACEMENT_3D('',#2284,#2285,#2286);
#2284 = CARTESIAN_POINT('',(30.1,-0.75,130.65));
#2285 = DIRECTION('',(0.,0.,1.));
#2286 = DIRECTION('',(1.,0.,0.));
#2287 = DEFINITIONAL_REPRESENTATION('',(#2288),#2291);
#2288 = B_SPLINE_CURVE_WITH_KNOTS('',1,(#2289,#2290),.UNSPECIFIED.,.F.,
  .F.,(2,2),(0.625,2.125),.PIECEWISE_BEZIER_KNOTS.);
#2289 = CARTESIAN_POINT('',(1.9,0.));
#2290 = CARTESIAN_POINT('',(1.9,1.5));
#2291 = ( GEOMETRIC_REPRESENTATION_CONTEXT(2) 
PARAMETRIC_REPRESENTATION_CONTEXT() REPRESENTATION_CONTEXT('2D SPACE',''
  ) );
#2292 = ADVANCED_FACE('',(#2293),#873,.T.);
#2293 = FACE_BOUND('',#2294,.T.);
#2294 = EDGE_LOOP('',(#2295,#2318,#2319,#2320,#2321,#2342));
#2295 = ORIENTED_EDGE('',*,*,#2296,.F.);
#2296 = EDGE_CURVE('',#2142,#2297,#2299,.T.);
#2297 = VERTEX_POINT('',#2298);
#2298 = CARTESIAN_POINT('',(32.1,-2.,125.));
#2299 = SURFACE_CURVE('',#2300,(#2304,#2311),.PCURVE_S1.);
#2300 = LINE('',#2301,#2302);
#2301 = CARTESIAN_POINT('',(32.,-2.,125.));
#2302 = VECTOR('',#2303,1.);
#2303 = DIRECTION('',(1.,0.,0.));
#2304 = PCURVE('',#873,#2305);
#2305 = DEFINITIONAL_REPRESENTATION('',(#2306),#2310);
#2306 = LINE('',#2307,#2308);
#2307 = CARTESIAN_POINT('',(0.,0.));
#2308 = VECTOR('',#2309,1.);
#2309 = DIRECTION('',(0.,1.));
#2310 = ( GEOMETRIC_REPRESENTATION_CONTEXT(2) 
PARAMETRIC_REPRESENTATION_CONTEXT() REPRESENTATION_CONTEXT('2D SPACE',''
  ) );
#2311 = PCURVE('',#2058,#2312);
#2312 = DEFINITIONAL_REPRESENTATION('',(#2313),#2317);
#2313 = LINE('',#2314,#2315);
#2314 = CARTESIAN_POINT('',(0.,0.));
#2315 = VECTOR('',#2316,1.);
#2316 = DIRECTION('',(1.,0.));
#2317 = ( GEOMETRIC_REPRESENTATION_CONTEXT(2) 
PARAMETRIC_REPRESENTATION_CONTEXT() REPRESENTATION_CONTEXT('2D SPACE',''
  ) );
#2318 = ORIENTED_EDGE('',*,*,#2141,.T.);
#2319 = ORIENTED_EDGE('',*,*,#857,.T.);
#2320 = ORIENTED_EDGE('',*,*,#1791,.F.);
#2321 = ORIENTED_EDGE('',*,*,#2322,.F.);
#2322 = EDGE_CURVE('',#2323,#1759,#2325,.T.);
#2323 = VERTEX_POINT('',#2324);
#2324 = CARTESIAN_POINT('',(32.1,-2.,129.74578760586));
#2325 = SURFACE_CURVE('',#2326,(#2330,#2336),.PCURVE_S1.);
#2326 = LINE('',#2327,#2328);
#2327 = CARTESIAN_POINT('',(35.,-2.,129.74578760586));
#2328 = VECTOR('',#2329,1.);
#2329 = DIRECTION('',(1.,0.,0.));
#2330 = PCURVE('',#873,#2331);
#2331 = DEFINITIONAL_REPRESENTATION('',(#2332),#2335);
#2332 = B_SPLINE_CURVE_WITH_KNOTS('',1,(#2333,#2334),.UNSPECIFIED.,.F.,
  .F.,(2,2),(-2.9000006,5.999999999062E-07),.PIECEWISE_BEZIER_KNOTS.);
#2333 = CARTESIAN_POINT('',(4.745787605867,9.99994E-02));
#2334 = CARTESIAN_POINT('',(4.745787605867,3.0000006));
#2335 = ( GEOMETRIC_REPRESENTATION_CONTEXT(2) 
PARAMETRIC_REPRESENTATION_CONTEXT() REPRESENTATION_CONTEXT('2D SPACE',''
  ) );
#2336 = PCURVE('',#1779,#2337);
#2337 = DEFINITIONAL_REPRESENTATION('',(#2338),#2341);
#2338 = B_SPLINE_CURVE_WITH_KNOTS('',1,(#2339,#2340),.UNSPECIFIED.,.F.,
  .F.,(2,2),(-2.9,0.),.PIECEWISE_BEZIER_KNOTS.);
#2339 = CARTESIAN_POINT('',(1.969636180045,-2.9));
#2340 = CARTESIAN_POINT('',(1.969636180045,0.));
#2341 = ( GEOMETRIC_REPRESENTATION_CONTEXT(2) 
PARAMETRIC_REPRESENTATION_CONTEXT() REPRESENTATION_CONTEXT('2D SPACE',''
  ) );
#2342 = ORIENTED_EDGE('',*,*,#2343,.F.);
#2343 = EDGE_CURVE('',#2297,#2323,#2344,.T.);
#2344 = SURFACE_CURVE('',#2345,(#2349,#2355),.PCURVE_S1.);
#2345 = LINE('',#2346,#2347);
#2346 = CARTESIAN_POINT('',(32.1,-2.,125.));
#2347 = VECTOR('',#2348,1.);
#2348 = DIRECTION('',(0.,0.,1.));
#2349 = PCURVE('',#873,#2350);
#2350 = DEFINITIONAL_REPRESENTATION('',(#2351),#2354);
#2351 = B_SPLINE_CURVE_WITH_KNOTS('',1,(#2352,#2353),.UNSPECIFIED.,.F.,
  .F.,(2,2),(0.,5.15),.PIECEWISE_BEZIER_KNOTS.);
#2352 = CARTESIAN_POINT('',(0.,0.1));
#2353 = CARTESIAN_POINT('',(5.15,0.1));
#2354 = ( GEOMETRIC_REPRESENTATION_CONTEXT(2) 
PARAMETRIC_REPRESENTATION_CONTEXT() REPRESENTATION_CONTEXT('2D SPACE',''
  ) );
#2355 = PCURVE('',#2127,#2356);
#2356 = DEFINITIONAL_REPRESENTATION('',(#2357),#2360);
#2357 = B_SPLINE_CURVE_WITH_KNOTS('',1,(#2358,#2359),.UNSPECIFIED.,.F.,
  .F.,(2,2),(0.,5.15),.PIECEWISE_BEZIER_KNOTS.);
#2358 = CARTESIAN_POINT('',(1.42108547152E-14,2.));
#2359 = CARTESIAN_POINT('',(5.15,2.));
#2360 = ( GEOMETRIC_REPRESENTATION_CONTEXT(2) 
PARAMETRIC_REPRESENTATION_CONTEXT() REPRESENTATION_CONTEXT('2D SPACE',''
  ) );
#2361 = ADVANCED_FACE('',(#2362),#985,.F.);
#2362 = FACE_BOUND('',#2363,.T.);
#2363 = EDGE_LOOP('',(#2364,#2365,#2386,#2387));
#2364 = ORIENTED_EDGE('',*,*,#1477,.F.);
#2365 = ORIENTED_EDGE('',*,*,#2366,.T.);
#2366 = EDGE_CURVE('',#1478,#965,#2367,.T.);
#2367 = SEAM_CURVE('',#2368,(#2372,#2379),.PCURVE_S1.);
#2368 = LINE('',#2369,#2370);
#2369 = CARTESIAN_POINT('',(-23.15,20.,0.));
#2370 = VECTOR('',#2371,1.);
#2371 = DIRECTION('',(0.,0.,1.));
#2372 = PCURVE('',#985,#2373);
#2373 = DEFINITIONAL_REPRESENTATION('',(#2374),#2378);
#2374 = LINE('',#2375,#2376);
#2375 = CARTESIAN_POINT('',(-6.28318530718,0.));
#2376 = VECTOR('',#2377,1.);
#2377 = DIRECTION('',(-0.,-1.));
#2378 = ( GEOMETRIC_REPRESENTATION_CONTEXT(2) 
PARAMETRIC_REPRESENTATION_CONTEXT() REPRESENTATION_CONTEXT('2D SPACE',''
  ) );
#2379 = PCURVE('',#985,#2380);
#2380 = DEFINITIONAL_REPRESENTATION('',(#2381),#2385);
#2381 = LINE('',#2382,#2383);
#2382 = CARTESIAN_POINT('',(-0.,0.));
#2383 = VECTOR('',#2384,1.);
#2384 = DIRECTION('',(-0.,-1.));
#2385 = ( GEOMETRIC_REPRESENTATION_CONTEXT(2) 
PARAMETRIC_REPRESENTATION_CONTEXT() REPRESENTATION_CONTEXT('2D SPACE',''
  ) );
#2386 = ORIENTED_EDGE('',*,*,#964,.F.);
#2387 = ORIENTED_EDGE('',*,*,#2366,.F.);
#2388 = ADVANCED_FACE('',(#2389),#1017,.F.);
#2389 = FACE_BOUND('',#2390,.F.);
#2390 = EDGE_LOOP('',(#2391,#2414,#2415,#2438));
#2391 = ORIENTED_EDGE('',*,*,#2392,.F.);
#2392 = EDGE_CURVE('',#1000,#2393,#2395,.T.);
#2393 = VERTEX_POINT('',#2394);
#2394 = CARTESIAN_POINT('',(-22.,-22.,304.));
#2395 = SURFACE_CURVE('',#2396,(#2400,#2407),.PCURVE_S1.);
#2396 = LINE('',#2397,#2398);
#2397 = CARTESIAN_POINT('',(-22.,-22.,300.));
#2398 = VECTOR('',#2399,1.);
#2399 = DIRECTION('',(0.,0.,1.));
#2400 = PCURVE('',#1017,#2401);
#2401 = DEFINITIONAL_REPRESENTATION('',(#2402),#2406);
#2402 = LINE('',#2403,#2404);
#2403 = CARTESIAN_POINT('',(0.,0.));
#2404 = VECTOR('',#2405,1.);
#2405 = DIRECTION('',(1.,0.));
#2406 = ( GEOMETRIC_REPRESENTATION_CONTEXT(2) 
PARAMETRIC_REPRESENTATION_CONTEXT() REPRESENTATION_CONTEXT('2D SPACE',''
  ) );
#2407 = PCURVE('',#1099,#2408);
#2408 = DEFINITIONAL_REPRESENTATION('',(#2409),#2413);
#2409 = LINE('',#2410,#2411);
#2410 = CARTESIAN_POINT('',(0.,0.));
#2411 = VECTOR('',#2412,1.);
#2412 = DIRECTION('',(1.,0.));
#2413 = ( GEOMETRIC_REPRESENTATION_CONTEXT(2) 
PARAMETRIC_REPRESENTATION_CONTEXT() REPRESENTATION_CONTEXT('2D SPACE',''
  ) );
#2414 = ORIENTED_EDGE('',*,*,#999,.T.);
#2415 = ORIENTED_EDGE('',*,*,#2416,.T.);
#2416 = EDGE_CURVE('',#1002,#2417,#2419,.T.);
#2417 = VERTEX_POINT('',#2418);
#2418 = CARTESIAN_POINT('',(-22.,22.,304.));
#2419 = SURFACE_CURVE('',#2420,(#2424,#2431),.PCURVE_S1.);
#2420 = LINE('',#2421,#2422);
#2421 = CARTESIAN_POINT('',(-22.,22.,300.));
#2422 = VECTOR('',#2423,1.);
#2423 = DIRECTION('',(0.,0.,1.));
#2424 = PCURVE('',#1017,#2425);
#2425 = DEFINITIONAL_REPRESENTATION('',(#2426),#2430);
#2426 = LINE('',#2427,#2428);
#2427 = CARTESIAN_POINT('',(0.,-44.));
#2428 = VECTOR('',#2429,1.);
#2429 = DIRECTION('',(1.,0.));
#2430 = ( GEOMETRIC_REPRESENTATION_CONTEXT(2) 
PARAMETRIC_REPRESENTATION_CONTEXT() REPRESENTATION_CONTEXT('2D SPACE',''
  ) );
#2431 = PCURVE('',#1045,#2432);
#2432 = DEFINITIONAL_REPRESENTATION('',(#2433),#2437);
#2433 = LINE('',#2434,#2435);
#2434 = CARTESIAN_POINT('',(0.,0.));
#2435 = VECTOR('',#2436,1.);
#2436 = DIRECTION('',(1.,0.));
#2437 = ( GEOMETRIC_REPRESENTATION_CONTEXT(2) 
PARAMETRIC_REPRESENTATION_CONTEXT() REPRESENTATION_CONTEXT('2D SPACE',''
  ) );
#2438 = ORIENTED_EDGE('',*,*,#2439,.F.);
#2439 = EDGE_CURVE('',#2393,#2417,#2440,.T.);
#2440 = SURFACE_CURVE('',#2441,(#2445,#2452),.PCURVE_S1.);
#2441 = LINE('',#2442,#2443);
#2442 = CARTESIAN_POINT('',(-22.,-22.,304.));
#2443 = VECTOR('',#2444,1.);
#2444 = DIRECTION('',(0.,1.,0.));
#2445 = PCURVE('',#1017,#2446);
#2446 = DEFINITIONAL_REPRESENTATION('',(#2447),#2451);
#2447 = LINE('',#2448,#2449);
#2448 = CARTESIAN_POINT('',(4.,0.));
#2449 = VECTOR('',#2450,1.);
#2450 = DIRECTION('',(0.,-1.));
#2451 = ( GEOMETRIC_REPRESENTATION_CONTEXT(2) 
PARAMETRIC_REPRESENTATION_CONTEXT() REPRESENTATION_CONTEXT('2D SPACE',''
  ) );
#2452 = PCURVE('',#2453,#2458);
#2453 = PLANE('',#2454);
#2454 = AXIS2_PLACEMENT_3D('',#2455,#2456,#2457);
#2455 = CARTESIAN_POINT('',(-22.,-22.,304.));
#2456 = DIRECTION('',(0.,0.,1.));
#2457 = DIRECTION('',(1.,0.,0.));
#2458 = DEFINITIONAL_REPRESENTATION('',(#2459),#2463);
#2459 = LINE('',#2460,#2461);
#2460 = CARTESIAN_POINT('',(0.,0.));
#2461 = VECTOR('',#2462,1.);
#2462 = DIRECTION('',(0.,1.));
#2463 = ( GEOMETRIC_REPRESENTATION_CONTEXT(2) 
PARAMETRIC_REPRESENTATION_CONTEXT() REPRESENTATION_CONTEXT('2D SPACE',''
  ) );
#2464 = ADVANCED_FACE('',(#2465),#1045,.T.);
#2465 = FACE_BOUND('',#2466,.T.);
#2466 = EDGE_LOOP('',(#2467,#2468,#2469,#2492));
#2467 = ORIENTED_EDGE('',*,*,#1029,.F.);
#2468 = ORIENTED_EDGE('',*,*,#2416,.T.);
#2469 = ORIENTED_EDGE('',*,*,#2470,.T.);
#2470 = EDGE_CURVE('',#2417,#2471,#2473,.T.);
#2471 = VERTEX_POINT('',#2472);
#2472 = CARTESIAN_POINT('',(22.,22.,304.));
#2473 = SURFACE_CURVE('',#2474,(#2478,#2485),.PCURVE_S1.);
#2474 = LINE('',#2475,#2476);
#2475 = CARTESIAN_POINT('',(-22.,22.,304.));
#2476 = VECTOR('',#2477,1.);
#2477 = DIRECTION('',(1.,0.,0.));
#2478 = PCURVE('',#1045,#2479);
#2479 = DEFINITIONAL_REPRESENTATION('',(#2480),#2484);
#2480 = LINE('',#2481,#2482);
#2481 = CARTESIAN_POINT('',(4.,0.));
#2482 = VECTOR('',#2483,1.);
#2483 = DIRECTION('',(0.,1.));
#2484 = ( GEOMETRIC_REPRESENTATION_CONTEXT(2) 
PARAMETRIC_REPRESENTATION_CONTEXT() REPRESENTATION_CONTEXT('2D SPACE',''
  ) );
#2485 = PCURVE('',#2453,#2486);
#2486 = DEFINITIONAL_REPRESENTATION('',(#2487),#2491);
#2487 = LINE('',#2488,#2489);
#2488 = CARTESIAN_POINT('',(0.,44.));
#2489 = VECTOR('',#2490,1.);
#2490 = DIRECTION('',(1.,0.));
#2491 = ( GEOMETRIC_REPRESENTATION_CONTEXT(2) 
PARAMETRIC_REPRESENTATION_CONTEXT() REPRESENTATION_CONTEXT('2D SPACE',''
  ) );
#2492 = ORIENTED_EDGE('',*,*,#2493,.F.);
#2493 = EDGE_CURVE('',#1030,#2471,#2494,.T.);
#2494 = SURFACE_CURVE('',#2495,(#2499,#2506),.PCURVE_S1.);
#2495 = LINE('',#2496,#2497);
#2496 = CARTESIAN_POINT('',(22.,22.,300.));
#2497 = VECTOR('',#2498,1.);
#2498 = DIRECTION('',(0.,0.,1.));
#2499 = PCURVE('',#1045,#2500);
#2500 = DEFINITIONAL_REPRESENTATION('',(#2501),#2505);
#2501 = LINE('',#2502,#2503);
#2502 = CARTESIAN_POINT('',(0.,44.));
#2503 = VECTOR('',#2504,1.);
#2504 = DIRECTION('',(1.,0.));
#2505 = ( GEOMETRIC_REPRESENTATION_CONTEXT(2) 
PARAMETRIC_REPRESENTATION_CONTEXT() REPRESENTATION_CONTEXT('2D SPACE',''
  ) );
#2506 = PCURVE('',#1073,#2507);
#2507 = DEFINITIONAL_REPRESENTATION('',(#2508),#2512);
#2508 = LINE('',#2509,#2510);
#2509 = CARTESIAN_POINT('',(0.,-44.));
#2510 = VECTOR('',#2511,1.);
#2511 = DIRECTION('',(1.,0.));
#2512 = ( GEOMETRIC_REPRESENTATION_CONTEXT(2) 
PARAMETRIC_REPRESENTATION_CONTEXT() REPRESENTATION_CONTEXT('2D SPACE',''
  ) );
#2513 = ADVANCED_FACE('',(#2514),#1099,.F.);
#2514 = FACE_BOUND('',#2515,.F.);
#2515 = EDGE_LOOP('',(#2516,#2517,#2518,#2541));
#2516 = ORIENTED_EDGE('',*,*,#1085,.F.);
#2517 = ORIENTED_EDGE('',*,*,#2392,.T.);
#2518 = ORIENTED_EDGE('',*,*,#2519,.T.);
#2519 = EDGE_CURVE('',#2393,#2520,#2522,.T.);
#2520 = VERTEX_POINT('',#2521);
#2521 = CARTESIAN_POINT('',(22.,-22.,304.));
#2522 = SURFACE_CURVE('',#2523,(#2527,#2534),.PCURVE_S1.);
#2523 = LINE('',#2524,#2525);
#2524 = CARTESIAN_POINT('',(-22.,-22.,304.));
#2525 = VECTOR('',#2526,1.);
#2526 = DIRECTION('',(1.,0.,0.));
#2527 = PCURVE('',#1099,#2528);
#2528 = DEFINITIONAL_REPRESENTATION('',(#2529),#2533);
#2529 = LINE('',#2530,#2531);
#2530 = CARTESIAN_POINT('',(4.,0.));
#2531 = VECTOR('',#2532,1.);
#2532 = DIRECTION('',(0.,1.));
#2533 = ( GEOMETRIC_REPRESENTATION_CONTEXT(2) 
PARAMETRIC_REPRESENTATION_CONTEXT() REPRESENTATION_CONTEXT('2D SPACE',''
  ) );
#2534 = PCURVE('',#2453,#2535);
#2535 = DEFINITIONAL_REPRESENTATION('',(#2536),#2540);
#2536 = LINE('',#2537,#2538);
#2537 = CARTESIAN_POINT('',(0.,0.));
#2538 = VECTOR('',#2539,1.);
#2539 = DIRECTION('',(1.,0.));
#2540 = ( GEOMETRIC_REPRESENTATION_CONTEXT(2) 
PARAMETRIC_REPRESENTATION_CONTEXT() REPRESENTATION_CONTEXT('2D SPACE',''
  ) );
#2541 = ORIENTED_EDGE('',*,*,#2542,.F.);
#2542 = EDGE_CURVE('',#1058,#2520,#2543,.T.);
#2543 = SURFACE_CURVE('',#2544,(#2548,#2555),.PCURVE_S1.);
#2544 = LINE('',#2545,#2546);
#2545 = CARTESIAN_POINT('',(22.,-22.,300.));
#2546 = VECTOR('',#2547,1.);
#2547 = DIRECTION('',(0.,0.,1.));
#2548 = PCURVE('',#1099,#2549);
#2549 = DEFINITIONAL_REPRESENTATION('',(#2550),#2554);
#2550 = LINE('',#2551,#2552);
#2551 = CARTESIAN_POINT('',(0.,44.));
#2552 = VECTOR('',#2553,1.);
#2553 = DIRECTION('',(1.,0.));
#2554 = ( GEOMETRIC_REPRESENTATION_CONTEXT(2) 
PARAMETRIC_REPRESENTATION_CONTEXT() REPRESENTATION_CONTEXT('2D SPACE',''
  ) );
#2555 = PCURVE('',#1073,#2556);
#2556 = DEFINITIONAL_REPRESENTATION('',(#2557),#2561);
#2557 = LINE('',#2558,#2559);
#2558 = CARTESIAN_POINT('',(0.,0.));
#2559 = VECTOR('',#2560,1.);
#2560 = DIRECTION('',(1.,0.));
#2561 = ( GEOMETRIC_REPRESENTATION_CONTEXT(2) 
PARAMETRIC_REPRESENTATION_CONTEXT() REPRESENTATION_CONTEXT('2D SPACE',''
  ) );
#2562 = ADVANCED_FACE('',(#2563),#1073,.T.);
#2563 = FACE_BOUND('',#2564,.T.);
#2564 = EDGE_LOOP('',(#2565,#2566,#2567,#2568));
#2565 = ORIENTED_EDGE('',*,*,#2542,.F.);
#2566 = ORIENTED_EDGE('',*,*,#1057,.T.);
#2567 = ORIENTED_EDGE('',*,*,#2493,.T.);
#2568 = ORIENTED_EDGE('',*,*,#2569,.F.);
#2569 = EDGE_CURVE('',#2520,#2471,#2570,.T.);
#2570 = SURFACE_CURVE('',#2571,(#2575,#2582),.PCURVE_S1.);
#2571 = LINE('',#2572,#2573);
#2572 = CARTESIAN_POINT('',(22.,-22.,304.));
#2573 = VECTOR('',#2574,1.);
#2574 = DIRECTION('',(0.,1.,0.));
#2575 = PCURVE('',#1073,#2576);
#2576 = DEFINITIONAL_REPRESENTATION('',(#2577),#2581);
#2577 = LINE('',#2578,#2579);
#2578 = CARTESIAN_POINT('',(4.,0.));
#2579 = VECTOR('',#2580,1.);
#2580 = DIRECTION('',(0.,-1.));
#2581 = ( GEOMETRIC_REPRESENTATION_CONTEXT(2) 
PARAMETRIC_REPRESENTATION_CONTEXT() REPRESENTATION_CONTEXT('2D SPACE',''
  ) );
#2582 = PCURVE('',#2453,#2583);
#2583 = DEFINITIONAL_REPRESENTATION('',(#2584),#2588);
#2584 = LINE('',#2585,#2586);
#2585 = CARTESIAN_POINT('',(44.,0.));
#2586 = VECTOR('',#2587,1.);
#2587 = DIRECTION('',(0.,1.));
#2588 = ( GEOMETRIC_REPRESENTATION_CONTEXT(2) 
PARAMETRIC_REPRESENTATION_CONTEXT() REPRESENTATION_CONTEXT('2D SPACE',''
  ) );
#2589 = ADVANCED_FACE('',(#2590),#1134,.F.);
#2590 = FACE_BOUND('',#2591,.T.);
#2591 = EDGE_LOOP('',(#2592,#2593,#2614,#2615));
#2592 = ORIENTED_EDGE('',*,*,#1503,.F.);
#2593 = ORIENTED_EDGE('',*,*,#2594,.T.);
#2594 = EDGE_CURVE('',#1504,#1114,#2595,.T.);
#2595 = SEAM_CURVE('',#2596,(#2600,#2607),.PCURVE_S1.);
#2596 = LINE('',#2597,#2598);
#2597 = CARTESIAN_POINT('',(26.35,20.,0.));
#2598 = VECTOR('',#2599,1.);
#2599 = DIRECTION('',(0.,0.,1.));
#2600 = PCURVE('',#1134,#2601);
#2601 = DEFINITIONAL_REPRESENTATION('',(#2602),#2606);
#2602 = LINE('',#2603,#2604);
#2603 = CARTESIAN_POINT('',(-6.28318530718,0.));
#2604 = VECTOR('',#2605,1.);
#2605 = DIRECTION('',(-0.,-1.));
#2606 = ( GEOMETRIC_REPRESENTATION_CONTEXT(2) 
PARAMETRIC_REPRESENTATION_CONTEXT() REPRESENTATION_CONTEXT('2D SPACE',''
  ) );
#2607 = PCURVE('',#1134,#2608);
#2608 = DEFINITIONAL_REPRESENTATION('',(#2609),#2613);
#2609 = LINE('',#2610,#2611);
#2610 = CARTESIAN_POINT('',(-0.,0.));
#2611 = VECTOR('',#2612,1.);
#2612 = DIRECTION('',(-0.,-1.));
#2613 = ( GEOMETRIC_REPRESENTATION_CONTEXT(2) 
PARAMETRIC_REPRESENTATION_CONTEXT() REPRESENTATION_CONTEXT('2D SPACE',''
  ) );
#2614 = ORIENTED_EDGE('',*,*,#1113,.F.);
#2615 = ORIENTED_EDGE('',*,*,#2594,.F.);
#2616 = ADVANCED_FACE('',(#2617),#1290,.T.);
#2617 = FACE_BOUND('',#2618,.T.);
#2618 = EDGE_LOOP('',(#2619,#2642,#2643,#2644));
#2619 = ORIENTED_EDGE('',*,*,#2620,.F.);
#2620 = EDGE_CURVE('',#1431,#2621,#2623,.T.);
#2621 = VERTEX_POINT('',#2622);
#2622 = CARTESIAN_POINT('',(-20.5,10.,36.6));
#2623 = SURFACE_CURVE('',#2624,(#2628,#2635),.PCURVE_S1.);
#2624 = LINE('',#2625,#2626);
#2625 = CARTESIAN_POINT('',(-20.5,10.,-6.6));
#2626 = VECTOR('',#2627,1.);
#2627 = DIRECTION('',(0.,0.,1.));
#2628 = PCURVE('',#1290,#2629);
#2629 = DEFINITIONAL_REPRESENTATION('',(#2630),#2634);
#2630 = LINE('',#2631,#2632);
#2631 = CARTESIAN_POINT('',(0.,0.));
#2632 = VECTOR('',#2633,1.);
#2633 = DIRECTION('',(1.,0.));
#2634 = ( GEOMETRIC_REPRESENTATION_CONTEXT(2) 
PARAMETRIC_REPRESENTATION_CONTEXT() REPRESENTATION_CONTEXT('2D SPACE',''
  ) );
#2635 = PCURVE('',#1445,#2636);
#2636 = DEFINITIONAL_REPRESENTATION('',(#2637),#2641);
#2637 = LINE('',#2638,#2639);
#2638 = CARTESIAN_POINT('',(0.,0.));
#2639 = VECTOR('',#2640,1.);
#2640 = DIRECTION('',(1.,0.));
#2641 = ( GEOMETRIC_REPRESENTATION_CONTEXT(2) 
PARAMETRIC_REPRESENTATION_CONTEXT() REPRESENTATION_CONTEXT('2D SPACE',''
  ) );
#2642 = ORIENTED_EDGE('',*,*,#1456,.T.);
#2643 = ORIENTED_EDGE('',*,*,#1276,.T.);
#2644 = ORIENTED_EDGE('',*,*,#2645,.F.);
#2645 = EDGE_CURVE('',#2621,#1249,#2646,.T.);
#2646 = SURFACE_CURVE('',#2647,(#2651,#2658),.PCURVE_S1.);
#2647 = LINE('',#2648,#2649);
#2648 = CARTESIAN_POINT('',(-20.5,10.,36.6));
#2649 = VECTOR('',#2650,1.);
#2650 = DIRECTION('',(0.,1.,0.));
#2651 = PCURVE('',#1290,#2652);
#2652 = DEFINITIONAL_REPRESENTATION('',(#2653),#2657);
#2653 = LINE('',#2654,#2655);
#2654 = CARTESIAN_POINT('',(43.2,0.));
#2655 = VECTOR('',#2656,1.);
#2656 = DIRECTION('',(0.,-1.));
#2657 = ( GEOMETRIC_REPRESENTATION_CONTEXT(2) 
PARAMETRIC_REPRESENTATION_CONTEXT() REPRESENTATION_CONTEXT('2D SPACE',''
  ) );
#2658 = PCURVE('',#1264,#2659);
#2659 = DEFINITIONAL_REPRESENTATION('',(#2660),#2664);
#2660 = LINE('',#2661,#2662);
#2661 = CARTESIAN_POINT('',(0.,0.));
#2662 = VECTOR('',#2663,1.);
#2663 = DIRECTION('',(0.,1.));
#2664 = ( GEOMETRIC_REPRESENTATION_CONTEXT(2) 
PARAMETRIC_REPRESENTATION_CONTEXT() REPRESENTATION_CONTEXT('2D SPACE',''
  ) );
#2665 = ADVANCED_FACE('',(#2666),#1264,.F.);
#2666 = FACE_BOUND('',#2667,.F.);
#2667 = EDGE_LOOP('',(#2668,#2669,#2670,#2693,#2721,#2744));
#2668 = ORIENTED_EDGE('',*,*,#1248,.F.);
#2669 = ORIENTED_EDGE('',*,*,#2645,.F.);
#2670 = ORIENTED_EDGE('',*,*,#2671,.T.);
#2671 = EDGE_CURVE('',#2621,#2672,#2674,.T.);
#2672 = VERTEX_POINT('',#2673);
#2673 = CARTESIAN_POINT('',(-7.82879301042,10.,36.6));
#2674 = SURFACE_CURVE('',#2675,(#2679,#2686),.PCURVE_S1.);
#2675 = LINE('',#2676,#2677);
#2676 = CARTESIAN_POINT('',(-20.5,10.,36.6));
#2677 = VECTOR('',#2678,1.);
#2678 = DIRECTION('',(1.,0.,0.));
#2679 = PCURVE('',#1264,#2680);
#2680 = DEFINITIONAL_REPRESENTATION('',(#2681),#2685);
#2681 = LINE('',#2682,#2683);
#2682 = CARTESIAN_POINT('',(0.,0.));
#2683 = VECTOR('',#2684,1.);
#2684 = DIRECTION('',(1.,0.));
#2685 = ( GEOMETRIC_REPRESENTATION_CONTEXT(2) 
PARAMETRIC_REPRESENTATION_CONTEXT() REPRESENTATION_CONTEXT('2D SPACE',''
  ) );
#2686 = PCURVE('',#1445,#2687);
#2687 = DEFINITIONAL_REPRESENTATION('',(#2688),#2692);
#2688 = LINE('',#2689,#2690);
#2689 = CARTESIAN_POINT('',(43.2,0.));
#2690 = VECTOR('',#2691,1.);
#2691 = DIRECTION('',(0.,1.));
#2692 = ( GEOMETRIC_REPRESENTATION_CONTEXT(2) 
PARAMETRIC_REPRESENTATION_CONTEXT() REPRESENTATION_CONTEXT('2D SPACE',''
  ) );
#2693 = ORIENTED_EDGE('',*,*,#2694,.T.);
#2694 = EDGE_CURVE('',#2672,#2695,#2697,.T.);
#2695 = VERTEX_POINT('',#2696);
#2696 = CARTESIAN_POINT('',(7.82879301042,10.,36.6));
#2697 = SURFACE_CURVE('',#2698,(#2703,#2714),.PCURVE_S1.);
#2698 = CIRCLE('',#2699,12.7);
#2699 = AXIS2_PLACEMENT_3D('',#2700,#2701,#2702);
#2700 = CARTESIAN_POINT('',(0.,0.,36.6));
#2701 = DIRECTION('',(0.,0.,-1.));
#2702 = DIRECTION('',(1.,0.,0.));
#2703 = PCURVE('',#1264,#2704);
#2704 = DEFINITIONAL_REPRESENTATION('',(#2705),#2713);
#2705 = ( BOUNDED_CURVE() B_SPLINE_CURVE(2,(#2706,#2707,#2708,#2709,
#2710,#2711,#2712),.UNSPECIFIED.,.T.,.F.) B_SPLINE_CURVE_WITH_KNOTS((1,2
    ,2,2,2,1),(-2.094395102393,0.,2.094395102393,4.188790204786,
6.28318530718,8.377580409573),.UNSPECIFIED.) CURVE() 
GEOMETRIC_REPRESENTATION_ITEM() RATIONAL_B_SPLINE_CURVE((1.,0.5,1.,0.5,
1.,0.5,1.)) REPRESENTATION_ITEM('') );
#2706 = CARTESIAN_POINT('',(33.2,-10.));
#2707 = CARTESIAN_POINT('',(33.2,-31.99704525612));
#2708 = CARTESIAN_POINT('',(14.15,-20.99852262806));
#2709 = CARTESIAN_POINT('',(-4.9,-10.));
#2710 = CARTESIAN_POINT('',(14.15,0.998522628062));
#2711 = CARTESIAN_POINT('',(33.2,11.997045256125));
#2712 = CARTESIAN_POINT('',(33.2,-10.));
#2713 = ( GEOMETRIC_REPRESENTATION_CONTEXT(2) 
PARAMETRIC_REPRESENTATION_CONTEXT() REPRESENTATION_CONTEXT('2D SPACE',''
  ) );
#2714 = PCURVE('',#1394,#2715);
#2715 = DEFINITIONAL_REPRESENTATION('',(#2716),#2720);
#2716 = LINE('',#2717,#2718);
#2717 = CARTESIAN_POINT('',(-6.28318530718,-36.6));
#2718 = VECTOR('',#2719,1.);
#2719 = DIRECTION('',(1.,-0.));
#2720 = ( GEOMETRIC_REPRESENTATION_CONTEXT(2) 
PARAMETRIC_REPRESENTATION_CONTEXT() REPRESENTATION_CONTEXT('2D SPACE',''
  ) );
#2721 = ORIENTED_EDGE('',*,*,#2722,.T.);
#2722 = EDGE_CURVE('',#2695,#2723,#2725,.T.);
#2723 = VERTEX_POINT('',#2724);
#2724 = CARTESIAN_POINT('',(20.5,10.,36.6));
#2725 = SURFACE_CURVE('',#2726,(#2730,#2737),.PCURVE_S1.);
#2726 = LINE('',#2727,#2728);
#2727 = CARTESIAN_POINT('',(-20.5,10.,36.6));
#2728 = VECTOR('',#2729,1.);
#2729 = DIRECTION('',(1.,0.,0.));
#2730 = PCURVE('',#1264,#2731);
#2731 = DEFINITIONAL_REPRESENTATION('',(#2732),#2736);
#2732 = LINE('',#2733,#2734);
#2733 = CARTESIAN_POINT('',(0.,0.));
#2734 = VECTOR('',#2735,1.);
#2735 = DIRECTION('',(1.,0.));
#2736 = ( GEOMETRIC_REPRESENTATION_CONTEXT(2) 
PARAMETRIC_REPRESENTATION_CONTEXT() REPRESENTATION_CONTEXT('2D SPACE',''
  ) );
#2737 = PCURVE('',#1366,#2738);
#2738 = DEFINITIONAL_REPRESENTATION('',(#2739),#2743);
#2739 = LINE('',#2740,#2741);
#2740 = CARTESIAN_POINT('',(43.2,0.));
#2741 = VECTOR('',#2742,1.);
#2742 = DIRECTION('',(0.,1.));
#2743 = ( GEOMETRIC_REPRESENTATION_CONTEXT(2) 
PARAMETRIC_REPRESENTATION_CONTEXT() REPRESENTATION_CONTEXT('2D SPACE',''
  ) );
#2744 = ORIENTED_EDGE('',*,*,#2745,.T.);
#2745 = EDGE_CURVE('',#2723,#1221,#2746,.T.);
#2746 = SURFACE_CURVE('',#2747,(#2751,#2758),.PCURVE_S1.);
#2747 = LINE('',#2748,#2749);
#2748 = CARTESIAN_POINT('',(20.5,10.,36.6));
#2749 = VECTOR('',#2750,1.);
#2750 = DIRECTION('',(0.,1.,0.));
#2751 = PCURVE('',#1264,#2752);
#2752 = DEFINITIONAL_REPRESENTATION('',(#2753),#2757);
#2753 = LINE('',#2754,#2755);
#2754 = CARTESIAN_POINT('',(41.,0.));
#2755 = VECTOR('',#2756,1.);
#2756 = DIRECTION('',(0.,1.));
#2757 = ( GEOMETRIC_REPRESENTATION_CONTEXT(2) 
PARAMETRIC_REPRESENTATION_CONTEXT() REPRESENTATION_CONTEXT('2D SPACE',''
  ) );
#2758 = PCURVE('',#1236,#2759);
#2759 = DEFINITIONAL_REPRESENTATION('',(#2760),#2764);
#2760 = LINE('',#2761,#2762);
#2761 = CARTESIAN_POINT('',(43.2,0.));
#2762 = VECTOR('',#2763,1.);
#2763 = DIRECTION('',(0.,-1.));
#2764 = ( GEOMETRIC_REPRESENTATION_CONTEXT(2) 
PARAMETRIC_REPRESENTATION_CONTEXT() REPRESENTATION_CONTEXT('2D SPACE',''
  ) );
#2765 = ADVANCED_FACE('',(#2766),#1236,.F.);
#2766 = FACE_BOUND('',#2767,.F.);
#2767 = EDGE_LOOP('',(#2768,#2789,#2790,#2791));
#2768 = ORIENTED_EDGE('',*,*,#2769,.F.);
#2769 = EDGE_CURVE('',#1331,#2723,#2770,.T.);
#2770 = SURFACE_CURVE('',#2771,(#2775,#2782),.PCURVE_S1.);
#2771 = LINE('',#2772,#2773);
#2772 = CARTESIAN_POINT('',(20.5,10.,-6.6));
#2773 = VECTOR('',#2774,1.);
#2774 = DIRECTION('',(0.,0.,1.));
#2775 = PCURVE('',#1236,#2776);
#2776 = DEFINITIONAL_REPRESENTATION('',(#2777),#2781);
#2777 = LINE('',#2778,#2779);
#2778 = CARTESIAN_POINT('',(0.,0.));
#2779 = VECTOR('',#2780,1.);
#2780 = DIRECTION('',(1.,0.));
#2781 = ( GEOMETRIC_REPRESENTATION_CONTEXT(2) 
PARAMETRIC_REPRESENTATION_CONTEXT() REPRESENTATION_CONTEXT('2D SPACE',''
  ) );
#2782 = PCURVE('',#1366,#2783);
#2783 = DEFINITIONAL_REPRESENTATION('',(#2784),#2788);
#2784 = LINE('',#2785,#2786);
#2785 = CARTESIAN_POINT('',(0.,41.));
#2786 = VECTOR('',#2787,1.);
#2787 = DIRECTION('',(1.,0.));
#2788 = ( GEOMETRIC_REPRESENTATION_CONTEXT(2) 
PARAMETRIC_REPRESENTATION_CONTEXT() REPRESENTATION_CONTEXT('2D SPACE',''
  ) );
#2789 = ORIENTED_EDGE('',*,*,#1330,.T.);
#2790 = ORIENTED_EDGE('',*,*,#1220,.T.);
#2791 = ORIENTED_EDGE('',*,*,#2745,.F.);
#2792 = ADVANCED_FACE('',(#2793),#1445,.T.);
#2793 = FACE_BOUND('',#2794,.T.);
#2794 = EDGE_LOOP('',(#2795,#2796,#2797,#2798));
#2795 = ORIENTED_EDGE('',*,*,#1430,.T.);
#2796 = ORIENTED_EDGE('',*,*,#2620,.T.);
#2797 = ORIENTED_EDGE('',*,*,#2671,.T.);
#2798 = ORIENTED_EDGE('',*,*,#2799,.T.);
#2799 = EDGE_CURVE('',#2672,#1407,#2800,.T.);
#2800 = SURFACE_CURVE('',#2801,(#2805,#2811),.PCURVE_S1.);
#2801 = LINE('',#2802,#2803);
#2802 = CARTESIAN_POINT('',(-7.82879301042,10.,0.));
#2803 = VECTOR('',#2804,1.);
#2804 = DIRECTION('',(-0.,-0.,-1.));
#2805 = PCURVE('',#1445,#2806);
#2806 = DEFINITIONAL_REPRESENTATION('',(#2807),#2810);
#2807 = B_SPLINE_CURVE_WITH_KNOTS('',1,(#2808,#2809),.UNSPECIFIED.,.F.,
  .F.,(2,2),(-40.92,6.E-07),.PIECEWISE_BEZIER_KNOTS.);
#2808 = CARTESIAN_POINT('',(47.52,12.67120698958));
#2809 = CARTESIAN_POINT('',(6.5999994,12.67120698958));
#2810 = ( GEOMETRIC_REPRESENTATION_CONTEXT(2) 
PARAMETRIC_REPRESENTATION_CONTEXT() REPRESENTATION_CONTEXT('2D SPACE',''
  ) );
#2811 = PCURVE('',#1394,#2812);
#2812 = DEFINITIONAL_REPRESENTATION('',(#2813),#2816);
#2813 = B_SPLINE_CURVE_WITH_KNOTS('',1,(#2814,#2815),.UNSPECIFIED.,.F.,
  .F.,(2,2),(-40.92,6.E-07),.PIECEWISE_BEZIER_KNOTS.);
#2814 = CARTESIAN_POINT('',(-2.235010287337,-40.92));
#2815 = CARTESIAN_POINT('',(-2.235010287337,6.E-07));
#2816 = ( GEOMETRIC_REPRESENTATION_CONTEXT(2) 
PARAMETRIC_REPRESENTATION_CONTEXT() REPRESENTATION_CONTEXT('2D SPACE',''
  ) );
#2817 = ADVANCED_FACE('',(#2818,#2894),#1394,.F.);
#2818 = FACE_BOUND('',#2819,.T.);
#2819 = EDGE_LOOP('',(#2820,#2843,#2844,#2845,#2846,#2865,#2866,#2867));
#2820 = ORIENTED_EDGE('',*,*,#2821,.F.);
#2821 = EDGE_CURVE('',#1378,#2822,#2824,.T.);
#2822 = VERTEX_POINT('',#2823);
#2823 = CARTESIAN_POINT('',(12.7,0.,250.));
#2824 = SEAM_CURVE('',#2825,(#2829,#2836),.PCURVE_S1.);
#2825 = LINE('',#2826,#2827);
#2826 = CARTESIAN_POINT('',(12.7,0.,0.));
#2827 = VECTOR('',#2828,1.);
#2828 = DIRECTION('',(0.,0.,1.));
#2829 = PCURVE('',#1394,#2830);
#2830 = DEFINITIONAL_REPRESENTATION('',(#2831),#2835);
#2831 = LINE('',#2832,#2833);
#2832 = CARTESIAN_POINT('',(-6.28318530718,0.));
#2833 = VECTOR('',#2834,1.);
#2834 = DIRECTION('',(-0.,-1.));
#2835 = ( GEOMETRIC_REPRESENTATION_CONTEXT(2) 
PARAMETRIC_REPRESENTATION_CONTEXT() REPRESENTATION_CONTEXT('2D SPACE',''
  ) );
#2836 = PCURVE('',#1394,#2837);
#2837 = DEFINITIONAL_REPRESENTATION('',(#2838),#2842);
#2838 = LINE('',#2839,#2840);
#2839 = CARTESIAN_POINT('',(-0.,0.));
#2840 = VECTOR('',#2841,1.);
#2841 = DIRECTION('',(-0.,-1.));
#2842 = ( GEOMETRIC_REPRESENTATION_CONTEXT(2) 
PARAMETRIC_REPRESENTATION_CONTEXT() REPRESENTATION_CONTEXT('2D SPACE',''
  ) );
#2843 = ORIENTED_EDGE('',*,*,#1406,.F.);
#2844 = ORIENTED_EDGE('',*,*,#2799,.F.);
#2845 = ORIENTED_EDGE('',*,*,#2694,.T.);
#2846 = ORIENTED_EDGE('',*,*,#2847,.T.);
#2847 = EDGE_CURVE('',#2695,#1352,#2848,.T.);
#2848 = SURFACE_CURVE('',#2849,(#2853,#2859),.PCURVE_S1.);
#2849 = LINE('',#2850,#2851);
#2850 = CARTESIAN_POINT('',(7.82879301042,10.,0.));
#2851 = VECTOR('',#2852,1.);
#2852 = DIRECTION('',(-0.,-0.,-1.));
#2853 = PCURVE('',#1394,#2854);
#2854 = DEFINITIONAL_REPRESENTATION('',(#2855),#2858);
#2855 = B_SPLINE_CURVE_WITH_KNOTS('',1,(#2856,#2857),.UNSPECIFIED.,.F.,
  .F.,(2,2),(-40.92,6.E-07),.PIECEWISE_BEZIER_KNOTS.);
#2856 = CARTESIAN_POINT('',(-0.906582366253,-40.92));
#2857 = CARTESIAN_POINT('',(-0.906582366253,6.E-07));
#2858 = ( GEOMETRIC_REPRESENTATION_CONTEXT(2) 
PARAMETRIC_REPRESENTATION_CONTEXT() REPRESENTATION_CONTEXT('2D SPACE',''
  ) );
#2859 = PCURVE('',#1366,#2860);
#2860 = DEFINITIONAL_REPRESENTATION('',(#2861),#2864);
#2861 = B_SPLINE_CURVE_WITH_KNOTS('',1,(#2862,#2863),.UNSPECIFIED.,.F.,
  .F.,(2,2),(-40.92,6.E-07),.PIECEWISE_BEZIER_KNOTS.);
#2862 = CARTESIAN_POINT('',(47.52,28.32879301042));
#2863 = CARTESIAN_POINT('',(6.5999994,28.32879301042));
#2864 = ( GEOMETRIC_REPRESENTATION_CONTEXT(2) 
PARAMETRIC_REPRESENTATION_CONTEXT() REPRESENTATION_CONTEXT('2D SPACE',''
  ) );
#2865 = ORIENTED_EDGE('',*,*,#1377,.F.);
#2866 = ORIENTED_EDGE('',*,*,#2821,.T.);
#2867 = ORIENTED_EDGE('',*,*,#2868,.T.);
#2868 = EDGE_CURVE('',#2822,#2822,#2869,.T.);
#2869 = SURFACE_CURVE('',#2870,(#2875,#2882),.PCURVE_S1.);
#2870 = CIRCLE('',#2871,12.7);
#2871 = AXIS2_PLACEMENT_3D('',#2872,#2873,#2874);
#2872 = CARTESIAN_POINT('',(0.,0.,250.));
#2873 = DIRECTION('',(0.,0.,1.));
#2874 = DIRECTION('',(1.,0.,0.));
#2875 = PCURVE('',#1394,#2876);
#2876 = DEFINITIONAL_REPRESENTATION('',(#2877),#2881);
#2877 = LINE('',#2878,#2879);
#2878 = CARTESIAN_POINT('',(-0.,-250.));
#2879 = VECTOR('',#2880,1.);
#2880 = DIRECTION('',(-1.,0.));
#2881 = ( GEOMETRIC_REPRESENTATION_CONTEXT(2) 
PARAMETRIC_REPRESENTATION_CONTEXT() REPRESENTATION_CONTEXT('2D SPACE',''
  ) );
#2882 = PCURVE('',#2883,#2888);
#2883 = PLANE('',#2884);
#2884 = AXIS2_PLACEMENT_3D('',#2885,#2886,#2887);
#2885 = CARTESIAN_POINT('',(0.,1.204325410458E-15,250.));
#2886 = DIRECTION('',(0.,0.,1.));
#2887 = DIRECTION('',(1.,0.,-0.));
#2888 = DEFINITIONAL_REPRESENTATION('',(#2889),#2893);
#2889 = CIRCLE('',#2890,12.7);
#2890 = AXIS2_PLACEMENT_2D('',#2891,#2892);
#2891 = CARTESIAN_POINT('',(0.,-1.204325410458E-15));
#2892 = DIRECTION('',(1.,0.));
#2893 = ( GEOMETRIC_REPRESENTATION_CONTEXT(2) 
PARAMETRIC_REPRESENTATION_CONTEXT() REPRESENTATION_CONTEXT('2D SPACE',''
  ) );
#2894 = FACE_BOUND('',#2895,.T.);
#2895 = EDGE_LOOP('',(#2896,#2924,#2957,#2983));
#2896 = ORIENTED_EDGE('',*,*,#2897,.F.);
#2897 = EDGE_CURVE('',#2898,#2900,#2902,.T.);
#2898 = VERTEX_POINT('',#2899);
#2899 = CARTESIAN_POINT('',(-12.63833454217,-1.25,33.));
#2900 = VERTEX_POINT('',#2901);
#2901 = CARTESIAN_POINT('',(-12.63833454217,-1.25,27.));
#2902 = SURFACE_CURVE('',#2903,(#2907,#2913),.PCURVE_S1.);
#2903 = LINE('',#2904,#2905);
#2904 = CARTESIAN_POINT('',(-12.63833454217,-1.25,0.));
#2905 = VECTOR('',#2906,1.);
#2906 = DIRECTION('',(-0.,-0.,-1.));
#2907 = PCURVE('',#1394,#2908);
#2908 = DEFINITIONAL_REPRESENTATION('',(#2909),#2912);
#2909 = B_SPLINE_CURVE_WITH_KNOTS('',1,(#2910,#2911),.UNSPECIFIED.,.F.,
  .F.,(2,2),(-33.6,-26.4),.PIECEWISE_BEZIER_KNOTS.);
#2910 = CARTESIAN_POINT('',(-3.240177463238,-33.6));
#2911 = CARTESIAN_POINT('',(-3.240177463238,-26.4));
#2912 = ( GEOMETRIC_REPRESENTATION_CONTEXT(2) 
PARAMETRIC_REPRESENTATION_CONTEXT() REPRESENTATION_CONTEXT('2D SPACE',''
  ) );
#2913 = PCURVE('',#2914,#2919);
#2914 = PLANE('',#2915);
#2915 = AXIS2_PLACEMENT_3D('',#2916,#2917,#2918);
#2916 = CARTESIAN_POINT('',(-25.2,-1.25,27.));
#2917 = DIRECTION('',(0.,1.,0.));
#2918 = DIRECTION('',(0.,0.,1.));
#2919 = DEFINITIONAL_REPRESENTATION('',(#2920),#2923);
#2920 = B_SPLINE_CURVE_WITH_KNOTS('',1,(#2921,#2922),.UNSPECIFIED.,.F.,
  .F.,(2,2),(-33.6,-26.4),.PIECEWISE_BEZIER_KNOTS.);
#2921 = CARTESIAN_POINT('',(6.6,12.561665457822));
#2922 = CARTESIAN_POINT('',(-0.6,12.561665457822));
#2923 = ( GEOMETRIC_REPRESENTATION_CONTEXT(2) 
PARAMETRIC_REPRESENTATION_CONTEXT() REPRESENTATION_CONTEXT('2D SPACE',''
  ) );
#2924 = ORIENTED_EDGE('',*,*,#2925,.T.);
#2925 = EDGE_CURVE('',#2898,#2926,#2928,.T.);
#2926 = VERTEX_POINT('',#2927);
#2927 = CARTESIAN_POINT('',(-12.63833454217,1.25,33.));
#2928 = SURFACE_CURVE('',#2929,(#2934,#2941),.PCURVE_S1.);
#2929 = CIRCLE('',#2930,12.7);
#2930 = AXIS2_PLACEMENT_3D('',#2931,#2932,#2933);
#2931 = CARTESIAN_POINT('',(0.,0.,33.));
#2932 = DIRECTION('',(0.,0.,-1.));
#2933 = DIRECTION('',(1.,0.,0.));
#2934 = PCURVE('',#1394,#2935);
#2935 = DEFINITIONAL_REPRESENTATION('',(#2936),#2940);
#2936 = LINE('',#2937,#2938);
#2937 = CARTESIAN_POINT('',(-6.28318530718,-33.));
#2938 = VECTOR('',#2939,1.);
#2939 = DIRECTION('',(1.,-0.));
#2940 = ( GEOMETRIC_REPRESENTATION_CONTEXT(2) 
PARAMETRIC_REPRESENTATION_CONTEXT() REPRESENTATION_CONTEXT('2D SPACE',''
  ) );
#2941 = PCURVE('',#2942,#2947);
#2942 = PLANE('',#2943);
#2943 = AXIS2_PLACEMENT_3D('',#2944,#2945,#2946);
#2944 = CARTESIAN_POINT('',(-25.2,-1.25,33.));
#2945 = DIRECTION('',(0.,0.,1.));
#2946 = DIRECTION('',(1.,0.,0.));
#2947 = DEFINITIONAL_REPRESENTATION('',(#2948),#2956);
#2948 = ( BOUNDED_CURVE() B_SPLINE_CURVE(2,(#2949,#2950,#2951,#2952,
#2953,#2954,#2955),.UNSPECIFIED.,.T.,.F.) B_SPLINE_CURVE_WITH_KNOTS((1,2
    ,2,2,2,1),(-2.094395102393,0.,2.094395102393,4.188790204786,
6.28318530718,8.377580409573),.UNSPECIFIED.) CURVE() 
GEOMETRIC_REPRESENTATION_ITEM() RATIONAL_B_SPLINE_CURVE((1.,0.5,1.,0.5,
1.,0.5,1.)) REPRESENTATION_ITEM('') );
#2949 = CARTESIAN_POINT('',(37.9,1.25));
#2950 = CARTESIAN_POINT('',(37.9,-20.74704525612));
#2951 = CARTESIAN_POINT('',(18.85,-9.748522628062));
#2952 = CARTESIAN_POINT('',(-0.2,1.25));
#2953 = CARTESIAN_POINT('',(18.85,12.248522628062));
#2954 = CARTESIAN_POINT('',(37.9,23.247045256125));
#2955 = CARTESIAN_POINT('',(37.9,1.25));
#2956 = ( GEOMETRIC_REPRESENTATION_CONTEXT(2) 
PARAMETRIC_REPRESENTATION_CONTEXT() REPRESENTATION_CONTEXT('2D SPACE',''
  ) );
#2957 = ORIENTED_EDGE('',*,*,#2958,.T.);
#2958 = EDGE_CURVE('',#2926,#2959,#2961,.T.);
#2959 = VERTEX_POINT('',#2960);
#2960 = CARTESIAN_POINT('',(-12.63833454217,1.25,27.));
#2961 = SURFACE_CURVE('',#2962,(#2966,#2972),.PCURVE_S1.);
#2962 = LINE('',#2963,#2964);
#2963 = CARTESIAN_POINT('',(-12.63833454217,1.25,0.));
#2964 = VECTOR('',#2965,1.);
#2965 = DIRECTION('',(-0.,-0.,-1.));
#2966 = PCURVE('',#1394,#2967);
#2967 = DEFINITIONAL_REPRESENTATION('',(#2968),#2971);
#2968 = B_SPLINE_CURVE_WITH_KNOTS('',1,(#2969,#2970),.UNSPECIFIED.,.F.,
  .F.,(2,2),(-33.6,-26.4),.PIECEWISE_BEZIER_KNOTS.);
#2969 = CARTESIAN_POINT('',(-3.043007843942,-33.6));
#2970 = CARTESIAN_POINT('',(-3.043007843942,-26.4));
#2971 = ( GEOMETRIC_REPRESENTATION_CONTEXT(2) 
PARAMETRIC_REPRESENTATION_CONTEXT() REPRESENTATION_CONTEXT('2D SPACE',''
  ) );
#2972 = PCURVE('',#2973,#2978);
#2973 = PLANE('',#2974);
#2974 = AXIS2_PLACEMENT_3D('',#2975,#2976,#2977);
#2975 = CARTESIAN_POINT('',(-25.2,1.25,27.));
#2976 = DIRECTION('',(0.,1.,0.));
#2977 = DIRECTION('',(0.,0.,1.));
#2978 = DEFINITIONAL_REPRESENTATION('',(#2979),#2982);
#2979 = B_SPLINE_CURVE_WITH_KNOTS('',1,(#2980,#2981),.UNSPECIFIED.,.F.,
  .F.,(2,2),(-33.6,-26.4),.PIECEWISE_BEZIER_KNOTS.);
#2980 = CARTESIAN_POINT('',(6.6,12.561665457822));
#2981 = CARTESIAN_POINT('',(-0.6,12.561665457822));
#2982 = ( GEOMETRIC_REPRESENTATION_CONTEXT(2) 
PARAMETRIC_REPRESENTATION_CONTEXT() REPRESENTATION_CONTEXT('2D SPACE',''
  ) );
#2983 = ORIENTED_EDGE('',*,*,#2984,.F.);
#2984 = EDGE_CURVE('',#2900,#2959,#2985,.T.);
#2985 = SURFACE_CURVE('',#2986,(#2991,#2998),.PCURVE_S1.);
#2986 = CIRCLE('',#2987,12.7);
#2987 = AXIS2_PLACEMENT_3D('',#2988,#2989,#2990);
#2988 = CARTESIAN_POINT('',(0.,0.,27.));
#2989 = DIRECTION('',(0.,0.,-1.));
#2990 = DIRECTION('',(1.,0.,0.));
#2991 = PCURVE('',#1394,#2992);
#2992 = DEFINITIONAL_REPRESENTATION('',(#2993),#2997);
#2993 = LINE('',#2994,#2995);
#2994 = CARTESIAN_POINT('',(-6.28318530718,-27.));
#2995 = VECTOR('',#2996,1.);
#2996 = DIRECTION('',(1.,-0.));
#2997 = ( GEOMETRIC_REPRESENTATION_CONTEXT(2) 
PARAMETRIC_REPRESENTATION_CONTEXT() REPRESENTATION_CONTEXT('2D SPACE',''
  ) );
#2998 = PCURVE('',#2999,#3004);
#2999 = PLANE('',#3000);
#3000 = AXIS2_PLACEMENT_3D('',#3001,#3002,#3003);
#3001 = CARTESIAN_POINT('',(-25.2,-1.25,27.));
#3002 = DIRECTION('',(0.,0.,1.));
#3003 = DIRECTION('',(1.,0.,0.));
#3004 = DEFINITIONAL_REPRESENTATION('',(#3005),#3013);
#3005 = ( BOUNDED_CURVE() B_SPLINE_CURVE(2,(#3006,#3007,#3008,#3009,
#3010,#3011,#3012),.UNSPECIFIED.,.T.,.F.) B_SPLINE_CURVE_WITH_KNOTS((1,2
    ,2,2,2,1),(-2.094395102393,0.,2.094395102393,4.188790204786,
6.28318530718,8.377580409573),.UNSPECIFIED.) CURVE() 
GEOMETRIC_REPRESENTATION_ITEM() RATIONAL_B_SPLINE_CURVE((1.,0.5,1.,0.5,
1.,0.5,1.)) REPRESENTATION_ITEM('') );
#3006 = CARTESIAN_POINT('',(37.9,1.25));
#3007 = CARTESIAN_POINT('',(37.9,-20.74704525612));
#3008 = CARTESIAN_POINT('',(18.85,-9.748522628062));
#3009 = CARTESIAN_POINT('',(-0.2,1.25));
#3010 = CARTESIAN_POINT('',(18.85,12.248522628062));
#3011 = CARTESIAN_POINT('',(37.9,23.247045256125));
#3012 = CARTESIAN_POINT('',(37.9,1.25));
#3013 = ( GEOMETRIC_REPRESENTATION_CONTEXT(2) 
PARAMETRIC_REPRESENTATION_CONTEXT() REPRESENTATION_CONTEXT('2D SPACE',''
  ) );
#3014 = ADVANCED_FACE('',(#3015),#1366,.T.);
#3015 = FACE_BOUND('',#3016,.T.);
#3016 = EDGE_LOOP('',(#3017,#3018,#3019,#3020));
#3017 = ORIENTED_EDGE('',*,*,#2769,.F.);
#3018 = ORIENTED_EDGE('',*,*,#1351,.T.);
#3019 = ORIENTED_EDGE('',*,*,#2847,.F.);
#3020 = ORIENTED_EDGE('',*,*,#2722,.T.);
#3021 = ADVANCED_FACE('',(#3022,#3028),#1591,.F.);
#3022 = FACE_BOUND('',#3023,.F.);
#3023 = EDGE_LOOP('',(#3024,#3025,#3026,#3027));
#3024 = ORIENTED_EDGE('',*,*,#1577,.F.);
#3025 = ORIENTED_EDGE('',*,*,#1657,.T.);
#3026 = ORIENTED_EDGE('',*,*,#1707,.T.);
#3027 = ORIENTED_EDGE('',*,*,#1608,.F.);
#3028 = FACE_BOUND('',#3029,.F.);
#3029 = EDGE_LOOP('',(#3030,#3055,#3078,#3101));
#3030 = ORIENTED_EDGE('',*,*,#3031,.T.);
#3031 = EDGE_CURVE('',#3032,#3034,#3036,.T.);
#3032 = VERTEX_POINT('',#3033);
#3033 = CARTESIAN_POINT('',(-25.2,-1.25,27.));
#3034 = VERTEX_POINT('',#3035);
#3035 = CARTESIAN_POINT('',(-25.2,-1.25,33.));
#3036 = SURFACE_CURVE('',#3037,(#3041,#3048),.PCURVE_S1.);
#3037 = LINE('',#3038,#3039);
#3038 = CARTESIAN_POINT('',(-25.2,-1.25,27.));
#3039 = VECTOR('',#3040,1.);
#3040 = DIRECTION('',(0.,0.,1.));
#3041 = PCURVE('',#1591,#3042);
#3042 = DEFINITIONAL_REPRESENTATION('',(#3043),#3047);
#3043 = LINE('',#3044,#3045);
#3044 = CARTESIAN_POINT('',(8.1,-8.35));
#3045 = VECTOR('',#3046,1.);
#3046 = DIRECTION('',(1.,0.));
#3047 = ( GEOMETRIC_REPRESENTATION_CONTEXT(2) 
PARAMETRIC_REPRESENTATION_CONTEXT() REPRESENTATION_CONTEXT('2D SPACE',''
  ) );
#3048 = PCURVE('',#2914,#3049);
#3049 = DEFINITIONAL_REPRESENTATION('',(#3050),#3054);
#3050 = LINE('',#3051,#3052);
#3051 = CARTESIAN_POINT('',(0.,0.));
#3052 = VECTOR('',#3053,1.);
#3053 = DIRECTION('',(1.,0.));
#3054 = ( GEOMETRIC_REPRESENTATION_CONTEXT(2) 
PARAMETRIC_REPRESENTATION_CONTEXT() REPRESENTATION_CONTEXT('2D SPACE',''
  ) );
#3055 = ORIENTED_EDGE('',*,*,#3056,.T.);
#3056 = EDGE_CURVE('',#3034,#3057,#3059,.T.);
#3057 = VERTEX_POINT('',#3058);
#3058 = CARTESIAN_POINT('',(-25.2,1.25,33.));
#3059 = SURFACE_CURVE('',#3060,(#3064,#3071),.PCURVE_S1.);
#3060 = LINE('',#3061,#3062);
#3061 = CARTESIAN_POINT('',(-25.2,-1.25,33.));
#3062 = VECTOR('',#3063,1.);
#3063 = DIRECTION('',(0.,1.,0.));
#3064 = PCURVE('',#1591,#3065);
#3065 = DEFINITIONAL_REPRESENTATION('',(#3066),#3070);
#3066 = LINE('',#3067,#3068);
#3067 = CARTESIAN_POINT('',(14.1,-8.35));
#3068 = VECTOR('',#3069,1.);
#3069 = DIRECTION('',(0.,-1.));
#3070 = ( GEOMETRIC_REPRESENTATION_CONTEXT(2) 
PARAMETRIC_REPRESENTATION_CONTEXT() REPRESENTATION_CONTEXT('2D SPACE',''
  ) );
#3071 = PCURVE('',#2942,#3072);
#3072 = DEFINITIONAL_REPRESENTATION('',(#3073),#3077);
#3073 = LINE('',#3074,#3075);
#3074 = CARTESIAN_POINT('',(0.,0.));
#3075 = VECTOR('',#3076,1.);
#3076 = DIRECTION('',(0.,1.));
#3077 = ( GEOMETRIC_REPRESENTATION_CONTEXT(2) 
PARAMETRIC_REPRESENTATION_CONTEXT() REPRESENTATION_CONTEXT('2D SPACE',''
  ) );
#3078 = ORIENTED_EDGE('',*,*,#3079,.F.);
#3079 = EDGE_CURVE('',#3080,#3057,#3082,.T.);
#3080 = VERTEX_POINT('',#3081);
#3081 = CARTESIAN_POINT('',(-25.2,1.25,27.));
#3082 = SURFACE_CURVE('',#3083,(#3087,#3094),.PCURVE_S1.);
#3083 = LINE('',#3084,#3085);
#3084 = CARTESIAN_POINT('',(-25.2,1.25,27.));
#3085 = VECTOR('',#3086,1.);
#3086 = DIRECTION('',(0.,0.,1.));
#3087 = PCURVE('',#1591,#3088);
#3088 = DEFINITIONAL_REPRESENTATION('',(#3089),#3093);
#3089 = LINE('',#3090,#3091);
#3090 = CARTESIAN_POINT('',(8.1,-10.85));
#3091 = VECTOR('',#3092,1.);
#3092 = DIRECTION('',(1.,0.));
#3093 = ( GEOMETRIC_REPRESENTATION_CONTEXT(2) 
PARAMETRIC_REPRESENTATION_CONTEXT() REPRESENTATION_CONTEXT('2D SPACE',''
  ) );
#3094 = PCURVE('',#2973,#3095);
#3095 = DEFINITIONAL_REPRESENTATION('',(#3096),#3100);
#3096 = LINE('',#3097,#3098);
#3097 = CARTESIAN_POINT('',(0.,0.));
#3098 = VECTOR('',#3099,1.);
#3099 = DIRECTION('',(1.,0.));
#3100 = ( GEOMETRIC_REPRESENTATION_CONTEXT(2) 
PARAMETRIC_REPRESENTATION_CONTEXT() REPRESENTATION_CONTEXT('2D SPACE',''
  ) );
#3101 = ORIENTED_EDGE('',*,*,#3102,.F.);
#3102 = EDGE_CURVE('',#3032,#3080,#3103,.T.);
#3103 = SURFACE_CURVE('',#3104,(#3108,#3115),.PCURVE_S1.);
#3104 = LINE('',#3105,#3106);
#3105 = CARTESIAN_POINT('',(-25.2,-1.25,27.));
#3106 = VECTOR('',#3107,1.);
#3107 = DIRECTION('',(0.,1.,0.));
#3108 = PCURVE('',#1591,#3109);
#3109 = DEFINITIONAL_REPRESENTATION('',(#3110),#3114);
#3110 = LINE('',#3111,#3112);
#3111 = CARTESIAN_POINT('',(8.1,-8.35));
#3112 = VECTOR('',#3113,1.);
#3113 = DIRECTION('',(0.,-1.));
#3114 = ( GEOMETRIC_REPRESENTATION_CONTEXT(2) 
PARAMETRIC_REPRESENTATION_CONTEXT() REPRESENTATION_CONTEXT('2D SPACE',''
  ) );
#3115 = PCURVE('',#2999,#3116);
#3116 = DEFINITIONAL_REPRESENTATION('',(#3117),#3121);
#3117 = LINE('',#3118,#3119);
#3118 = CARTESIAN_POINT('',(0.,0.));
#3119 = VECTOR('',#3120,1.);
#3120 = DIRECTION('',(0.,1.));
#3121 = ( GEOMETRIC_REPRESENTATION_CONTEXT(2) 
PARAMETRIC_REPRESENTATION_CONTEXT() REPRESENTATION_CONTEXT('2D SPACE',''
  ) );
#3122 = ADVANCED_FACE('',(#3123),#1779,.F.);
#3123 = FACE_BOUND('',#3124,.F.);
#3124 = EDGE_LOOP('',(#3125,#3151,#3152,#3153));
#3125 = ORIENTED_EDGE('',*,*,#3126,.F.);
#3126 = EDGE_CURVE('',#2094,#2323,#3127,.T.);
#3127 = SURFACE_CURVE('',#3128,(#3133,#3140),.PCURVE_S1.);
#3128 = CIRCLE('',#3129,5.15);
#3129 = AXIS2_PLACEMENT_3D('',#3130,#3131,#3132);
#3130 = CARTESIAN_POINT('',(32.1,0.,125.));
#3131 = DIRECTION('',(-1.,0.,0.));
#3132 = DIRECTION('',(0.,0.388349514563,0.921512156479));
#3133 = PCURVE('',#1779,#3134);
#3134 = DEFINITIONAL_REPRESENTATION('',(#3135),#3139);
#3135 = LINE('',#3136,#3137);
#3136 = CARTESIAN_POINT('',(7.455141780724,-2.9));
#3137 = VECTOR('',#3138,1.);
#3138 = DIRECTION('',(-1.,-0.));
#3139 = ( GEOMETRIC_REPRESENTATION_CONTEXT(2) 
PARAMETRIC_REPRESENTATION_CONTEXT() REPRESENTATION_CONTEXT('2D SPACE',''
  ) );
#3140 = PCURVE('',#2127,#3141);
#3141 = DEFINITIONAL_REPRESENTATION('',(#3142),#3150);
#3142 = ( BOUNDED_CURVE() B_SPLINE_CURVE(2,(#3143,#3144,#3145,#3146,
#3147,#3148,#3149),.UNSPECIFIED.,.T.,.F.) B_SPLINE_CURVE_WITH_KNOTS((1,2
    ,2,2,2,1),(-2.094395102393,0.,2.094395102393,4.188790204786,
6.28318530718,8.377580409573),.UNSPECIFIED.) CURVE() 
GEOMETRIC_REPRESENTATION_ITEM() RATIONAL_B_SPLINE_CURVE((1.,0.5,1.,0.5,
1.,0.5,1.)) REPRESENTATION_ITEM('') );
#3143 = CARTESIAN_POINT('',(4.745787605867,-2.));
#3144 = CARTESIAN_POINT('',(1.281685990729,-10.21994525529));
#3145 = CARTESIAN_POINT('',(-4.104944610502,-3.109972627646));
#3146 = CARTESIAN_POINT('',(-9.491575211734,4.));
#3147 = CARTESIAN_POINT('',(-0.640842995365,5.109972627646));
#3148 = CARTESIAN_POINT('',(8.209889221005,6.219945255292));
#3149 = CARTESIAN_POINT('',(4.745787605867,-2.));
#3150 = ( GEOMETRIC_REPRESENTATION_CONTEXT(2) 
PARAMETRIC_REPRESENTATION_CONTEXT() REPRESENTATION_CONTEXT('2D SPACE',''
  ) );
#3151 = ORIENTED_EDGE('',*,*,#2093,.T.);
#3152 = ORIENTED_EDGE('',*,*,#1758,.T.);
#3153 = ORIENTED_EDGE('',*,*,#2322,.F.);
#3154 = ADVANCED_FACE('',(#3155),#1837,.T.);
#3155 = FACE_BOUND('',#3156,.T.);
#3156 = EDGE_LOOP('',(#3157));
#3157 = ORIENTED_EDGE('',*,*,#1820,.T.);
#3158 = ADVANCED_FACE('',(#3159),#1892,.T.);
#3159 = FACE_BOUND('',#3160,.T.);
#3160 = EDGE_LOOP('',(#3161));
#3161 = ORIENTED_EDGE('',*,*,#1875,.T.);
#3162 = ADVANCED_FACE('',(#3163),#1947,.T.);
#3163 = FACE_BOUND('',#3164,.T.);
#3164 = EDGE_LOOP('',(#3165));
#3165 = ORIENTED_EDGE('',*,*,#1930,.T.);
#3166 = ADVANCED_FACE('',(#3167),#2002,.T.);
#3167 = FACE_BOUND('',#3168,.T.);
#3168 = EDGE_LOOP('',(#3169));
#3169 = ORIENTED_EDGE('',*,*,#1985,.T.);
#3170 = ADVANCED_FACE('',(#3171),#2058,.T.);
#3171 = FACE_BOUND('',#3172,.T.);
#3172 = EDGE_LOOP('',(#3173,#3174,#3175,#3176));
#3173 = ORIENTED_EDGE('',*,*,#2040,.F.);
#3174 = ORIENTED_EDGE('',*,*,#2164,.F.);
#3175 = ORIENTED_EDGE('',*,*,#2296,.T.);
#3176 = ORIENTED_EDGE('',*,*,#3177,.F.);
#3177 = EDGE_CURVE('',#2043,#2297,#3178,.T.);
#3178 = SURFACE_CURVE('',#3179,(#3183,#3189),.PCURVE_S1.);
#3179 = LINE('',#3180,#3181);
#3180 = CARTESIAN_POINT('',(32.1,-1.,125.));
#3181 = VECTOR('',#3182,1.);
#3182 = DIRECTION('',(0.,-1.,0.));
#3183 = PCURVE('',#2058,#3184);
#3184 = DEFINITIONAL_REPRESENTATION('',(#3185),#3188);
#3185 = B_SPLINE_CURVE_WITH_KNOTS('',1,(#3186,#3187),.UNSPECIFIED.,.F.,
  .F.,(2,2),(-3.,1.),.PIECEWISE_BEZIER_KNOTS.);
#3186 = CARTESIAN_POINT('',(0.1,4.));
#3187 = CARTESIAN_POINT('',(0.1,0.));
#3188 = ( GEOMETRIC_REPRESENTATION_CONTEXT(2) 
PARAMETRIC_REPRESENTATION_CONTEXT() REPRESENTATION_CONTEXT('2D SPACE',''
  ) );
#3189 = PCURVE('',#2127,#3190);
#3190 = DEFINITIONAL_REPRESENTATION('',(#3191),#3194);
#3191 = B_SPLINE_CURVE_WITH_KNOTS('',1,(#3192,#3193),.UNSPECIFIED.,.F.,
  .F.,(2,2),(-3.,1.),.PIECEWISE_BEZIER_KNOTS.);
#3192 = CARTESIAN_POINT('',(1.42108547152E-14,-2.));
#3193 = CARTESIAN_POINT('',(1.42108547152E-14,2.));
#3194 = ( GEOMETRIC_REPRESENTATION_CONTEXT(2) 
PARAMETRIC_REPRESENTATION_CONTEXT() REPRESENTATION_CONTEXT('2D SPACE',''
  ) );
#3195 = ADVANCED_FACE('',(#3196),#2127,.T.);
#3196 = FACE_BOUND('',#3197,.T.);
#3197 = EDGE_LOOP('',(#3198,#3199,#3200,#3201));
#3198 = ORIENTED_EDGE('',*,*,#2343,.T.);
#3199 = ORIENTED_EDGE('',*,*,#3126,.F.);
#3200 = ORIENTED_EDGE('',*,*,#2114,.F.);
#3201 = ORIENTED_EDGE('',*,*,#3177,.T.);
#3202 = ADVANCED_FACE('',(#3203),#2206,.T.);
#3203 = FACE_BOUND('',#3204,.T.);
#3204 = EDGE_LOOP('',(#3205,#3228,#3256,#3277));
#3205 = ORIENTED_EDGE('',*,*,#3206,.F.);
#3206 = EDGE_CURVE('',#3207,#2192,#3209,.T.);
#3207 = VERTEX_POINT('',#3208);
#3208 = CARTESIAN_POINT('',(30.1,-0.75,130.65));
#3209 = SURFACE_CURVE('',#3210,(#3214,#3221),.PCURVE_S1.);
#3210 = LINE('',#3211,#3212);
#3211 = CARTESIAN_POINT('',(30.1,-0.75,130.65));
#3212 = VECTOR('',#3213,1.);
#3213 = DIRECTION('',(1.,0.,0.));
#3214 = PCURVE('',#2206,#3215);
#3215 = DEFINITIONAL_REPRESENTATION('',(#3216),#3220);
#3216 = LINE('',#3217,#3218);
#3217 = CARTESIAN_POINT('',(0.,0.));
#3218 = VECTOR('',#3219,1.);
#3219 = DIRECTION('',(0.,1.));
#3220 = ( GEOMETRIC_REPRESENTATION_CONTEXT(2) 
PARAMETRIC_REPRESENTATION_CONTEXT() REPRESENTATION_CONTEXT('2D SPACE',''
  ) );
#3221 = PCURVE('',#2282,#3222);
#3222 = DEFINITIONAL_REPRESENTATION('',(#3223),#3227);
#3223 = LINE('',#3224,#3225);
#3224 = CARTESIAN_POINT('',(0.,0.));
#3225 = VECTOR('',#3226,1.);
#3226 = DIRECTION('',(1.,0.));
#3227 = ( GEOMETRIC_REPRESENTATION_CONTEXT(2) 
PARAMETRIC_REPRESENTATION_CONTEXT() REPRESENTATION_CONTEXT('2D SPACE',''
  ) );
#3228 = ORIENTED_EDGE('',*,*,#3229,.T.);
#3229 = EDGE_CURVE('',#3207,#3230,#3232,.T.);
#3230 = VERTEX_POINT('',#3231);
#3231 = CARTESIAN_POINT('',(30.1,-0.75,132.65));
#3232 = SURFACE_CURVE('',#3233,(#3237,#3244),.PCURVE_S1.);
#3233 = LINE('',#3234,#3235);
#3234 = CARTESIAN_POINT('',(30.1,-0.75,130.65));
#3235 = VECTOR('',#3236,1.);
#3236 = DIRECTION('',(0.,0.,1.));
#3237 = PCURVE('',#2206,#3238);
#3238 = DEFINITIONAL_REPRESENTATION('',(#3239),#3243);
#3239 = LINE('',#3240,#3241);
#3240 = CARTESIAN_POINT('',(0.,0.));
#3241 = VECTOR('',#3242,1.);
#3242 = DIRECTION('',(1.,0.));
#3243 = ( GEOMETRIC_REPRESENTATION_CONTEXT(2) 
PARAMETRIC_REPRESENTATION_CONTEXT() REPRESENTATION_CONTEXT('2D SPACE',''
  ) );
#3244 = PCURVE('',#3245,#3250);
#3245 = PLANE('',#3246);
#3246 = AXIS2_PLACEMENT_3D('',#3247,#3248,#3249);
#3247 = CARTESIAN_POINT('',(30.1,-0.75,130.65));
#3248 = DIRECTION('',(1.,0.,0.));
#3249 = DIRECTION('',(0.,0.,1.));
#3250 = DEFINITIONAL_REPRESENTATION('',(#3251),#3255);
#3251 = LINE('',#3252,#3253);
#3252 = CARTESIAN_POINT('',(0.,0.));
#3253 = VECTOR('',#3254,1.);
#3254 = DIRECTION('',(1.,0.));
#3255 = ( GEOMETRIC_REPRESENTATION_CONTEXT(2) 
PARAMETRIC_REPRESENTATION_CONTEXT() REPRESENTATION_CONTEXT('2D SPACE',''
  ) );
#3256 = ORIENTED_EDGE('',*,*,#3257,.T.);
#3257 = EDGE_CURVE('',#3230,#2190,#3258,.T.);
#3258 = SURFACE_CURVE('',#3259,(#3263,#3270),.PCURVE_S1.);
#3259 = LINE('',#3260,#3261);
#3260 = CARTESIAN_POINT('',(30.1,-0.75,132.65));
#3261 = VECTOR('',#3262,1.);
#3262 = DIRECTION('',(1.,0.,0.));
#3263 = PCURVE('',#2206,#3264);
#3264 = DEFINITIONAL_REPRESENTATION('',(#3265),#3269);
#3265 = LINE('',#3266,#3267);
#3266 = CARTESIAN_POINT('',(2.,0.));
#3267 = VECTOR('',#3268,1.);
#3268 = DIRECTION('',(0.,1.));
#3269 = ( GEOMETRIC_REPRESENTATION_CONTEXT(2) 
PARAMETRIC_REPRESENTATION_CONTEXT() REPRESENTATION_CONTEXT('2D SPACE',''
  ) );
#3270 = PCURVE('',#2232,#3271);
#3271 = DEFINITIONAL_REPRESENTATION('',(#3272),#3276);
#3272 = LINE('',#3273,#3274);
#3273 = CARTESIAN_POINT('',(0.,0.));
#3274 = VECTOR('',#3275,1.);
#3275 = DIRECTION('',(1.,0.));
#3276 = ( GEOMETRIC_REPRESENTATION_CONTEXT(2) 
PARAMETRIC_REPRESENTATION_CONTEXT() REPRESENTATION_CONTEXT('2D SPACE',''
  ) );
#3277 = ORIENTED_EDGE('',*,*,#2189,.T.);
#3278 = ADVANCED_FACE('',(#3279),#2282,.T.);
#3279 = FACE_BOUND('',#3280,.T.);
#3280 = EDGE_LOOP('',(#3281,#3304,#3325,#3326));
#3281 = ORIENTED_EDGE('',*,*,#3282,.F.);
#3282 = EDGE_CURVE('',#3283,#2244,#3285,.T.);
#3283 = VERTEX_POINT('',#3284);
#3284 = CARTESIAN_POINT('',(30.1,0.75,130.65));
#3285 = SURFACE_CURVE('',#3286,(#3290,#3297),.PCURVE_S1.);
#3286 = LINE('',#3287,#3288);
#3287 = CARTESIAN_POINT('',(30.1,0.75,130.65));
#3288 = VECTOR('',#3289,1.);
#3289 = DIRECTION('',(1.,0.,0.));
#3290 = PCURVE('',#2282,#3291);
#3291 = DEFINITIONAL_REPRESENTATION('',(#3292),#3296);
#3292 = LINE('',#3293,#3294);
#3293 = CARTESIAN_POINT('',(0.,1.5));
#3294 = VECTOR('',#3295,1.);
#3295 = DIRECTION('',(1.,0.));
#3296 = ( GEOMETRIC_REPRESENTATION_CONTEXT(2) 
PARAMETRIC_REPRESENTATION_CONTEXT() REPRESENTATION_CONTEXT('2D SPACE',''
  ) );
#3297 = PCURVE('',#2258,#3298);
#3298 = DEFINITIONAL_REPRESENTATION('',(#3299),#3303);
#3299 = LINE('',#3300,#3301);
#3300 = CARTESIAN_POINT('',(0.,0.));
#3301 = VECTOR('',#3302,1.);
#3302 = DIRECTION('',(0.,1.));
#3303 = ( GEOMETRIC_REPRESENTATION_CONTEXT(2) 
PARAMETRIC_REPRESENTATION_CONTEXT() REPRESENTATION_CONTEXT('2D SPACE',''
  ) );
#3304 = ORIENTED_EDGE('',*,*,#3305,.F.);
#3305 = EDGE_CURVE('',#3207,#3283,#3306,.T.);
#3306 = SURFACE_CURVE('',#3307,(#3311,#3318),.PCURVE_S1.);
#3307 = LINE('',#3308,#3309);
#3308 = CARTESIAN_POINT('',(30.1,-0.75,130.65));
#3309 = VECTOR('',#3310,1.);
#3310 = DIRECTION('',(0.,1.,0.));
#3311 = PCURVE('',#2282,#3312);
#3312 = DEFINITIONAL_REPRESENTATION('',(#3313),#3317);
#3313 = LINE('',#3314,#3315);
#3314 = CARTESIAN_POINT('',(0.,0.));
#3315 = VECTOR('',#3316,1.);
#3316 = DIRECTION('',(0.,1.));
#3317 = ( GEOMETRIC_REPRESENTATION_CONTEXT(2) 
PARAMETRIC_REPRESENTATION_CONTEXT() REPRESENTATION_CONTEXT('2D SPACE',''
  ) );
#3318 = PCURVE('',#3245,#3319);
#3319 = DEFINITIONAL_REPRESENTATION('',(#3320),#3324);
#3320 = LINE('',#3321,#3322);
#3321 = CARTESIAN_POINT('',(0.,0.));
#3322 = VECTOR('',#3323,1.);
#3323 = DIRECTION('',(0.,-1.));
#3324 = ( GEOMETRIC_REPRESENTATION_CONTEXT(2) 
PARAMETRIC_REPRESENTATION_CONTEXT() REPRESENTATION_CONTEXT('2D SPACE',''
  ) );
#3325 = ORIENTED_EDGE('',*,*,#3206,.T.);
#3326 = ORIENTED_EDGE('',*,*,#2269,.T.);
#3327 = ADVANCED_FACE('',(#3328),#2258,.F.);
#3328 = FACE_BOUND('',#3329,.F.);
#3329 = EDGE_LOOP('',(#3330,#3331,#3354,#3375));
#3330 = ORIENTED_EDGE('',*,*,#3282,.F.);
#3331 = ORIENTED_EDGE('',*,*,#3332,.T.);
#3332 = EDGE_CURVE('',#3283,#3333,#3335,.T.);
#3333 = VERTEX_POINT('',#3334);
#3334 = CARTESIAN_POINT('',(30.1,0.75,132.65));
#3335 = SURFACE_CURVE('',#3336,(#3340,#3347),.PCURVE_S1.);
#3336 = LINE('',#3337,#3338);
#3337 = CARTESIAN_POINT('',(30.1,0.75,130.65));
#3338 = VECTOR('',#3339,1.);
#3339 = DIRECTION('',(0.,0.,1.));
#3340 = PCURVE('',#2258,#3341);
#3341 = DEFINITIONAL_REPRESENTATION('',(#3342),#3346);
#3342 = LINE('',#3343,#3344);
#3343 = CARTESIAN_POINT('',(0.,0.));
#3344 = VECTOR('',#3345,1.);
#3345 = DIRECTION('',(1.,0.));
#3346 = ( GEOMETRIC_REPRESENTATION_CONTEXT(2) 
PARAMETRIC_REPRESENTATION_CONTEXT() REPRESENTATION_CONTEXT('2D SPACE',''
  ) );
#3347 = PCURVE('',#3245,#3348);
#3348 = DEFINITIONAL_REPRESENTATION('',(#3349),#3353);
#3349 = LINE('',#3350,#3351);
#3350 = CARTESIAN_POINT('',(0.,-1.5));
#3351 = VECTOR('',#3352,1.);
#3352 = DIRECTION('',(1.,0.));
#3353 = ( GEOMETRIC_REPRESENTATION_CONTEXT(2) 
PARAMETRIC_REPRESENTATION_CONTEXT() REPRESENTATION_CONTEXT('2D SPACE',''
  ) );
#3354 = ORIENTED_EDGE('',*,*,#3355,.T.);
#3355 = EDGE_CURVE('',#3333,#2218,#3356,.T.);
#3356 = SURFACE_CURVE('',#3357,(#3361,#3368),.PCURVE_S1.);
#3357 = LINE('',#3358,#3359);
#3358 = CARTESIAN_POINT('',(30.1,0.75,132.65));
#3359 = VECTOR('',#3360,1.);
#3360 = DIRECTION('',(1.,0.,0.));
#3361 = PCURVE('',#2258,#3362);
#3362 = DEFINITIONAL_REPRESENTATION('',(#3363),#3367);
#3363 = LINE('',#3364,#3365);
#3364 = CARTESIAN_POINT('',(2.,0.));
#3365 = VECTOR('',#3366,1.);
#3366 = DIRECTION('',(0.,1.));
#3367 = ( GEOMETRIC_REPRESENTATION_CONTEXT(2) 
PARAMETRIC_REPRESENTATION_CONTEXT() REPRESENTATION_CONTEXT('2D SPACE',''
  ) );
#3368 = PCURVE('',#2232,#3369);
#3369 = DEFINITIONAL_REPRESENTATION('',(#3370),#3374);
#3370 = LINE('',#3371,#3372);
#3371 = CARTESIAN_POINT('',(0.,1.5));
#3372 = VECTOR('',#3373,1.);
#3373 = DIRECTION('',(1.,0.));
#3374 = ( GEOMETRIC_REPRESENTATION_CONTEXT(2) 
PARAMETRIC_REPRESENTATION_CONTEXT() REPRESENTATION_CONTEXT('2D SPACE',''
  ) );
#3375 = ORIENTED_EDGE('',*,*,#2243,.T.);
#3376 = ADVANCED_FACE('',(#3377),#2232,.F.);
#3377 = FACE_BOUND('',#3378,.F.);
#3378 = EDGE_LOOP('',(#3379,#3380,#3401,#3402));
#3379 = ORIENTED_EDGE('',*,*,#3355,.F.);
#3380 = ORIENTED_EDGE('',*,*,#3381,.F.);
#3381 = EDGE_CURVE('',#3230,#3333,#3382,.T.);
#3382 = SURFACE_CURVE('',#3383,(#3387,#3394),.PCURVE_S1.);
#3383 = LINE('',#3384,#3385);
#3384 = CARTESIAN_POINT('',(30.1,-0.75,132.65));
#3385 = VECTOR('',#3386,1.);
#3386 = DIRECTION('',(0.,1.,0.));
#3387 = PCURVE('',#2232,#3388);
#3388 = DEFINITIONAL_REPRESENTATION('',(#3389),#3393);
#3389 = LINE('',#3390,#3391);
#3390 = CARTESIAN_POINT('',(0.,0.));
#3391 = VECTOR('',#3392,1.);
#3392 = DIRECTION('',(0.,1.));
#3393 = ( GEOMETRIC_REPRESENTATION_CONTEXT(2) 
PARAMETRIC_REPRESENTATION_CONTEXT() REPRESENTATION_CONTEXT('2D SPACE',''
  ) );
#3394 = PCURVE('',#3245,#3395);
#3395 = DEFINITIONAL_REPRESENTATION('',(#3396),#3400);
#3396 = LINE('',#3397,#3398);
#3397 = CARTESIAN_POINT('',(2.,0.));
#3398 = VECTOR('',#3399,1.);
#3399 = DIRECTION('',(0.,-1.));
#3400 = ( GEOMETRIC_REPRESENTATION_CONTEXT(2) 
PARAMETRIC_REPRESENTATION_CONTEXT() REPRESENTATION_CONTEXT('2D SPACE',''
  ) );
#3401 = ORIENTED_EDGE('',*,*,#3257,.T.);
#3402 = ORIENTED_EDGE('',*,*,#2217,.T.);
#3403 = ADVANCED_FACE('',(#3404,#3410,#3445,#3480,#3515,#3550),#2453,.T.
  );
#3404 = FACE_BOUND('',#3405,.T.);
#3405 = EDGE_LOOP('',(#3406,#3407,#3408,#3409));
#3406 = ORIENTED_EDGE('',*,*,#2439,.F.);
#3407 = ORIENTED_EDGE('',*,*,#2519,.T.);
#3408 = ORIENTED_EDGE('',*,*,#2569,.T.);
#3409 = ORIENTED_EDGE('',*,*,#2470,.F.);
#3410 = FACE_BOUND('',#3411,.T.);
#3411 = EDGE_LOOP('',(#3412));
#3412 = ORIENTED_EDGE('',*,*,#3413,.T.);
#3413 = EDGE_CURVE('',#3414,#3414,#3416,.T.);
#3414 = VERTEX_POINT('',#3415);
#3415 = CARTESIAN_POINT('',(-10.,-11.5,304.));
#3416 = SURFACE_CURVE('',#3417,(#3422,#3433),.PCURVE_S1.);
#3417 = CIRCLE('',#3418,1.5);
#3418 = AXIS2_PLACEMENT_3D('',#3419,#3420,#3421);
#3419 = CARTESIAN_POINT('',(-11.5,-11.5,304.));
#3420 = DIRECTION('',(0.,0.,-1.));
#3421 = DIRECTION('',(1.,0.,0.));
#3422 = PCURVE('',#2453,#3423);
#3423 = DEFINITIONAL_REPRESENTATION('',(#3424),#3432);
#3424 = ( BOUNDED_CURVE() B_SPLINE_CURVE(2,(#3425,#3426,#3427,#3428,
#3429,#3430,#3431),.UNSPECIFIED.,.T.,.F.) B_SPLINE_CURVE_WITH_KNOTS((1,2
    ,2,2,2,1),(-2.094395102393,0.,2.094395102393,4.188790204786,
6.28318530718,8.377580409573),.UNSPECIFIED.) CURVE() 
GEOMETRIC_REPRESENTATION_ITEM() RATIONAL_B_SPLINE_CURVE((1.,0.5,1.,0.5,
1.,0.5,1.)) REPRESENTATION_ITEM('') );
#3425 = CARTESIAN_POINT('',(12.,10.5));
#3426 = CARTESIAN_POINT('',(12.,7.901923788647));
#3427 = CARTESIAN_POINT('',(9.75,9.200961894323));
#3428 = CARTESIAN_POINT('',(7.5,10.5));
#3429 = CARTESIAN_POINT('',(9.75,11.799038105677));
#3430 = CARTESIAN_POINT('',(12.,13.098076211353));
#3431 = CARTESIAN_POINT('',(12.,10.5));
#3432 = ( GEOMETRIC_REPRESENTATION_CONTEXT(2) 
PARAMETRIC_REPRESENTATION_CONTEXT() REPRESENTATION_CONTEXT('2D SPACE',''
  ) );
#3433 = PCURVE('',#3434,#3439);
#3434 = CYLINDRICAL_SURFACE('',#3435,1.5);
#3435 = AXIS2_PLACEMENT_3D('',#3436,#3437,#3438);
#3436 = CARTESIAN_POINT('',(-11.5,-11.5,300.));
#3437 = DIRECTION('',(-0.,-0.,-1.));
#3438 = DIRECTION('',(1.,0.,0.));
#3439 = DEFINITIONAL_REPRESENTATION('',(#3440),#3444);
#3440 = LINE('',#3441,#3442);
#3441 = CARTESIAN_POINT('',(-6.28318530718,-4.));
#3442 = VECTOR('',#3443,1.);
#3443 = DIRECTION('',(1.,-0.));
#3444 = ( GEOMETRIC_REPRESENTATION_CONTEXT(2) 
PARAMETRIC_REPRESENTATION_CONTEXT() REPRESENTATION_CONTEXT('2D SPACE',''
  ) );
#3445 = FACE_BOUND('',#3446,.T.);
#3446 = EDGE_LOOP('',(#3447));
#3447 = ORIENTED_EDGE('',*,*,#3448,.T.);
#3448 = EDGE_CURVE('',#3449,#3449,#3451,.T.);
#3449 = VERTEX_POINT('',#3450);
#3450 = CARTESIAN_POINT('',(13.,-11.5,304.));
#3451 = SURFACE_CURVE('',#3452,(#3457,#3468),.PCURVE_S1.);
#3452 = CIRCLE('',#3453,1.5);
#3453 = AXIS2_PLACEMENT_3D('',#3454,#3455,#3456);
#3454 = CARTESIAN_POINT('',(11.5,-11.5,304.));
#3455 = DIRECTION('',(0.,0.,-1.));
#3456 = DIRECTION('',(1.,0.,0.));
#3457 = PCURVE('',#2453,#3458);
#3458 = DEFINITIONAL_REPRESENTATION('',(#3459),#3467);
#3459 = ( BOUNDED_CURVE() B_SPLINE_CURVE(2,(#3460,#3461,#3462,#3463,
#3464,#3465,#3466),.UNSPECIFIED.,.T.,.F.) B_SPLINE_CURVE_WITH_KNOTS((1,2
    ,2,2,2,1),(-2.094395102393,0.,2.094395102393,4.188790204786,
6.28318530718,8.377580409573),.UNSPECIFIED.) CURVE() 
GEOMETRIC_REPRESENTATION_ITEM() RATIONAL_B_SPLINE_CURVE((1.,0.5,1.,0.5,
1.,0.5,1.)) REPRESENTATION_ITEM('') );
#3460 = CARTESIAN_POINT('',(35.,10.5));
#3461 = CARTESIAN_POINT('',(35.,7.901923788647));
#3462 = CARTESIAN_POINT('',(32.75,9.200961894323));
#3463 = CARTESIAN_POINT('',(30.5,10.5));
#3464 = CARTESIAN_POINT('',(32.75,11.799038105677));
#3465 = CARTESIAN_POINT('',(35.,13.098076211353));
#3466 = CARTESIAN_POINT('',(35.,10.5));
#3467 = ( GEOMETRIC_REPRESENTATION_CONTEXT(2) 
PARAMETRIC_REPRESENTATION_CONTEXT() REPRESENTATION_CONTEXT('2D SPACE',''
  ) );
#3468 = PCURVE('',#3469,#3474);
#3469 = CYLINDRICAL_SURFACE('',#3470,1.5);
#3470 = AXIS2_PLACEMENT_3D('',#3471,#3472,#3473);
#3471 = CARTESIAN_POINT('',(11.5,-11.5,300.));
#3472 = DIRECTION('',(-0.,-0.,-1.));
#3473 = DIRECTION('',(1.,0.,0.));
#3474 = DEFINITIONAL_REPRESENTATION('',(#3475),#3479);
#3475 = LINE('',#3476,#3477);
#3476 = CARTESIAN_POINT('',(-6.28318530718,-4.));
#3477 = VECTOR('',#3478,1.);
#3478 = DIRECTION('',(1.,-0.));
#3479 = ( GEOMETRIC_REPRESENTATION_CONTEXT(2) 
PARAMETRIC_REPRESENTATION_CONTEXT() REPRESENTATION_CONTEXT('2D SPACE',''
  ) );
#3480 = FACE_BOUND('',#3481,.T.);
#3481 = EDGE_LOOP('',(#3482));
#3482 = ORIENTED_EDGE('',*,*,#3483,.T.);
#3483 = EDGE_CURVE('',#3484,#3484,#3486,.T.);
#3484 = VERTEX_POINT('',#3485);
#3485 = CARTESIAN_POINT('',(-10.,11.5,304.));
#3486 = SURFACE_CURVE('',#3487,(#3492,#3503),.PCURVE_S1.);
#3487 = CIRCLE('',#3488,1.5);
#3488 = AXIS2_PLACEMENT_3D('',#3489,#3490,#3491);
#3489 = CARTESIAN_POINT('',(-11.5,11.5,304.));
#3490 = DIRECTION('',(0.,0.,-1.));
#3491 = DIRECTION('',(1.,0.,0.));
#3492 = PCURVE('',#2453,#3493);
#3493 = DEFINITIONAL_REPRESENTATION('',(#3494),#3502);
#3494 = ( BOUNDED_CURVE() B_SPLINE_CURVE(2,(#3495,#3496,#3497,#3498,
#3499,#3500,#3501),.UNSPECIFIED.,.T.,.F.) B_SPLINE_CURVE_WITH_KNOTS((1,2
    ,2,2,2,1),(-2.094395102393,0.,2.094395102393,4.188790204786,
6.28318530718,8.377580409573),.UNSPECIFIED.) CURVE() 
GEOMETRIC_REPRESENTATION_ITEM() RATIONAL_B_SPLINE_CURVE((1.,0.5,1.,0.5,
1.,0.5,1.)) REPRESENTATION_ITEM('') );
#3495 = CARTESIAN_POINT('',(12.,33.5));
#3496 = CARTESIAN_POINT('',(12.,30.901923788647));
#3497 = CARTESIAN_POINT('',(9.75,32.200961894323));
#3498 = CARTESIAN_POINT('',(7.5,33.5));
#3499 = CARTESIAN_POINT('',(9.75,34.799038105677));
#3500 = CARTESIAN_POINT('',(12.,36.098076211353));
#3501 = CARTESIAN_POINT('',(12.,33.5));
#3502 = ( GEOMETRIC_REPRESENTATION_CONTEXT(2) 
PARAMETRIC_REPRESENTATION_CONTEXT() REPRESENTATION_CONTEXT('2D SPACE',''
  ) );
#3503 = PCURVE('',#3504,#3509);
#3504 = CYLINDRICAL_SURFACE('',#3505,1.5);
#3505 = AXIS2_PLACEMENT_3D('',#3506,#3507,#3508);
#3506 = CARTESIAN_POINT('',(-11.5,11.5,300.));
#3507 = DIRECTION('',(-0.,-0.,-1.));
#3508 = DIRECTION('',(1.,0.,0.));
#3509 = DEFINITIONAL_REPRESENTATION('',(#3510),#3514);
#3510 = LINE('',#3511,#3512);
#3511 = CARTESIAN_POINT('',(-6.28318530718,-4.));
#3512 = VECTOR('',#3513,1.);
#3513 = DIRECTION('',(1.,-0.));
#3514 = ( GEOMETRIC_REPRESENTATION_CONTEXT(2) 
PARAMETRIC_REPRESENTATION_CONTEXT() REPRESENTATION_CONTEXT('2D SPACE',''
  ) );
#3515 = FACE_BOUND('',#3516,.T.);
#3516 = EDGE_LOOP('',(#3517));
#3517 = ORIENTED_EDGE('',*,*,#3518,.T.);
#3518 = EDGE_CURVE('',#3519,#3519,#3521,.T.);
#3519 = VERTEX_POINT('',#3520);
#3520 = CARTESIAN_POINT('',(11.,0.,304.));
#3521 = SURFACE_CURVE('',#3522,(#3527,#3538),.PCURVE_S1.);
#3522 = CIRCLE('',#3523,11.);
#3523 = AXIS2_PLACEMENT_3D('',#3524,#3525,#3526);
#3524 = CARTESIAN_POINT('',(0.,0.,304.));
#3525 = DIRECTION('',(0.,0.,-1.));
#3526 = DIRECTION('',(1.,0.,0.));
#3527 = PCURVE('',#2453,#3528);
#3528 = DEFINITIONAL_REPRESENTATION('',(#3529),#3537);
#3529 = ( BOUNDED_CURVE() B_SPLINE_CURVE(2,(#3530,#3531,#3532,#3533,
#3534,#3535,#3536),.UNSPECIFIED.,.T.,.F.) B_SPLINE_CURVE_WITH_KNOTS((1,2
    ,2,2,2,1),(-2.094395102393,0.,2.094395102393,4.188790204786,
6.28318530718,8.377580409573),.UNSPECIFIED.) CURVE() 
GEOMETRIC_REPRESENTATION_ITEM() RATIONAL_B_SPLINE_CURVE((1.,0.5,1.,0.5,
1.,0.5,1.)) REPRESENTATION_ITEM('') );
#3530 = CARTESIAN_POINT('',(33.,22.));
#3531 = CARTESIAN_POINT('',(33.,2.947441116742));
#3532 = CARTESIAN_POINT('',(16.5,12.473720558371));
#3533 = CARTESIAN_POINT('',(3.552713678801E-15,22.));
#3534 = CARTESIAN_POINT('',(16.5,31.526279441629));
#3535 = CARTESIAN_POINT('',(33.,41.052558883258));
#3536 = CARTESIAN_POINT('',(33.,22.));
#3537 = ( GEOMETRIC_REPRESENTATION_CONTEXT(2) 
PARAMETRIC_REPRESENTATION_CONTEXT() REPRESENTATION_CONTEXT('2D SPACE',''
  ) );
#3538 = PCURVE('',#3539,#3544);
#3539 = CYLINDRICAL_SURFACE('',#3540,11.);
#3540 = AXIS2_PLACEMENT_3D('',#3541,#3542,#3543);
#3541 = CARTESIAN_POINT('',(0.,0.,300.));
#3542 = DIRECTION('',(-0.,-0.,-1.));
#3543 = DIRECTION('',(1.,0.,0.));
#3544 = DEFINITIONAL_REPRESENTATION('',(#3545),#3549);
#3545 = LINE('',#3546,#3547);
#3546 = CARTESIAN_POINT('',(-6.28318530718,-4.));
#3547 = VECTOR('',#3548,1.);
#3548 = DIRECTION('',(1.,-0.));
#3549 = ( GEOMETRIC_REPRESENTATION_CONTEXT(2) 
PARAMETRIC_REPRESENTATION_CONTEXT() REPRESENTATION_CONTEXT('2D SPACE',''
  ) );
#3550 = FACE_BOUND('',#3551,.T.);
#3551 = EDGE_LOOP('',(#3552));
#3552 = ORIENTED_EDGE('',*,*,#3553,.T.);
#3553 = EDGE_CURVE('',#3554,#3554,#3556,.T.);
#3554 = VERTEX_POINT('',#3555);
#3555 = CARTESIAN_POINT('',(13.,11.5,304.));
#3556 = SURFACE_CURVE('',#3557,(#3562,#3573),.PCURVE_S1.);
#3557 = CIRCLE('',#3558,1.5);
#3558 = AXIS2_PLACEMENT_3D('',#3559,#3560,#3561);
#3559 = CARTESIAN_POINT('',(11.5,11.5,304.));
#3560 = DIRECTION('',(0.,0.,-1.));
#3561 = DIRECTION('',(1.,0.,0.));
#3562 = PCURVE('',#2453,#3563);
#3563 = DEFINITIONAL_REPRESENTATION('',(#3564),#3572);
#3564 = ( BOUNDED_CURVE() B_SPLINE_CURVE(2,(#3565,#3566,#3567,#3568,
#3569,#3570,#3571),.UNSPECIFIED.,.T.,.F.) B_SPLINE_CURVE_WITH_KNOTS((1,2
    ,2,2,2,1),(-2.094395102393,0.,2.094395102393,4.188790204786,
6.28318530718,8.377580409573),.UNSPECIFIED.) CURVE() 
GEOMETRIC_REPRESENTATION_ITEM() RATIONAL_B_SPLINE_CURVE((1.,0.5,1.,0.5,
1.,0.5,1.)) REPRESENTATION_ITEM('') );
#3565 = CARTESIAN_POINT('',(35.,33.5));
#3566 = CARTESIAN_POINT('',(35.,30.901923788647));
#3567 = CARTESIAN_POINT('',(32.75,32.200961894323));
#3568 = CARTESIAN_POINT('',(30.5,33.5));
#3569 = CARTESIAN_POINT('',(32.75,34.799038105677));
#3570 = CARTESIAN_POINT('',(35.,36.098076211353));
#3571 = CARTESIAN_POINT('',(35.,33.5));
#3572 = ( GEOMETRIC_REPRESENTATION_CONTEXT(2) 
PARAMETRIC_REPRESENTATION_CONTEXT() REPRESENTATION_CONTEXT('2D SPACE',''
  ) );
#3573 = PCURVE('',#3574,#3579);
#3574 = CYLINDRICAL_SURFACE('',#3575,1.5);
#3575 = AXIS2_PLACEMENT_3D('',#3576,#3577,#3578);
#3576 = CARTESIAN_POINT('',(11.5,11.5,300.));
#3577 = DIRECTION('',(-0.,-0.,-1.));
#3578 = DIRECTION('',(1.,0.,0.));
#3579 = DEFINITIONAL_REPRESENTATION('',(#3580),#3584);
#3580 = LINE('',#3581,#3582);
#3581 = CARTESIAN_POINT('',(-6.28318530718,-4.));
#3582 = VECTOR('',#3583,1.);
#3583 = DIRECTION('',(1.,-0.));
#3584 = ( GEOMETRIC_REPRESENTATION_CONTEXT(2) 
PARAMETRIC_REPRESENTATION_CONTEXT() REPRESENTATION_CONTEXT('2D SPACE',''
  ) );
#3585 = ADVANCED_FACE('',(#3586),#2883,.F.);
#3586 = FACE_BOUND('',#3587,.F.);
#3587 = EDGE_LOOP('',(#3588));
#3588 = ORIENTED_EDGE('',*,*,#2868,.T.);
#3589 = ADVANCED_FACE('',(#3590),#2914,.T.);
#3590 = FACE_BOUND('',#3591,.T.);
#3591 = EDGE_LOOP('',(#3592,#3613,#3614,#3635));
#3592 = ORIENTED_EDGE('',*,*,#3593,.F.);
#3593 = EDGE_CURVE('',#3032,#2900,#3594,.T.);
#3594 = SURFACE_CURVE('',#3595,(#3599,#3606),.PCURVE_S1.);
#3595 = LINE('',#3596,#3597);
#3596 = CARTESIAN_POINT('',(-25.2,-1.25,27.));
#3597 = VECTOR('',#3598,1.);
#3598 = DIRECTION('',(1.,0.,0.));
#3599 = PCURVE('',#2914,#3600);
#3600 = DEFINITIONAL_REPRESENTATION('',(#3601),#3605);
#3601 = LINE('',#3602,#3603);
#3602 = CARTESIAN_POINT('',(0.,0.));
#3603 = VECTOR('',#3604,1.);
#3604 = DIRECTION('',(0.,1.));
#3605 = ( GEOMETRIC_REPRESENTATION_CONTEXT(2) 
PARAMETRIC_REPRESENTATION_CONTEXT() REPRESENTATION_CONTEXT('2D SPACE',''
  ) );
#3606 = PCURVE('',#2999,#3607);
#3607 = DEFINITIONAL_REPRESENTATION('',(#3608),#3612);
#3608 = LINE('',#3609,#3610);
#3609 = CARTESIAN_POINT('',(0.,0.));
#3610 = VECTOR('',#3611,1.);
#3611 = DIRECTION('',(1.,0.));
#3612 = ( GEOMETRIC_REPRESENTATION_CONTEXT(2) 
PARAMETRIC_REPRESENTATION_CONTEXT() REPRESENTATION_CONTEXT('2D SPACE',''
  ) );
#3613 = ORIENTED_EDGE('',*,*,#3031,.T.);
#3614 = ORIENTED_EDGE('',*,*,#3615,.T.);
#3615 = EDGE_CURVE('',#3034,#2898,#3616,.T.);
#3616 = SURFACE_CURVE('',#3617,(#3621,#3628),.PCURVE_S1.);
#3617 = LINE('',#3618,#3619);
#3618 = CARTESIAN_POINT('',(-25.2,-1.25,33.));
#3619 = VECTOR('',#3620,1.);
#3620 = DIRECTION('',(1.,0.,0.));
#3621 = PCURVE('',#2914,#3622);
#3622 = DEFINITIONAL_REPRESENTATION('',(#3623),#3627);
#3623 = LINE('',#3624,#3625);
#3624 = CARTESIAN_POINT('',(6.,0.));
#3625 = VECTOR('',#3626,1.);
#3626 = DIRECTION('',(0.,1.));
#3627 = ( GEOMETRIC_REPRESENTATION_CONTEXT(2) 
PARAMETRIC_REPRESENTATION_CONTEXT() REPRESENTATION_CONTEXT('2D SPACE',''
  ) );
#3628 = PCURVE('',#2942,#3629);
#3629 = DEFINITIONAL_REPRESENTATION('',(#3630),#3634);
#3630 = LINE('',#3631,#3632);
#3631 = CARTESIAN_POINT('',(0.,0.));
#3632 = VECTOR('',#3633,1.);
#3633 = DIRECTION('',(1.,0.));
#3634 = ( GEOMETRIC_REPRESENTATION_CONTEXT(2) 
PARAMETRIC_REPRESENTATION_CONTEXT() REPRESENTATION_CONTEXT('2D SPACE',''
  ) );
#3635 = ORIENTED_EDGE('',*,*,#2897,.T.);
#3636 = ADVANCED_FACE('',(#3637),#2942,.F.);
#3637 = FACE_BOUND('',#3638,.F.);
#3638 = EDGE_LOOP('',(#3639,#3660,#3661,#3662));
#3639 = ORIENTED_EDGE('',*,*,#3640,.F.);
#3640 = EDGE_CURVE('',#3057,#2926,#3641,.T.);
#3641 = SURFACE_CURVE('',#3642,(#3646,#3653),.PCURVE_S1.);
#3642 = LINE('',#3643,#3644);
#3643 = CARTESIAN_POINT('',(-25.2,1.25,33.));
#3644 = VECTOR('',#3645,1.);
#3645 = DIRECTION('',(1.,0.,0.));
#3646 = PCURVE('',#2942,#3647);
#3647 = DEFINITIONAL_REPRESENTATION('',(#3648),#3652);
#3648 = LINE('',#3649,#3650);
#3649 = CARTESIAN_POINT('',(0.,2.5));
#3650 = VECTOR('',#3651,1.);
#3651 = DIRECTION('',(1.,0.));
#3652 = ( GEOMETRIC_REPRESENTATION_CONTEXT(2) 
PARAMETRIC_REPRESENTATION_CONTEXT() REPRESENTATION_CONTEXT('2D SPACE',''
  ) );
#3653 = PCURVE('',#2973,#3654);
#3654 = DEFINITIONAL_REPRESENTATION('',(#3655),#3659);
#3655 = LINE('',#3656,#3657);
#3656 = CARTESIAN_POINT('',(6.,0.));
#3657 = VECTOR('',#3658,1.);
#3658 = DIRECTION('',(0.,1.));
#3659 = ( GEOMETRIC_REPRESENTATION_CONTEXT(2) 
PARAMETRIC_REPRESENTATION_CONTEXT() REPRESENTATION_CONTEXT('2D SPACE',''
  ) );
#3660 = ORIENTED_EDGE('',*,*,#3056,.F.);
#3661 = ORIENTED_EDGE('',*,*,#3615,.T.);
#3662 = ORIENTED_EDGE('',*,*,#2925,.T.);
#3663 = ADVANCED_FACE('',(#3664),#2999,.T.);
#3664 = FACE_BOUND('',#3665,.T.);
#3665 = EDGE_LOOP('',(#3666,#3687,#3688,#3689));
#3666 = ORIENTED_EDGE('',*,*,#3667,.F.);
#3667 = EDGE_CURVE('',#3080,#2959,#3668,.T.);
#3668 = SURFACE_CURVE('',#3669,(#3673,#3680),.PCURVE_S1.);
#3669 = LINE('',#3670,#3671);
#3670 = CARTESIAN_POINT('',(-25.2,1.25,27.));
#3671 = VECTOR('',#3672,1.);
#3672 = DIRECTION('',(1.,0.,0.));
#3673 = PCURVE('',#2999,#3674);
#3674 = DEFINITIONAL_REPRESENTATION('',(#3675),#3679);
#3675 = LINE('',#3676,#3677);
#3676 = CARTESIAN_POINT('',(0.,2.5));
#3677 = VECTOR('',#3678,1.);
#3678 = DIRECTION('',(1.,0.));
#3679 = ( GEOMETRIC_REPRESENTATION_CONTEXT(2) 
PARAMETRIC_REPRESENTATION_CONTEXT() REPRESENTATION_CONTEXT('2D SPACE',''
  ) );
#3680 = PCURVE('',#2973,#3681);
#3681 = DEFINITIONAL_REPRESENTATION('',(#3682),#3686);
#3682 = LINE('',#3683,#3684);
#3683 = CARTESIAN_POINT('',(0.,0.));
#3684 = VECTOR('',#3685,1.);
#3685 = DIRECTION('',(0.,1.));
#3686 = ( GEOMETRIC_REPRESENTATION_CONTEXT(2) 
PARAMETRIC_REPRESENTATION_CONTEXT() REPRESENTATION_CONTEXT('2D SPACE',''
  ) );
#3687 = ORIENTED_EDGE('',*,*,#3102,.F.);
#3688 = ORIENTED_EDGE('',*,*,#3593,.T.);
#3689 = ORIENTED_EDGE('',*,*,#2984,.T.);
#3690 = ADVANCED_FACE('',(#3691),#2973,.F.);
#3691 = FACE_BOUND('',#3692,.F.);
#3692 = EDGE_LOOP('',(#3693,#3694,#3695,#3696));
#3693 = ORIENTED_EDGE('',*,*,#3667,.F.);
#3694 = ORIENTED_EDGE('',*,*,#3079,.T.);
#3695 = ORIENTED_EDGE('',*,*,#3640,.T.);
#3696 = ORIENTED_EDGE('',*,*,#2958,.T.);
#3697 = ADVANCED_FACE('',(#3698),#3245,.T.);
#3698 = FACE_BOUND('',#3699,.T.);
#3699 = EDGE_LOOP('',(#3700,#3701,#3702,#3703));
#3700 = ORIENTED_EDGE('',*,*,#3229,.F.);
#3701 = ORIENTED_EDGE('',*,*,#3305,.T.);
#3702 = ORIENTED_EDGE('',*,*,#3332,.T.);
#3703 = ORIENTED_EDGE('',*,*,#3381,.F.);
#3704 = ADVANCED_FACE('',(#3705),#3434,.F.);
#3705 = FACE_BOUND('',#3706,.T.);
#3706 = EDGE_LOOP('',(#3707,#3736,#3757,#3758));
#3707 = ORIENTED_EDGE('',*,*,#3708,.F.);
#3708 = EDGE_CURVE('',#3709,#3709,#3711,.T.);
#3709 = VERTEX_POINT('',#3710);
#3710 = CARTESIAN_POINT('',(-10.,-11.5,300.));
#3711 = SURFACE_CURVE('',#3712,(#3717,#3724),.PCURVE_S1.);
#3712 = CIRCLE('',#3713,1.5);
#3713 = AXIS2_PLACEMENT_3D('',#3714,#3715,#3716);
#3714 = CARTESIAN_POINT('',(-11.5,-11.5,300.));
#3715 = DIRECTION('',(0.,0.,1.));
#3716 = DIRECTION('',(1.,0.,0.));
#3717 = PCURVE('',#3434,#3718);
#3718 = DEFINITIONAL_REPRESENTATION('',(#3719),#3723);
#3719 = LINE('',#3720,#3721);
#3720 = CARTESIAN_POINT('',(-0.,0.));
#3721 = VECTOR('',#3722,1.);
#3722 = DIRECTION('',(-1.,0.));
#3723 = ( GEOMETRIC_REPRESENTATION_CONTEXT(2) 
PARAMETRIC_REPRESENTATION_CONTEXT() REPRESENTATION_CONTEXT('2D SPACE',''
  ) );
#3724 = PCURVE('',#3725,#3730);
#3725 = PLANE('',#3726);
#3726 = AXIS2_PLACEMENT_3D('',#3727,#3728,#3729);
#3727 = CARTESIAN_POINT('',(11.5,11.5,300.));
#3728 = DIRECTION('',(0.,0.,1.));
#3729 = DIRECTION('',(1.,0.,-0.));
#3730 = DEFINITIONAL_REPRESENTATION('',(#3731),#3735);
#3731 = CIRCLE('',#3732,1.5);
#3732 = AXIS2_PLACEMENT_2D('',#3733,#3734);
#3733 = CARTESIAN_POINT('',(-23.,-23.));
#3734 = DIRECTION('',(1.,0.));
#3735 = ( GEOMETRIC_REPRESENTATION_CONTEXT(2) 
PARAMETRIC_REPRESENTATION_CONTEXT() REPRESENTATION_CONTEXT('2D SPACE',''
  ) );
#3736 = ORIENTED_EDGE('',*,*,#3737,.T.);
#3737 = EDGE_CURVE('',#3709,#3414,#3738,.T.);
#3738 = SEAM_CURVE('',#3739,(#3743,#3750),.PCURVE_S1.);
#3739 = LINE('',#3740,#3741);
#3740 = CARTESIAN_POINT('',(-10.,-11.5,300.));
#3741 = VECTOR('',#3742,1.);
#3742 = DIRECTION('',(0.,0.,1.));
#3743 = PCURVE('',#3434,#3744);
#3744 = DEFINITIONAL_REPRESENTATION('',(#3745),#3749);
#3745 = LINE('',#3746,#3747);
#3746 = CARTESIAN_POINT('',(-6.28318530718,0.));
#3747 = VECTOR('',#3748,1.);
#3748 = DIRECTION('',(-0.,-1.));
#3749 = ( GEOMETRIC_REPRESENTATION_CONTEXT(2) 
PARAMETRIC_REPRESENTATION_CONTEXT() REPRESENTATION_CONTEXT('2D SPACE',''
  ) );
#3750 = PCURVE('',#3434,#3751);
#3751 = DEFINITIONAL_REPRESENTATION('',(#3752),#3756);
#3752 = LINE('',#3753,#3754);
#3753 = CARTESIAN_POINT('',(-0.,0.));
#3754 = VECTOR('',#3755,1.);
#3755 = DIRECTION('',(-0.,-1.));
#3756 = ( GEOMETRIC_REPRESENTATION_CONTEXT(2) 
PARAMETRIC_REPRESENTATION_CONTEXT() REPRESENTATION_CONTEXT('2D SPACE',''
  ) );
#3757 = ORIENTED_EDGE('',*,*,#3413,.F.);
#3758 = ORIENTED_EDGE('',*,*,#3737,.F.);
#3759 = ADVANCED_FACE('',(#3760),#3469,.F.);
#3760 = FACE_BOUND('',#3761,.T.);
#3761 = EDGE_LOOP('',(#3762,#3791,#3812,#3813));
#3762 = ORIENTED_EDGE('',*,*,#3763,.F.);
#3763 = EDGE_CURVE('',#3764,#3764,#3766,.T.);
#3764 = VERTEX_POINT('',#3765);
#3765 = CARTESIAN_POINT('',(13.,-11.5,300.));
#3766 = SURFACE_CURVE('',#3767,(#3772,#3779),.PCURVE_S1.);
#3767 = CIRCLE('',#3768,1.5);
#3768 = AXIS2_PLACEMENT_3D('',#3769,#3770,#3771);
#3769 = CARTESIAN_POINT('',(11.5,-11.5,300.));
#3770 = DIRECTION('',(0.,0.,1.));
#3771 = DIRECTION('',(1.,0.,0.));
#3772 = PCURVE('',#3469,#3773);
#3773 = DEFINITIONAL_REPRESENTATION('',(#3774),#3778);
#3774 = LINE('',#3775,#3776);
#3775 = CARTESIAN_POINT('',(-0.,0.));
#3776 = VECTOR('',#3777,1.);
#3777 = DIRECTION('',(-1.,0.));
#3778 = ( GEOMETRIC_REPRESENTATION_CONTEXT(2) 
PARAMETRIC_REPRESENTATION_CONTEXT() REPRESENTATION_CONTEXT('2D SPACE',''
  ) );
#3779 = PCURVE('',#3780,#3785);
#3780 = PLANE('',#3781);
#3781 = AXIS2_PLACEMENT_3D('',#3782,#3783,#3784);
#3782 = CARTESIAN_POINT('',(11.5,11.5,300.));
#3783 = DIRECTION('',(0.,0.,1.));
#3784 = DIRECTION('',(1.,0.,-0.));
#3785 = DEFINITIONAL_REPRESENTATION('',(#3786),#3790);
#3786 = CIRCLE('',#3787,1.5);
#3787 = AXIS2_PLACEMENT_2D('',#3788,#3789);
#3788 = CARTESIAN_POINT('',(0.,-23.));
#3789 = DIRECTION('',(1.,0.));
#3790 = ( GEOMETRIC_REPRESENTATION_CONTEXT(2) 
PARAMETRIC_REPRESENTATION_CONTEXT() REPRESENTATION_CONTEXT('2D SPACE',''
  ) );
#3791 = ORIENTED_EDGE('',*,*,#3792,.T.);
#3792 = EDGE_CURVE('',#3764,#3449,#3793,.T.);
#3793 = SEAM_CURVE('',#3794,(#3798,#3805),.PCURVE_S1.);
#3794 = LINE('',#3795,#3796);
#3795 = CARTESIAN_POINT('',(13.,-11.5,300.));
#3796 = VECTOR('',#3797,1.);
#3797 = DIRECTION('',(0.,0.,1.));
#3798 = PCURVE('',#3469,#3799);
#3799 = DEFINITIONAL_REPRESENTATION('',(#3800),#3804);
#3800 = LINE('',#3801,#3802);
#3801 = CARTESIAN_POINT('',(-6.28318530718,0.));
#3802 = VECTOR('',#3803,1.);
#3803 = DIRECTION('',(-0.,-1.));
#3804 = ( GEOMETRIC_REPRESENTATION_CONTEXT(2) 
PARAMETRIC_REPRESENTATION_CONTEXT() REPRESENTATION_CONTEXT('2D SPACE',''
  ) );
#3805 = PCURVE('',#3469,#3806);
#3806 = DEFINITIONAL_REPRESENTATION('',(#3807),#3811);
#3807 = LINE('',#3808,#3809);
#3808 = CARTESIAN_POINT('',(-0.,0.));
#3809 = VECTOR('',#3810,1.);
#3810 = DIRECTION('',(-0.,-1.));
#3811 = ( GEOMETRIC_REPRESENTATION_CONTEXT(2) 
PARAMETRIC_REPRESENTATION_CONTEXT() REPRESENTATION_CONTEXT('2D SPACE',''
  ) );
#3812 = ORIENTED_EDGE('',*,*,#3448,.F.);
#3813 = ORIENTED_EDGE('',*,*,#3792,.F.);
#3814 = ADVANCED_FACE('',(#3815),#3504,.F.);
#3815 = FACE_BOUND('',#3816,.T.);
#3816 = EDGE_LOOP('',(#3817,#3846,#3867,#3868));
#3817 = ORIENTED_EDGE('',*,*,#3818,.F.);
#3818 = EDGE_CURVE('',#3819,#3819,#3821,.T.);
#3819 = VERTEX_POINT('',#3820);
#3820 = CARTESIAN_POINT('',(-10.,11.5,300.));
#3821 = SURFACE_CURVE('',#3822,(#3827,#3834),.PCURVE_S1.);
#3822 = CIRCLE('',#3823,1.5);
#3823 = AXIS2_PLACEMENT_3D('',#3824,#3825,#3826);
#3824 = CARTESIAN_POINT('',(-11.5,11.5,300.));
#3825 = DIRECTION('',(0.,0.,1.));
#3826 = DIRECTION('',(1.,0.,0.));
#3827 = PCURVE('',#3504,#3828);
#3828 = DEFINITIONAL_REPRESENTATION('',(#3829),#3833);
#3829 = LINE('',#3830,#3831);
#3830 = CARTESIAN_POINT('',(-0.,0.));
#3831 = VECTOR('',#3832,1.);
#3832 = DIRECTION('',(-1.,0.));
#3833 = ( GEOMETRIC_REPRESENTATION_CONTEXT(2) 
PARAMETRIC_REPRESENTATION_CONTEXT() REPRESENTATION_CONTEXT('2D SPACE',''
  ) );
#3834 = PCURVE('',#3835,#3840);
#3835 = PLANE('',#3836);
#3836 = AXIS2_PLACEMENT_3D('',#3837,#3838,#3839);
#3837 = CARTESIAN_POINT('',(11.5,11.5,300.));
#3838 = DIRECTION('',(0.,0.,1.));
#3839 = DIRECTION('',(1.,0.,-0.));
#3840 = DEFINITIONAL_REPRESENTATION('',(#3841),#3845);
#3841 = CIRCLE('',#3842,1.5);
#3842 = AXIS2_PLACEMENT_2D('',#3843,#3844);
#3843 = CARTESIAN_POINT('',(-23.,0.));
#3844 = DIRECTION('',(1.,0.));
#3845 = ( GEOMETRIC_REPRESENTATION_CONTEXT(2) 
PARAMETRIC_REPRESENTATION_CONTEXT() REPRESENTATION_CONTEXT('2D SPACE',''
  ) );
#3846 = ORIENTED_EDGE('',*,*,#3847,.T.);
#3847 = EDGE_CURVE('',#3819,#3484,#3848,.T.);
#3848 = SEAM_CURVE('',#3849,(#3853,#3860),.PCURVE_S1.);
#3849 = LINE('',#3850,#3851);
#3850 = CARTESIAN_POINT('',(-10.,11.5,300.));
#3851 = VECTOR('',#3852,1.);
#3852 = DIRECTION('',(0.,0.,1.));
#3853 = PCURVE('',#3504,#3854);
#3854 = DEFINITIONAL_REPRESENTATION('',(#3855),#3859);
#3855 = LINE('',#3856,#3857);
#3856 = CARTESIAN_POINT('',(-6.28318530718,0.));
#3857 = VECTOR('',#3858,1.);
#3858 = DIRECTION('',(-0.,-1.));
#3859 = ( GEOMETRIC_REPRESENTATION_CONTEXT(2) 
PARAMETRIC_REPRESENTATION_CONTEXT() REPRESENTATION_CONTEXT('2D SPACE',''
  ) );
#3860 = PCURVE('',#3504,#3861);
#3861 = DEFINITIONAL_REPRESENTATION('',(#3862),#3866);
#3862 = LINE('',#3863,#3864);
#3863 = CARTESIAN_POINT('',(-0.,0.));
#3864 = VECTOR('',#3865,1.);
#3865 = DIRECTION('',(-0.,-1.));
#3866 = ( GEOMETRIC_REPRESENTATION_CONTEXT(2) 
PARAMETRIC_REPRESENTATION_CONTEXT() REPRESENTATION_CONTEXT('2D SPACE',''
  ) );
#3867 = ORIENTED_EDGE('',*,*,#3483,.F.);
#3868 = ORIENTED_EDGE('',*,*,#3847,.F.);
#3869 = ADVANCED_FACE('',(#3870),#3539,.F.);
#3870 = FACE_BOUND('',#3871,.T.);
#3871 = EDGE_LOOP('',(#3872,#3901,#3922,#3923));
#3872 = ORIENTED_EDGE('',*,*,#3873,.F.);
#3873 = EDGE_CURVE('',#3874,#3874,#3876,.T.);
#3874 = VERTEX_POINT('',#3875);
#3875 = CARTESIAN_POINT('',(11.,0.,300.));
#3876 = SURFACE_CURVE('',#3877,(#3882,#3889),.PCURVE_S1.);
#3877 = CIRCLE('',#3878,11.);
#3878 = AXIS2_PLACEMENT_3D('',#3879,#3880,#3881);
#3879 = CARTESIAN_POINT('',(0.,0.,300.));
#3880 = DIRECTION('',(0.,0.,1.));
#3881 = DIRECTION('',(1.,0.,0.));
#3882 = PCURVE('',#3539,#3883);
#3883 = DEFINITIONAL_REPRESENTATION('',(#3884),#3888);
#3884 = LINE('',#3885,#3886);
#3885 = CARTESIAN_POINT('',(-0.,0.));
#3886 = VECTOR('',#3887,1.);
#3887 = DIRECTION('',(-1.,0.));
#3888 = ( GEOMETRIC_REPRESENTATION_CONTEXT(2) 
PARAMETRIC_REPRESENTATION_CONTEXT() REPRESENTATION_CONTEXT('2D SPACE',''
  ) );
#3889 = PCURVE('',#3890,#3895);
#3890 = PLANE('',#3891);
#3891 = AXIS2_PLACEMENT_3D('',#3892,#3893,#3894);
#3892 = CARTESIAN_POINT('',(-7.458764359306E-16,-4.490371596874E-16,300.
    ));
#3893 = DIRECTION('',(0.,0.,1.));
#3894 = DIRECTION('',(1.,0.,-0.));
#3895 = DEFINITIONAL_REPRESENTATION('',(#3896),#3900);
#3896 = CIRCLE('',#3897,11.);
#3897 = AXIS2_PLACEMENT_2D('',#3898,#3899);
#3898 = CARTESIAN_POINT('',(7.458764359306E-16,4.490371596874E-16));
#3899 = DIRECTION('',(1.,0.));
#3900 = ( GEOMETRIC_REPRESENTATION_CONTEXT(2) 
PARAMETRIC_REPRESENTATION_CONTEXT() REPRESENTATION_CONTEXT('2D SPACE',''
  ) );
#3901 = ORIENTED_EDGE('',*,*,#3902,.T.);
#3902 = EDGE_CURVE('',#3874,#3519,#3903,.T.);
#3903 = SEAM_CURVE('',#3904,(#3908,#3915),.PCURVE_S1.);
#3904 = LINE('',#3905,#3906);
#3905 = CARTESIAN_POINT('',(11.,0.,300.));
#3906 = VECTOR('',#3907,1.);
#3907 = DIRECTION('',(0.,0.,1.));
#3908 = PCURVE('',#3539,#3909);
#3909 = DEFINITIONAL_REPRESENTATION('',(#3910),#3914);
#3910 = LINE('',#3911,#3912);
#3911 = CARTESIAN_POINT('',(-6.28318530718,0.));
#3912 = VECTOR('',#3913,1.);
#3913 = DIRECTION('',(-0.,-1.));
#3914 = ( GEOMETRIC_REPRESENTATION_CONTEXT(2) 
PARAMETRIC_REPRESENTATION_CONTEXT() REPRESENTATION_CONTEXT('2D SPACE',''
  ) );
#3915 = PCURVE('',#3539,#3916);
#3916 = DEFINITIONAL_REPRESENTATION('',(#3917),#3921);
#3917 = LINE('',#3918,#3919);
#3918 = CARTESIAN_POINT('',(-0.,0.));
#3919 = VECTOR('',#3920,1.);
#3920 = DIRECTION('',(-0.,-1.));
#3921 = ( GEOMETRIC_REPRESENTATION_CONTEXT(2) 
PARAMETRIC_REPRESENTATION_CONTEXT() REPRESENTATION_CONTEXT('2D SPACE',''
  ) );
#3922 = ORIENTED_EDGE('',*,*,#3518,.F.);
#3923 = ORIENTED_EDGE('',*,*,#3902,.F.);
#3924 = ADVANCED_FACE('',(#3925),#3574,.F.);
#3925 = FACE_BOUND('',#3926,.T.);
#3926 = EDGE_LOOP('',(#3927,#3956,#3977,#3978));
#3927 = ORIENTED_EDGE('',*,*,#3928,.F.);
#3928 = EDGE_CURVE('',#3929,#3929,#3931,.T.);
#3929 = VERTEX_POINT('',#3930);
#3930 = CARTESIAN_POINT('',(13.,11.5,300.));
#3931 = SURFACE_CURVE('',#3932,(#3937,#3944),.PCURVE_S1.);
#3932 = CIRCLE('',#3933,1.5);
#3933 = AXIS2_PLACEMENT_3D('',#3934,#3935,#3936);
#3934 = CARTESIAN_POINT('',(11.5,11.5,300.));
#3935 = DIRECTION('',(0.,0.,1.));
#3936 = DIRECTION('',(1.,0.,0.));
#3937 = PCURVE('',#3574,#3938);
#3938 = DEFINITIONAL_REPRESENTATION('',(#3939),#3943);
#3939 = LINE('',#3940,#3941);
#3940 = CARTESIAN_POINT('',(-0.,0.));
#3941 = VECTOR('',#3942,1.);
#3942 = DIRECTION('',(-1.,0.));
#3943 = ( GEOMETRIC_REPRESENTATION_CONTEXT(2) 
PARAMETRIC_REPRESENTATION_CONTEXT() REPRESENTATION_CONTEXT('2D SPACE',''
  ) );
#3944 = PCURVE('',#3945,#3950);
#3945 = PLANE('',#3946);
#3946 = AXIS2_PLACEMENT_3D('',#3947,#3948,#3949);
#3947 = CARTESIAN_POINT('',(11.5,11.5,300.));
#3948 = DIRECTION('',(0.,0.,1.));
#3949 = DIRECTION('',(1.,0.,-0.));
#3950 = DEFINITIONAL_REPRESENTATION('',(#3951),#3955);
#3951 = CIRCLE('',#3952,1.5);
#3952 = AXIS2_PLACEMENT_2D('',#3953,#3954);
#3953 = CARTESIAN_POINT('',(0.,0.));
#3954 = DIRECTION('',(1.,0.));
#3955 = ( GEOMETRIC_REPRESENTATION_CONTEXT(2) 
PARAMETRIC_REPRESENTATION_CONTEXT() REPRESENTATION_CONTEXT('2D SPACE',''
  ) );
#3956 = ORIENTED_EDGE('',*,*,#3957,.T.);
#3957 = EDGE_CURVE('',#3929,#3554,#3958,.T.);
#3958 = SEAM_CURVE('',#3959,(#3963,#3970),.PCURVE_S1.);
#3959 = LINE('',#3960,#3961);
#3960 = CARTESIAN_POINT('',(13.,11.5,300.));
#3961 = VECTOR('',#3962,1.);
#3962 = DIRECTION('',(0.,0.,1.));
#3963 = PCURVE('',#3574,#3964);
#3964 = DEFINITIONAL_REPRESENTATION('',(#3965),#3969);
#3965 = LINE('',#3966,#3967);
#3966 = CARTESIAN_POINT('',(-6.28318530718,0.));
#3967 = VECTOR('',#3968,1.);
#3968 = DIRECTION('',(-0.,-1.));
#3969 = ( GEOMETRIC_REPRESENTATION_CONTEXT(2) 
PARAMETRIC_REPRESENTATION_CONTEXT() REPRESENTATION_CONTEXT('2D SPACE',''
  ) );
#3970 = PCURVE('',#3574,#3971);
#3971 = DEFINITIONAL_REPRESENTATION('',(#3972),#3976);
#3972 = LINE('',#3973,#3974);
#3973 = CARTESIAN_POINT('',(-0.,0.));
#3974 = VECTOR('',#3975,1.);
#3975 = DIRECTION('',(-0.,-1.));
#3976 = ( GEOMETRIC_REPRESENTATION_CONTEXT(2) 
PARAMETRIC_REPRESENTATION_CONTEXT() REPRESENTATION_CONTEXT('2D SPACE',''
  ) );
#3977 = ORIENTED_EDGE('',*,*,#3553,.F.);
#3978 = ORIENTED_EDGE('',*,*,#3957,.F.);
#3979 = ADVANCED_FACE('',(#3980),#3725,.T.);
#3980 = FACE_BOUND('',#3981,.T.);
#3981 = EDGE_LOOP('',(#3982));
#3982 = ORIENTED_EDGE('',*,*,#3708,.T.);
#3983 = ADVANCED_FACE('',(#3984),#3780,.T.);
#3984 = FACE_BOUND('',#3985,.T.);
#3985 = EDGE_LOOP('',(#3986));
#3986 = ORIENTED_EDGE('',*,*,#3763,.T.);
#3987 = ADVANCED_FACE('',(#3988),#3835,.T.);
#3988 = FACE_BOUND('',#3989,.T.);
#3989 = EDGE_LOOP('',(#3990));
#3990 = ORIENTED_EDGE('',*,*,#3818,.T.);
#3991 = ADVANCED_FACE('',(#3992,#3995),#3890,.T.);
#3992 = FACE_BOUND('',#3993,.T.);
#3993 = EDGE_LOOP('',(#3994));
#3994 = ORIENTED_EDGE('',*,*,#3873,.T.);
#3995 = FACE_BOUND('',#3996,.T.);
#3996 = EDGE_LOOP('',(#3997));
#3997 = ORIENTED_EDGE('',*,*,#3998,.F.);
#3998 = EDGE_CURVE('',#3999,#3999,#4001,.T.);
#3999 = VERTEX_POINT('',#4000);
#4000 = CARTESIAN_POINT('',(9.5,0.,300.));
#4001 = SURFACE_CURVE('',#4002,(#4007,#4014),.PCURVE_S1.);
#4002 = CIRCLE('',#4003,9.5);
#4003 = AXIS2_PLACEMENT_3D('',#4004,#4005,#4006);
#4004 = CARTESIAN_POINT('',(0.,0.,300.));
#4005 = DIRECTION('',(0.,0.,1.));
#4006 = DIRECTION('',(1.,0.,0.));
#4007 = PCURVE('',#3890,#4008);
#4008 = DEFINITIONAL_REPRESENTATION('',(#4009),#4013);
#4009 = CIRCLE('',#4010,9.5);
#4010 = AXIS2_PLACEMENT_2D('',#4011,#4012);
#4011 = CARTESIAN_POINT('',(7.458764359306E-16,4.490371596874E-16));
#4012 = DIRECTION('',(1.,0.));
#4013 = ( GEOMETRIC_REPRESENTATION_CONTEXT(2) 
PARAMETRIC_REPRESENTATION_CONTEXT() REPRESENTATION_CONTEXT('2D SPACE',''
  ) );
#4014 = PCURVE('',#4015,#4020);
#4015 = CYLINDRICAL_SURFACE('',#4016,9.5);
#4016 = AXIS2_PLACEMENT_3D('',#4017,#4018,#4019);
#4017 = CARTESIAN_POINT('',(0.,0.,274.));
#4018 = DIRECTION('',(-0.,-0.,-1.));
#4019 = DIRECTION('',(1.,0.,0.));
#4020 = DEFINITIONAL_REPRESENTATION('',(#4021),#4025);
#4021 = LINE('',#4022,#4023);
#4022 = CARTESIAN_POINT('',(-0.,-26.));
#4023 = VECTOR('',#4024,1.);
#4024 = DIRECTION('',(-1.,0.));
#4025 = ( GEOMETRIC_REPRESENTATION_CONTEXT(2) 
PARAMETRIC_REPRESENTATION_CONTEXT() REPRESENTATION_CONTEXT('2D SPACE',''
  ) );
#4026 = ADVANCED_FACE('',(#4027),#3945,.T.);
#4027 = FACE_BOUND('',#4028,.T.);
#4028 = EDGE_LOOP('',(#4029));
#4029 = ORIENTED_EDGE('',*,*,#3928,.T.);
#4030 = ADVANCED_FACE('',(#4031),#4015,.F.);
#4031 = FACE_BOUND('',#4032,.T.);
#4032 = EDGE_LOOP('',(#4033,#4056,#4057,#4058));
#4033 = ORIENTED_EDGE('',*,*,#4034,.T.);
#4034 = EDGE_CURVE('',#4035,#3999,#4037,.T.);
#4035 = VERTEX_POINT('',#4036);
#4036 = CARTESIAN_POINT('',(9.5,0.,274.));
#4037 = SEAM_CURVE('',#4038,(#4042,#4049),.PCURVE_S1.);
#4038 = LINE('',#4039,#4040);
#4039 = CARTESIAN_POINT('',(9.5,0.,274.));
#4040 = VECTOR('',#4041,1.);
#4041 = DIRECTION('',(0.,0.,1.));
#4042 = PCURVE('',#4015,#4043);
#4043 = DEFINITIONAL_REPRESENTATION('',(#4044),#4048);
#4044 = LINE('',#4045,#4046);
#4045 = CARTESIAN_POINT('',(-0.,0.));
#4046 = VECTOR('',#4047,1.);
#4047 = DIRECTION('',(-0.,-1.));
#4048 = ( GEOMETRIC_REPRESENTATION_CONTEXT(2) 
PARAMETRIC_REPRESENTATION_CONTEXT() REPRESENTATION_CONTEXT('2D SPACE',''
  ) );
#4049 = PCURVE('',#4015,#4050);
#4050 = DEFINITIONAL_REPRESENTATION('',(#4051),#4055);
#4051 = LINE('',#4052,#4053);
#4052 = CARTESIAN_POINT('',(-6.28318530718,0.));
#4053 = VECTOR('',#4054,1.);
#4054 = DIRECTION('',(-0.,-1.));
#4055 = ( GEOMETRIC_REPRESENTATION_CONTEXT(2) 
PARAMETRIC_REPRESENTATION_CONTEXT() REPRESENTATION_CONTEXT('2D SPACE',''
  ) );
#4056 = ORIENTED_EDGE('',*,*,#3998,.T.);
#4057 = ORIENTED_EDGE('',*,*,#4034,.F.);
#4058 = ORIENTED_EDGE('',*,*,#4059,.F.);
#4059 = EDGE_CURVE('',#4035,#4035,#4060,.T.);
#4060 = SURFACE_CURVE('',#4061,(#4066,#4073),.PCURVE_S1.);
#4061 = CIRCLE('',#4062,9.5);
#4062 = AXIS2_PLACEMENT_3D('',#4063,#4064,#4065);
#4063 = CARTESIAN_POINT('',(0.,0.,274.));
#4064 = DIRECTION('',(0.,0.,1.));
#4065 = DIRECTION('',(1.,0.,0.));
#4066 = PCURVE('',#4015,#4067);
#4067 = DEFINITIONAL_REPRESENTATION('',(#4068),#4072);
#4068 = LINE('',#4069,#4070);
#4069 = CARTESIAN_POINT('',(-0.,0.));
#4070 = VECTOR('',#4071,1.);
#4071 = DIRECTION('',(-1.,0.));
#4072 = ( GEOMETRIC_REPRESENTATION_CONTEXT(2) 
PARAMETRIC_REPRESENTATION_CONTEXT() REPRESENTATION_CONTEXT('2D SPACE',''
  ) );
#4073 = PCURVE('',#4074,#4079);
#4074 = PLANE('',#4075);
#4075 = AXIS2_PLACEMENT_3D('',#4076,#4077,#4078);
#4076 = CARTESIAN_POINT('',(-8.636463994986E-16,1.879594466024E-16,274.)
  );
#4077 = DIRECTION('',(0.,0.,1.));
#4078 = DIRECTION('',(1.,0.,-0.));
#4079 = DEFINITIONAL_REPRESENTATION('',(#4080),#4084);
#4080 = CIRCLE('',#4081,9.5);
#4081 = AXIS2_PLACEMENT_2D('',#4082,#4083);
#4082 = CARTESIAN_POINT('',(8.636463994986E-16,-1.879594466024E-16));
#4083 = DIRECTION('',(1.,0.));
#4084 = ( GEOMETRIC_REPRESENTATION_CONTEXT(2) 
PARAMETRIC_REPRESENTATION_CONTEXT() REPRESENTATION_CONTEXT('2D SPACE',''
  ) );
#4085 = ADVANCED_FACE('',(#4086),#4074,.T.);
#4086 = FACE_BOUND('',#4087,.T.);
#4087 = EDGE_LOOP('',(#4088));
#4088 = ORIENTED_EDGE('',*,*,#4059,.T.);
#4089 = ( GEOMETRIC_REPRESENTATION_CONTEXT(3) 
GLOBAL_UNCERTAINTY_ASSIGNED_CONTEXT((#4093)) 
GLOBAL_UNIT_ASSIGNED_CONTEXT((#4090,#4091,#4092)) REPRESENTATION_CONTEXT
('Context #1','3D Context with UNIT and UNCERTAINTY') );
#4090 = ( LENGTH_UNIT() NAMED_UNIT(*) SI_UNIT(.MILLI.,.METRE.) );
#4091 = ( NAMED_UNIT(*) PLANE_ANGLE_UNIT() SI_UNIT($,.RADIAN.) );
#4092 = ( NAMED_UNIT(*) SI_UNIT($,.STERADIAN.) SOLID_ANGLE_UNIT() );
#4093 = UNCERTAINTY_MEASURE_WITH_UNIT(LENGTH_MEASURE(1.E-07),#4090,
  'distance_accuracy_value','confusion accuracy');
#4094 = CONTEXT_DEPENDENT_SHAPE_REPRESENTATION(#4095,#4097);
#4095 = ( REPRESENTATION_RELATIONSHIP('','',#60,#10) 
REPRESENTATION_RELATIONSHIP_WITH_TRANSFORMATION(#4096) 
SHAPE_REPRESENTATION_RELATIONSHIP() );
#4096 = ITEM_DEFINED_TRANSFORMATION('','',#11,#15);
#4097 = PRODUCT_DEFINITION_SHAPE('Placement','Placement of an item',
  #4098);
#4098 = NEXT_ASSEMBLY_USAGE_OCCURRENCE('1','chassis','',#5,#55,$);
#4099 = PRODUCT_RELATED_PRODUCT_CATEGORY('part',$,(#57));
#4100 = SHAPE_DEFINITION_REPRESENTATION(#4101,#4107);
#4101 = PRODUCT_DEFINITION_SHAPE('','',#4102);
#4102 = PRODUCT_DEFINITION('design','',#4103,#4106);
#4103 = PRODUCT_DEFINITION_FORMATION('','',#4104);
#4104 = PRODUCT('auger','auger','',(#4105));
#4105 = PRODUCT_CONTEXT('',#2,'mechanical');
#4106 = PRODUCT_DEFINITION_CONTEXT('part definition',#2,'design');
#4107 = SHAPE_REPRESENTATION('',(#11,#4108,#6260),#10010);
#4108 = MANIFOLD_SOLID_BREP('',#4109);
#4109 = CLOSED_SHELL('',(#4110,#4198,#4233,#4696,#4750,#4826,#4903,#4952
    ,#5002,#5073,#5150,#5222,#5249,#5304,#5375,#5452,#5524,#5551,#5622,
    #5699,#5771,#5798,#5848,#5959,#5987,#6015,#6019,#6071,#6099,#6162,
    #6201,#6256));
#4110 = ADVANCED_FACE('',(#4111),#4125,.T.);
#4111 = FACE_BOUND('',#4112,.F.);
#4112 = EDGE_LOOP('',(#4113,#4143,#4170,#4171));
#4113 = ORIENTED_EDGE('',*,*,#4114,.T.);
#4114 = EDGE_CURVE('',#4115,#4117,#4119,.T.);
#4115 = VERTEX_POINT('',#4116);
#4116 = CARTESIAN_POINT('',(12.5,0.,0.));
#4117 = VERTEX_POINT('',#4118);
#4118 = CARTESIAN_POINT('',(12.5,0.,250.));
#4119 = SEAM_CURVE('',#4120,(#4124,#4136),.PCURVE_S1.);
#4120 = LINE('',#4121,#4122);
#4121 = CARTESIAN_POINT('',(12.5,0.,0.));
#4122 = VECTOR('',#4123,1.);
#4123 = DIRECTION('',(0.,0.,1.));
#4124 = PCURVE('',#4125,#4130);
#4125 = CYLINDRICAL_SURFACE('',#4126,12.5);
#4126 = AXIS2_PLACEMENT_3D('',#4127,#4128,#4129);
#4127 = CARTESIAN_POINT('',(0.,0.,0.));
#4128 = DIRECTION('',(-0.,-0.,-1.));
#4129 = DIRECTION('',(1.,0.,0.));
#4130 = DEFINITIONAL_REPRESENTATION('',(#4131),#4135);
#4131 = LINE('',#4132,#4133);
#4132 = CARTESIAN_POINT('',(-0.,0.));
#4133 = VECTOR('',#4134,1.);
#4134 = DIRECTION('',(-0.,-1.));
#4135 = ( GEOMETRIC_REPRESENTATION_CONTEXT(2) 
PARAMETRIC_REPRESENTATION_CONTEXT() REPRESENTATION_CONTEXT('2D SPACE',''
  ) );
#4136 = PCURVE('',#4125,#4137);
#4137 = DEFINITIONAL_REPRESENTATION('',(#4138),#4142);
#4138 = LINE('',#4139,#4140);
#4139 = CARTESIAN_POINT('',(-6.28318530718,0.));
#4140 = VECTOR('',#4141,1.);
#4141 = DIRECTION('',(-0.,-1.));
#4142 = ( GEOMETRIC_REPRESENTATION_CONTEXT(2) 
PARAMETRIC_REPRESENTATION_CONTEXT() REPRESENTATION_CONTEXT('2D SPACE',''
  ) );
#4143 = ORIENTED_EDGE('',*,*,#4144,.T.);
#4144 = EDGE_CURVE('',#4117,#4117,#4145,.T.);
#4145 = SURFACE_CURVE('',#4146,(#4151,#4158),.PCURVE_S1.);
#4146 = CIRCLE('',#4147,12.5);
#4147 = AXIS2_PLACEMENT_3D('',#4148,#4149,#4150);
#4148 = CARTESIAN_POINT('',(0.,0.,250.));
#4149 = DIRECTION('',(0.,0.,1.));
#4150 = DIRECTION('',(1.,0.,0.));
#4151 = PCURVE('',#4125,#4152);
#4152 = DEFINITIONAL_REPRESENTATION('',(#4153),#4157);
#4153 = LINE('',#4154,#4155);
#4154 = CARTESIAN_POINT('',(-0.,-250.));
#4155 = VECTOR('',#4156,1.);
#4156 = DIRECTION('',(-1.,0.));
#4157 = ( GEOMETRIC_REPRESENTATION_CONTEXT(2) 
PARAMETRIC_REPRESENTATION_CONTEXT() REPRESENTATION_CONTEXT('2D SPACE',''
  ) );
#4158 = PCURVE('',#4159,#4164);
#4159 = PLANE('',#4160);
#4160 = AXIS2_PLACEMENT_3D('',#4161,#4162,#4163);
#4161 = CARTESIAN_POINT('',(-4.375808424126E-16,8.024730275931E-16,250.)
  );
#4162 = DIRECTION('',(0.,0.,1.));
#4163 = DIRECTION('',(1.,0.,-0.));
#4164 = DEFINITIONAL_REPRESENTATION('',(#4165),#4169);
#4165 = CIRCLE('',#4166,12.5);
#4166 = AXIS2_PLACEMENT_2D('',#4167,#4168);
#4167 = CARTESIAN_POINT('',(4.375808424126E-16,-8.024730275931E-16));
#4168 = DIRECTION('',(1.,0.));
#4169 = ( GEOMETRIC_REPRESENTATION_CONTEXT(2) 
PARAMETRIC_REPRESENTATION_CONTEXT() REPRESENTATION_CONTEXT('2D SPACE',''
  ) );
#4170 = ORIENTED_EDGE('',*,*,#4114,.F.);
#4171 = ORIENTED_EDGE('',*,*,#4172,.F.);
#4172 = EDGE_CURVE('',#4115,#4115,#4173,.T.);
#4173 = SURFACE_CURVE('',#4174,(#4179,#4186),.PCURVE_S1.);
#4174 = CIRCLE('',#4175,12.5);
#4175 = AXIS2_PLACEMENT_3D('',#4176,#4177,#4178);
#4176 = CARTESIAN_POINT('',(0.,0.,0.));
#4177 = DIRECTION('',(0.,0.,1.));
#4178 = DIRECTION('',(1.,0.,0.));
#4179 = PCURVE('',#4125,#4180);
#4180 = DEFINITIONAL_REPRESENTATION('',(#4181),#4185);
#4181 = LINE('',#4182,#4183);
#4182 = CARTESIAN_POINT('',(-0.,0.));
#4183 = VECTOR('',#4184,1.);
#4184 = DIRECTION('',(-1.,0.));
#4185 = ( GEOMETRIC_REPRESENTATION_CONTEXT(2) 
PARAMETRIC_REPRESENTATION_CONTEXT() REPRESENTATION_CONTEXT('2D SPACE',''
  ) );
#4186 = PCURVE('',#4187,#4192);
#4187 = PLANE('',#4188);
#4188 = AXIS2_PLACEMENT_3D('',#4189,#4190,#4191);
#4189 = CARTESIAN_POINT('',(-4.375808424126E-16,8.024730275931E-16,0.));
#4190 = DIRECTION('',(0.,0.,1.));
#4191 = DIRECTION('',(1.,0.,-0.));
#4192 = DEFINITIONAL_REPRESENTATION('',(#4193),#4197);
#4193 = CIRCLE('',#4194,12.5);
#4194 = AXIS2_PLACEMENT_2D('',#4195,#4196);
#4195 = CARTESIAN_POINT('',(4.375808424126E-16,-8.024730275931E-16));
#4196 = DIRECTION('',(1.,0.));
#4197 = ( GEOMETRIC_REPRESENTATION_CONTEXT(2) 
PARAMETRIC_REPRESENTATION_CONTEXT() REPRESENTATION_CONTEXT('2D SPACE',''
  ) );
#4198 = ADVANCED_FACE('',(#4199,#4202),#4187,.F.);
#4199 = FACE_BOUND('',#4200,.F.);
#4200 = EDGE_LOOP('',(#4201));
#4201 = ORIENTED_EDGE('',*,*,#4172,.T.);
#4202 = FACE_BOUND('',#4203,.F.);
#4203 = EDGE_LOOP('',(#4204));
#4204 = ORIENTED_EDGE('',*,*,#4205,.F.);
#4205 = EDGE_CURVE('',#4206,#4206,#4208,.T.);
#4206 = VERTEX_POINT('',#4207);
#4207 = CARTESIAN_POINT('',(1.5,-3.673940397442E-16,0.));
#4208 = SURFACE_CURVE('',#4209,(#4214,#4221),.PCURVE_S1.);
#4209 = CIRCLE('',#4210,1.5);
#4210 = AXIS2_PLACEMENT_3D('',#4211,#4212,#4213);
#4211 = CARTESIAN_POINT('',(0.,0.,0.));
#4212 = DIRECTION('',(0.,0.,1.));
#4213 = DIRECTION('',(1.,0.,-0.));
#4214 = PCURVE('',#4187,#4215);
#4215 = DEFINITIONAL_REPRESENTATION('',(#4216),#4220);
#4216 = CIRCLE('',#4217,1.5);
#4217 = AXIS2_PLACEMENT_2D('',#4218,#4219);
#4218 = CARTESIAN_POINT('',(4.375808424126E-16,-8.024730275931E-16));
#4219 = DIRECTION('',(1.,0.));
#4220 = ( GEOMETRIC_REPRESENTATION_CONTEXT(2) 
PARAMETRIC_REPRESENTATION_CONTEXT() REPRESENTATION_CONTEXT('2D SPACE',''
  ) );
#4221 = PCURVE('',#4222,#4227);
#4222 = CONICAL_SURFACE('',#4223,1.5,0.643501108793);
#4223 = AXIS2_PLACEMENT_3D('',#4224,#4225,#4226);
#4224 = CARTESIAN_POINT('',(0.,0.,0.));
#4225 = DIRECTION('',(0.,0.,1.));
#4226 = DIRECTION('',(1.,0.,-0.));
#4227 = DEFINITIONAL_REPRESENTATION('',(#4228),#4232);
#4228 = LINE('',#4229,#4230);
#4229 = CARTESIAN_POINT('',(0.,0.));
#4230 = VECTOR('',#4231,1.);
#4231 = DIRECTION('',(1.,0.));
#4232 = ( GEOMETRIC_REPRESENTATION_CONTEXT(2) 
PARAMETRIC_REPRESENTATION_CONTEXT() REPRESENTATION_CONTEXT('2D SPACE',''
  ) );
#4233 = ADVANCED_FACE('',(#4234,#4237,#4343,#4449,#4484,#4590),#4159,.T.
  );
#4234 = FACE_BOUND('',#4235,.T.);
#4235 = EDGE_LOOP('',(#4236));
#4236 = ORIENTED_EDGE('',*,*,#4144,.T.);
#4237 = FACE_BOUND('',#4238,.T.);
#4238 = EDGE_LOOP('',(#4239,#4267,#4293,#4319));
#4239 = ORIENTED_EDGE('',*,*,#4240,.T.);
#4240 = EDGE_CURVE('',#4241,#4243,#4245,.T.);
#4241 = VERTEX_POINT('',#4242);
#4242 = CARTESIAN_POINT('',(2.,-10.,250.));
#4243 = VERTEX_POINT('',#4244);
#4244 = CARTESIAN_POINT('',(-2.,-10.,250.));
#4245 = SURFACE_CURVE('',#4246,(#4250,#4256),.PCURVE_S1.);
#4246 = LINE('',#4247,#4248);
#4247 = CARTESIAN_POINT('',(-1.,-10.,250.));
#4248 = VECTOR('',#4249,1.);
#4249 = DIRECTION('',(-1.,2.22044604925E-16,0.));
#4250 = PCURVE('',#4159,#4251);
#4251 = DEFINITIONAL_REPRESENTATION('',(#4252),#4255);
#4252 = B_SPLINE_CURVE_WITH_KNOTS('',1,(#4253,#4254),.UNSPECIFIED.,.F.,
  .F.,(2,2),(-3.,1.),.PIECEWISE_BEZIER_KNOTS.);
#4253 = CARTESIAN_POINT('',(2.,-10.));
#4254 = CARTESIAN_POINT('',(-2.,-10.));
#4255 = ( GEOMETRIC_REPRESENTATION_CONTEXT(2) 
PARAMETRIC_REPRESENTATION_CONTEXT() REPRESENTATION_CONTEXT('2D SPACE',''
  ) );
#4256 = PCURVE('',#4257,#4262);
#4257 = PLANE('',#4258);
#4258 = AXIS2_PLACEMENT_3D('',#4259,#4260,#4261);
#4259 = CARTESIAN_POINT('',(-2.,-10.,244.));
#4260 = DIRECTION('',(2.22044604925E-16,1.,0.));
#4261 = DIRECTION('',(1.,-2.22044604925E-16,0.));
#4262 = DEFINITIONAL_REPRESENTATION('',(#4263),#4266);
#4263 = B_SPLINE_CURVE_WITH_KNOTS('',1,(#4264,#4265),.UNSPECIFIED.,.F.,
  .F.,(2,2),(-3.,1.),.PIECEWISE_BEZIER_KNOTS.);
#4264 = CARTESIAN_POINT('',(4.,-6.));
#4265 = CARTESIAN_POINT('',(0.,-6.));
#4266 = ( GEOMETRIC_REPRESENTATION_CONTEXT(2) 
PARAMETRIC_REPRESENTATION_CONTEXT() REPRESENTATION_CONTEXT('2D SPACE',''
  ) );
#4267 = ORIENTED_EDGE('',*,*,#4268,.T.);
#4268 = EDGE_CURVE('',#4243,#4269,#4271,.T.);
#4269 = VERTEX_POINT('',#4270);
#4270 = CARTESIAN_POINT('',(-2.,-3.,250.));
#4271 = SURFACE_CURVE('',#4272,(#4276,#4282),.PCURVE_S1.);
#4272 = LINE('',#4273,#4274);
#4273 = CARTESIAN_POINT('',(-2.,-1.5,250.));
#4274 = VECTOR('',#4275,1.);
#4275 = DIRECTION('',(2.22044604925E-16,1.,-0.));
#4276 = PCURVE('',#4159,#4277);
#4277 = DEFINITIONAL_REPRESENTATION('',(#4278),#4281);
#4278 = B_SPLINE_CURVE_WITH_KNOTS('',1,(#4279,#4280),.UNSPECIFIED.,.F.,
  .F.,(2,2),(-8.5,-1.5),.PIECEWISE_BEZIER_KNOTS.);
#4279 = CARTESIAN_POINT('',(-2.,-10.));
#4280 = CARTESIAN_POINT('',(-2.,-3.));
#4281 = ( GEOMETRIC_REPRESENTATION_CONTEXT(2) 
PARAMETRIC_REPRESENTATION_CONTEXT() REPRESENTATION_CONTEXT('2D SPACE',''
  ) );
#4282 = PCURVE('',#4283,#4288);
#4283 = PLANE('',#4284);
#4284 = AXIS2_PLACEMENT_3D('',#4285,#4286,#4287);
#4285 = CARTESIAN_POINT('',(-2.,-3.,244.));
#4286 = DIRECTION('',(1.,-2.22044604925E-16,0.));
#4287 = DIRECTION('',(-2.22044604925E-16,-1.,0.));
#4288 = DEFINITIONAL_REPRESENTATION('',(#4289),#4292);
#4289 = B_SPLINE_CURVE_WITH_KNOTS('',1,(#4290,#4291),.UNSPECIFIED.,.F.,
  .F.,(2,2),(-8.5,-1.5),.PIECEWISE_BEZIER_KNOTS.);
#4290 = CARTESIAN_POINT('',(7.,-6.));
#4291 = CARTESIAN_POINT('',(0.,-6.));
#4292 = ( GEOMETRIC_REPRESENTATION_CONTEXT(2) 
PARAMETRIC_REPRESENTATION_CONTEXT() REPRESENTATION_CONTEXT('2D SPACE',''
  ) );
#4293 = ORIENTED_EDGE('',*,*,#4294,.T.);
#4294 = EDGE_CURVE('',#4269,#4295,#4297,.T.);
#4295 = VERTEX_POINT('',#4296);
#4296 = CARTESIAN_POINT('',(2.,-3.,250.));
#4297 = SURFACE_CURVE('',#4298,(#4302,#4308),.PCURVE_S1.);
#4298 = LINE('',#4299,#4300);
#4299 = CARTESIAN_POINT('',(1.,-3.,250.));
#4300 = VECTOR('',#4301,1.);
#4301 = DIRECTION('',(1.,-2.22044604925E-16,0.));
#4302 = PCURVE('',#4159,#4303);
#4303 = DEFINITIONAL_REPRESENTATION('',(#4304),#4307);
#4304 = B_SPLINE_CURVE_WITH_KNOTS('',1,(#4305,#4306),.UNSPECIFIED.,.F.,
  .F.,(2,2),(-3.,1.),.PIECEWISE_BEZIER_KNOTS.);
#4305 = CARTESIAN_POINT('',(-2.,-3.));
#4306 = CARTESIAN_POINT('',(2.,-3.));
#4307 = ( GEOMETRIC_REPRESENTATION_CONTEXT(2) 
PARAMETRIC_REPRESENTATION_CONTEXT() REPRESENTATION_CONTEXT('2D SPACE',''
  ) );
#4308 = PCURVE('',#4309,#4314);
#4309 = PLANE('',#4310);
#4310 = AXIS2_PLACEMENT_3D('',#4311,#4312,#4313);
#4311 = CARTESIAN_POINT('',(2.,-3.,244.));
#4312 = DIRECTION('',(-2.22044604925E-16,-1.,0.));
#4313 = DIRECTION('',(-1.,2.22044604925E-16,0.));
#4314 = DEFINITIONAL_REPRESENTATION('',(#4315),#4318);
#4315 = B_SPLINE_CURVE_WITH_KNOTS('',1,(#4316,#4317),.UNSPECIFIED.,.F.,
  .F.,(2,2),(-3.,1.),.PIECEWISE_BEZIER_KNOTS.);
#4316 = CARTESIAN_POINT('',(4.,-6.));
#4317 = CARTESIAN_POINT('',(0.,-6.));
#4318 = ( GEOMETRIC_REPRESENTATION_CONTEXT(2) 
PARAMETRIC_REPRESENTATION_CONTEXT() REPRESENTATION_CONTEXT('2D SPACE',''
  ) );
#4319 = ORIENTED_EDGE('',*,*,#4320,.T.);
#4320 = EDGE_CURVE('',#4295,#4241,#4321,.T.);
#4321 = SURFACE_CURVE('',#4322,(#4326,#4332),.PCURVE_S1.);
#4322 = LINE('',#4323,#4324);
#4323 = CARTESIAN_POINT('',(2.,-5.,250.));
#4324 = VECTOR('',#4325,1.);
#4325 = DIRECTION('',(-2.22044604925E-16,-1.,0.));
#4326 = PCURVE('',#4159,#4327);
#4327 = DEFINITIONAL_REPRESENTATION('',(#4328),#4331);
#4328 = B_SPLINE_CURVE_WITH_KNOTS('',1,(#4329,#4330),.UNSPECIFIED.,.F.,
  .F.,(2,2),(-2.,5.),.PIECEWISE_BEZIER_KNOTS.);
#4329 = CARTESIAN_POINT('',(2.,-3.));
#4330 = CARTESIAN_POINT('',(2.,-10.));
#4331 = ( GEOMETRIC_REPRESENTATION_CONTEXT(2) 
PARAMETRIC_REPRESENTATION_CONTEXT() REPRESENTATION_CONTEXT('2D SPACE',''
  ) );
#4332 = PCURVE('',#4333,#4338);
#4333 = PLANE('',#4334);
#4334 = AXIS2_PLACEMENT_3D('',#4335,#4336,#4337);
#4335 = CARTESIAN_POINT('',(2.,-10.,244.));
#4336 = DIRECTION('',(-1.,2.22044604925E-16,0.));
#4337 = DIRECTION('',(2.22044604925E-16,1.,0.));
#4338 = DEFINITIONAL_REPRESENTATION('',(#4339),#4342);
#4339 = B_SPLINE_CURVE_WITH_KNOTS('',1,(#4340,#4341),.UNSPECIFIED.,.F.,
  .F.,(2,2),(-2.,5.),.PIECEWISE_BEZIER_KNOTS.);
#4340 = CARTESIAN_POINT('',(7.,-6.));
#4341 = CARTESIAN_POINT('',(0.,-6.));
#4342 = ( GEOMETRIC_REPRESENTATION_CONTEXT(2) 
PARAMETRIC_REPRESENTATION_CONTEXT() REPRESENTATION_CONTEXT('2D SPACE',''
  ) );
#4343 = FACE_BOUND('',#4344,.T.);
#4344 = EDGE_LOOP('',(#4345,#4373,#4399,#4425));
#4345 = ORIENTED_EDGE('',*,*,#4346,.T.);
#4346 = EDGE_CURVE('',#4347,#4349,#4351,.T.);
#4347 = VERTEX_POINT('',#4348);
#4348 = CARTESIAN_POINT('',(-10.,-2.,250.));
#4349 = VERTEX_POINT('',#4350);
#4350 = CARTESIAN_POINT('',(-10.,2.,250.));
#4351 = SURFACE_CURVE('',#4352,(#4356,#4362),.PCURVE_S1.);
#4352 = LINE('',#4353,#4354);
#4353 = CARTESIAN_POINT('',(-10.,1.,250.));
#4354 = VECTOR('',#4355,1.);
#4355 = DIRECTION('',(1.224646799147E-16,1.,-0.));
#4356 = PCURVE('',#4159,#4357);
#4357 = DEFINITIONAL_REPRESENTATION('',(#4358),#4361);
#4358 = B_SPLINE_CURVE_WITH_KNOTS('',1,(#4359,#4360),.UNSPECIFIED.,.F.,
  .F.,(2,2),(-3.,1.),.PIECEWISE_BEZIER_KNOTS.);
#4359 = CARTESIAN_POINT('',(-10.,-2.));
#4360 = CARTESIAN_POINT('',(-10.,2.));
#4361 = ( GEOMETRIC_REPRESENTATION_CONTEXT(2) 
PARAMETRIC_REPRESENTATION_CONTEXT() REPRESENTATION_CONTEXT('2D SPACE',''
  ) );
#4362 = PCURVE('',#4363,#4368);
#4363 = PLANE('',#4364);
#4364 = AXIS2_PLACEMENT_3D('',#4365,#4366,#4367);
#4365 = CARTESIAN_POINT('',(-10.,2.,244.));
#4366 = DIRECTION('',(1.,-1.224646799147E-16,0.));
#4367 = DIRECTION('',(-1.224646799147E-16,-1.,0.));
#4368 = DEFINITIONAL_REPRESENTATION('',(#4369),#4372);
#4369 = B_SPLINE_CURVE_WITH_KNOTS('',1,(#4370,#4371),.UNSPECIFIED.,.F.,
  .F.,(2,2),(-3.,1.),.PIECEWISE_BEZIER_KNOTS.);
#4370 = CARTESIAN_POINT('',(4.,-6.));
#4371 = CARTESIAN_POINT('',(0.,-6.));
#4372 = ( GEOMETRIC_REPRESENTATION_CONTEXT(2) 
PARAMETRIC_REPRESENTATION_CONTEXT() REPRESENTATION_CONTEXT('2D SPACE',''
  ) );
#4373 = ORIENTED_EDGE('',*,*,#4374,.T.);
#4374 = EDGE_CURVE('',#4349,#4375,#4377,.T.);
#4375 = VERTEX_POINT('',#4376);
#4376 = CARTESIAN_POINT('',(-3.,2.,250.));
#4377 = SURFACE_CURVE('',#4378,(#4382,#4388),.PCURVE_S1.);
#4378 = LINE('',#4379,#4380);
#4379 = CARTESIAN_POINT('',(-1.5,2.,250.));
#4380 = VECTOR('',#4381,1.);
#4381 = DIRECTION('',(1.,-1.224646799147E-16,0.));
#4382 = PCURVE('',#4159,#4383);
#4383 = DEFINITIONAL_REPRESENTATION('',(#4384),#4387);
#4384 = B_SPLINE_CURVE_WITH_KNOTS('',1,(#4385,#4386),.UNSPECIFIED.,.F.,
  .F.,(2,2),(-8.5,-1.5),.PIECEWISE_BEZIER_KNOTS.);
#4385 = CARTESIAN_POINT('',(-10.,2.));
#4386 = CARTESIAN_POINT('',(-3.,2.));
#4387 = ( GEOMETRIC_REPRESENTATION_CONTEXT(2) 
PARAMETRIC_REPRESENTATION_CONTEXT() REPRESENTATION_CONTEXT('2D SPACE',''
  ) );
#4388 = PCURVE('',#4389,#4394);
#4389 = PLANE('',#4390);
#4390 = AXIS2_PLACEMENT_3D('',#4391,#4392,#4393);
#4391 = CARTESIAN_POINT('',(-3.,2.,244.));
#4392 = DIRECTION('',(-1.224646799147E-16,-1.,0.));
#4393 = DIRECTION('',(-1.,1.224646799147E-16,0.));
#4394 = DEFINITIONAL_REPRESENTATION('',(#4395),#4398);
#4395 = B_SPLINE_CURVE_WITH_KNOTS('',1,(#4396,#4397),.UNSPECIFIED.,.F.,
  .F.,(2,2),(-8.5,-1.5),.PIECEWISE_BEZIER_KNOTS.);
#4396 = CARTESIAN_POINT('',(7.,-6.));
#4397 = CARTESIAN_POINT('',(0.,-6.));
#4398 = ( GEOMETRIC_REPRESENTATION_CONTEXT(2) 
PARAMETRIC_REPRESENTATION_CONTEXT() REPRESENTATION_CONTEXT('2D SPACE',''
  ) );
#4399 = ORIENTED_EDGE('',*,*,#4400,.T.);
#4400 = EDGE_CURVE('',#4375,#4401,#4403,.T.);
#4401 = VERTEX_POINT('',#4402);
#4402 = CARTESIAN_POINT('',(-3.,-2.,250.));
#4403 = SURFACE_CURVE('',#4404,(#4408,#4414),.PCURVE_S1.);
#4404 = LINE('',#4405,#4406);
#4405 = CARTESIAN_POINT('',(-3.,-1.,250.));
#4406 = VECTOR('',#4407,1.);
#4407 = DIRECTION('',(-1.224646799147E-16,-1.,0.));
#4408 = PCURVE('',#4159,#4409);
#4409 = DEFINITIONAL_REPRESENTATION('',(#4410),#4413);
#4410 = B_SPLINE_CURVE_WITH_KNOTS('',1,(#4411,#4412),.UNSPECIFIED.,.F.,
  .F.,(2,2),(-3.,1.),.PIECEWISE_BEZIER_KNOTS.);
#4411 = CARTESIAN_POINT('',(-3.,2.));
#4412 = CARTESIAN_POINT('',(-3.,-2.));
#4413 = ( GEOMETRIC_REPRESENTATION_CONTEXT(2) 
PARAMETRIC_REPRESENTATION_CONTEXT() REPRESENTATION_CONTEXT('2D SPACE',''
  ) );
#4414 = PCURVE('',#4415,#4420);
#4415 = PLANE('',#4416);
#4416 = AXIS2_PLACEMENT_3D('',#4417,#4418,#4419);
#4417 = CARTESIAN_POINT('',(-3.,-2.,244.));
#4418 = DIRECTION('',(-1.,1.224646799147E-16,0.));
#4419 = DIRECTION('',(1.224646799147E-16,1.,0.));
#4420 = DEFINITIONAL_REPRESENTATION('',(#4421),#4424);
#4421 = B_SPLINE_CURVE_WITH_KNOTS('',1,(#4422,#4423),.UNSPECIFIED.,.F.,
  .F.,(2,2),(-3.,1.),.PIECEWISE_BEZIER_KNOTS.);
#4422 = CARTESIAN_POINT('',(4.,-6.));
#4423 = CARTESIAN_POINT('',(0.,-6.));
#4424 = ( GEOMETRIC_REPRESENTATION_CONTEXT(2) 
PARAMETRIC_REPRESENTATION_CONTEXT() REPRESENTATION_CONTEXT('2D SPACE',''
  ) );
#4425 = ORIENTED_EDGE('',*,*,#4426,.T.);
#4426 = EDGE_CURVE('',#4401,#4347,#4427,.T.);
#4427 = SURFACE_CURVE('',#4428,(#4432,#4438),.PCURVE_S1.);
#4428 = LINE('',#4429,#4430);
#4429 = CARTESIAN_POINT('',(-5.,-2.,250.));
#4430 = VECTOR('',#4431,1.);
#4431 = DIRECTION('',(-1.,1.224646799147E-16,0.));
#4432 = PCURVE('',#4159,#4433);
#4433 = DEFINITIONAL_REPRESENTATION('',(#4434),#4437);
#4434 = B_SPLINE_CURVE_WITH_KNOTS('',1,(#4435,#4436),.UNSPECIFIED.,.F.,
  .F.,(2,2),(-2.,5.),.PIECEWISE_BEZIER_KNOTS.);
#4435 = CARTESIAN_POINT('',(-3.,-2.));
#4436 = CARTESIAN_POINT('',(-10.,-2.));
#4437 = ( GEOMETRIC_REPRESENTATION_CONTEXT(2) 
PARAMETRIC_REPRESENTATION_CONTEXT() REPRESENTATION_CONTEXT('2D SPACE',''
  ) );
#4438 = PCURVE('',#4439,#4444);
#4439 = PLANE('',#4440);
#4440 = AXIS2_PLACEMENT_3D('',#4441,#4442,#4443);
#4441 = CARTESIAN_POINT('',(-10.,-2.,244.));
#4442 = DIRECTION('',(1.224646799147E-16,1.,0.));
#4443 = DIRECTION('',(1.,-1.224646799147E-16,0.));
#4444 = DEFINITIONAL_REPRESENTATION('',(#4445),#4448);
#4445 = B_SPLINE_CURVE_WITH_KNOTS('',1,(#4446,#4447),.UNSPECIFIED.,.F.,
  .F.,(2,2),(-2.,5.),.PIECEWISE_BEZIER_KNOTS.);
#4446 = CARTESIAN_POINT('',(7.,-6.));
#4447 = CARTESIAN_POINT('',(0.,-6.));
#4448 = ( GEOMETRIC_REPRESENTATION_CONTEXT(2) 
PARAMETRIC_REPRESENTATION_CONTEXT() REPRESENTATION_CONTEXT('2D SPACE',''
  ) );
#4449 = FACE_BOUND('',#4450,.T.);
#4450 = EDGE_LOOP('',(#4451));
#4451 = ORIENTED_EDGE('',*,*,#4452,.T.);
#4452 = EDGE_CURVE('',#4453,#4453,#4455,.T.);
#4453 = VERTEX_POINT('',#4454);
#4454 = CARTESIAN_POINT('',(1.25,0.,250.));
#4455 = SURFACE_CURVE('',#4456,(#4461,#4472),.PCURVE_S1.);
#4456 = CIRCLE('',#4457,1.25);
#4457 = AXIS2_PLACEMENT_3D('',#4458,#4459,#4460);
#4458 = CARTESIAN_POINT('',(0.,0.,250.));
#4459 = DIRECTION('',(0.,0.,-1.));
#4460 = DIRECTION('',(1.,0.,0.));
#4461 = PCURVE('',#4159,#4462);
#4462 = DEFINITIONAL_REPRESENTATION('',(#4463),#4471);
#4463 = ( BOUNDED_CURVE() B_SPLINE_CURVE(2,(#4464,#4465,#4466,#4467,
#4468,#4469,#4470),.UNSPECIFIED.,.T.,.F.) B_SPLINE_CURVE_WITH_KNOTS((1,2
    ,2,2,2,1),(-2.094395102393,0.,2.094395102393,4.188790204786,
6.28318530718,8.377580409573),.UNSPECIFIED.) CURVE() 
GEOMETRIC_REPRESENTATION_ITEM() RATIONAL_B_SPLINE_CURVE((1.,0.5,1.,0.5,
1.,0.5,1.)) REPRESENTATION_ITEM('') );
#4464 = CARTESIAN_POINT('',(1.25,-8.024730275931E-16));
#4465 = CARTESIAN_POINT('',(1.25,-2.165063509461));
#4466 = CARTESIAN_POINT('',(-0.625,-1.082531754731));
#4467 = CARTESIAN_POINT('',(-2.5,-1.10863472738E-15));
#4468 = CARTESIAN_POINT('',(-0.625,1.082531754731));
#4469 = CARTESIAN_POINT('',(1.25,2.165063509461));
#4470 = CARTESIAN_POINT('',(1.25,-8.024730275931E-16));
#4471 = ( GEOMETRIC_REPRESENTATION_CONTEXT(2) 
PARAMETRIC_REPRESENTATION_CONTEXT() REPRESENTATION_CONTEXT('2D SPACE',''
  ) );
#4472 = PCURVE('',#4473,#4478);
#4473 = CYLINDRICAL_SURFACE('',#4474,1.25);
#4474 = AXIS2_PLACEMENT_3D('',#4475,#4476,#4477);
#4475 = CARTESIAN_POINT('',(0.,0.,238.));
#4476 = DIRECTION('',(-0.,-0.,-1.));
#4477 = DIRECTION('',(1.,0.,0.));
#4478 = DEFINITIONAL_REPRESENTATION('',(#4479),#4483);
#4479 = LINE('',#4480,#4481);
#4480 = CARTESIAN_POINT('',(-6.28318530718,-12.));
#4481 = VECTOR('',#4482,1.);
#4482 = DIRECTION('',(1.,-0.));
#4483 = ( GEOMETRIC_REPRESENTATION_CONTEXT(2) 
PARAMETRIC_REPRESENTATION_CONTEXT() REPRESENTATION_CONTEXT('2D SPACE',''
  ) );
#4484 = FACE_BOUND('',#4485,.T.);
#4485 = EDGE_LOOP('',(#4486,#4514,#4540,#4566));
#4486 = ORIENTED_EDGE('',*,*,#4487,.T.);
#4487 = EDGE_CURVE('',#4488,#4490,#4492,.T.);
#4488 = VERTEX_POINT('',#4489);
#4489 = CARTESIAN_POINT('',(10.,2.,250.));
#4490 = VERTEX_POINT('',#4491);
#4491 = CARTESIAN_POINT('',(10.,-2.,250.));
#4492 = SURFACE_CURVE('',#4493,(#4497,#4503),.PCURVE_S1.);
#4493 = LINE('',#4494,#4495);
#4494 = CARTESIAN_POINT('',(10.,-1.,250.));
#4495 = VECTOR('',#4496,1.);
#4496 = DIRECTION('',(0.,-1.,0.));
#4497 = PCURVE('',#4159,#4498);
#4498 = DEFINITIONAL_REPRESENTATION('',(#4499),#4502);
#4499 = B_SPLINE_CURVE_WITH_KNOTS('',1,(#4500,#4501),.UNSPECIFIED.,.F.,
  .F.,(2,2),(-3.,1.),.PIECEWISE_BEZIER_KNOTS.);
#4500 = CARTESIAN_POINT('',(10.,2.));
#4501 = CARTESIAN_POINT('',(10.,-2.));
#4502 = ( GEOMETRIC_REPRESENTATION_CONTEXT(2) 
PARAMETRIC_REPRESENTATION_CONTEXT() REPRESENTATION_CONTEXT('2D SPACE',''
  ) );
#4503 = PCURVE('',#4504,#4509);
#4504 = PLANE('',#4505);
#4505 = AXIS2_PLACEMENT_3D('',#4506,#4507,#4508);
#4506 = CARTESIAN_POINT('',(10.,-2.,244.));
#4507 = DIRECTION('',(-1.,0.,0.));
#4508 = DIRECTION('',(0.,1.,0.));
#4509 = DEFINITIONAL_REPRESENTATION('',(#4510),#4513);
#4510 = B_SPLINE_CURVE_WITH_KNOTS('',1,(#4511,#4512),.UNSPECIFIED.,.F.,
  .F.,(2,2),(-3.,1.),.PIECEWISE_BEZIER_KNOTS.);
#4511 = CARTESIAN_POINT('',(4.,-6.));
#4512 = CARTESIAN_POINT('',(0.,-6.));
#4513 = ( GEOMETRIC_REPRESENTATION_CONTEXT(2) 
PARAMETRIC_REPRESENTATION_CONTEXT() REPRESENTATION_CONTEXT('2D SPACE',''
  ) );
#4514 = ORIENTED_EDGE('',*,*,#4515,.T.);
#4515 = EDGE_CURVE('',#4490,#4516,#4518,.T.);
#4516 = VERTEX_POINT('',#4517);
#4517 = CARTESIAN_POINT('',(3.,-2.,250.));
#4518 = SURFACE_CURVE('',#4519,(#4523,#4529),.PCURVE_S1.);
#4519 = LINE('',#4520,#4521);
#4520 = CARTESIAN_POINT('',(1.5,-2.,250.));
#4521 = VECTOR('',#4522,1.);
#4522 = DIRECTION('',(-1.,0.,0.));
#4523 = PCURVE('',#4159,#4524);
#4524 = DEFINITIONAL_REPRESENTATION('',(#4525),#4528);
#4525 = B_SPLINE_CURVE_WITH_KNOTS('',1,(#4526,#4527),.UNSPECIFIED.,.F.,
  .F.,(2,2),(-8.5,-1.5),.PIECEWISE_BEZIER_KNOTS.);
#4526 = CARTESIAN_POINT('',(10.,-2.));
#4527 = CARTESIAN_POINT('',(3.,-2.));
#4528 = ( GEOMETRIC_REPRESENTATION_CONTEXT(2) 
PARAMETRIC_REPRESENTATION_CONTEXT() REPRESENTATION_CONTEXT('2D SPACE',''
  ) );
#4529 = PCURVE('',#4530,#4535);
#4530 = PLANE('',#4531);
#4531 = AXIS2_PLACEMENT_3D('',#4532,#4533,#4534);
#4532 = CARTESIAN_POINT('',(3.,-2.,244.));
#4533 = DIRECTION('',(0.,1.,0.));
#4534 = DIRECTION('',(1.,0.,0.));
#4535 = DEFINITIONAL_REPRESENTATION('',(#4536),#4539);
#4536 = B_SPLINE_CURVE_WITH_KNOTS('',1,(#4537,#4538),.UNSPECIFIED.,.F.,
  .F.,(2,2),(-8.5,-1.5),.PIECEWISE_BEZIER_KNOTS.);
#4537 = CARTESIAN_POINT('',(7.,-6.));
#4538 = CARTESIAN_POINT('',(0.,-6.));
#4539 = ( GEOMETRIC_REPRESENTATION_CONTEXT(2) 
PARAMETRIC_REPRESENTATION_CONTEXT() REPRESENTATION_CONTEXT('2D SPACE',''
  ) );
#4540 = ORIENTED_EDGE('',*,*,#4541,.T.);
#4541 = EDGE_CURVE('',#4516,#4542,#4544,.T.);
#4542 = VERTEX_POINT('',#4543);
#4543 = CARTESIAN_POINT('',(3.,2.,250.));
#4544 = SURFACE_CURVE('',#4545,(#4549,#4555),.PCURVE_S1.);
#4545 = LINE('',#4546,#4547);
#4546 = CARTESIAN_POINT('',(3.,1.,250.));
#4547 = VECTOR('',#4548,1.);
#4548 = DIRECTION('',(0.,1.,0.));
#4549 = PCURVE('',#4159,#4550);
#4550 = DEFINITIONAL_REPRESENTATION('',(#4551),#4554);
#4551 = B_SPLINE_CURVE_WITH_KNOTS('',1,(#4552,#4553),.UNSPECIFIED.,.F.,
  .F.,(2,2),(-3.,1.),.PIECEWISE_BEZIER_KNOTS.);
#4552 = CARTESIAN_POINT('',(3.,-2.));
#4553 = CARTESIAN_POINT('',(3.,2.));
#4554 = ( GEOMETRIC_REPRESENTATION_CONTEXT(2) 
PARAMETRIC_REPRESENTATION_CONTEXT() REPRESENTATION_CONTEXT('2D SPACE',''
  ) );
#4555 = PCURVE('',#4556,#4561);
#4556 = PLANE('',#4557);
#4557 = AXIS2_PLACEMENT_3D('',#4558,#4559,#4560);
#4558 = CARTESIAN_POINT('',(3.,2.,244.));
#4559 = DIRECTION('',(1.,0.,0.));
#4560 = DIRECTION('',(0.,-1.,0.));
#4561 = DEFINITIONAL_REPRESENTATION('',(#4562),#4565);
#4562 = B_SPLINE_CURVE_WITH_KNOTS('',1,(#4563,#4564),.UNSPECIFIED.,.F.,
  .F.,(2,2),(-3.,1.),.PIECEWISE_BEZIER_KNOTS.);
#4563 = CARTESIAN_POINT('',(4.,-6.));
#4564 = CARTESIAN_POINT('',(0.,-6.));
#4565 = ( GEOMETRIC_REPRESENTATION_CONTEXT(2) 
PARAMETRIC_REPRESENTATION_CONTEXT() REPRESENTATION_CONTEXT('2D SPACE',''
  ) );
#4566 = ORIENTED_EDGE('',*,*,#4567,.T.);
#4567 = EDGE_CURVE('',#4542,#4488,#4568,.T.);
#4568 = SURFACE_CURVE('',#4569,(#4573,#4579),.PCURVE_S1.);
#4569 = LINE('',#4570,#4571);
#4570 = CARTESIAN_POINT('',(5.,2.,250.));
#4571 = VECTOR('',#4572,1.);
#4572 = DIRECTION('',(1.,0.,-0.));
#4573 = PCURVE('',#4159,#4574);
#4574 = DEFINITIONAL_REPRESENTATION('',(#4575),#4578);
#4575 = B_SPLINE_CURVE_WITH_KNOTS('',1,(#4576,#4577),.UNSPECIFIED.,.F.,
  .F.,(2,2),(-2.,5.),.PIECEWISE_BEZIER_KNOTS.);
#4576 = CARTESIAN_POINT('',(3.,2.));
#4577 = CARTESIAN_POINT('',(10.,2.));
#4578 = ( GEOMETRIC_REPRESENTATION_CONTEXT(2) 
PARAMETRIC_REPRESENTATION_CONTEXT() REPRESENTATION_CONTEXT('2D SPACE',''
  ) );
#4579 = PCURVE('',#4580,#4585);
#4580 = PLANE('',#4581);
#4581 = AXIS2_PLACEMENT_3D('',#4582,#4583,#4584);
#4582 = CARTESIAN_POINT('',(10.,2.,244.));
#4583 = DIRECTION('',(0.,-1.,0.));
#4584 = DIRECTION('',(-1.,0.,0.));
#4585 = DEFINITIONAL_REPRESENTATION('',(#4586),#4589);
#4586 = B_SPLINE_CURVE_WITH_KNOTS('',1,(#4587,#4588),.UNSPECIFIED.,.F.,
  .F.,(2,2),(-2.,5.),.PIECEWISE_BEZIER_KNOTS.);
#4587 = CARTESIAN_POINT('',(7.,-6.));
#4588 = CARTESIAN_POINT('',(0.,-6.));
#4589 = ( GEOMETRIC_REPRESENTATION_CONTEXT(2) 
PARAMETRIC_REPRESENTATION_CONTEXT() REPRESENTATION_CONTEXT('2D SPACE',''
  ) );
#4590 = FACE_BOUND('',#4591,.T.);
#4591 = EDGE_LOOP('',(#4592,#4620,#4646,#4672));
#4592 = ORIENTED_EDGE('',*,*,#4593,.T.);
#4593 = EDGE_CURVE('',#4594,#4596,#4598,.T.);
#4594 = VERTEX_POINT('',#4595);
#4595 = CARTESIAN_POINT('',(-2.,10.,250.));
#4596 = VERTEX_POINT('',#4597);
#4597 = CARTESIAN_POINT('',(2.,10.,250.));
#4598 = SURFACE_CURVE('',#4599,(#4603,#4609),.PCURVE_S1.);
#4599 = LINE('',#4600,#4601);
#4600 = CARTESIAN_POINT('',(1.,10.,250.));
#4601 = VECTOR('',#4602,1.);
#4602 = DIRECTION('',(1.,-1.110223024625E-16,0.));
#4603 = PCURVE('',#4159,#4604);
#4604 = DEFINITIONAL_REPRESENTATION('',(#4605),#4608);
#4605 = B_SPLINE_CURVE_WITH_KNOTS('',1,(#4606,#4607),.UNSPECIFIED.,.F.,
  .F.,(2,2),(-3.,1.),.PIECEWISE_BEZIER_KNOTS.);
#4606 = CARTESIAN_POINT('',(-2.,10.));
#4607 = CARTESIAN_POINT('',(2.,10.));
#4608 = ( GEOMETRIC_REPRESENTATION_CONTEXT(2) 
PARAMETRIC_REPRESENTATION_CONTEXT() REPRESENTATION_CONTEXT('2D SPACE',''
  ) );
#4609 = PCURVE('',#4610,#4615);
#4610 = PLANE('',#4611);
#4611 = AXIS2_PLACEMENT_3D('',#4612,#4613,#4614);
#4612 = CARTESIAN_POINT('',(2.,10.,244.));
#4613 = DIRECTION('',(-1.110223024625E-16,-1.,0.));
#4614 = DIRECTION('',(-1.,1.110223024625E-16,0.));
#4615 = DEFINITIONAL_REPRESENTATION('',(#4616),#4619);
#4616 = B_SPLINE_CURVE_WITH_KNOTS('',1,(#4617,#4618),.UNSPECIFIED.,.F.,
  .F.,(2,2),(-3.,1.),.PIECEWISE_BEZIER_KNOTS.);
#4617 = CARTESIAN_POINT('',(4.,-6.));
#4618 = CARTESIAN_POINT('',(0.,-6.));
#4619 = ( GEOMETRIC_REPRESENTATION_CONTEXT(2) 
PARAMETRIC_REPRESENTATION_CONTEXT() REPRESENTATION_CONTEXT('2D SPACE',''
  ) );
#4620 = ORIENTED_EDGE('',*,*,#4621,.T.);
#4621 = EDGE_CURVE('',#4596,#4622,#4624,.T.);
#4622 = VERTEX_POINT('',#4623);
#4623 = CARTESIAN_POINT('',(2.,3.,250.));
#4624 = SURFACE_CURVE('',#4625,(#4629,#4635),.PCURVE_S1.);
#4625 = LINE('',#4626,#4627);
#4626 = CARTESIAN_POINT('',(2.,1.5,250.));
#4627 = VECTOR('',#4628,1.);
#4628 = DIRECTION('',(-1.110223024625E-16,-1.,0.));
#4629 = PCURVE('',#4159,#4630);
#4630 = DEFINITIONAL_REPRESENTATION('',(#4631),#4634);
#4631 = B_SPLINE_CURVE_WITH_KNOTS('',1,(#4632,#4633),.UNSPECIFIED.,.F.,
  .F.,(2,2),(-8.5,-1.5),.PIECEWISE_BEZIER_KNOTS.);
#4632 = CARTESIAN_POINT('',(2.,10.));
#4633 = CARTESIAN_POINT('',(2.,3.));
#4634 = ( GEOMETRIC_REPRESENTATION_CONTEXT(2) 
PARAMETRIC_REPRESENTATION_CONTEXT() REPRESENTATION_CONTEXT('2D SPACE',''
  ) );
#4635 = PCURVE('',#4636,#4641);
#4636 = PLANE('',#4637);
#4637 = AXIS2_PLACEMENT_3D('',#4638,#4639,#4640);
#4638 = CARTESIAN_POINT('',(2.,3.,244.));
#4639 = DIRECTION('',(-1.,1.110223024625E-16,0.));
#4640 = DIRECTION('',(1.110223024625E-16,1.,0.));
#4641 = DEFINITIONAL_REPRESENTATION('',(#4642),#4645);
#4642 = B_SPLINE_CURVE_WITH_KNOTS('',1,(#4643,#4644),.UNSPECIFIED.,.F.,
  .F.,(2,2),(-8.5,-1.5),.PIECEWISE_BEZIER_KNOTS.);
#4643 = CARTESIAN_POINT('',(7.,-6.));
#4644 = CARTESIAN_POINT('',(0.,-6.));
#4645 = ( GEOMETRIC_REPRESENTATION_CONTEXT(2) 
PARAMETRIC_REPRESENTATION_CONTEXT() REPRESENTATION_CONTEXT('2D SPACE',''
  ) );
#4646 = ORIENTED_EDGE('',*,*,#4647,.T.);
#4647 = EDGE_CURVE('',#4622,#4648,#4650,.T.);
#4648 = VERTEX_POINT('',#4649);
#4649 = CARTESIAN_POINT('',(-2.,3.,250.));
#4650 = SURFACE_CURVE('',#4651,(#4655,#4661),.PCURVE_S1.);
#4651 = LINE('',#4652,#4653);
#4652 = CARTESIAN_POINT('',(-1.,3.,250.));
#4653 = VECTOR('',#4654,1.);
#4654 = DIRECTION('',(-1.,1.110223024625E-16,0.));
#4655 = PCURVE('',#4159,#4656);
#4656 = DEFINITIONAL_REPRESENTATION('',(#4657),#4660);
#4657 = B_SPLINE_CURVE_WITH_KNOTS('',1,(#4658,#4659),.UNSPECIFIED.,.F.,
  .F.,(2,2),(-3.,1.),.PIECEWISE_BEZIER_KNOTS.);
#4658 = CARTESIAN_POINT('',(2.,3.));
#4659 = CARTESIAN_POINT('',(-2.,3.));
#4660 = ( GEOMETRIC_REPRESENTATION_CONTEXT(2) 
PARAMETRIC_REPRESENTATION_CONTEXT() REPRESENTATION_CONTEXT('2D SPACE',''
  ) );
#4661 = PCURVE('',#4662,#4667);
#4662 = PLANE('',#4663);
#4663 = AXIS2_PLACEMENT_3D('',#4664,#4665,#4666);
#4664 = CARTESIAN_POINT('',(-2.,3.,244.));
#4665 = DIRECTION('',(1.110223024625E-16,1.,0.));
#4666 = DIRECTION('',(1.,-1.110223024625E-16,0.));
#4667 = DEFINITIONAL_REPRESENTATION('',(#4668),#4671);
#4668 = B_SPLINE_CURVE_WITH_KNOTS('',1,(#4669,#4670),.UNSPECIFIED.,.F.,
  .F.,(2,2),(-3.,1.),.PIECEWISE_BEZIER_KNOTS.);
#4669 = CARTESIAN_POINT('',(4.,-6.));
#4670 = CARTESIAN_POINT('',(0.,-6.));
#4671 = ( GEOMETRIC_REPRESENTATION_CONTEXT(2) 
PARAMETRIC_REPRESENTATION_CONTEXT() REPRESENTATION_CONTEXT('2D SPACE',''
  ) );
#4672 = ORIENTED_EDGE('',*,*,#4673,.T.);
#4673 = EDGE_CURVE('',#4648,#4594,#4674,.T.);
#4674 = SURFACE_CURVE('',#4675,(#4679,#4685),.PCURVE_S1.);
#4675 = LINE('',#4676,#4677);
#4676 = CARTESIAN_POINT('',(-2.,5.,250.));
#4677 = VECTOR('',#4678,1.);
#4678 = DIRECTION('',(1.110223024625E-16,1.,-0.));
#4679 = PCURVE('',#4159,#4680);
#4680 = DEFINITIONAL_REPRESENTATION('',(#4681),#4684);
#4681 = B_SPLINE_CURVE_WITH_KNOTS('',1,(#4682,#4683),.UNSPECIFIED.,.F.,
  .F.,(2,2),(-2.,5.),.PIECEWISE_BEZIER_KNOTS.);
#4682 = CARTESIAN_POINT('',(-2.,3.));
#4683 = CARTESIAN_POINT('',(-2.,10.));
#4684 = ( GEOMETRIC_REPRESENTATION_CONTEXT(2) 
PARAMETRIC_REPRESENTATION_CONTEXT() REPRESENTATION_CONTEXT('2D SPACE',''
  ) );
#4685 = PCURVE('',#4686,#4691);
#4686 = PLANE('',#4687);
#4687 = AXIS2_PLACEMENT_3D('',#4688,#4689,#4690);
#4688 = CARTESIAN_POINT('',(-2.,10.,244.));
#4689 = DIRECTION('',(1.,-1.110223024625E-16,0.));
#4690 = DIRECTION('',(-1.110223024625E-16,-1.,0.));
#4691 = DEFINITIONAL_REPRESENTATION('',(#4692),#4695);
#4692 = B_SPLINE_CURVE_WITH_KNOTS('',1,(#4693,#4694),.UNSPECIFIED.,.F.,
  .F.,(2,2),(-2.,5.),.PIECEWISE_BEZIER_KNOTS.);
#4693 = CARTESIAN_POINT('',(7.,-6.));
#4694 = CARTESIAN_POINT('',(0.,-6.));
#4695 = ( GEOMETRIC_REPRESENTATION_CONTEXT(2) 
PARAMETRIC_REPRESENTATION_CONTEXT() REPRESENTATION_CONTEXT('2D SPACE',''
  ) );
#4696 = ADVANCED_FACE('',(#4697),#4222,.F.);
#4697 = FACE_BOUND('',#4698,.F.);
#4698 = EDGE_LOOP('',(#4699,#4727,#4748,#4749));
#4699 = ORIENTED_EDGE('',*,*,#4700,.F.);
#4700 = EDGE_CURVE('',#4701,#4701,#4703,.T.);
#4701 = VERTEX_POINT('',#4702);
#4702 = CARTESIAN_POINT('',(10.5,-1.285879134693E-15,12.));
#4703 = SURFACE_CURVE('',#4704,(#4709,#4715),.PCURVE_S1.);
#4704 = CIRCLE('',#4705,10.5);
#4705 = AXIS2_PLACEMENT_3D('',#4706,#4707,#4708);
#4706 = CARTESIAN_POINT('',(0.,0.,12.));
#4707 = DIRECTION('',(0.,0.,1.));
#4708 = DIRECTION('',(1.,0.,0.));
#4709 = PCURVE('',#4222,#4710);
#4710 = DEFINITIONAL_REPRESENTATION('',(#4711),#4714);
#4711 = B_SPLINE_CURVE_WITH_KNOTS('',1,(#4712,#4713),.UNSPECIFIED.,.F.,
  .F.,(2,2),(0.,6.28318530718),.PIECEWISE_BEZIER_KNOTS.);
#4712 = CARTESIAN_POINT('',(0.,12.));
#4713 = CARTESIAN_POINT('',(6.28318530718,12.));
#4714 = ( GEOMETRIC_REPRESENTATION_CONTEXT(2) 
PARAMETRIC_REPRESENTATION_CONTEXT() REPRESENTATION_CONTEXT('2D SPACE',''
  ) );
#4715 = PCURVE('',#4716,#4721);
#4716 = CYLINDRICAL_SURFACE('',#4717,10.5);
#4717 = AXIS2_PLACEMENT_3D('',#4718,#4719,#4720);
#4718 = CARTESIAN_POINT('',(0.,0.,12.));
#4719 = DIRECTION('',(-0.,-0.,-1.));
#4720 = DIRECTION('',(1.,0.,0.));
#4721 = DEFINITIONAL_REPRESENTATION('',(#4722),#4726);
#4722 = LINE('',#4723,#4724);
#4723 = CARTESIAN_POINT('',(-0.,0.));
#4724 = VECTOR('',#4725,1.);
#4725 = DIRECTION('',(-1.,0.));
#4726 = ( GEOMETRIC_REPRESENTATION_CONTEXT(2) 
PARAMETRIC_REPRESENTATION_CONTEXT() REPRESENTATION_CONTEXT('2D SPACE',''
  ) );
#4727 = ORIENTED_EDGE('',*,*,#4728,.F.);
#4728 = EDGE_CURVE('',#4206,#4701,#4729,.T.);
#4729 = SEAM_CURVE('',#4730,(#4734,#4741),.PCURVE_S1.);
#4730 = LINE('',#4731,#4732);
#4731 = CARTESIAN_POINT('',(1.5,-3.673940397442E-16,0.));
#4732 = VECTOR('',#4733,1.);
#4733 = DIRECTION('',(0.6,-1.469576158977E-16,0.8));
#4734 = PCURVE('',#4222,#4735);
#4735 = DEFINITIONAL_REPRESENTATION('',(#4736),#4740);
#4736 = LINE('',#4737,#4738);
#4737 = CARTESIAN_POINT('',(6.28318530718,-0.));
#4738 = VECTOR('',#4739,1.);
#4739 = DIRECTION('',(0.,1.));
#4740 = ( GEOMETRIC_REPRESENTATION_CONTEXT(2) 
PARAMETRIC_REPRESENTATION_CONTEXT() REPRESENTATION_CONTEXT('2D SPACE',''
  ) );
#4741 = PCURVE('',#4222,#4742);
#4742 = DEFINITIONAL_REPRESENTATION('',(#4743),#4747);
#4743 = LINE('',#4744,#4745);
#4744 = CARTESIAN_POINT('',(0.,-0.));
#4745 = VECTOR('',#4746,1.);
#4746 = DIRECTION('',(0.,1.));
#4747 = ( GEOMETRIC_REPRESENTATION_CONTEXT(2) 
PARAMETRIC_REPRESENTATION_CONTEXT() REPRESENTATION_CONTEXT('2D SPACE',''
  ) );
#4748 = ORIENTED_EDGE('',*,*,#4205,.T.);
#4749 = ORIENTED_EDGE('',*,*,#4728,.T.);
#4750 = ADVANCED_FACE('',(#4751),#4257,.T.);
#4751 = FACE_BOUND('',#4752,.T.);
#4752 = EDGE_LOOP('',(#4753,#4783,#4804,#4805));
#4753 = ORIENTED_EDGE('',*,*,#4754,.F.);
#4754 = EDGE_CURVE('',#4755,#4757,#4759,.T.);
#4755 = VERTEX_POINT('',#4756);
#4756 = CARTESIAN_POINT('',(-2.,-10.,244.));
#4757 = VERTEX_POINT('',#4758);
#4758 = CARTESIAN_POINT('',(2.,-10.,244.));
#4759 = SURFACE_CURVE('',#4760,(#4764,#4771),.PCURVE_S1.);
#4760 = LINE('',#4761,#4762);
#4761 = CARTESIAN_POINT('',(-2.,-10.,244.));
#4762 = VECTOR('',#4763,1.);
#4763 = DIRECTION('',(1.,-2.22044604925E-16,0.));
#4764 = PCURVE('',#4257,#4765);
#4765 = DEFINITIONAL_REPRESENTATION('',(#4766),#4770);
#4766 = LINE('',#4767,#4768);
#4767 = CARTESIAN_POINT('',(0.,0.));
#4768 = VECTOR('',#4769,1.);
#4769 = DIRECTION('',(1.,0.));
#4770 = ( GEOMETRIC_REPRESENTATION_CONTEXT(2) 
PARAMETRIC_REPRESENTATION_CONTEXT() REPRESENTATION_CONTEXT('2D SPACE',''
  ) );
#4771 = PCURVE('',#4772,#4777);
#4772 = PLANE('',#4773);
#4773 = AXIS2_PLACEMENT_3D('',#4774,#4775,#4776);
#4774 = CARTESIAN_POINT('',(-5.209295743007E-16,9.230319459916E-17,244.)
  );
#4775 = DIRECTION('',(0.,0.,1.));
#4776 = DIRECTION('',(1.,0.,-0.));
#4777 = DEFINITIONAL_REPRESENTATION('',(#4778),#4782);
#4778 = LINE('',#4779,#4780);
#4779 = CARTESIAN_POINT('',(-2.,-10.));
#4780 = VECTOR('',#4781,1.);
#4781 = DIRECTION('',(1.,-2.22044604925E-16));
#4782 = ( GEOMETRIC_REPRESENTATION_CONTEXT(2) 
PARAMETRIC_REPRESENTATION_CONTEXT() REPRESENTATION_CONTEXT('2D SPACE',''
  ) );
#4783 = ORIENTED_EDGE('',*,*,#4784,.T.);
#4784 = EDGE_CURVE('',#4755,#4243,#4785,.T.);
#4785 = SURFACE_CURVE('',#4786,(#4790,#4797),.PCURVE_S1.);
#4786 = LINE('',#4787,#4788);
#4787 = CARTESIAN_POINT('',(-2.,-10.,244.));
#4788 = VECTOR('',#4789,1.);
#4789 = DIRECTION('',(0.,0.,1.));
#4790 = PCURVE('',#4257,#4791);
#4791 = DEFINITIONAL_REPRESENTATION('',(#4792),#4796);
#4792 = LINE('',#4793,#4794);
#4793 = CARTESIAN_POINT('',(0.,0.));
#4794 = VECTOR('',#4795,1.);
#4795 = DIRECTION('',(0.,-1.));
#4796 = ( GEOMETRIC_REPRESENTATION_CONTEXT(2) 
PARAMETRIC_REPRESENTATION_CONTEXT() REPRESENTATION_CONTEXT('2D SPACE',''
  ) );
#4797 = PCURVE('',#4283,#4798);
#4798 = DEFINITIONAL_REPRESENTATION('',(#4799),#4803);
#4799 = LINE('',#4800,#4801);
#4800 = CARTESIAN_POINT('',(7.,0.));
#4801 = VECTOR('',#4802,1.);
#4802 = DIRECTION('',(0.,-1.));
#4803 = ( GEOMETRIC_REPRESENTATION_CONTEXT(2) 
PARAMETRIC_REPRESENTATION_CONTEXT() REPRESENTATION_CONTEXT('2D SPACE',''
  ) );
#4804 = ORIENTED_EDGE('',*,*,#4240,.F.);
#4805 = ORIENTED_EDGE('',*,*,#4806,.F.);
#4806 = EDGE_CURVE('',#4757,#4241,#4807,.T.);
#4807 = SURFACE_CURVE('',#4808,(#4812,#4819),.PCURVE_S1.);
#4808 = LINE('',#4809,#4810);
#4809 = CARTESIAN_POINT('',(2.,-10.,244.));
#4810 = VECTOR('',#4811,1.);
#4811 = DIRECTION('',(0.,0.,1.));
#4812 = PCURVE('',#4257,#4813);
#4813 = DEFINITIONAL_REPRESENTATION('',(#4814),#4818);
#4814 = LINE('',#4815,#4816);
#4815 = CARTESIAN_POINT('',(4.,0.));
#4816 = VECTOR('',#4817,1.);
#4817 = DIRECTION('',(0.,-1.));
#4818 = ( GEOMETRIC_REPRESENTATION_CONTEXT(2) 
PARAMETRIC_REPRESENTATION_CONTEXT() REPRESENTATION_CONTEXT('2D SPACE',''
  ) );
#4819 = PCURVE('',#4333,#4820);
#4820 = DEFINITIONAL_REPRESENTATION('',(#4821),#4825);
#4821 = LINE('',#4822,#4823);
#4822 = CARTESIAN_POINT('',(0.,0.));
#4823 = VECTOR('',#4824,1.);
#4824 = DIRECTION('',(0.,-1.));
#4825 = ( GEOMETRIC_REPRESENTATION_CONTEXT(2) 
PARAMETRIC_REPRESENTATION_CONTEXT() REPRESENTATION_CONTEXT('2D SPACE',''
  ) );
#4826 = ADVANCED_FACE('',(#4827),#4333,.T.);
#4827 = FACE_BOUND('',#4828,.T.);
#4828 = EDGE_LOOP('',(#4829,#4852,#4853,#4854,#4877));
#4829 = ORIENTED_EDGE('',*,*,#4830,.F.);
#4830 = EDGE_CURVE('',#4757,#4831,#4833,.T.);
#4831 = VERTEX_POINT('',#4832);
#4832 = CARTESIAN_POINT('',(2.,-3.464101615138,244.));
#4833 = SURFACE_CURVE('',#4834,(#4838,#4845),.PCURVE_S1.);
#4834 = LINE('',#4835,#4836);
#4835 = CARTESIAN_POINT('',(2.,-10.,244.));
#4836 = VECTOR('',#4837,1.);
#4837 = DIRECTION('',(2.22044604925E-16,1.,0.));
#4838 = PCURVE('',#4333,#4839);
#4839 = DEFINITIONAL_REPRESENTATION('',(#4840),#4844);
#4840 = LINE('',#4841,#4842);
#4841 = CARTESIAN_POINT('',(0.,0.));
#4842 = VECTOR('',#4843,1.);
#4843 = DIRECTION('',(1.,0.));
#4844 = ( GEOMETRIC_REPRESENTATION_CONTEXT(2) 
PARAMETRIC_REPRESENTATION_CONTEXT() REPRESENTATION_CONTEXT('2D SPACE',''
  ) );
#4845 = PCURVE('',#4772,#4846);
#4846 = DEFINITIONAL_REPRESENTATION('',(#4847),#4851);
#4847 = LINE('',#4848,#4849);
#4848 = CARTESIAN_POINT('',(2.,-10.));
#4849 = VECTOR('',#4850,1.);
#4850 = DIRECTION('',(2.22044604925E-16,1.));
#4851 = ( GEOMETRIC_REPRESENTATION_CONTEXT(2) 
PARAMETRIC_REPRESENTATION_CONTEXT() REPRESENTATION_CONTEXT('2D SPACE',''
  ) );
#4852 = ORIENTED_EDGE('',*,*,#4806,.T.);
#4853 = ORIENTED_EDGE('',*,*,#4320,.F.);
#4854 = ORIENTED_EDGE('',*,*,#4855,.F.);
#4855 = EDGE_CURVE('',#4856,#4295,#4858,.T.);
#4856 = VERTEX_POINT('',#4857);
#4857 = CARTESIAN_POINT('',(2.,-3.,244.));
#4858 = SURFACE_CURVE('',#4859,(#4863,#4870),.PCURVE_S1.);
#4859 = LINE('',#4860,#4861);
#4860 = CARTESIAN_POINT('',(2.,-3.,244.));
#4861 = VECTOR('',#4862,1.);
#4862 = DIRECTION('',(0.,0.,1.));
#4863 = PCURVE('',#4333,#4864);
#4864 = DEFINITIONAL_REPRESENTATION('',(#4865),#4869);
#4865 = LINE('',#4866,#4867);
#4866 = CARTESIAN_POINT('',(7.,0.));
#4867 = VECTOR('',#4868,1.);
#4868 = DIRECTION('',(0.,-1.));
#4869 = ( GEOMETRIC_REPRESENTATION_CONTEXT(2) 
PARAMETRIC_REPRESENTATION_CONTEXT() REPRESENTATION_CONTEXT('2D SPACE',''
  ) );
#4870 = PCURVE('',#4309,#4871);
#4871 = DEFINITIONAL_REPRESENTATION('',(#4872),#4876);
#4872 = LINE('',#4873,#4874);
#4873 = CARTESIAN_POINT('',(0.,0.));
#4874 = VECTOR('',#4875,1.);
#4875 = DIRECTION('',(0.,-1.));
#4876 = ( GEOMETRIC_REPRESENTATION_CONTEXT(2) 
PARAMETRIC_REPRESENTATION_CONTEXT() REPRESENTATION_CONTEXT('2D SPACE',''
  ) );
#4877 = ORIENTED_EDGE('',*,*,#4878,.F.);
#4878 = EDGE_CURVE('',#4831,#4856,#4879,.T.);
#4879 = SURFACE_CURVE('',#4880,(#4884,#4891),.PCURVE_S1.);
#4880 = LINE('',#4881,#4882);
#4881 = CARTESIAN_POINT('',(2.,-10.,244.));
#4882 = VECTOR('',#4883,1.);
#4883 = DIRECTION('',(2.22044604925E-16,1.,0.));
#4884 = PCURVE('',#4333,#4885);
#4885 = DEFINITIONAL_REPRESENTATION('',(#4886),#4890);
#4886 = LINE('',#4887,#4888);
#4887 = CARTESIAN_POINT('',(0.,0.));
#4888 = VECTOR('',#4889,1.);
#4889 = DIRECTION('',(1.,0.));
#4890 = ( GEOMETRIC_REPRESENTATION_CONTEXT(2) 
PARAMETRIC_REPRESENTATION_CONTEXT() REPRESENTATION_CONTEXT('2D SPACE',''
  ) );
#4891 = PCURVE('',#4892,#4897);
#4892 = PLANE('',#4893);
#4893 = AXIS2_PLACEMENT_3D('',#4894,#4895,#4896);
#4894 = CARTESIAN_POINT('',(-1.443289932013E-15,-6.5,244.));
#4895 = DIRECTION('',(0.,0.,1.));
#4896 = DIRECTION('',(-2.22044604925E-16,-1.,0.));
#4897 = DEFINITIONAL_REPRESENTATION('',(#4898),#4902);
#4898 = LINE('',#4899,#4900);
#4899 = CARTESIAN_POINT('',(3.5,2.));
#4900 = VECTOR('',#4901,1.);
#4901 = DIRECTION('',(-1.,0.));
#4902 = ( GEOMETRIC_REPRESENTATION_CONTEXT(2) 
PARAMETRIC_REPRESENTATION_CONTEXT() REPRESENTATION_CONTEXT('2D SPACE',''
  ) );
#4903 = ADVANCED_FACE('',(#4904),#4309,.T.);
#4904 = FACE_BOUND('',#4905,.T.);
#4905 = EDGE_LOOP('',(#4906,#4929,#4930,#4931));
#4906 = ORIENTED_EDGE('',*,*,#4907,.F.);
#4907 = EDGE_CURVE('',#4856,#4908,#4910,.T.);
#4908 = VERTEX_POINT('',#4909);
#4909 = CARTESIAN_POINT('',(-2.,-3.,244.));
#4910 = SURFACE_CURVE('',#4911,(#4915,#4922),.PCURVE_S1.);
#4911 = LINE('',#4912,#4913);
#4912 = CARTESIAN_POINT('',(2.,-3.,244.));
#4913 = VECTOR('',#4914,1.);
#4914 = DIRECTION('',(-1.,2.22044604925E-16,0.));
#4915 = PCURVE('',#4309,#4916);
#4916 = DEFINITIONAL_REPRESENTATION('',(#4917),#4921);
#4917 = LINE('',#4918,#4919);
#4918 = CARTESIAN_POINT('',(0.,0.));
#4919 = VECTOR('',#4920,1.);
#4920 = DIRECTION('',(1.,0.));
#4921 = ( GEOMETRIC_REPRESENTATION_CONTEXT(2) 
PARAMETRIC_REPRESENTATION_CONTEXT() REPRESENTATION_CONTEXT('2D SPACE',''
  ) );
#4922 = PCURVE('',#4892,#4923);
#4923 = DEFINITIONAL_REPRESENTATION('',(#4924),#4928);
#4924 = LINE('',#4925,#4926);
#4925 = CARTESIAN_POINT('',(-3.5,2.));
#4926 = VECTOR('',#4927,1.);
#4927 = DIRECTION('',(0.,-1.));
#4928 = ( GEOMETRIC_REPRESENTATION_CONTEXT(2) 
PARAMETRIC_REPRESENTATION_CONTEXT() REPRESENTATION_CONTEXT('2D SPACE',''
  ) );
#4929 = ORIENTED_EDGE('',*,*,#4855,.T.);
#4930 = ORIENTED_EDGE('',*,*,#4294,.F.);
#4931 = ORIENTED_EDGE('',*,*,#4932,.F.);
#4932 = EDGE_CURVE('',#4908,#4269,#4933,.T.);
#4933 = SURFACE_CURVE('',#4934,(#4938,#4945),.PCURVE_S1.);
#4934 = LINE('',#4935,#4936);
#4935 = CARTESIAN_POINT('',(-2.,-3.,244.));
#4936 = VECTOR('',#4937,1.);
#4937 = DIRECTION('',(0.,0.,1.));
#4938 = PCURVE('',#4309,#4939);
#4939 = DEFINITIONAL_REPRESENTATION('',(#4940),#4944);
#4940 = LINE('',#4941,#4942);
#4941 = CARTESIAN_POINT('',(4.,0.));
#4942 = VECTOR('',#4943,1.);
#4943 = DIRECTION('',(0.,-1.));
#4944 = ( GEOMETRIC_REPRESENTATION_CONTEXT(2) 
PARAMETRIC_REPRESENTATION_CONTEXT() REPRESENTATION_CONTEXT('2D SPACE',''
  ) );
#4945 = PCURVE('',#4283,#4946);
#4946 = DEFINITIONAL_REPRESENTATION('',(#4947),#4951);
#4947 = LINE('',#4948,#4949);
#4948 = CARTESIAN_POINT('',(0.,0.));
#4949 = VECTOR('',#4950,1.);
#4950 = DIRECTION('',(0.,-1.));
#4951 = ( GEOMETRIC_REPRESENTATION_CONTEXT(2) 
PARAMETRIC_REPRESENTATION_CONTEXT() REPRESENTATION_CONTEXT('2D SPACE',''
  ) );
#4952 = ADVANCED_FACE('',(#4953),#4283,.T.);
#4953 = FACE_BOUND('',#4954,.T.);
#4954 = EDGE_LOOP('',(#4955,#4978,#4979,#4980,#4981));
#4955 = ORIENTED_EDGE('',*,*,#4956,.F.);
#4956 = EDGE_CURVE('',#4908,#4957,#4959,.T.);
#4957 = VERTEX_POINT('',#4958);
#4958 = CARTESIAN_POINT('',(-2.,-3.464101615138,244.));
#4959 = SURFACE_CURVE('',#4960,(#4964,#4971),.PCURVE_S1.);
#4960 = LINE('',#4961,#4962);
#4961 = CARTESIAN_POINT('',(-2.,-3.,244.));
#4962 = VECTOR('',#4963,1.);
#4963 = DIRECTION('',(-2.22044604925E-16,-1.,0.));
#4964 = PCURVE('',#4283,#4965);
#4965 = DEFINITIONAL_REPRESENTATION('',(#4966),#4970);
#4966 = LINE('',#4967,#4968);
#4967 = CARTESIAN_POINT('',(0.,0.));
#4968 = VECTOR('',#4969,1.);
#4969 = DIRECTION('',(1.,0.));
#4970 = ( GEOMETRIC_REPRESENTATION_CONTEXT(2) 
PARAMETRIC_REPRESENTATION_CONTEXT() REPRESENTATION_CONTEXT('2D SPACE',''
  ) );
#4971 = PCURVE('',#4892,#4972);
#4972 = DEFINITIONAL_REPRESENTATION('',(#4973),#4977);
#4973 = LINE('',#4974,#4975);
#4974 = CARTESIAN_POINT('',(-3.5,-2.));
#4975 = VECTOR('',#4976,1.);
#4976 = DIRECTION('',(1.,0.));
#4977 = ( GEOMETRIC_REPRESENTATION_CONTEXT(2) 
PARAMETRIC_REPRESENTATION_CONTEXT() REPRESENTATION_CONTEXT('2D SPACE',''
  ) );
#4978 = ORIENTED_EDGE('',*,*,#4932,.T.);
#4979 = ORIENTED_EDGE('',*,*,#4268,.F.);
#4980 = ORIENTED_EDGE('',*,*,#4784,.F.);
#4981 = ORIENTED_EDGE('',*,*,#4982,.F.);
#4982 = EDGE_CURVE('',#4957,#4755,#4983,.T.);
#4983 = SURFACE_CURVE('',#4984,(#4988,#4995),.PCURVE_S1.);
#4984 = LINE('',#4985,#4986);
#4985 = CARTESIAN_POINT('',(-2.,-3.,244.));
#4986 = VECTOR('',#4987,1.);
#4987 = DIRECTION('',(-2.22044604925E-16,-1.,0.));
#4988 = PCURVE('',#4283,#4989);
#4989 = DEFINITIONAL_REPRESENTATION('',(#4990),#4994);
#4990 = LINE('',#4991,#4992);
#4991 = CARTESIAN_POINT('',(0.,0.));
#4992 = VECTOR('',#4993,1.);
#4993 = DIRECTION('',(1.,0.));
#4994 = ( GEOMETRIC_REPRESENTATION_CONTEXT(2) 
PARAMETRIC_REPRESENTATION_CONTEXT() REPRESENTATION_CONTEXT('2D SPACE',''
  ) );
#4995 = PCURVE('',#4772,#4996);
#4996 = DEFINITIONAL_REPRESENTATION('',(#4997),#5001);
#4997 = LINE('',#4998,#4999);
#4998 = CARTESIAN_POINT('',(-2.,-3.));
#4999 = VECTOR('',#5000,1.);
#5000 = DIRECTION('',(-2.22044604925E-16,-1.));
#5001 = ( GEOMETRIC_REPRESENTATION_CONTEXT(2) 
PARAMETRIC_REPRESENTATION_CONTEXT() REPRESENTATION_CONTEXT('2D SPACE',''
  ) );
#5002 = ADVANCED_FACE('',(#5003),#4363,.T.);
#5003 = FACE_BOUND('',#5004,.T.);
#5004 = EDGE_LOOP('',(#5005,#5030,#5051,#5052));
#5005 = ORIENTED_EDGE('',*,*,#5006,.F.);
#5006 = EDGE_CURVE('',#5007,#5009,#5011,.T.);
#5007 = VERTEX_POINT('',#5008);
#5008 = CARTESIAN_POINT('',(-10.,2.,244.));
#5009 = VERTEX_POINT('',#5010);
#5010 = CARTESIAN_POINT('',(-10.,-2.,244.));
#5011 = SURFACE_CURVE('',#5012,(#5016,#5023),.PCURVE_S1.);
#5012 = LINE('',#5013,#5014);
#5013 = CARTESIAN_POINT('',(-10.,2.,244.));
#5014 = VECTOR('',#5015,1.);
#5015 = DIRECTION('',(-1.224646799147E-16,-1.,0.));
#5016 = PCURVE('',#4363,#5017);
#5017 = DEFINITIONAL_REPRESENTATION('',(#5018),#5022);
#5018 = LINE('',#5019,#5020);
#5019 = CARTESIAN_POINT('',(0.,0.));
#5020 = VECTOR('',#5021,1.);
#5021 = DIRECTION('',(1.,0.));
#5022 = ( GEOMETRIC_REPRESENTATION_CONTEXT(2) 
PARAMETRIC_REPRESENTATION_CONTEXT() REPRESENTATION_CONTEXT('2D SPACE',''
  ) );
#5023 = PCURVE('',#4772,#5024);
#5024 = DEFINITIONAL_REPRESENTATION('',(#5025),#5029);
#5025 = LINE('',#5026,#5027);
#5026 = CARTESIAN_POINT('',(-10.,2.));
#5027 = VECTOR('',#5028,1.);
#5028 = DIRECTION('',(-1.224646799147E-16,-1.));
#5029 = ( GEOMETRIC_REPRESENTATION_CONTEXT(2) 
PARAMETRIC_REPRESENTATION_CONTEXT() REPRESENTATION_CONTEXT('2D SPACE',''
  ) );
#5030 = ORIENTED_EDGE('',*,*,#5031,.T.);
#5031 = EDGE_CURVE('',#5007,#4349,#5032,.T.);
#5032 = SURFACE_CURVE('',#5033,(#5037,#5044),.PCURVE_S1.);
#5033 = LINE('',#5034,#5035);
#5034 = CARTESIAN_POINT('',(-10.,2.,244.));
#5035 = VECTOR('',#5036,1.);
#5036 = DIRECTION('',(0.,0.,1.));
#5037 = PCURVE('',#4363,#5038);
#5038 = DEFINITIONAL_REPRESENTATION('',(#5039),#5043);
#5039 = LINE('',#5040,#5041);
#5040 = CARTESIAN_POINT('',(0.,0.));
#5041 = VECTOR('',#5042,1.);
#5042 = DIRECTION('',(0.,-1.));
#5043 = ( GEOMETRIC_REPRESENTATION_CONTEXT(2) 
PARAMETRIC_REPRESENTATION_CONTEXT() REPRESENTATION_CONTEXT('2D SPACE',''
  ) );
#5044 = PCURVE('',#4389,#5045);
#5045 = DEFINITIONAL_REPRESENTATION('',(#5046),#5050);
#5046 = LINE('',#5047,#5048);
#5047 = CARTESIAN_POINT('',(7.,0.));
#5048 = VECTOR('',#5049,1.);
#5049 = DIRECTION('',(0.,-1.));
#5050 = ( GEOMETRIC_REPRESENTATION_CONTEXT(2) 
PARAMETRIC_REPRESENTATION_CONTEXT() REPRESENTATION_CONTEXT('2D SPACE',''
  ) );
#5051 = ORIENTED_EDGE('',*,*,#4346,.F.);
#5052 = ORIENTED_EDGE('',*,*,#5053,.F.);
#5053 = EDGE_CURVE('',#5009,#4347,#5054,.T.);
#5054 = SURFACE_CURVE('',#5055,(#5059,#5066),.PCURVE_S1.);
#5055 = LINE('',#5056,#5057);
#5056 = CARTESIAN_POINT('',(-10.,-2.,244.));
#5057 = VECTOR('',#5058,1.);
#5058 = DIRECTION('',(0.,0.,1.));
#5059 = PCURVE('',#4363,#5060);
#5060 = DEFINITIONAL_REPRESENTATION('',(#5061),#5065);
#5061 = LINE('',#5062,#5063);
#5062 = CARTESIAN_POINT('',(4.,-0.));
#5063 = VECTOR('',#5064,1.);
#5064 = DIRECTION('',(0.,-1.));
#5065 = ( GEOMETRIC_REPRESENTATION_CONTEXT(2) 
PARAMETRIC_REPRESENTATION_CONTEXT() REPRESENTATION_CONTEXT('2D SPACE',''
  ) );
#5066 = PCURVE('',#4439,#5067);
#5067 = DEFINITIONAL_REPRESENTATION('',(#5068),#5072);
#5068 = LINE('',#5069,#5070);
#5069 = CARTESIAN_POINT('',(0.,0.));
#5070 = VECTOR('',#5071,1.);
#5071 = DIRECTION('',(0.,-1.));
#5072 = ( GEOMETRIC_REPRESENTATION_CONTEXT(2) 
PARAMETRIC_REPRESENTATION_CONTEXT() REPRESENTATION_CONTEXT('2D SPACE',''
  ) );
#5073 = ADVANCED_FACE('',(#5074),#4439,.T.);
#5074 = FACE_BOUND('',#5075,.T.);
#5075 = EDGE_LOOP('',(#5076,#5099,#5100,#5101,#5124));
#5076 = ORIENTED_EDGE('',*,*,#5077,.F.);
#5077 = EDGE_CURVE('',#5009,#5078,#5080,.T.);
#5078 = VERTEX_POINT('',#5079);
#5079 = CARTESIAN_POINT('',(-3.464101615138,-2.,244.));
#5080 = SURFACE_CURVE('',#5081,(#5085,#5092),.PCURVE_S1.);
#5081 = LINE('',#5082,#5083);
#5082 = CARTESIAN_POINT('',(-10.,-2.,244.));
#5083 = VECTOR('',#5084,1.);
#5084 = DIRECTION('',(1.,-1.224646799147E-16,0.));
#5085 = PCURVE('',#4439,#5086);
#5086 = DEFINITIONAL_REPRESENTATION('',(#5087),#5091);
#5087 = LINE('',#5088,#5089);
#5088 = CARTESIAN_POINT('',(0.,0.));
#5089 = VECTOR('',#5090,1.);
#5090 = DIRECTION('',(1.,0.));
#5091 = ( GEOMETRIC_REPRESENTATION_CONTEXT(2) 
PARAMETRIC_REPRESENTATION_CONTEXT() REPRESENTATION_CONTEXT('2D SPACE',''
  ) );
#5092 = PCURVE('',#4772,#5093);
#5093 = DEFINITIONAL_REPRESENTATION('',(#5094),#5098);
#5094 = LINE('',#5095,#5096);
#5095 = CARTESIAN_POINT('',(-10.,-2.));
#5096 = VECTOR('',#5097,1.);
#5097 = DIRECTION('',(1.,-1.224646799147E-16));
#5098 = ( GEOMETRIC_REPRESENTATION_CONTEXT(2) 
PARAMETRIC_REPRESENTATION_CONTEXT() REPRESENTATION_CONTEXT('2D SPACE',''
  ) );
#5099 = ORIENTED_EDGE('',*,*,#5053,.T.);
#5100 = ORIENTED_EDGE('',*,*,#4426,.F.);
#5101 = ORIENTED_EDGE('',*,*,#5102,.F.);
#5102 = EDGE_CURVE('',#5103,#4401,#5105,.T.);
#5103 = VERTEX_POINT('',#5104);
#5104 = CARTESIAN_POINT('',(-3.,-2.,244.));
#5105 = SURFACE_CURVE('',#5106,(#5110,#5117),.PCURVE_S1.);
#5106 = LINE('',#5107,#5108);
#5107 = CARTESIAN_POINT('',(-3.,-2.,244.));
#5108 = VECTOR('',#5109,1.);
#5109 = DIRECTION('',(0.,0.,1.));
#5110 = PCURVE('',#4439,#5111);
#5111 = DEFINITIONAL_REPRESENTATION('',(#5112),#5116);
#5112 = LINE('',#5113,#5114);
#5113 = CARTESIAN_POINT('',(7.,0.));
#5114 = VECTOR('',#5115,1.);
#5115 = DIRECTION('',(0.,-1.));
#5116 = ( GEOMETRIC_REPRESENTATION_CONTEXT(2) 
PARAMETRIC_REPRESENTATION_CONTEXT() REPRESENTATION_CONTEXT('2D SPACE',''
  ) );
#5117 = PCURVE('',#4415,#5118);
#5118 = DEFINITIONAL_REPRESENTATION('',(#5119),#5123);
#5119 = LINE('',#5120,#5121);
#5120 = CARTESIAN_POINT('',(0.,0.));
#5121 = VECTOR('',#5122,1.);
#5122 = DIRECTION('',(0.,-1.));
#5123 = ( GEOMETRIC_REPRESENTATION_CONTEXT(2) 
PARAMETRIC_REPRESENTATION_CONTEXT() REPRESENTATION_CONTEXT('2D SPACE',''
  ) );
#5124 = ORIENTED_EDGE('',*,*,#5125,.F.);
#5125 = EDGE_CURVE('',#5078,#5103,#5126,.T.);
#5126 = SURFACE_CURVE('',#5127,(#5131,#5138),.PCURVE_S1.);
#5127 = LINE('',#5128,#5129);
#5128 = CARTESIAN_POINT('',(-10.,-2.,244.));
#5129 = VECTOR('',#5130,1.);
#5130 = DIRECTION('',(1.,-1.224646799147E-16,0.));
#5131 = PCURVE('',#4439,#5132);
#5132 = DEFINITIONAL_REPRESENTATION('',(#5133),#5137);
#5133 = LINE('',#5134,#5135);
#5134 = CARTESIAN_POINT('',(0.,0.));
#5135 = VECTOR('',#5136,1.);
#5136 = DIRECTION('',(1.,0.));
#5137 = ( GEOMETRIC_REPRESENTATION_CONTEXT(2) 
PARAMETRIC_REPRESENTATION_CONTEXT() REPRESENTATION_CONTEXT('2D SPACE',''
  ) );
#5138 = PCURVE('',#5139,#5144);
#5139 = PLANE('',#5140);
#5140 = AXIS2_PLACEMENT_3D('',#5141,#5142,#5143);
#5141 = CARTESIAN_POINT('',(-6.5,7.960204194458E-16,244.));
#5142 = DIRECTION('',(0.,0.,1.));
#5143 = DIRECTION('',(-1.,1.224646799147E-16,0.));
#5144 = DEFINITIONAL_REPRESENTATION('',(#5145),#5149);
#5145 = LINE('',#5146,#5147);
#5146 = CARTESIAN_POINT('',(3.5,2.));
#5147 = VECTOR('',#5148,1.);
#5148 = DIRECTION('',(-1.,0.));
#5149 = ( GEOMETRIC_REPRESENTATION_CONTEXT(2) 
PARAMETRIC_REPRESENTATION_CONTEXT() REPRESENTATION_CONTEXT('2D SPACE',''
  ) );
#5150 = ADVANCED_FACE('',(#5151),#4389,.T.);
#5151 = FACE_BOUND('',#5152,.T.);
#5152 = EDGE_LOOP('',(#5153,#5178,#5199,#5200,#5201));
#5153 = ORIENTED_EDGE('',*,*,#5154,.F.);
#5154 = EDGE_CURVE('',#5155,#5157,#5159,.T.);
#5155 = VERTEX_POINT('',#5156);
#5156 = CARTESIAN_POINT('',(-3.,2.,244.));
#5157 = VERTEX_POINT('',#5158);
#5158 = CARTESIAN_POINT('',(-3.464101615138,2.,244.));
#5159 = SURFACE_CURVE('',#5160,(#5164,#5171),.PCURVE_S1.);
#5160 = LINE('',#5161,#5162);
#5161 = CARTESIAN_POINT('',(-3.,2.,244.));
#5162 = VECTOR('',#5163,1.);
#5163 = DIRECTION('',(-1.,1.224646799147E-16,0.));
#5164 = PCURVE('',#4389,#5165);
#5165 = DEFINITIONAL_REPRESENTATION('',(#5166),#5170);
#5166 = LINE('',#5167,#5168);
#5167 = CARTESIAN_POINT('',(0.,0.));
#5168 = VECTOR('',#5169,1.);
#5169 = DIRECTION('',(1.,0.));
#5170 = ( GEOMETRIC_REPRESENTATION_CONTEXT(2) 
PARAMETRIC_REPRESENTATION_CONTEXT() REPRESENTATION_CONTEXT('2D SPACE',''
  ) );
#5171 = PCURVE('',#5139,#5172);
#5172 = DEFINITIONAL_REPRESENTATION('',(#5173),#5177);
#5173 = LINE('',#5174,#5175);
#5174 = CARTESIAN_POINT('',(-3.5,-2.));
#5175 = VECTOR('',#5176,1.);
#5176 = DIRECTION('',(1.,0.));
#5177 = ( GEOMETRIC_REPRESENTATION_CONTEXT(2) 
PARAMETRIC_REPRESENTATION_CONTEXT() REPRESENTATION_CONTEXT('2D SPACE',''
  ) );
#5178 = ORIENTED_EDGE('',*,*,#5179,.T.);
#5179 = EDGE_CURVE('',#5155,#4375,#5180,.T.);
#5180 = SURFACE_CURVE('',#5181,(#5185,#5192),.PCURVE_S1.);
#5181 = LINE('',#5182,#5183);
#5182 = CARTESIAN_POINT('',(-3.,2.,244.));
#5183 = VECTOR('',#5184,1.);
#5184 = DIRECTION('',(0.,0.,1.));
#5185 = PCURVE('',#4389,#5186);
#5186 = DEFINITIONAL_REPRESENTATION('',(#5187),#5191);
#5187 = LINE('',#5188,#5189);
#5188 = CARTESIAN_POINT('',(0.,0.));
#5189 = VECTOR('',#5190,1.);
#5190 = DIRECTION('',(0.,-1.));
#5191 = ( GEOMETRIC_REPRESENTATION_CONTEXT(2) 
PARAMETRIC_REPRESENTATION_CONTEXT() REPRESENTATION_CONTEXT('2D SPACE',''
  ) );
#5192 = PCURVE('',#4415,#5193);
#5193 = DEFINITIONAL_REPRESENTATION('',(#5194),#5198);
#5194 = LINE('',#5195,#5196);
#5195 = CARTESIAN_POINT('',(4.,0.));
#5196 = VECTOR('',#5197,1.);
#5197 = DIRECTION('',(0.,-1.));
#5198 = ( GEOMETRIC_REPRESENTATION_CONTEXT(2) 
PARAMETRIC_REPRESENTATION_CONTEXT() REPRESENTATION_CONTEXT('2D SPACE',''
  ) );
#5199 = ORIENTED_EDGE('',*,*,#4374,.F.);
#5200 = ORIENTED_EDGE('',*,*,#5031,.F.);
#5201 = ORIENTED_EDGE('',*,*,#5202,.F.);
#5202 = EDGE_CURVE('',#5157,#5007,#5203,.T.);
#5203 = SURFACE_CURVE('',#5204,(#5208,#5215),.PCURVE_S1.);
#5204 = LINE('',#5205,#5206);
#5205 = CARTESIAN_POINT('',(-3.,2.,244.));
#5206 = VECTOR('',#5207,1.);
#5207 = DIRECTION('',(-1.,1.224646799147E-16,0.));
#5208 = PCURVE('',#4389,#5209);
#5209 = DEFINITIONAL_REPRESENTATION('',(#5210),#5214);
#5210 = LINE('',#5211,#5212);
#5211 = CARTESIAN_POINT('',(0.,0.));
#5212 = VECTOR('',#5213,1.);
#5213 = DIRECTION('',(1.,0.));
#5214 = ( GEOMETRIC_REPRESENTATION_CONTEXT(2) 
PARAMETRIC_REPRESENTATION_CONTEXT() REPRESENTATION_CONTEXT('2D SPACE',''
  ) );
#5215 = PCURVE('',#4772,#5216);
#5216 = DEFINITIONAL_REPRESENTATION('',(#5217),#5221);
#5217 = LINE('',#5218,#5219);
#5218 = CARTESIAN_POINT('',(-3.,2.));
#5219 = VECTOR('',#5220,1.);
#5220 = DIRECTION('',(-1.,1.224646799147E-16));
#5221 = ( GEOMETRIC_REPRESENTATION_CONTEXT(2) 
PARAMETRIC_REPRESENTATION_CONTEXT() REPRESENTATION_CONTEXT('2D SPACE',''
  ) );
#5222 = ADVANCED_FACE('',(#5223),#4415,.T.);
#5223 = FACE_BOUND('',#5224,.T.);
#5224 = EDGE_LOOP('',(#5225,#5246,#5247,#5248));
#5225 = ORIENTED_EDGE('',*,*,#5226,.F.);
#5226 = EDGE_CURVE('',#5103,#5155,#5227,.T.);
#5227 = SURFACE_CURVE('',#5228,(#5232,#5239),.PCURVE_S1.);
#5228 = LINE('',#5229,#5230);
#5229 = CARTESIAN_POINT('',(-3.,-2.,244.));
#5230 = VECTOR('',#5231,1.);
#5231 = DIRECTION('',(1.224646799147E-16,1.,0.));
#5232 = PCURVE('',#4415,#5233);
#5233 = DEFINITIONAL_REPRESENTATION('',(#5234),#5238);
#5234 = LINE('',#5235,#5236);
#5235 = CARTESIAN_POINT('',(0.,0.));
#5236 = VECTOR('',#5237,1.);
#5237 = DIRECTION('',(1.,0.));
#5238 = ( GEOMETRIC_REPRESENTATION_CONTEXT(2) 
PARAMETRIC_REPRESENTATION_CONTEXT() REPRESENTATION_CONTEXT('2D SPACE',''
  ) );
#5239 = PCURVE('',#5139,#5240);
#5240 = DEFINITIONAL_REPRESENTATION('',(#5241),#5245);
#5241 = LINE('',#5242,#5243);
#5242 = CARTESIAN_POINT('',(-3.5,2.));
#5243 = VECTOR('',#5244,1.);
#5244 = DIRECTION('',(0.,-1.));
#5245 = ( GEOMETRIC_REPRESENTATION_CONTEXT(2) 
PARAMETRIC_REPRESENTATION_CONTEXT() REPRESENTATION_CONTEXT('2D SPACE',''
  ) );
#5246 = ORIENTED_EDGE('',*,*,#5102,.T.);
#5247 = ORIENTED_EDGE('',*,*,#4400,.F.);
#5248 = ORIENTED_EDGE('',*,*,#5179,.F.);
#5249 = ADVANCED_FACE('',(#5250),#4473,.F.);
#5250 = FACE_BOUND('',#5251,.T.);
#5251 = EDGE_LOOP('',(#5252,#5281,#5302,#5303));
#5252 = ORIENTED_EDGE('',*,*,#5253,.F.);
#5253 = EDGE_CURVE('',#5254,#5254,#5256,.T.);
#5254 = VERTEX_POINT('',#5255);
#5255 = CARTESIAN_POINT('',(1.25,0.,238.));
#5256 = SURFACE_CURVE('',#5257,(#5262,#5269),.PCURVE_S1.);
#5257 = CIRCLE('',#5258,1.25);
#5258 = AXIS2_PLACEMENT_3D('',#5259,#5260,#5261);
#5259 = CARTESIAN_POINT('',(0.,0.,238.));
#5260 = DIRECTION('',(0.,0.,1.));
#5261 = DIRECTION('',(1.,0.,0.));
#5262 = PCURVE('',#4473,#5263);
#5263 = DEFINITIONAL_REPRESENTATION('',(#5264),#5268);
#5264 = LINE('',#5265,#5266);
#5265 = CARTESIAN_POINT('',(-0.,0.));
#5266 = VECTOR('',#5267,1.);
#5267 = DIRECTION('',(-1.,0.));
#5268 = ( GEOMETRIC_REPRESENTATION_CONTEXT(2) 
PARAMETRIC_REPRESENTATION_CONTEXT() REPRESENTATION_CONTEXT('2D SPACE',''
  ) );
#5269 = PCURVE('',#5270,#5275);
#5270 = PLANE('',#5271);
#5271 = AXIS2_PLACEMENT_3D('',#5272,#5273,#5274);
#5272 = CARTESIAN_POINT('',(-6.837200662697E-17,8.571706328947E-17,238.)
  );
#5273 = DIRECTION('',(0.,0.,1.));
#5274 = DIRECTION('',(1.,0.,-0.));
#5275 = DEFINITIONAL_REPRESENTATION('',(#5276),#5280);
#5276 = CIRCLE('',#5277,1.25);
#5277 = AXIS2_PLACEMENT_2D('',#5278,#5279);
#5278 = CARTESIAN_POINT('',(6.837200662697E-17,-8.571706328947E-17));
#5279 = DIRECTION('',(1.,0.));
#5280 = ( GEOMETRIC_REPRESENTATION_CONTEXT(2) 
PARAMETRIC_REPRESENTATION_CONTEXT() REPRESENTATION_CONTEXT('2D SPACE',''
  ) );
#5281 = ORIENTED_EDGE('',*,*,#5282,.T.);
#5282 = EDGE_CURVE('',#5254,#4453,#5283,.T.);
#5283 = SEAM_CURVE('',#5284,(#5288,#5295),.PCURVE_S1.);
#5284 = LINE('',#5285,#5286);
#5285 = CARTESIAN_POINT('',(1.25,0.,238.));
#5286 = VECTOR('',#5287,1.);
#5287 = DIRECTION('',(0.,0.,1.));
#5288 = PCURVE('',#4473,#5289);
#5289 = DEFINITIONAL_REPRESENTATION('',(#5290),#5294);
#5290 = LINE('',#5291,#5292);
#5291 = CARTESIAN_POINT('',(-6.28318530718,0.));
#5292 = VECTOR('',#5293,1.);
#5293 = DIRECTION('',(-0.,-1.));
#5294 = ( GEOMETRIC_REPRESENTATION_CONTEXT(2) 
PARAMETRIC_REPRESENTATION_CONTEXT() REPRESENTATION_CONTEXT('2D SPACE',''
  ) );
#5295 = PCURVE('',#4473,#5296);
#5296 = DEFINITIONAL_REPRESENTATION('',(#5297),#5301);
#5297 = LINE('',#5298,#5299);
#5298 = CARTESIAN_POINT('',(-0.,0.));
#5299 = VECTOR('',#5300,1.);
#5300 = DIRECTION('',(-0.,-1.));
#5301 = ( GEOMETRIC_REPRESENTATION_CONTEXT(2) 
PARAMETRIC_REPRESENTATION_CONTEXT() REPRESENTATION_CONTEXT('2D SPACE',''
  ) );
#5302 = ORIENTED_EDGE('',*,*,#4452,.F.);
#5303 = ORIENTED_EDGE('',*,*,#5282,.F.);
#5304 = ADVANCED_FACE('',(#5305),#4504,.T.);
#5305 = FACE_BOUND('',#5306,.T.);
#5306 = EDGE_LOOP('',(#5307,#5332,#5353,#5354));
#5307 = ORIENTED_EDGE('',*,*,#5308,.F.);
#5308 = EDGE_CURVE('',#5309,#5311,#5313,.T.);
#5309 = VERTEX_POINT('',#5310);
#5310 = CARTESIAN_POINT('',(10.,-2.,244.));
#5311 = VERTEX_POINT('',#5312);
#5312 = CARTESIAN_POINT('',(10.,2.,244.));
#5313 = SURFACE_CURVE('',#5314,(#5318,#5325),.PCURVE_S1.);
#5314 = LINE('',#5315,#5316);
#5315 = CARTESIAN_POINT('',(10.,-2.,244.));
#5316 = VECTOR('',#5317,1.);
#5317 = DIRECTION('',(0.,1.,0.));
#5318 = PCURVE('',#4504,#5319);
#5319 = DEFINITIONAL_REPRESENTATION('',(#5320),#5324);
#5320 = LINE('',#5321,#5322);
#5321 = CARTESIAN_POINT('',(0.,0.));
#5322 = VECTOR('',#5323,1.);
#5323 = DIRECTION('',(1.,0.));
#5324 = ( GEOMETRIC_REPRESENTATION_CONTEXT(2) 
PARAMETRIC_REPRESENTATION_CONTEXT() REPRESENTATION_CONTEXT('2D SPACE',''
  ) );
#5325 = PCURVE('',#4772,#5326);
#5326 = DEFINITIONAL_REPRESENTATION('',(#5327),#5331);
#5327 = LINE('',#5328,#5329);
#5328 = CARTESIAN_POINT('',(10.,-2.));
#5329 = VECTOR('',#5330,1.);
#5330 = DIRECTION('',(0.,1.));
#5331 = ( GEOMETRIC_REPRESENTATION_CONTEXT(2) 
PARAMETRIC_REPRESENTATION_CONTEXT() REPRESENTATION_CONTEXT('2D SPACE',''
  ) );
#5332 = ORIENTED_EDGE('',*,*,#5333,.T.);
#5333 = EDGE_CURVE('',#5309,#4490,#5334,.T.);
#5334 = SURFACE_CURVE('',#5335,(#5339,#5346),.PCURVE_S1.);
#5335 = LINE('',#5336,#5337);
#5336 = CARTESIAN_POINT('',(10.,-2.,244.));
#5337 = VECTOR('',#5338,1.);
#5338 = DIRECTION('',(0.,0.,1.));
#5339 = PCURVE('',#4504,#5340);
#5340 = DEFINITIONAL_REPRESENTATION('',(#5341),#5345);
#5341 = LINE('',#5342,#5343);
#5342 = CARTESIAN_POINT('',(0.,0.));
#5343 = VECTOR('',#5344,1.);
#5344 = DIRECTION('',(0.,-1.));
#5345 = ( GEOMETRIC_REPRESENTATION_CONTEXT(2) 
PARAMETRIC_REPRESENTATION_CONTEXT() REPRESENTATION_CONTEXT('2D SPACE',''
  ) );
#5346 = PCURVE('',#4530,#5347);
#5347 = DEFINITIONAL_REPRESENTATION('',(#5348),#5352);
#5348 = LINE('',#5349,#5350);
#5349 = CARTESIAN_POINT('',(7.,0.));
#5350 = VECTOR('',#5351,1.);
#5351 = DIRECTION('',(0.,-1.));
#5352 = ( GEOMETRIC_REPRESENTATION_CONTEXT(2) 
PARAMETRIC_REPRESENTATION_CONTEXT() REPRESENTATION_CONTEXT('2D SPACE',''
  ) );
#5353 = ORIENTED_EDGE('',*,*,#4487,.F.);
#5354 = ORIENTED_EDGE('',*,*,#5355,.F.);
#5355 = EDGE_CURVE('',#5311,#4488,#5356,.T.);
#5356 = SURFACE_CURVE('',#5357,(#5361,#5368),.PCURVE_S1.);
#5357 = LINE('',#5358,#5359);
#5358 = CARTESIAN_POINT('',(10.,2.,244.));
#5359 = VECTOR('',#5360,1.);
#5360 = DIRECTION('',(0.,0.,1.));
#5361 = PCURVE('',#4504,#5362);
#5362 = DEFINITIONAL_REPRESENTATION('',(#5363),#5367);
#5363 = LINE('',#5364,#5365);
#5364 = CARTESIAN_POINT('',(4.,0.));
#5365 = VECTOR('',#5366,1.);
#5366 = DIRECTION('',(0.,-1.));
#5367 = ( GEOMETRIC_REPRESENTATION_CONTEXT(2) 
PARAMETRIC_REPRESENTATION_CONTEXT() REPRESENTATION_CONTEXT('2D SPACE',''
  ) );
#5368 = PCURVE('',#4580,#5369);
#5369 = DEFINITIONAL_REPRESENTATION('',(#5370),#5374);
#5370 = LINE('',#5371,#5372);
#5371 = CARTESIAN_POINT('',(0.,-0.));
#5372 = VECTOR('',#5373,1.);
#5373 = DIRECTION('',(0.,-1.));
#5374 = ( GEOMETRIC_REPRESENTATION_CONTEXT(2) 
PARAMETRIC_REPRESENTATION_CONTEXT() REPRESENTATION_CONTEXT('2D SPACE',''
  ) );
#5375 = ADVANCED_FACE('',(#5376),#4580,.T.);
#5376 = FACE_BOUND('',#5377,.T.);
#5377 = EDGE_LOOP('',(#5378,#5401,#5402,#5403,#5426));
#5378 = ORIENTED_EDGE('',*,*,#5379,.F.);
#5379 = EDGE_CURVE('',#5311,#5380,#5382,.T.);
#5380 = VERTEX_POINT('',#5381);
#5381 = CARTESIAN_POINT('',(3.464101615138,2.,244.));
#5382 = SURFACE_CURVE('',#5383,(#5387,#5394),.PCURVE_S1.);
#5383 = LINE('',#5384,#5385);
#5384 = CARTESIAN_POINT('',(10.,2.,244.));
#5385 = VECTOR('',#5386,1.);
#5386 = DIRECTION('',(-1.,0.,0.));
#5387 = PCURVE('',#4580,#5388);
#5388 = DEFINITIONAL_REPRESENTATION('',(#5389),#5393);
#5389 = LINE('',#5390,#5391);
#5390 = CARTESIAN_POINT('',(0.,-0.));
#5391 = VECTOR('',#5392,1.);
#5392 = DIRECTION('',(1.,0.));
#5393 = ( GEOMETRIC_REPRESENTATION_CONTEXT(2) 
PARAMETRIC_REPRESENTATION_CONTEXT() REPRESENTATION_CONTEXT('2D SPACE',''
  ) );
#5394 = PCURVE('',#4772,#5395);
#5395 = DEFINITIONAL_REPRESENTATION('',(#5396),#5400);
#5396 = LINE('',#5397,#5398);
#5397 = CARTESIAN_POINT('',(10.,2.));
#5398 = VECTOR('',#5399,1.);
#5399 = DIRECTION('',(-1.,0.));
#5400 = ( GEOMETRIC_REPRESENTATION_CONTEXT(2) 
PARAMETRIC_REPRESENTATION_CONTEXT() REPRESENTATION_CONTEXT('2D SPACE',''
  ) );
#5401 = ORIENTED_EDGE('',*,*,#5355,.T.);
#5402 = ORIENTED_EDGE('',*,*,#4567,.F.);
#5403 = ORIENTED_EDGE('',*,*,#5404,.F.);
#5404 = EDGE_CURVE('',#5405,#4542,#5407,.T.);
#5405 = VERTEX_POINT('',#5406);
#5406 = CARTESIAN_POINT('',(3.,2.,244.));
#5407 = SURFACE_CURVE('',#5408,(#5412,#5419),.PCURVE_S1.);
#5408 = LINE('',#5409,#5410);
#5409 = CARTESIAN_POINT('',(3.,2.,244.));
#5410 = VECTOR('',#5411,1.);
#5411 = DIRECTION('',(0.,0.,1.));
#5412 = PCURVE('',#4580,#5413);
#5413 = DEFINITIONAL_REPRESENTATION('',(#5414),#5418);
#5414 = LINE('',#5415,#5416);
#5415 = CARTESIAN_POINT('',(7.,0.));
#5416 = VECTOR('',#5417,1.);
#5417 = DIRECTION('',(0.,-1.));
#5418 = ( GEOMETRIC_REPRESENTATION_CONTEXT(2) 
PARAMETRIC_REPRESENTATION_CONTEXT() REPRESENTATION_CONTEXT('2D SPACE',''
  ) );
#5419 = PCURVE('',#4556,#5420);
#5420 = DEFINITIONAL_REPRESENTATION('',(#5421),#5425);
#5421 = LINE('',#5422,#5423);
#5422 = CARTESIAN_POINT('',(0.,0.));
#5423 = VECTOR('',#5424,1.);
#5424 = DIRECTION('',(0.,-1.));
#5425 = ( GEOMETRIC_REPRESENTATION_CONTEXT(2) 
PARAMETRIC_REPRESENTATION_CONTEXT() REPRESENTATION_CONTEXT('2D SPACE',''
  ) );
#5426 = ORIENTED_EDGE('',*,*,#5427,.F.);
#5427 = EDGE_CURVE('',#5380,#5405,#5428,.T.);
#5428 = SURFACE_CURVE('',#5429,(#5433,#5440),.PCURVE_S1.);
#5429 = LINE('',#5430,#5431);
#5430 = CARTESIAN_POINT('',(10.,2.,244.));
#5431 = VECTOR('',#5432,1.);
#5432 = DIRECTION('',(-1.,0.,0.));
#5433 = PCURVE('',#4580,#5434);
#5434 = DEFINITIONAL_REPRESENTATION('',(#5435),#5439);
#5435 = LINE('',#5436,#5437);
#5436 = CARTESIAN_POINT('',(0.,-0.));
#5437 = VECTOR('',#5438,1.);
#5438 = DIRECTION('',(1.,0.));
#5439 = ( GEOMETRIC_REPRESENTATION_CONTEXT(2) 
PARAMETRIC_REPRESENTATION_CONTEXT() REPRESENTATION_CONTEXT('2D SPACE',''
  ) );
#5440 = PCURVE('',#5441,#5446);
#5441 = PLANE('',#5442);
#5442 = AXIS2_PLACEMENT_3D('',#5443,#5444,#5445);
#5443 = CARTESIAN_POINT('',(6.5,0.,244.));
#5444 = DIRECTION('',(0.,0.,1.));
#5445 = DIRECTION('',(1.,0.,0.));
#5446 = DEFINITIONAL_REPRESENTATION('',(#5447),#5451);
#5447 = LINE('',#5448,#5449);
#5448 = CARTESIAN_POINT('',(3.5,2.));
#5449 = VECTOR('',#5450,1.);
#5450 = DIRECTION('',(-1.,0.));
#5451 = ( GEOMETRIC_REPRESENTATION_CONTEXT(2) 
PARAMETRIC_REPRESENTATION_CONTEXT() REPRESENTATION_CONTEXT('2D SPACE',''
  ) );
#5452 = ADVANCED_FACE('',(#5453),#4530,.T.);
#5453 = FACE_BOUND('',#5454,.T.);
#5454 = EDGE_LOOP('',(#5455,#5480,#5501,#5502,#5503));
#5455 = ORIENTED_EDGE('',*,*,#5456,.F.);
#5456 = EDGE_CURVE('',#5457,#5459,#5461,.T.);
#5457 = VERTEX_POINT('',#5458);
#5458 = CARTESIAN_POINT('',(3.,-2.,244.));
#5459 = VERTEX_POINT('',#5460);
#5460 = CARTESIAN_POINT('',(3.464101615138,-2.,244.));
#5461 = SURFACE_CURVE('',#5462,(#5466,#5473),.PCURVE_S1.);
#5462 = LINE('',#5463,#5464);
#5463 = CARTESIAN_POINT('',(3.,-2.,244.));
#5464 = VECTOR('',#5465,1.);
#5465 = DIRECTION('',(1.,0.,0.));
#5466 = PCURVE('',#4530,#5467);
#5467 = DEFINITIONAL_REPRESENTATION('',(#5468),#5472);
#5468 = LINE('',#5469,#5470);
#5469 = CARTESIAN_POINT('',(0.,0.));
#5470 = VECTOR('',#5471,1.);
#5471 = DIRECTION('',(1.,0.));
#5472 = ( GEOMETRIC_REPRESENTATION_CONTEXT(2) 
PARAMETRIC_REPRESENTATION_CONTEXT() REPRESENTATION_CONTEXT('2D SPACE',''
  ) );
#5473 = PCURVE('',#5441,#5474);
#5474 = DEFINITIONAL_REPRESENTATION('',(#5475),#5479);
#5475 = LINE('',#5476,#5477);
#5476 = CARTESIAN_POINT('',(-3.5,-2.));
#5477 = VECTOR('',#5478,1.);
#5478 = DIRECTION('',(1.,0.));
#5479 = ( GEOMETRIC_REPRESENTATION_CONTEXT(2) 
PARAMETRIC_REPRESENTATION_CONTEXT() REPRESENTATION_CONTEXT('2D SPACE',''
  ) );
#5480 = ORIENTED_EDGE('',*,*,#5481,.T.);
#5481 = EDGE_CURVE('',#5457,#4516,#5482,.T.);
#5482 = SURFACE_CURVE('',#5483,(#5487,#5494),.PCURVE_S1.);
#5483 = LINE('',#5484,#5485);
#5484 = CARTESIAN_POINT('',(3.,-2.,244.));
#5485 = VECTOR('',#5486,1.);
#5486 = DIRECTION('',(0.,0.,1.));
#5487 = PCURVE('',#4530,#5488);
#5488 = DEFINITIONAL_REPRESENTATION('',(#5489),#5493);
#5489 = LINE('',#5490,#5491);
#5490 = CARTESIAN_POINT('',(0.,0.));
#5491 = VECTOR('',#5492,1.);
#5492 = DIRECTION('',(0.,-1.));
#5493 = ( GEOMETRIC_REPRESENTATION_CONTEXT(2) 
PARAMETRIC_REPRESENTATION_CONTEXT() REPRESENTATION_CONTEXT('2D SPACE',''
  ) );
#5494 = PCURVE('',#4556,#5495);
#5495 = DEFINITIONAL_REPRESENTATION('',(#5496),#5500);
#5496 = LINE('',#5497,#5498);
#5497 = CARTESIAN_POINT('',(4.,0.));
#5498 = VECTOR('',#5499,1.);
#5499 = DIRECTION('',(0.,-1.));
#5500 = ( GEOMETRIC_REPRESENTATION_CONTEXT(2) 
PARAMETRIC_REPRESENTATION_CONTEXT() REPRESENTATION_CONTEXT('2D SPACE',''
  ) );
#5501 = ORIENTED_EDGE('',*,*,#4515,.F.);
#5502 = ORIENTED_EDGE('',*,*,#5333,.F.);
#5503 = ORIENTED_EDGE('',*,*,#5504,.F.);
#5504 = EDGE_CURVE('',#5459,#5309,#5505,.T.);
#5505 = SURFACE_CURVE('',#5506,(#5510,#5517),.PCURVE_S1.);
#5506 = LINE('',#5507,#5508);
#5507 = CARTESIAN_POINT('',(3.,-2.,244.));
#5508 = VECTOR('',#5509,1.);
#5509 = DIRECTION('',(1.,0.,0.));
#5510 = PCURVE('',#4530,#5511);
#5511 = DEFINITIONAL_REPRESENTATION('',(#5512),#5516);
#5512 = LINE('',#5513,#5514);
#5513 = CARTESIAN_POINT('',(0.,0.));
#5514 = VECTOR('',#5515,1.);
#5515 = DIRECTION('',(1.,0.));
#5516 = ( GEOMETRIC_REPRESENTATION_CONTEXT(2) 
PARAMETRIC_REPRESENTATION_CONTEXT() REPRESENTATION_CONTEXT('2D SPACE',''
  ) );
#5517 = PCURVE('',#4772,#5518);
#5518 = DEFINITIONAL_REPRESENTATION('',(#5519),#5523);
#5519 = LINE('',#5520,#5521);
#5520 = CARTESIAN_POINT('',(3.,-2.));
#5521 = VECTOR('',#5522,1.);
#5522 = DIRECTION('',(1.,0.));
#5523 = ( GEOMETRIC_REPRESENTATION_CONTEXT(2) 
PARAMETRIC_REPRESENTATION_CONTEXT() REPRESENTATION_CONTEXT('2D SPACE',''
  ) );
#5524 = ADVANCED_FACE('',(#5525),#4556,.T.);
#5525 = FACE_BOUND('',#5526,.T.);
#5526 = EDGE_LOOP('',(#5527,#5548,#5549,#5550));
#5527 = ORIENTED_EDGE('',*,*,#5528,.F.);
#5528 = EDGE_CURVE('',#5405,#5457,#5529,.T.);
#5529 = SURFACE_CURVE('',#5530,(#5534,#5541),.PCURVE_S1.);
#5530 = LINE('',#5531,#5532);
#5531 = CARTESIAN_POINT('',(3.,2.,244.));
#5532 = VECTOR('',#5533,1.);
#5533 = DIRECTION('',(0.,-1.,0.));
#5534 = PCURVE('',#4556,#5535);
#5535 = DEFINITIONAL_REPRESENTATION('',(#5536),#5540);
#5536 = LINE('',#5537,#5538);
#5537 = CARTESIAN_POINT('',(0.,0.));
#5538 = VECTOR('',#5539,1.);
#5539 = DIRECTION('',(1.,0.));
#5540 = ( GEOMETRIC_REPRESENTATION_CONTEXT(2) 
PARAMETRIC_REPRESENTATION_CONTEXT() REPRESENTATION_CONTEXT('2D SPACE',''
  ) );
#5541 = PCURVE('',#5441,#5542);
#5542 = DEFINITIONAL_REPRESENTATION('',(#5543),#5547);
#5543 = LINE('',#5544,#5545);
#5544 = CARTESIAN_POINT('',(-3.5,2.));
#5545 = VECTOR('',#5546,1.);
#5546 = DIRECTION('',(0.,-1.));
#5547 = ( GEOMETRIC_REPRESENTATION_CONTEXT(2) 
PARAMETRIC_REPRESENTATION_CONTEXT() REPRESENTATION_CONTEXT('2D SPACE',''
  ) );
#5548 = ORIENTED_EDGE('',*,*,#5404,.T.);
#5549 = ORIENTED_EDGE('',*,*,#4541,.F.);
#5550 = ORIENTED_EDGE('',*,*,#5481,.F.);
#5551 = ADVANCED_FACE('',(#5552),#4610,.T.);
#5552 = FACE_BOUND('',#5553,.T.);
#5553 = EDGE_LOOP('',(#5554,#5579,#5600,#5601));
#5554 = ORIENTED_EDGE('',*,*,#5555,.F.);
#5555 = EDGE_CURVE('',#5556,#5558,#5560,.T.);
#5556 = VERTEX_POINT('',#5557);
#5557 = CARTESIAN_POINT('',(2.,10.,244.));
#5558 = VERTEX_POINT('',#5559);
#5559 = CARTESIAN_POINT('',(-2.,10.,244.));
#5560 = SURFACE_CURVE('',#5561,(#5565,#5572),.PCURVE_S1.);
#5561 = LINE('',#5562,#5563);
#5562 = CARTESIAN_POINT('',(2.,10.,244.));
#5563 = VECTOR('',#5564,1.);
#5564 = DIRECTION('',(-1.,1.110223024625E-16,0.));
#5565 = PCURVE('',#4610,#5566);
#5566 = DEFINITIONAL_REPRESENTATION('',(#5567),#5571);
#5567 = LINE('',#5568,#5569);
#5568 = CARTESIAN_POINT('',(0.,0.));
#5569 = VECTOR('',#5570,1.);
#5570 = DIRECTION('',(1.,0.));
#5571 = ( GEOMETRIC_REPRESENTATION_CONTEXT(2) 
PARAMETRIC_REPRESENTATION_CONTEXT() REPRESENTATION_CONTEXT('2D SPACE',''
  ) );
#5572 = PCURVE('',#4772,#5573);
#5573 = DEFINITIONAL_REPRESENTATION('',(#5574),#5578);
#5574 = LINE('',#5575,#5576);
#5575 = CARTESIAN_POINT('',(2.,10.));
#5576 = VECTOR('',#5577,1.);
#5577 = DIRECTION('',(-1.,1.110223024625E-16));
#5578 = ( GEOMETRIC_REPRESENTATION_CONTEXT(2) 
PARAMETRIC_REPRESENTATION_CONTEXT() REPRESENTATION_CONTEXT('2D SPACE',''
  ) );
#5579 = ORIENTED_EDGE('',*,*,#5580,.T.);
#5580 = EDGE_CURVE('',#5556,#4596,#5581,.T.);
#5581 = SURFACE_CURVE('',#5582,(#5586,#5593),.PCURVE_S1.);
#5582 = LINE('',#5583,#5584);
#5583 = CARTESIAN_POINT('',(2.,10.,244.));
#5584 = VECTOR('',#5585,1.);
#5585 = DIRECTION('',(0.,0.,1.));
#5586 = PCURVE('',#4610,#5587);
#5587 = DEFINITIONAL_REPRESENTATION('',(#5588),#5592);
#5588 = LINE('',#5589,#5590);
#5589 = CARTESIAN_POINT('',(0.,0.));
#5590 = VECTOR('',#5591,1.);
#5591 = DIRECTION('',(0.,-1.));
#5592 = ( GEOMETRIC_REPRESENTATION_CONTEXT(2) 
PARAMETRIC_REPRESENTATION_CONTEXT() REPRESENTATION_CONTEXT('2D SPACE',''
  ) );
#5593 = PCURVE('',#4636,#5594);
#5594 = DEFINITIONAL_REPRESENTATION('',(#5595),#5599);
#5595 = LINE('',#5596,#5597);
#5596 = CARTESIAN_POINT('',(7.,0.));
#5597 = VECTOR('',#5598,1.);
#5598 = DIRECTION('',(0.,-1.));
#5599 = ( GEOMETRIC_REPRESENTATION_CONTEXT(2) 
PARAMETRIC_REPRESENTATION_CONTEXT() REPRESENTATION_CONTEXT('2D SPACE',''
  ) );
#5600 = ORIENTED_EDGE('',*,*,#4593,.F.);
#5601 = ORIENTED_EDGE('',*,*,#5602,.F.);
#5602 = EDGE_CURVE('',#5558,#4594,#5603,.T.);
#5603 = SURFACE_CURVE('',#5604,(#5608,#5615),.PCURVE_S1.);
#5604 = LINE('',#5605,#5606);
#5605 = CARTESIAN_POINT('',(-2.,10.,244.));
#5606 = VECTOR('',#5607,1.);
#5607 = DIRECTION('',(0.,0.,1.));
#5608 = PCURVE('',#4610,#5609);
#5609 = DEFINITIONAL_REPRESENTATION('',(#5610),#5614);
#5610 = LINE('',#5611,#5612);
#5611 = CARTESIAN_POINT('',(4.,0.));
#5612 = VECTOR('',#5613,1.);
#5613 = DIRECTION('',(0.,-1.));
#5614 = ( GEOMETRIC_REPRESENTATION_CONTEXT(2) 
PARAMETRIC_REPRESENTATION_CONTEXT() REPRESENTATION_CONTEXT('2D SPACE',''
  ) );
#5615 = PCURVE('',#4686,#5616);
#5616 = DEFINITIONAL_REPRESENTATION('',(#5617),#5621);
#5617 = LINE('',#5618,#5619);
#5618 = CARTESIAN_POINT('',(0.,0.));
#5619 = VECTOR('',#5620,1.);
#5620 = DIRECTION('',(0.,-1.));
#5621 = ( GEOMETRIC_REPRESENTATION_CONTEXT(2) 
PARAMETRIC_REPRESENTATION_CONTEXT() REPRESENTATION_CONTEXT('2D SPACE',''
  ) );
#5622 = ADVANCED_FACE('',(#5623),#4686,.T.);
#5623 = FACE_BOUND('',#5624,.T.);
#5624 = EDGE_LOOP('',(#5625,#5648,#5649,#5650,#5673));
#5625 = ORIENTED_EDGE('',*,*,#5626,.F.);
#5626 = EDGE_CURVE('',#5558,#5627,#5629,.T.);
#5627 = VERTEX_POINT('',#5628);
#5628 = CARTESIAN_POINT('',(-2.,3.464101615138,244.));
#5629 = SURFACE_CURVE('',#5630,(#5634,#5641),.PCURVE_S1.);
#5630 = LINE('',#5631,#5632);
#5631 = CARTESIAN_POINT('',(-2.,10.,244.));
#5632 = VECTOR('',#5633,1.);
#5633 = DIRECTION('',(-1.110223024625E-16,-1.,0.));
#5634 = PCURVE('',#4686,#5635);
#5635 = DEFINITIONAL_REPRESENTATION('',(#5636),#5640);
#5636 = LINE('',#5637,#5638);
#5637 = CARTESIAN_POINT('',(0.,0.));
#5638 = VECTOR('',#5639,1.);
#5639 = DIRECTION('',(1.,0.));
#5640 = ( GEOMETRIC_REPRESENTATION_CONTEXT(2) 
PARAMETRIC_REPRESENTATION_CONTEXT() REPRESENTATION_CONTEXT('2D SPACE',''
  ) );
#5641 = PCURVE('',#4772,#5642);
#5642 = DEFINITIONAL_REPRESENTATION('',(#5643),#5647);
#5643 = LINE('',#5644,#5645);
#5644 = CARTESIAN_POINT('',(-2.,10.));
#5645 = VECTOR('',#5646,1.);
#5646 = DIRECTION('',(-1.110223024625E-16,-1.));
#5647 = ( GEOMETRIC_REPRESENTATION_CONTEXT(2) 
PARAMETRIC_REPRESENTATION_CONTEXT() REPRESENTATION_CONTEXT('2D SPACE',''
  ) );
#5648 = ORIENTED_EDGE('',*,*,#5602,.T.);
#5649 = ORIENTED_EDGE('',*,*,#4673,.F.);
#5650 = ORIENTED_EDGE('',*,*,#5651,.F.);
#5651 = EDGE_CURVE('',#5652,#4648,#5654,.T.);
#5652 = VERTEX_POINT('',#5653);
#5653 = CARTESIAN_POINT('',(-2.,3.,244.));
#5654 = SURFACE_CURVE('',#5655,(#5659,#5666),.PCURVE_S1.);
#5655 = LINE('',#5656,#5657);
#5656 = CARTESIAN_POINT('',(-2.,3.,244.));
#5657 = VECTOR('',#5658,1.);
#5658 = DIRECTION('',(0.,0.,1.));
#5659 = PCURVE('',#4686,#5660);
#5660 = DEFINITIONAL_REPRESENTATION('',(#5661),#5665);
#5661 = LINE('',#5662,#5663);
#5662 = CARTESIAN_POINT('',(7.,0.));
#5663 = VECTOR('',#5664,1.);
#5664 = DIRECTION('',(0.,-1.));
#5665 = ( GEOMETRIC_REPRESENTATION_CONTEXT(2) 
PARAMETRIC_REPRESENTATION_CONTEXT() REPRESENTATION_CONTEXT('2D SPACE',''
  ) );
#5666 = PCURVE('',#4662,#5667);
#5667 = DEFINITIONAL_REPRESENTATION('',(#5668),#5672);
#5668 = LINE('',#5669,#5670);
#5669 = CARTESIAN_POINT('',(0.,0.));
#5670 = VECTOR('',#5671,1.);
#5671 = DIRECTION('',(0.,-1.));
#5672 = ( GEOMETRIC_REPRESENTATION_CONTEXT(2) 
PARAMETRIC_REPRESENTATION_CONTEXT() REPRESENTATION_CONTEXT('2D SPACE',''
  ) );
#5673 = ORIENTED_EDGE('',*,*,#5674,.F.);
#5674 = EDGE_CURVE('',#5627,#5652,#5675,.T.);
#5675 = SURFACE_CURVE('',#5676,(#5680,#5687),.PCURVE_S1.);
#5676 = LINE('',#5677,#5678);
#5677 = CARTESIAN_POINT('',(-2.,10.,244.));
#5678 = VECTOR('',#5679,1.);
#5679 = DIRECTION('',(-1.110223024625E-16,-1.,0.));
#5680 = PCURVE('',#4686,#5681);
#5681 = DEFINITIONAL_REPRESENTATION('',(#5682),#5686);
#5682 = LINE('',#5683,#5684);
#5683 = CARTESIAN_POINT('',(0.,0.));
#5684 = VECTOR('',#5685,1.);
#5685 = DIRECTION('',(1.,0.));
#5686 = ( GEOMETRIC_REPRESENTATION_CONTEXT(2) 
PARAMETRIC_REPRESENTATION_CONTEXT() REPRESENTATION_CONTEXT('2D SPACE',''
  ) );
#5687 = PCURVE('',#5688,#5693);
#5688 = PLANE('',#5689);
#5689 = AXIS2_PLACEMENT_3D('',#5690,#5691,#5692);
#5690 = CARTESIAN_POINT('',(7.216449660064E-16,6.5,244.));
#5691 = DIRECTION('',(0.,0.,1.));
#5692 = DIRECTION('',(1.110223024625E-16,1.,0.));
#5693 = DEFINITIONAL_REPRESENTATION('',(#5694),#5698);
#5694 = LINE('',#5695,#5696);
#5695 = CARTESIAN_POINT('',(3.5,2.));
#5696 = VECTOR('',#5697,1.);
#5697 = DIRECTION('',(-1.,0.));
#5698 = ( GEOMETRIC_REPRESENTATION_CONTEXT(2) 
PARAMETRIC_REPRESENTATION_CONTEXT() REPRESENTATION_CONTEXT('2D SPACE',''
  ) );
#5699 = ADVANCED_FACE('',(#5700),#4636,.T.);
#5700 = FACE_BOUND('',#5701,.T.);
#5701 = EDGE_LOOP('',(#5702,#5727,#5748,#5749,#5750));
#5702 = ORIENTED_EDGE('',*,*,#5703,.F.);
#5703 = EDGE_CURVE('',#5704,#5706,#5708,.T.);
#5704 = VERTEX_POINT('',#5705);
#5705 = CARTESIAN_POINT('',(2.,3.,244.));
#5706 = VERTEX_POINT('',#5707);
#5707 = CARTESIAN_POINT('',(2.,3.464101615138,244.));
#5708 = SURFACE_CURVE('',#5709,(#5713,#5720),.PCURVE_S1.);
#5709 = LINE('',#5710,#5711);
#5710 = CARTESIAN_POINT('',(2.,3.,244.));
#5711 = VECTOR('',#5712,1.);
#5712 = DIRECTION('',(1.110223024625E-16,1.,0.));
#5713 = PCURVE('',#4636,#5714);
#5714 = DEFINITIONAL_REPRESENTATION('',(#5715),#5719);
#5715 = LINE('',#5716,#5717);
#5716 = CARTESIAN_POINT('',(0.,0.));
#5717 = VECTOR('',#5718,1.);
#5718 = DIRECTION('',(1.,0.));
#5719 = ( GEOMETRIC_REPRESENTATION_CONTEXT(2) 
PARAMETRIC_REPRESENTATION_CONTEXT() REPRESENTATION_CONTEXT('2D SPACE',''
  ) );
#5720 = PCURVE('',#5688,#5721);
#5721 = DEFINITIONAL_REPRESENTATION('',(#5722),#5726);
#5722 = LINE('',#5723,#5724);
#5723 = CARTESIAN_POINT('',(-3.5,-2.));
#5724 = VECTOR('',#5725,1.);
#5725 = DIRECTION('',(1.,0.));
#5726 = ( GEOMETRIC_REPRESENTATION_CONTEXT(2) 
PARAMETRIC_REPRESENTATION_CONTEXT() REPRESENTATION_CONTEXT('2D SPACE',''
  ) );
#5727 = ORIENTED_EDGE('',*,*,#5728,.T.);
#5728 = EDGE_CURVE('',#5704,#4622,#5729,.T.);
#5729 = SURFACE_CURVE('',#5730,(#5734,#5741),.PCURVE_S1.);
#5730 = LINE('',#5731,#5732);
#5731 = CARTESIAN_POINT('',(2.,3.,244.));
#5732 = VECTOR('',#5733,1.);
#5733 = DIRECTION('',(0.,0.,1.));
#5734 = PCURVE('',#4636,#5735);
#5735 = DEFINITIONAL_REPRESENTATION('',(#5736),#5740);
#5736 = LINE('',#5737,#5738);
#5737 = CARTESIAN_POINT('',(0.,0.));
#5738 = VECTOR('',#5739,1.);
#5739 = DIRECTION('',(0.,-1.));
#5740 = ( GEOMETRIC_REPRESENTATION_CONTEXT(2) 
PARAMETRIC_REPRESENTATION_CONTEXT() REPRESENTATION_CONTEXT('2D SPACE',''
  ) );
#5741 = PCURVE('',#4662,#5742);
#5742 = DEFINITIONAL_REPRESENTATION('',(#5743),#5747);
#5743 = LINE('',#5744,#5745);
#5744 = CARTESIAN_POINT('',(4.,0.));
#5745 = VECTOR('',#5746,1.);
#5746 = DIRECTION('',(0.,-1.));
#5747 = ( GEOMETRIC_REPRESENTATION_CONTEXT(2) 
PARAMETRIC_REPRESENTATION_CONTEXT() REPRESENTATION_CONTEXT('2D SPACE',''
  ) );
#5748 = ORIENTED_EDGE('',*,*,#4621,.F.);
#5749 = ORIENTED_EDGE('',*,*,#5580,.F.);
#5750 = ORIENTED_EDGE('',*,*,#5751,.F.);
#5751 = EDGE_CURVE('',#5706,#5556,#5752,.T.);
#5752 = SURFACE_CURVE('',#5753,(#5757,#5764),.PCURVE_S1.);
#5753 = LINE('',#5754,#5755);
#5754 = CARTESIAN_POINT('',(2.,3.,244.));
#5755 = VECTOR('',#5756,1.);
#5756 = DIRECTION('',(1.110223024625E-16,1.,0.));
#5757 = PCURVE('',#4636,#5758);
#5758 = DEFINITIONAL_REPRESENTATION('',(#5759),#5763);
#5759 = LINE('',#5760,#5761);
#5760 = CARTESIAN_POINT('',(0.,0.));
#5761 = VECTOR('',#5762,1.);
#5762 = DIRECTION('',(1.,0.));
#5763 = ( GEOMETRIC_REPRESENTATION_CONTEXT(2) 
PARAMETRIC_REPRESENTATION_CONTEXT() REPRESENTATION_CONTEXT('2D SPACE',''
  ) );
#5764 = PCURVE('',#4772,#5765);
#5765 = DEFINITIONAL_REPRESENTATION('',(#5766),#5770);
#5766 = LINE('',#5767,#5768);
#5767 = CARTESIAN_POINT('',(2.,3.));
#5768 = VECTOR('',#5769,1.);
#5769 = DIRECTION('',(1.110223024625E-16,1.));
#5770 = ( GEOMETRIC_REPRESENTATION_CONTEXT(2) 
PARAMETRIC_REPRESENTATION_CONTEXT() REPRESENTATION_CONTEXT('2D SPACE',''
  ) );
#5771 = ADVANCED_FACE('',(#5772),#4662,.T.);
#5772 = FACE_BOUND('',#5773,.T.);
#5773 = EDGE_LOOP('',(#5774,#5795,#5796,#5797));
#5774 = ORIENTED_EDGE('',*,*,#5775,.F.);
#5775 = EDGE_CURVE('',#5652,#5704,#5776,.T.);
#5776 = SURFACE_CURVE('',#5777,(#5781,#5788),.PCURVE_S1.);
#5777 = LINE('',#5778,#5779);
#5778 = CARTESIAN_POINT('',(-2.,3.,244.));
#5779 = VECTOR('',#5780,1.);
#5780 = DIRECTION('',(1.,-1.110223024625E-16,0.));
#5781 = PCURVE('',#4662,#5782);
#5782 = DEFINITIONAL_REPRESENTATION('',(#5783),#5787);
#5783 = LINE('',#5784,#5785);
#5784 = CARTESIAN_POINT('',(0.,0.));
#5785 = VECTOR('',#5786,1.);
#5786 = DIRECTION('',(1.,0.));
#5787 = ( GEOMETRIC_REPRESENTATION_CONTEXT(2) 
PARAMETRIC_REPRESENTATION_CONTEXT() REPRESENTATION_CONTEXT('2D SPACE',''
  ) );
#5788 = PCURVE('',#5688,#5789);
#5789 = DEFINITIONAL_REPRESENTATION('',(#5790),#5794);
#5790 = LINE('',#5791,#5792);
#5791 = CARTESIAN_POINT('',(-3.5,2.));
#5792 = VECTOR('',#5793,1.);
#5793 = DIRECTION('',(0.,-1.));
#5794 = ( GEOMETRIC_REPRESENTATION_CONTEXT(2) 
PARAMETRIC_REPRESENTATION_CONTEXT() REPRESENTATION_CONTEXT('2D SPACE',''
  ) );
#5795 = ORIENTED_EDGE('',*,*,#5651,.T.);
#5796 = ORIENTED_EDGE('',*,*,#4647,.F.);
#5797 = ORIENTED_EDGE('',*,*,#5728,.F.);
#5798 = ADVANCED_FACE('',(#5799),#4716,.F.);
#5799 = FACE_BOUND('',#5800,.T.);
#5800 = EDGE_LOOP('',(#5801,#5824,#5846,#5847));
#5801 = ORIENTED_EDGE('',*,*,#5802,.T.);
#5802 = EDGE_CURVE('',#4701,#5803,#5805,.T.);
#5803 = VERTEX_POINT('',#5804);
#5804 = CARTESIAN_POINT('',(10.5,0.,244.));
#5805 = SEAM_CURVE('',#5806,(#5810,#5817),.PCURVE_S1.);
#5806 = LINE('',#5807,#5808);
#5807 = CARTESIAN_POINT('',(10.5,0.,12.));
#5808 = VECTOR('',#5809,1.);
#5809 = DIRECTION('',(0.,0.,1.));
#5810 = PCURVE('',#4716,#5811);
#5811 = DEFINITIONAL_REPRESENTATION('',(#5812),#5816);
#5812 = LINE('',#5813,#5814);
#5813 = CARTESIAN_POINT('',(-0.,0.));
#5814 = VECTOR('',#5815,1.);
#5815 = DIRECTION('',(-0.,-1.));
#5816 = ( GEOMETRIC_REPRESENTATION_CONTEXT(2) 
PARAMETRIC_REPRESENTATION_CONTEXT() REPRESENTATION_CONTEXT('2D SPACE',''
  ) );
#5817 = PCURVE('',#4716,#5818);
#5818 = DEFINITIONAL_REPRESENTATION('',(#5819),#5823);
#5819 = LINE('',#5820,#5821);
#5820 = CARTESIAN_POINT('',(-6.28318530718,0.));
#5821 = VECTOR('',#5822,1.);
#5822 = DIRECTION('',(-0.,-1.));
#5823 = ( GEOMETRIC_REPRESENTATION_CONTEXT(2) 
PARAMETRIC_REPRESENTATION_CONTEXT() REPRESENTATION_CONTEXT('2D SPACE',''
  ) );
#5824 = ORIENTED_EDGE('',*,*,#5825,.T.);
#5825 = EDGE_CURVE('',#5803,#5803,#5826,.T.);
#5826 = SURFACE_CURVE('',#5827,(#5832,#5839),.PCURVE_S1.);
#5827 = CIRCLE('',#5828,10.5);
#5828 = AXIS2_PLACEMENT_3D('',#5829,#5830,#5831);
#5829 = CARTESIAN_POINT('',(0.,0.,244.));
#5830 = DIRECTION('',(0.,0.,1.));
#5831 = DIRECTION('',(1.,0.,0.));
#5832 = PCURVE('',#4716,#5833);
#5833 = DEFINITIONAL_REPRESENTATION('',(#5834),#5838);
#5834 = LINE('',#5835,#5836);
#5835 = CARTESIAN_POINT('',(-0.,-232.));
#5836 = VECTOR('',#5837,1.);
#5837 = DIRECTION('',(-1.,0.));
#5838 = ( GEOMETRIC_REPRESENTATION_CONTEXT(2) 
PARAMETRIC_REPRESENTATION_CONTEXT() REPRESENTATION_CONTEXT('2D SPACE',''
  ) );
#5839 = PCURVE('',#4772,#5840);
#5840 = DEFINITIONAL_REPRESENTATION('',(#5841),#5845);
#5841 = CIRCLE('',#5842,10.5);
#5842 = AXIS2_PLACEMENT_2D('',#5843,#5844);
#5843 = CARTESIAN_POINT('',(5.209295743007E-16,-9.230319459916E-17));
#5844 = DIRECTION('',(1.,0.));
#5845 = ( GEOMETRIC_REPRESENTATION_CONTEXT(2) 
PARAMETRIC_REPRESENTATION_CONTEXT() REPRESENTATION_CONTEXT('2D SPACE',''
  ) );
#5846 = ORIENTED_EDGE('',*,*,#5802,.F.);
#5847 = ORIENTED_EDGE('',*,*,#4700,.F.);
#5848 = ADVANCED_FACE('',(#5849,#5852),#4772,.F.);
#5849 = FACE_BOUND('',#5850,.F.);
#5850 = EDGE_LOOP('',(#5851));
#5851 = ORIENTED_EDGE('',*,*,#5825,.T.);
#5852 = FACE_BOUND('',#5853,.F.);
#5853 = EDGE_LOOP('',(#5854,#5881,#5882,#5883,#5884,#5906,#5907,#5908,
    #5909,#5931,#5932,#5933,#5934,#5956,#5957,#5958));
#5854 = ORIENTED_EDGE('',*,*,#5855,.F.);
#5855 = EDGE_CURVE('',#5380,#5706,#5856,.T.);
#5856 = SURFACE_CURVE('',#5857,(#5862,#5869),.PCURVE_S1.);
#5857 = CIRCLE('',#5858,4.);
#5858 = AXIS2_PLACEMENT_3D('',#5859,#5860,#5861);
#5859 = CARTESIAN_POINT('',(0.,0.,244.));
#5860 = DIRECTION('',(0.,0.,1.));
#5861 = DIRECTION('',(1.,0.,0.));
#5862 = PCURVE('',#4772,#5863);
#5863 = DEFINITIONAL_REPRESENTATION('',(#5864),#5868);
#5864 = CIRCLE('',#5865,4.);
#5865 = AXIS2_PLACEMENT_2D('',#5866,#5867);
#5866 = CARTESIAN_POINT('',(5.209295743007E-16,-9.230319459916E-17));
#5867 = DIRECTION('',(1.,0.));
#5868 = ( GEOMETRIC_REPRESENTATION_CONTEXT(2) 
PARAMETRIC_REPRESENTATION_CONTEXT() REPRESENTATION_CONTEXT('2D SPACE',''
  ) );
#5869 = PCURVE('',#5870,#5875);
#5870 = CYLINDRICAL_SURFACE('',#5871,4.);
#5871 = AXIS2_PLACEMENT_3D('',#5872,#5873,#5874);
#5872 = CARTESIAN_POINT('',(0.,0.,238.));
#5873 = DIRECTION('',(-0.,-0.,-1.));
#5874 = DIRECTION('',(1.,0.,0.));
#5875 = DEFINITIONAL_REPRESENTATION('',(#5876),#5880);
#5876 = LINE('',#5877,#5878);
#5877 = CARTESIAN_POINT('',(-0.,-6.));
#5878 = VECTOR('',#5879,1.);
#5879 = DIRECTION('',(-1.,0.));
#5880 = ( GEOMETRIC_REPRESENTATION_CONTEXT(2) 
PARAMETRIC_REPRESENTATION_CONTEXT() REPRESENTATION_CONTEXT('2D SPACE',''
  ) );
#5881 = ORIENTED_EDGE('',*,*,#5379,.F.);
#5882 = ORIENTED_EDGE('',*,*,#5308,.F.);
#5883 = ORIENTED_EDGE('',*,*,#5504,.F.);
#5884 = ORIENTED_EDGE('',*,*,#5885,.F.);
#5885 = EDGE_CURVE('',#4831,#5459,#5886,.T.);
#5886 = SURFACE_CURVE('',#5887,(#5892,#5899),.PCURVE_S1.);
#5887 = CIRCLE('',#5888,4.);
#5888 = AXIS2_PLACEMENT_3D('',#5889,#5890,#5891);
#5889 = CARTESIAN_POINT('',(0.,0.,244.));
#5890 = DIRECTION('',(0.,0.,1.));
#5891 = DIRECTION('',(1.,0.,0.));
#5892 = PCURVE('',#4772,#5893);
#5893 = DEFINITIONAL_REPRESENTATION('',(#5894),#5898);
#5894 = CIRCLE('',#5895,4.);
#5895 = AXIS2_PLACEMENT_2D('',#5896,#5897);
#5896 = CARTESIAN_POINT('',(5.209295743007E-16,-9.230319459916E-17));
#5897 = DIRECTION('',(1.,0.));
#5898 = ( GEOMETRIC_REPRESENTATION_CONTEXT(2) 
PARAMETRIC_REPRESENTATION_CONTEXT() REPRESENTATION_CONTEXT('2D SPACE',''
  ) );
#5899 = PCURVE('',#5870,#5900);
#5900 = DEFINITIONAL_REPRESENTATION('',(#5901),#5905);
#5901 = LINE('',#5902,#5903);
#5902 = CARTESIAN_POINT('',(-0.,-6.));
#5903 = VECTOR('',#5904,1.);
#5904 = DIRECTION('',(-1.,0.));
#5905 = ( GEOMETRIC_REPRESENTATION_CONTEXT(2) 
PARAMETRIC_REPRESENTATION_CONTEXT() REPRESENTATION_CONTEXT('2D SPACE',''
  ) );
#5906 = ORIENTED_EDGE('',*,*,#4830,.F.);
#5907 = ORIENTED_EDGE('',*,*,#4754,.F.);
#5908 = ORIENTED_EDGE('',*,*,#4982,.F.);
#5909 = ORIENTED_EDGE('',*,*,#5910,.F.);
#5910 = EDGE_CURVE('',#5078,#4957,#5911,.T.);
#5911 = SURFACE_CURVE('',#5912,(#5917,#5924),.PCURVE_S1.);
#5912 = CIRCLE('',#5913,4.);
#5913 = AXIS2_PLACEMENT_3D('',#5914,#5915,#5916);
#5914 = CARTESIAN_POINT('',(0.,0.,244.));
#5915 = DIRECTION('',(0.,0.,1.));
#5916 = DIRECTION('',(1.,0.,0.));
#5917 = PCURVE('',#4772,#5918);
#5918 = DEFINITIONAL_REPRESENTATION('',(#5919),#5923);
#5919 = CIRCLE('',#5920,4.);
#5920 = AXIS2_PLACEMENT_2D('',#5921,#5922);
#5921 = CARTESIAN_POINT('',(5.209295743007E-16,-9.230319459916E-17));
#5922 = DIRECTION('',(1.,0.));
#5923 = ( GEOMETRIC_REPRESENTATION_CONTEXT(2) 
PARAMETRIC_REPRESENTATION_CONTEXT() REPRESENTATION_CONTEXT('2D SPACE',''
  ) );
#5924 = PCURVE('',#5870,#5925);
#5925 = DEFINITIONAL_REPRESENTATION('',(#5926),#5930);
#5926 = LINE('',#5927,#5928);
#5927 = CARTESIAN_POINT('',(-0.,-6.));
#5928 = VECTOR('',#5929,1.);
#5929 = DIRECTION('',(-1.,0.));
#5930 = ( GEOMETRIC_REPRESENTATION_CONTEXT(2) 
PARAMETRIC_REPRESENTATION_CONTEXT() REPRESENTATION_CONTEXT('2D SPACE',''
  ) );
#5931 = ORIENTED_EDGE('',*,*,#5077,.F.);
#5932 = ORIENTED_EDGE('',*,*,#5006,.F.);
#5933 = ORIENTED_EDGE('',*,*,#5202,.F.);
#5934 = ORIENTED_EDGE('',*,*,#5935,.F.);
#5935 = EDGE_CURVE('',#5627,#5157,#5936,.T.);
#5936 = SURFACE_CURVE('',#5937,(#5942,#5949),.PCURVE_S1.);
#5937 = CIRCLE('',#5938,4.);
#5938 = AXIS2_PLACEMENT_3D('',#5939,#5940,#5941);
#5939 = CARTESIAN_POINT('',(0.,0.,244.));
#5940 = DIRECTION('',(0.,0.,1.));
#5941 = DIRECTION('',(1.,0.,0.));
#5942 = PCURVE('',#4772,#5943);
#5943 = DEFINITIONAL_REPRESENTATION('',(#5944),#5948);
#5944 = CIRCLE('',#5945,4.);
#5945 = AXIS2_PLACEMENT_2D('',#5946,#5947);
#5946 = CARTESIAN_POINT('',(5.209295743007E-16,-9.230319459916E-17));
#5947 = DIRECTION('',(1.,0.));
#5948 = ( GEOMETRIC_REPRESENTATION_CONTEXT(2) 
PARAMETRIC_REPRESENTATION_CONTEXT() REPRESENTATION_CONTEXT('2D SPACE',''
  ) );
#5949 = PCURVE('',#5870,#5950);
#5950 = DEFINITIONAL_REPRESENTATION('',(#5951),#5955);
#5951 = LINE('',#5952,#5953);
#5952 = CARTESIAN_POINT('',(-0.,-6.));
#5953 = VECTOR('',#5954,1.);
#5954 = DIRECTION('',(-1.,0.));
#5955 = ( GEOMETRIC_REPRESENTATION_CONTEXT(2) 
PARAMETRIC_REPRESENTATION_CONTEXT() REPRESENTATION_CONTEXT('2D SPACE',''
  ) );
#5956 = ORIENTED_EDGE('',*,*,#5626,.F.);
#5957 = ORIENTED_EDGE('',*,*,#5555,.F.);
#5958 = ORIENTED_EDGE('',*,*,#5751,.F.);
#5959 = ADVANCED_FACE('',(#5960),#4892,.T.);
#5960 = FACE_BOUND('',#5961,.T.);
#5961 = EDGE_LOOP('',(#5962,#5963,#5964,#5986));
#5962 = ORIENTED_EDGE('',*,*,#4907,.T.);
#5963 = ORIENTED_EDGE('',*,*,#4956,.T.);
#5964 = ORIENTED_EDGE('',*,*,#5965,.T.);
#5965 = EDGE_CURVE('',#4957,#4831,#5966,.T.);
#5966 = SURFACE_CURVE('',#5967,(#5972,#5979),.PCURVE_S1.);
#5967 = CIRCLE('',#5968,4.);
#5968 = AXIS2_PLACEMENT_3D('',#5969,#5970,#5971);
#5969 = CARTESIAN_POINT('',(0.,0.,244.));
#5970 = DIRECTION('',(0.,0.,1.));
#5971 = DIRECTION('',(1.,0.,0.));
#5972 = PCURVE('',#4892,#5973);
#5973 = DEFINITIONAL_REPRESENTATION('',(#5974),#5978);
#5974 = CIRCLE('',#5975,4.);
#5975 = AXIS2_PLACEMENT_2D('',#5976,#5977);
#5976 = CARTESIAN_POINT('',(-6.5,0.));
#5977 = DIRECTION('',(-2.22044604925E-16,1.));
#5978 = ( GEOMETRIC_REPRESENTATION_CONTEXT(2) 
PARAMETRIC_REPRESENTATION_CONTEXT() REPRESENTATION_CONTEXT('2D SPACE',''
  ) );
#5979 = PCURVE('',#5870,#5980);
#5980 = DEFINITIONAL_REPRESENTATION('',(#5981),#5985);
#5981 = LINE('',#5982,#5983);
#5982 = CARTESIAN_POINT('',(-0.,-6.));
#5983 = VECTOR('',#5984,1.);
#5984 = DIRECTION('',(-1.,0.));
#5985 = ( GEOMETRIC_REPRESENTATION_CONTEXT(2) 
PARAMETRIC_REPRESENTATION_CONTEXT() REPRESENTATION_CONTEXT('2D SPACE',''
  ) );
#5986 = ORIENTED_EDGE('',*,*,#4878,.T.);
#5987 = ADVANCED_FACE('',(#5988),#5139,.T.);
#5988 = FACE_BOUND('',#5989,.T.);
#5989 = EDGE_LOOP('',(#5990,#5991,#5992,#6014));
#5990 = ORIENTED_EDGE('',*,*,#5226,.T.);
#5991 = ORIENTED_EDGE('',*,*,#5154,.T.);
#5992 = ORIENTED_EDGE('',*,*,#5993,.T.);
#5993 = EDGE_CURVE('',#5157,#5078,#5994,.T.);
#5994 = SURFACE_CURVE('',#5995,(#6000,#6007),.PCURVE_S1.);
#5995 = CIRCLE('',#5996,4.);
#5996 = AXIS2_PLACEMENT_3D('',#5997,#5998,#5999);
#5997 = CARTESIAN_POINT('',(0.,0.,244.));
#5998 = DIRECTION('',(0.,0.,1.));
#5999 = DIRECTION('',(1.,0.,0.));
#6000 = PCURVE('',#5139,#6001);
#6001 = DEFINITIONAL_REPRESENTATION('',(#6002),#6006);
#6002 = CIRCLE('',#6003,4.);
#6003 = AXIS2_PLACEMENT_2D('',#6004,#6005);
#6004 = CARTESIAN_POINT('',(-6.5,0.));
#6005 = DIRECTION('',(-1.,-1.224646799147E-16));
#6006 = ( GEOMETRIC_REPRESENTATION_CONTEXT(2) 
PARAMETRIC_REPRESENTATION_CONTEXT() REPRESENTATION_CONTEXT('2D SPACE',''
  ) );
#6007 = PCURVE('',#5870,#6008);
#6008 = DEFINITIONAL_REPRESENTATION('',(#6009),#6013);
#6009 = LINE('',#6010,#6011);
#6010 = CARTESIAN_POINT('',(-0.,-6.));
#6011 = VECTOR('',#6012,1.);
#6012 = DIRECTION('',(-1.,0.));
#6013 = ( GEOMETRIC_REPRESENTATION_CONTEXT(2) 
PARAMETRIC_REPRESENTATION_CONTEXT() REPRESENTATION_CONTEXT('2D SPACE',''
  ) );
#6014 = ORIENTED_EDGE('',*,*,#5125,.T.);
#6015 = ADVANCED_FACE('',(#6016),#5270,.T.);
#6016 = FACE_BOUND('',#6017,.T.);
#6017 = EDGE_LOOP('',(#6018));
#6018 = ORIENTED_EDGE('',*,*,#5253,.T.);
#6019 = ADVANCED_FACE('',(#6020),#5441,.T.);
#6020 = FACE_BOUND('',#6021,.T.);
#6021 = EDGE_LOOP('',(#6022,#6023,#6024,#6048,#6070));
#6022 = ORIENTED_EDGE('',*,*,#5528,.T.);
#6023 = ORIENTED_EDGE('',*,*,#5456,.T.);
#6024 = ORIENTED_EDGE('',*,*,#6025,.T.);
#6025 = EDGE_CURVE('',#5459,#6026,#6028,.T.);
#6026 = VERTEX_POINT('',#6027);
#6027 = CARTESIAN_POINT('',(4.,0.,244.));
#6028 = SURFACE_CURVE('',#6029,(#6034,#6041),.PCURVE_S1.);
#6029 = CIRCLE('',#6030,4.);
#6030 = AXIS2_PLACEMENT_3D('',#6031,#6032,#6033);
#6031 = CARTESIAN_POINT('',(0.,0.,244.));
#6032 = DIRECTION('',(0.,0.,1.));
#6033 = DIRECTION('',(1.,0.,0.));
#6034 = PCURVE('',#5441,#6035);
#6035 = DEFINITIONAL_REPRESENTATION('',(#6036),#6040);
#6036 = CIRCLE('',#6037,4.);
#6037 = AXIS2_PLACEMENT_2D('',#6038,#6039);
#6038 = CARTESIAN_POINT('',(-6.5,0.));
#6039 = DIRECTION('',(1.,0.));
#6040 = ( GEOMETRIC_REPRESENTATION_CONTEXT(2) 
PARAMETRIC_REPRESENTATION_CONTEXT() REPRESENTATION_CONTEXT('2D SPACE',''
  ) );
#6041 = PCURVE('',#5870,#6042);
#6042 = DEFINITIONAL_REPRESENTATION('',(#6043),#6047);
#6043 = LINE('',#6044,#6045);
#6044 = CARTESIAN_POINT('',(-0.,-6.));
#6045 = VECTOR('',#6046,1.);
#6046 = DIRECTION('',(-1.,0.));
#6047 = ( GEOMETRIC_REPRESENTATION_CONTEXT(2) 
PARAMETRIC_REPRESENTATION_CONTEXT() REPRESENTATION_CONTEXT('2D SPACE',''
  ) );
#6048 = ORIENTED_EDGE('',*,*,#6049,.T.);
#6049 = EDGE_CURVE('',#6026,#5380,#6050,.T.);
#6050 = SURFACE_CURVE('',#6051,(#6056,#6063),.PCURVE_S1.);
#6051 = CIRCLE('',#6052,4.);
#6052 = AXIS2_PLACEMENT_3D('',#6053,#6054,#6055);
#6053 = CARTESIAN_POINT('',(0.,0.,244.));
#6054 = DIRECTION('',(0.,0.,1.));
#6055 = DIRECTION('',(1.,0.,0.));
#6056 = PCURVE('',#5441,#6057);
#6057 = DEFINITIONAL_REPRESENTATION('',(#6058),#6062);
#6058 = CIRCLE('',#6059,4.);
#6059 = AXIS2_PLACEMENT_2D('',#6060,#6061);
#6060 = CARTESIAN_POINT('',(-6.5,0.));
#6061 = DIRECTION('',(1.,0.));
#6062 = ( GEOMETRIC_REPRESENTATION_CONTEXT(2) 
PARAMETRIC_REPRESENTATION_CONTEXT() REPRESENTATION_CONTEXT('2D SPACE',''
  ) );
#6063 = PCURVE('',#5870,#6064);
#6064 = DEFINITIONAL_REPRESENTATION('',(#6065),#6069);
#6065 = LINE('',#6066,#6067);
#6066 = CARTESIAN_POINT('',(-0.,-6.));
#6067 = VECTOR('',#6068,1.);
#6068 = DIRECTION('',(-1.,0.));
#6069 = ( GEOMETRIC_REPRESENTATION_CONTEXT(2) 
PARAMETRIC_REPRESENTATION_CONTEXT() REPRESENTATION_CONTEXT('2D SPACE',''
  ) );
#6070 = ORIENTED_EDGE('',*,*,#5427,.T.);
#6071 = ADVANCED_FACE('',(#6072),#5688,.T.);
#6072 = FACE_BOUND('',#6073,.T.);
#6073 = EDGE_LOOP('',(#6074,#6075,#6076,#6098));
#6074 = ORIENTED_EDGE('',*,*,#5775,.T.);
#6075 = ORIENTED_EDGE('',*,*,#5703,.T.);
#6076 = ORIENTED_EDGE('',*,*,#6077,.T.);
#6077 = EDGE_CURVE('',#5706,#5627,#6078,.T.);
#6078 = SURFACE_CURVE('',#6079,(#6084,#6091),.PCURVE_S1.);
#6079 = CIRCLE('',#6080,4.);
#6080 = AXIS2_PLACEMENT_3D('',#6081,#6082,#6083);
#6081 = CARTESIAN_POINT('',(0.,0.,244.));
#6082 = DIRECTION('',(0.,0.,1.));
#6083 = DIRECTION('',(1.,0.,0.));
#6084 = PCURVE('',#5688,#6085);
#6085 = DEFINITIONAL_REPRESENTATION('',(#6086),#6090);
#6086 = CIRCLE('',#6087,4.);
#6087 = AXIS2_PLACEMENT_2D('',#6088,#6089);
#6088 = CARTESIAN_POINT('',(-6.5,0.));
#6089 = DIRECTION('',(1.110223024625E-16,-1.));
#6090 = ( GEOMETRIC_REPRESENTATION_CONTEXT(2) 
PARAMETRIC_REPRESENTATION_CONTEXT() REPRESENTATION_CONTEXT('2D SPACE',''
  ) );
#6091 = PCURVE('',#5870,#6092);
#6092 = DEFINITIONAL_REPRESENTATION('',(#6093),#6097);
#6093 = LINE('',#6094,#6095);
#6094 = CARTESIAN_POINT('',(-0.,-6.));
#6095 = VECTOR('',#6096,1.);
#6096 = DIRECTION('',(-1.,0.));
#6097 = ( GEOMETRIC_REPRESENTATION_CONTEXT(2) 
PARAMETRIC_REPRESENTATION_CONTEXT() REPRESENTATION_CONTEXT('2D SPACE',''
  ) );
#6098 = ORIENTED_EDGE('',*,*,#5674,.T.);
#6099 = ADVANCED_FACE('',(#6100),#5870,.T.);
#6100 = FACE_BOUND('',#6101,.F.);
#6101 = EDGE_LOOP('',(#6102,#6125,#6152,#6153,#6154,#6155,#6156,#6157,
    #6158,#6159,#6160,#6161));
#6102 = ORIENTED_EDGE('',*,*,#6103,.F.);
#6103 = EDGE_CURVE('',#6104,#6026,#6106,.T.);
#6104 = VERTEX_POINT('',#6105);
#6105 = CARTESIAN_POINT('',(4.,0.,238.));
#6106 = SEAM_CURVE('',#6107,(#6111,#6118),.PCURVE_S1.);
#6107 = LINE('',#6108,#6109);
#6108 = CARTESIAN_POINT('',(4.,0.,238.));
#6109 = VECTOR('',#6110,1.);
#6110 = DIRECTION('',(0.,0.,1.));
#6111 = PCURVE('',#5870,#6112);
#6112 = DEFINITIONAL_REPRESENTATION('',(#6113),#6117);
#6113 = LINE('',#6114,#6115);
#6114 = CARTESIAN_POINT('',(-6.28318530718,0.));
#6115 = VECTOR('',#6116,1.);
#6116 = DIRECTION('',(-0.,-1.));
#6117 = ( GEOMETRIC_REPRESENTATION_CONTEXT(2) 
PARAMETRIC_REPRESENTATION_CONTEXT() REPRESENTATION_CONTEXT('2D SPACE',''
  ) );
#6118 = PCURVE('',#5870,#6119);
#6119 = DEFINITIONAL_REPRESENTATION('',(#6120),#6124);
#6120 = LINE('',#6121,#6122);
#6121 = CARTESIAN_POINT('',(-0.,0.));
#6122 = VECTOR('',#6123,1.);
#6123 = DIRECTION('',(-0.,-1.));
#6124 = ( GEOMETRIC_REPRESENTATION_CONTEXT(2) 
PARAMETRIC_REPRESENTATION_CONTEXT() REPRESENTATION_CONTEXT('2D SPACE',''
  ) );
#6125 = ORIENTED_EDGE('',*,*,#6126,.F.);
#6126 = EDGE_CURVE('',#6104,#6104,#6127,.T.);
#6127 = SURFACE_CURVE('',#6128,(#6133,#6140),.PCURVE_S1.);
#6128 = CIRCLE('',#6129,4.);
#6129 = AXIS2_PLACEMENT_3D('',#6130,#6131,#6132);
#6130 = CARTESIAN_POINT('',(0.,0.,238.));
#6131 = DIRECTION('',(0.,0.,1.));
#6132 = DIRECTION('',(1.,0.,0.));
#6133 = PCURVE('',#5870,#6134);
#6134 = DEFINITIONAL_REPRESENTATION('',(#6135),#6139);
#6135 = LINE('',#6136,#6137);
#6136 = CARTESIAN_POINT('',(-0.,0.));
#6137 = VECTOR('',#6138,1.);
#6138 = DIRECTION('',(-1.,0.));
#6139 = ( GEOMETRIC_REPRESENTATION_CONTEXT(2) 
PARAMETRIC_REPRESENTATION_CONTEXT() REPRESENTATION_CONTEXT('2D SPACE',''
  ) );
#6140 = PCURVE('',#6141,#6146);
#6141 = PLANE('',#6142);
#6142 = AXIS2_PLACEMENT_3D('',#6143,#6144,#6145);
#6143 = CARTESIAN_POINT('',(-2.563950248511E-16,3.49503809816E-16,238.)
  );
#6144 = DIRECTION('',(0.,0.,1.));
#6145 = DIRECTION('',(1.,0.,-0.));
#6146 = DEFINITIONAL_REPRESENTATION('',(#6147),#6151);
#6147 = CIRCLE('',#6148,4.);
#6148 = AXIS2_PLACEMENT_2D('',#6149,#6150);
#6149 = CARTESIAN_POINT('',(2.563950248511E-16,-3.49503809816E-16));
#6150 = DIRECTION('',(1.,0.));
#6151 = ( GEOMETRIC_REPRESENTATION_CONTEXT(2) 
PARAMETRIC_REPRESENTATION_CONTEXT() REPRESENTATION_CONTEXT('2D SPACE',''
  ) );
#6152 = ORIENTED_EDGE('',*,*,#6103,.T.);
#6153 = ORIENTED_EDGE('',*,*,#6049,.T.);
#6154 = ORIENTED_EDGE('',*,*,#5855,.T.);
#6155 = ORIENTED_EDGE('',*,*,#6077,.T.);
#6156 = ORIENTED_EDGE('',*,*,#5935,.T.);
#6157 = ORIENTED_EDGE('',*,*,#5993,.T.);
#6158 = ORIENTED_EDGE('',*,*,#5910,.T.);
#6159 = ORIENTED_EDGE('',*,*,#5965,.T.);
#6160 = ORIENTED_EDGE('',*,*,#5885,.T.);
#6161 = ORIENTED_EDGE('',*,*,#6025,.T.);
#6162 = ADVANCED_FACE('',(#6163,#6166),#6141,.F.);
#6163 = FACE_BOUND('',#6164,.F.);
#6164 = EDGE_LOOP('',(#6165));
#6165 = ORIENTED_EDGE('',*,*,#6126,.T.);
#6166 = FACE_BOUND('',#6167,.F.);
#6167 = EDGE_LOOP('',(#6168));
#6168 = ORIENTED_EDGE('',*,*,#6169,.T.);
#6169 = EDGE_CURVE('',#6170,#6170,#6172,.T.);
#6170 = VERTEX_POINT('',#6171);
#6171 = CARTESIAN_POINT('',(3.,0.,238.));
#6172 = SURFACE_CURVE('',#6173,(#6178,#6189),.PCURVE_S1.);
#6173 = CIRCLE('',#6174,3.);
#6174 = AXIS2_PLACEMENT_3D('',#6175,#6176,#6177);
#6175 = CARTESIAN_POINT('',(0.,0.,238.));
#6176 = DIRECTION('',(0.,0.,-1.));
#6177 = DIRECTION('',(1.,0.,0.));
#6178 = PCURVE('',#6141,#6179);
#6179 = DEFINITIONAL_REPRESENTATION('',(#6180),#6188);
#6180 = ( BOUNDED_CURVE() B_SPLINE_CURVE(2,(#6181,#6182,#6183,#6184,
#6185,#6186,#6187),.UNSPECIFIED.,.T.,.F.) B_SPLINE_CURVE_WITH_KNOTS((1,2
    ,2,2,2,1),(-2.094395102393,0.,2.094395102393,4.188790204786,
6.28318530718,8.377580409573),.UNSPECIFIED.) CURVE() 
GEOMETRIC_REPRESENTATION_ITEM() RATIONAL_B_SPLINE_CURVE((1.,0.5,1.,0.5,
1.,0.5,1.)) REPRESENTATION_ITEM('') );
#6181 = CARTESIAN_POINT('',(3.,-3.49503809816E-16));
#6182 = CARTESIAN_POINT('',(3.,-5.196152422707));
#6183 = CARTESIAN_POINT('',(-1.5,-2.598076211353));
#6184 = CARTESIAN_POINT('',(-6.,-1.084291889304E-15));
#6185 = CARTESIAN_POINT('',(-1.5,2.598076211353));
#6186 = CARTESIAN_POINT('',(3.,5.196152422707));
#6187 = CARTESIAN_POINT('',(3.,-3.49503809816E-16));
#6188 = ( GEOMETRIC_REPRESENTATION_CONTEXT(2) 
PARAMETRIC_REPRESENTATION_CONTEXT() REPRESENTATION_CONTEXT('2D SPACE',''
  ) );
#6189 = PCURVE('',#6190,#6195);
#6190 = CYLINDRICAL_SURFACE('',#6191,3.);
#6191 = AXIS2_PLACEMENT_3D('',#6192,#6193,#6194);
#6192 = CARTESIAN_POINT('',(0.,0.,12.));
#6193 = DIRECTION('',(-0.,-0.,-1.));
#6194 = DIRECTION('',(1.,0.,0.));
#6195 = DEFINITIONAL_REPRESENTATION('',(#6196),#6200);
#6196 = LINE('',#6197,#6198);
#6197 = CARTESIAN_POINT('',(-6.28318530718,-226.));
#6198 = VECTOR('',#6199,1.);
#6199 = DIRECTION('',(1.,-0.));
#6200 = ( GEOMETRIC_REPRESENTATION_CONTEXT(2) 
PARAMETRIC_REPRESENTATION_CONTEXT() REPRESENTATION_CONTEXT('2D SPACE',''
  ) );
#6201 = ADVANCED_FACE('',(#6202),#6190,.T.);
#6202 = FACE_BOUND('',#6203,.F.);
#6203 = EDGE_LOOP('',(#6204,#6233,#6254,#6255));
#6204 = ORIENTED_EDGE('',*,*,#6205,.F.);
#6205 = EDGE_CURVE('',#6206,#6206,#6208,.T.);
#6206 = VERTEX_POINT('',#6207);
#6207 = CARTESIAN_POINT('',(3.,0.,12.));
#6208 = SURFACE_CURVE('',#6209,(#6214,#6221),.PCURVE_S1.);
#6209 = CIRCLE('',#6210,3.);
#6210 = AXIS2_PLACEMENT_3D('',#6211,#6212,#6213);
#6211 = CARTESIAN_POINT('',(0.,0.,12.));
#6212 = DIRECTION('',(0.,0.,1.));
#6213 = DIRECTION('',(1.,0.,0.));
#6214 = PCURVE('',#6190,#6215);
#6215 = DEFINITIONAL_REPRESENTATION('',(#6216),#6220);
#6216 = LINE('',#6217,#6218);
#6217 = CARTESIAN_POINT('',(-0.,0.));
#6218 = VECTOR('',#6219,1.);
#6219 = DIRECTION('',(-1.,0.));
#6220 = ( GEOMETRIC_REPRESENTATION_CONTEXT(2) 
PARAMETRIC_REPRESENTATION_CONTEXT() REPRESENTATION_CONTEXT('2D SPACE',''
  ) );
#6221 = PCURVE('',#6222,#6227);
#6222 = PLANE('',#6223);
#6223 = AXIS2_PLACEMENT_3D('',#6224,#6225,#6226);
#6224 = CARTESIAN_POINT('',(-1.709300165674E-16,-8.51133553645E-18,12.)
  );
#6225 = DIRECTION('',(0.,0.,1.));
#6226 = DIRECTION('',(1.,0.,-0.));
#6227 = DEFINITIONAL_REPRESENTATION('',(#6228),#6232);
#6228 = CIRCLE('',#6229,3.);
#6229 = AXIS2_PLACEMENT_2D('',#6230,#6231);
#6230 = CARTESIAN_POINT('',(1.709300165674E-16,8.51133553645E-18));
#6231 = DIRECTION('',(1.,0.));
#6232 = ( GEOMETRIC_REPRESENTATION_CONTEXT(2) 
PARAMETRIC_REPRESENTATION_CONTEXT() REPRESENTATION_CONTEXT('2D SPACE',''
  ) );
#6233 = ORIENTED_EDGE('',*,*,#6234,.T.);
#6234 = EDGE_CURVE('',#6206,#6170,#6235,.T.);
#6235 = SEAM_CURVE('',#6236,(#6240,#6247),.PCURVE_S1.);
#6236 = LINE('',#6237,#6238);
#6237 = CARTESIAN_POINT('',(3.,0.,12.));
#6238 = VECTOR('',#6239,1.);
#6239 = DIRECTION('',(0.,0.,1.));
#6240 = PCURVE('',#6190,#6241);
#6241 = DEFINITIONAL_REPRESENTATION('',(#6242),#6246);
#6242 = LINE('',#6243,#6244);
#6243 = CARTESIAN_POINT('',(-6.28318530718,0.));
#6244 = VECTOR('',#6245,1.);
#6245 = DIRECTION('',(-0.,-1.));
#6246 = ( GEOMETRIC_REPRESENTATION_CONTEXT(2) 
PARAMETRIC_REPRESENTATION_CONTEXT() REPRESENTATION_CONTEXT('2D SPACE',''
  ) );
#6247 = PCURVE('',#6190,#6248);
#6248 = DEFINITIONAL_REPRESENTATION('',(#6249),#6253);
#6249 = LINE('',#6250,#6251);
#6250 = CARTESIAN_POINT('',(-0.,0.));
#6251 = VECTOR('',#6252,1.);
#6252 = DIRECTION('',(-0.,-1.));
#6253 = ( GEOMETRIC_REPRESENTATION_CONTEXT(2) 
PARAMETRIC_REPRESENTATION_CONTEXT() REPRESENTATION_CONTEXT('2D SPACE',''
  ) );
#6254 = ORIENTED_EDGE('',*,*,#6169,.F.);
#6255 = ORIENTED_EDGE('',*,*,#6234,.F.);
#6256 = ADVANCED_FACE('',(#6257),#6222,.F.);
#6257 = FACE_BOUND('',#6258,.F.);
#6258 = EDGE_LOOP('',(#6259));
#6259 = ORIENTED_EDGE('',*,*,#6205,.T.);
#6260 = MANIFOLD_SOLID_BREP('',#6261);
#6261 = CLOSED_SHELL('',(#6262,#8670,#9601,#9953,#9996,#10003));
#6262 = ADVANCED_FACE('',(#6263),#6563,.T.);
#6263 = FACE_BOUND('',#6264,.T.);
#6264 = EDGE_LOOP('',(#6265,#7733,#7759,#8646));
#6265 = ORIENTED_EDGE('',*,*,#6266,.F.);
#6266 = EDGE_CURVE('',#6267,#6269,#6271,.T.);
#6267 = VERTEX_POINT('',#6268);
#6268 = CARTESIAN_POINT('',(3.,-0.223221722725,12.974767696687));
#6269 = VERTEX_POINT('',#6270);
#6270 = CARTESIAN_POINT('',(1.139343328781,2.784187801925,
    244.97475384551));
#6271 = SURFACE_CURVE('',#6272,(#6562,#7148),.PCURVE_S1.);
#6272 = B_SPLINE_CURVE_WITH_KNOTS('',9,(#6273,#6274,#6275,#6276,#6277,
    #6278,#6279,#6280,#6281,#6282,#6283,#6284,#6285,#6286,#6287,#6288,
    #6289,#6290,#6291,#6292,#6293,#6294,#6295,#6296,#6297,#6298,#6299,
    #6300,#6301,#6302,#6303,#6304,#6305,#6306,#6307,#6308,#6309,#6310,
    #6311,#6312,#6313,#6314,#6315,#6316,#6317,#6318,#6319,#6320,#6321,
    #6322,#6323,#6324,#6325,#6326,#6327,#6328,#6329,#6330,#6331,#6332,
    #6333,#6334,#6335,#6336,#6337,#6338,#6339,#6340,#6341,#6342,#6343,
    #6344,#6345,#6346,#6347,#6348,#6349,#6350,#6351,#6352,#6353,#6354,
    #6355,#6356,#6357,#6358,#6359,#6360,#6361,#6362,#6363,#6364,#6365,
    #6366,#6367,#6368,#6369,#6370,#6371,#6372,#6373,#6374,#6375,#6376,
    #6377,#6378,#6379,#6380,#6381,#6382,#6383,#6384,#6385,#6386,#6387,
    #6388,#6389,#6390,#6391,#6392,#6393,#6394,#6395,#6396,#6397,#6398,
    #6399,#6400,#6401,#6402,#6403,#6404,#6405,#6406,#6407,#6408,#6409,
    #6410,#6411,#6412,#6413,#6414,#6415,#6416,#6417,#6418,#6419,#6420,
    #6421,#6422,#6423,#6424,#6425,#6426,#6427,#6428,#6429,#6430,#6431,
    #6432,#6433,#6434,#6435,#6436,#6437,#6438,#6439,#6440,#6441,#6442,
    #6443,#6444,#6445,#6446,#6447,#6448,#6449,#6450,#6451,#6452,#6453,
    #6454,#6455,#6456,#6457,#6458,#6459,#6460,#6461,#6462,#6463,#6464,
    #6465,#6466,#6467,#6468,#6469,#6470,#6471,#6472,#6473,#6474,#6475,
    #6476,#6477,#6478,#6479,#6480,#6481,#6482,#6483,#6484,#6485,#6486,
    #6487,#6488,#6489,#6490,#6491,#6492,#6493,#6494,#6495,#6496,#6497,
    #6498,#6499,#6500,#6501,#6502,#6503,#6504,#6505,#6506,#6507,#6508,
    #6509,#6510,#6511,#6512,#6513,#6514,#6515,#6516,#6517,#6518,#6519,
    #6520,#6521,#6522,#6523,#6524,#6525,#6526,#6527,#6528,#6529,#6530,
    #6531,#6532,#6533,#6534,#6535,#6536,#6537,#6538,#6539,#6540,#6541,
    #6542,#6543,#6544,#6545,#6546,#6547,#6548,#6549,#6550,#6551,#6552,
    #6553,#6554,#6555,#6556,#6557,#6558,#6559,#6560,#6561),
  .UNSPECIFIED.,.F.,.F.,(10,9,9,9,9,9,9,9,9,9,9,9,9,9,9,9,9,9,9,9,9,9,9,
    9,9,9,9,9,9,9,9,9,10),(0.,8.56232113701,17.12464227402,
    25.68696341103,34.24928454804,42.811605685051,51.373926822061,
    59.936247959071,68.498569096081,77.060890233091,85.623211370101,
    94.185532507111,102.74785364412,111.31017478113,119.87249591814,
    128.43481705515,136.99713819216,145.55945932917,154.12178046618,
    162.68410160319,171.2464227402,179.80874387721,188.37106501422,
    196.93338615123,205.49570728824,214.05802842525,222.62034956226,
    231.18267069927,239.74499183628,248.30731297329,256.8696341103,
    265.43195524731,273.99427638432),.PIECEWISE_BEZIER_KNOTS.);
#6273 = CARTESIAN_POINT('',(3.,-0.223221722725,12.974767696687));
#6274 = CARTESIAN_POINT('',(3.112965147132,1.295238790635,
    13.780261050134));
#6275 = CARTESIAN_POINT('',(2.361186318877,2.878273098306,14.58606904469
    ));
#6276 = CARTESIAN_POINT('',(0.704164638368,3.960480535333,
    15.391002642353));
#6277 = CARTESIAN_POINT('',(-1.478422683718,3.960342752489,
    16.197591374081));
#6278 = CARTESIAN_POINT('',(-3.332083933023,2.601720178083,
    17.001941320806));
#6279 = CARTESIAN_POINT('',(-3.988805626357,0.519933048267,
    17.808491346925));
#6280 = CARTESIAN_POINT('',(-3.45533417289,-1.385647505087,
    18.613483627764));
#6281 = CARTESIAN_POINT('',(-2.171860968289,-2.579024027284,
    19.419236301487));
#6282 = CARTESIAN_POINT('',(-0.689776888025,-2.928145451007,
    20.224767696693));
#6283 = CARTESIAN_POINT('',(0.79231721432,-3.277259367808,
    21.030261050111));
#6284 = CARTESIAN_POINT('',(2.473465861584,-2.78237730951,21.83606904474
    ));
#6285 = CARTESIAN_POINT('',(3.801564829412,-1.315050857015,
    22.641002642278));
#6286 = CARTESIAN_POINT('',(4.142860623008,0.84068674732,23.447591374166
    ));
#6287 = CARTESIAN_POINT('',(3.090941452931,2.884061746275,
    24.251941320736));
#6288 = CARTESIAN_POINT('',(1.137518483962,3.858361361807,
    25.058491346963));
#6289 = CARTESIAN_POINT('',(-0.828054532075,3.629556301607,
    25.863483627756));
#6290 = CARTESIAN_POINT('',(-2.207518053146,2.548569999808,
    26.669236301479));
#6291 = CARTESIAN_POINT('',(-2.784190243053,1.139347457105,
    27.474767696703));
#6292 = CARTESIAN_POINT('',(-3.360856586249,-0.269886158644,
    28.280261050076));
#6293 = CARTESIAN_POINT('',(-3.135056936598,-2.007753686372,
    29.086069044823));
#6294 = CARTESIAN_POINT('',(-1.893556159166,-3.549041980746,
    29.891002642136));
#6295 = CARTESIAN_POINT('',(0.182250313137,-4.22336751559,
    30.697591374349));
#6296 = CARTESIAN_POINT('',(2.365024387666,-3.50405349099,
    31.501941320554));
#6297 = CARTESIAN_POINT('',(3.632911435377,-1.727094439355,
    32.308491347101));
#6298 = CARTESIAN_POINT('',(3.714406708359,0.250072108317,
    33.113483627678));
#6299 = CARTESIAN_POINT('',(2.862524779721,1.781655658213,
    33.919236301509));
#6300 = CARTESIAN_POINT('',(1.56086351051,2.571679031114,34.724767696697
    ));
#6301 = CARTESIAN_POINT('',(0.259190389974,3.361698361505,
    35.530261050102));
#6302 = CARTESIAN_POINT('',(-1.492603952089,3.410541057231,
    36.33606904476));
#6303 = CARTESIAN_POINT('',(-3.209129939849,2.425435824341,
    37.141002642242));
#6304 = CARTESIAN_POINT('',(-4.19988108348,0.480673728616,
    37.947591374217));
#6305 = CARTESIAN_POINT('',(-3.830884102722,-1.787752279597,
    38.751941320674));
#6306 = CARTESIAN_POINT('',(-2.274143597816,-3.318007172429,
    39.55849134703));
#6307 = CARTESIAN_POINT('',(-0.334067920661,-3.707796094566,
    40.363483627697));
#6308 = CARTESIAN_POINT('',(1.311922987991,-3.105994699377,
    41.169236301522));
#6309 = CARTESIAN_POINT('',(2.295844546515,-1.943945924073,
    41.974767696679));
#6310 = CARTESIAN_POINT('',(3.279764498106,-0.781884777573,
    42.780259511138));
#6311 = CARTESIAN_POINT('',(3.602044149471,0.940701217302,43.58607537799
    ));
#6312 = CARTESIAN_POINT('',(2.897598570805,2.790198806242,
    44.390987129469));
#6313 = CARTESIAN_POINT('',(1.131752476356,4.072979042713,
    45.197618898047));
#6314 = CARTESIAN_POINT('',(-1.166446716823,4.063386454701,
    46.001903527472));
#6315 = CARTESIAN_POINT('',(-2.921416828416,2.765194896747,
    46.808532632941));
#6316 = CARTESIAN_POINT('',(-3.609874726772,0.909982874898,
    47.613447430896));
#6317 = CARTESIAN_POINT('',(-3.272993475879,-0.809886970008,
    48.419261634877));
#6318 = CARTESIAN_POINT('',(-2.279157150791,-1.963478448872,
    49.224753845493));
#6319 = CARTESIAN_POINT('',(-1.2853353876,-3.11707144747,50.030286383553
    ));
#6320 = CARTESIAN_POINT('',(0.365648076939,-3.704856497486,
    50.83603284773));
#6321 = CARTESIAN_POINT('',(2.302548784984,-3.298403130818,
    51.641043928531));
#6322 = CARTESIAN_POINT('',(3.845800981698,-1.754981690201,
    52.447553580546));
#6323 = CARTESIAN_POINT('',(4.195823613562,0.516444566102,
    53.251968844969));
#6324 = CARTESIAN_POINT('',(3.188165052315,2.452863659933,54.05847583388
    ));
#6325 = CARTESIAN_POINT('',(1.46348728909,3.423090834562,54.863489961172
    ));
#6326 = CARTESIAN_POINT('',(-0.287907228218,3.359383030423,
    55.669234762432));
#6327 = CARTESIAN_POINT('',(-1.582765589679,2.558257419741,
    56.474767696708));
#6328 = CARTESIAN_POINT('',(-2.877625197784,1.757119447572,
    57.280261050055));
#6329 = CARTESIAN_POINT('',(-3.716442347116,0.218433379644,
    58.086069044864));
#6330 = CARTESIAN_POINT('',(-3.617993648641,-1.758230891433,
    58.891002642083));
#6331 = CARTESIAN_POINT('',(-2.334989540084,-3.523900139895,
    59.697591374406));
#6332 = CARTESIAN_POINT('',(-0.14628604355,-4.224965279779,
    60.501941320495));
#6333 = CARTESIAN_POINT('',(1.92392644954,-3.532620516942,
    61.308491347163));
#6334 = CARTESIAN_POINT('',(3.152006848339,-1.980960898731,
    62.11348362762));
#6335 = CARTESIAN_POINT('',(3.36306211419,-0.241160144229,
    62.919236301553));
#6336 = CARTESIAN_POINT('',(2.774360114013,1.163079487932,
    63.724767696673));
#6337 = CARTESIAN_POINT('',(2.185646149845,2.567322815648,
    64.530261050193));
#6338 = CARTESIAN_POINT('',(0.797123772608,3.636516265895,
    65.336069044559));
#6339 = CARTESIAN_POINT('',(-1.170605250481,3.848498051924,
    66.141002642555));
#6340 = CARTESIAN_POINT('',(-3.115242242127,2.857501377553,
    66.947591373857));
#6341 = CARTESIAN_POINT('',(-4.150064767228,0.805415202789,
    67.75194132099));
#6342 = CARTESIAN_POINT('',(-3.790096501256,-1.347616121485,
    68.558491346818));
#6343 = CARTESIAN_POINT('',(-2.449654487983,-2.80330985519,
    69.363483627798));
#6344 = CARTESIAN_POINT('',(-0.764289885394,-3.283931480709,
    70.169236301495));
#6345 = CARTESIAN_POINT('',(0.71475450915,-2.922148854718,
    70.974767696676));
#6346 = CARTESIAN_POINT('',(2.193804425346,-2.560354990113,
    71.78026105017));
#6347 = CARTESIAN_POINT('',(3.467047085258,-1.356186332894,
    72.586069044603));
#6348 = CARTESIAN_POINT('',(3.98423966084,0.554155423394,73.391002642513
    ));
#6349 = CARTESIAN_POINT('',(3.309652047449,2.629876741312,
    74.197591373867));
#6350 = CARTESIAN_POINT('',(1.444712366873,3.972975886939,
    75.001941321017));
#6351 = CARTESIAN_POINT('',(-0.738123012148,3.954247731052,
    75.808491346777));
#6352 = CARTESIAN_POINT('',(-2.385586069699,2.858029453815,
    76.61348362783));
#6353 = CARTESIAN_POINT('',(-3.123939555447,1.268600273048,
    77.41923630148));
#6354 = CARTESIAN_POINT('',(-2.997984592563,-0.248829902219,
    78.224767696677));
#6355 = CARTESIAN_POINT('',(-2.872019745633,-1.766267688978,
    79.030259511131));
#6356 = CARTESIAN_POINT('',(-1.881853634399,-3.212206054051,
    79.836075377999));
#6357 = CARTESIAN_POINT('',(-7.594310182785E-02,-4.021880095312,
    80.640987129483));
#6358 = CARTESIAN_POINT('',(2.07976125009,-3.680300951421,
    81.447618897984));
#6359 = CARTESIAN_POINT('',(3.698050500049,-2.048445733293,
    82.251903527582));
#6360 = CARTESIAN_POINT('',(4.021041712838,0.110465587204,83.05853263282
    ));
#6361 = CARTESIAN_POINT('',(3.196021960147,1.909111836963,
    83.863447430988));
#6362 = CARTESIAN_POINT('',(1.741679313077,2.887032450046,
    84.669261634828));
#6363 = CARTESIAN_POINT('',(0.223218550807,2.99999640263,85.474753845511
    ));
#6364 = CARTESIAN_POINT('',(-1.295232989273,3.112971726622,
    86.280286383585));
#6365 = CARTESIAN_POINT('',(-2.878281387462,2.361176917959,
    87.086032847571));
#6366 = CARTESIAN_POINT('',(-3.960471080679,0.704175361002,
    87.891043928858));
#6367 = CARTESIAN_POINT('',(-3.960351407377,-1.478432499201,
    88.697553580095));
#6368 = CARTESIAN_POINT('',(-2.601713874887,-3.332076784703,
    89.501968845431));
#6369 = CARTESIAN_POINT('',(-0.519936600866,-3.988809655199,
    90.308475833514));
#6370 = CARTESIAN_POINT('',(1.385648955496,-3.455332528105,
    91.113489961403));
#6371 = CARTESIAN_POINT('',(2.579023674815,-2.171861367954,
    91.919234762317));
#6372 = CARTESIAN_POINT('',(2.92814545102,-0.689776888041,
    92.724767696752));
#6373 = CARTESIAN_POINT('',(3.277259367765,0.792317214375,
    93.530261049904));
#6374 = CARTESIAN_POINT('',(2.782377309581,2.473465861455,
    94.336069045177));
#6375 = CARTESIAN_POINT('',(1.315050856949,3.801564829623,
    95.141002641626));
#6376 = CARTESIAN_POINT('',(-0.840686747299,4.142860622761,
    95.947591374882));
#6377 = CARTESIAN_POINT('',(-2.884061746248,3.090941453136,
    96.751941320165));
#6378 = CARTESIAN_POINT('',(-3.858361361843,1.137518483847,
    97.55849134727));
#6379 = CARTESIAN_POINT('',(-3.629556301594,-0.82805453204,
    98.36348362768));
#6380 = CARTESIAN_POINT('',(-2.548569999799,-2.207518053144,
    99.169236301443));
#6381 = CARTESIAN_POINT('',(-1.139347457119,-2.784190243062,
    99.974767696752));
#6382 = CARTESIAN_POINT('',(0.269886158696,-3.360856586225,
    100.78026104988));
#6383 = CARTESIAN_POINT('',(2.007753686248,-3.135056936627,
    101.58606904528));
#6384 = CARTESIAN_POINT('',(3.549041980953,-1.893556159178,
    102.39100264133));
#6385 = CARTESIAN_POINT('',(4.223367515342,0.182250313237,
    103.19759137537));
#6386 = CARTESIAN_POINT('',(3.504053491208,2.365024387484,
    104.00194131954));
#6387 = CARTESIAN_POINT('',(1.727094439213,3.632911435569,
    104.80849134786));
#6388 = CARTESIAN_POINT('',(-0.250072108249,3.714406708223,
    105.61348362723));
#6389 = CARTESIAN_POINT('',(-1.781655658238,2.862524779786,
    106.4192363017));
#6390 = CARTESIAN_POINT('',(-2.571679031106,1.56086351049,
    107.22476769663));
#6391 = CARTESIAN_POINT('',(-3.361698361545,0.259190390056,
    108.03026105034));
#6392 = CARTESIAN_POINT('',(-3.410541057155,-1.492603952297,
    108.83606904418));
#6393 = CARTESIAN_POINT('',(-2.425435824408,-3.209129939479,
    109.6410026432));
#6394 = CARTESIAN_POINT('',(-0.480673728629,-4.199881083952,
    110.44759137305));
#6395 = CARTESIAN_POINT('',(1.787752279693,-3.830884102293,
    111.25194132168));
#6396 = CARTESIAN_POINT('',(3.318007172331,-2.274143598082,
    112.05849134645));
#6397 = CARTESIAN_POINT('',(3.707796094592,-0.334067920564,
    112.86348362781));
#6398 = CARTESIAN_POINT('',(3.105994699418,1.311922987986,
    113.66923630165));
#6399 = CARTESIAN_POINT('',(1.943945924018,2.295844546501,
    114.47476769651));
#6400 = CARTESIAN_POINT('',(0.781884777749,3.279764498132,115.2802595117
    ));
#6401 = CARTESIAN_POINT('',(-0.940701217676,3.602044149493,
    116.08607537676));
#6402 = CARTESIAN_POINT('',(-2.790198805673,2.897598570618,
    116.89098713142));
#6403 = CARTESIAN_POINT('',(-4.072979043343,1.131752476779,
    117.69761889567));
#6404 = CARTESIAN_POINT('',(-4.063386454196,-1.166446717394,
    118.50190352971));
#6405 = CARTESIAN_POINT('',(-2.76519489703,-2.921416827894,
    119.30853263128));
#6406 = CARTESIAN_POINT('',(-0.909982874797,-3.609874727107,
    120.11344743184));
#6407 = CARTESIAN_POINT('',(0.809886969989,-3.272993475731,
    120.91926163447));
#6408 = CARTESIAN_POINT('',(1.963478448874,-2.279157150831,
    121.7247538456));
#6409 = CARTESIAN_POINT('',(3.117071447463,-1.285335387544,
    122.5302863834));
#6410 = CARTESIAN_POINT('',(3.704856497523,0.365648076891,
    123.33603284784));
#6411 = CARTESIAN_POINT('',(3.298403130715,2.302548784999,
    124.14104392853));
#6412 = CARTESIAN_POINT('',(1.75498169038,3.845800981715,124.94755358038
    ));
#6413 = CARTESIAN_POINT('',(-0.516444566316,4.195823613542,
    125.75196884523));
#6414 = CARTESIAN_POINT('',(-2.452863659753,3.188165052319,
    126.55847583361));
#6415 = CARTESIAN_POINT('',(-3.423090834668,1.463487289099,
    127.36348996135));
#6416 = CARTESIAN_POINT('',(-3.359383030383,-0.287907228226,
    128.16923476235));
#6417 = CARTESIAN_POINT('',(-2.558257419746,-1.582765589678,
    128.97476769672));
#6418 = CARTESIAN_POINT('',(-1.757119447546,-2.877625197792,
    129.78026104995));
#6419 = CARTESIAN_POINT('',(-0.218433379699,-3.716442347082,
    130.58606904515));
#6420 = CARTESIAN_POINT('',(1.758230891497,-3.617993648721,
    131.39100264156));
#6421 = CARTESIAN_POINT('',(3.52390013986,-2.334989539956,
    132.19759137509));
#6422 = CARTESIAN_POINT('',(4.224965279764,-0.146286043701,
    133.00194131981));
#6423 = CARTESIAN_POINT('',(3.532620516986,1.923926449679,
    133.80849134769));
#6424 = CARTESIAN_POINT('',(1.980960898692,3.152006848235,
    134.61348362726));
#6425 = CARTESIAN_POINT('',(0.24116014425,3.363062114254,135.41923630175
    ));
#6426 = CARTESIAN_POINT('',(-1.163079487939,2.77436011398,
    136.22476769657));
#6427 = CARTESIAN_POINT('',(-2.567322815616,2.185646149958,
    137.03026105054));
#6428 = CARTESIAN_POINT('',(-3.636516266009,0.797123772374,
    137.83606904375));
#6429 = CARTESIAN_POINT('',(-3.84849805165,-1.170605250155,
    138.64100264388));
#6430 = CARTESIAN_POINT('',(-2.857501378004,-3.115242242433,
    139.44759137218));
#6431 = CARTESIAN_POINT('',(-0.805415202271,-4.15006476705,
    140.25194132257));
#6432 = CARTESIAN_POINT('',(1.347616121071,-3.790096501299,
    141.05849134569));
#6433 = CARTESIAN_POINT('',(2.803309855408,-2.449654488004,
    141.86348362835));
#6434 = CARTESIAN_POINT('',(3.283931480648,-0.764289885376,
    142.66923630133));
#6435 = CARTESIAN_POINT('',(2.922148854712,0.714754509152,
    143.47476769665));
#6436 = CARTESIAN_POINT('',(2.560354990107,2.19380442534,144.28026105017
    ));
#6437 = CARTESIAN_POINT('',(1.35618633293,3.467047085264,145.08606904467
    ));
#6438 = CARTESIAN_POINT('',(-0.554155423468,3.984239660853,
    145.89100264232));
#6439 = CARTESIAN_POINT('',(-2.629876741223,3.309652047392,
    146.69759137416));
#6440 = CARTESIAN_POINT('',(-3.972975887009,1.444712366965,
    147.5019413207));
#6441 = CARTESIAN_POINT('',(-3.954247731017,-0.73812301223,
    148.30849134698));
#6442 = CARTESIAN_POINT('',(-2.858029453827,-2.385586069663,
    149.11348362776));
#6443 = CARTESIAN_POINT('',(-1.26860027304,-3.123939555443,
    149.91923630145));
#6444 = CARTESIAN_POINT('',(0.24882990221,-2.997984592578,
    150.72476769673));
#6445 = CARTESIAN_POINT('',(1.766267689011,-2.872019745588,
    151.53025951095));
#6446 = CARTESIAN_POINT('',(3.212206053967,-1.881853634475,
    152.33607537838));
#6447 = CARTESIAN_POINT('',(4.021880095458,-7.594310174806E-02,
    153.14098712887));
#6448 = CARTESIAN_POINT('',(3.680300951242,2.079761250051,
    153.94761889868));
#6449 = CARTESIAN_POINT('',(2.048445733448,3.69805050003,154.75190352698
    ));
#6450 = CARTESIAN_POINT('',(-0.110465587294,4.021041712884,
    155.55853263318));
#6451 = CARTESIAN_POINT('',(-1.909111836935,3.196021960116,
    156.36344743085));
#6452 = CARTESIAN_POINT('',(-2.887032450043,1.741679313081,
    157.16926163483));
#6453 = CARTESIAN_POINT('',(-2.999996402639,0.223218550818,
    157.97475384554));
#6454 = CARTESIAN_POINT('',(-3.112971726685,-1.295232989217,
    158.78028638384));
#6455 = CARTESIAN_POINT('',(-2.361176917798,-2.878281387706,
    159.58603284671));
#6456 = CARTESIAN_POINT('',(-0.704175361188,-3.960471080145,
    160.3910439304));
#6457 = CARTESIAN_POINT('',(1.478432499282,-3.960351408142,
    161.19755357818));
#6458 = CARTESIAN_POINT('',(3.332076784773,-2.601713874135,
    162.00196884712));
#6459 = CARTESIAN_POINT('',(3.988809655067,-0.519936601361,
    162.80847583248));
#6460 = CARTESIAN_POINT('',(3.455332528182,1.385648955685,
    163.61348996174));
#6461 = CARTESIAN_POINT('',(2.171861367962,2.57902367481,164.41923476239
    ));
#6462 = CARTESIAN_POINT('',(0.689776887995,2.928145450979,
    165.22476769656));
#6463 = CARTESIAN_POINT('',(-0.792317214227,3.277259367869,
    166.03026105045));
#6464 = CARTESIAN_POINT('',(-2.473465861796,2.782377309435,
    166.83606904403));
#6465 = CARTESIAN_POINT('',(-3.801564829054,1.315050857039,
    167.64100264336));
#6466 = CARTESIAN_POINT('',(-4.142860623455,-0.840686747232,
    168.44759137285));
#6467 = CARTESIAN_POINT('',(-3.090941452517,-2.884061746469,
    169.25194132199));
#6468 = CARTESIAN_POINT('',(-1.137518484242,-3.858361361588,
    170.05849134601));
#6469 = CARTESIAN_POINT('',(0.828054532213,-3.629556301767,
    170.86348362832));
#6470 = CARTESIAN_POINT('',(2.207518053097,-2.548569999731,
    171.66923630123));
#6471 = CARTESIAN_POINT('',(2.784190243065,-1.139347457126,
    172.47476769677));
#6472 = CARTESIAN_POINT('',(3.360857081693,0.269886354871,
    173.28025951074));
#6473 = CARTESIAN_POINT('',(3.135054897638,2.00775287901,174.08607537891
    ));
#6474 = CARTESIAN_POINT('',(1.89356115355,3.549043958138,174.89098712793
    ));
#6475 = CARTESIAN_POINT('',(-0.18225917461,4.223364007388,
    175.69761889994));
#6476 = CARTESIAN_POINT('',(-2.365012219867,3.504058307904,
    176.50190352569));
#6477 = CARTESIAN_POINT('',(-3.632924727644,1.727089177458,
    177.30853263421));
#6478 = CARTESIAN_POINT('',(-3.714395054634,-0.25006749513,
    178.11344743021));
#6479 = CARTESIAN_POINT('',(-2.862532935851,-1.781658886844,
    178.91926163511));
#6480 = CARTESIAN_POINT('',(-1.560859051123,-2.571677265847,
    179.72475384547));
#6481 = CARTESIAN_POINT('',(-0.259198546184,-3.361701590162,
    180.53028638399));
#6482 = CARTESIAN_POINT('',(1.49261560608,-3.410536444092,
    181.33603284648));
#6483 = CARTESIAN_POINT('',(3.209116647061,-2.425441085896,
    182.14104393068));
#6484 = CARTESIAN_POINT('',(4.199893251983,-0.480668912477,
    182.94755357787));
#6485 = CARTESIAN_POINT('',(3.830875240566,1.787748772431,
    183.75196884741));
#6486 = CARTESIAN_POINT('',(2.274148592675,3.318009148909,
    184.55847583224));
#6487 = CARTESIAN_POINT('',(0.334065881471,3.707795287729,
    185.36348996189));
#6488 = CARTESIAN_POINT('',(-1.311922492478,3.105994895432,
    186.1692347623));
#6489 = CARTESIAN_POINT('',(-2.295844546509,1.943945924052,
    186.97476769661));
#6490 = CARTESIAN_POINT('',(-3.279764498108,0.781884777612,
    187.78025951126));
#6491 = CARTESIAN_POINT('',(-3.602044149486,-0.940701217359,
    188.58607537782));
#6492 = CARTESIAN_POINT('',(-2.897598570768,-2.790198806184,
    189.3909871296));
#6493 = CARTESIAN_POINT('',(-1.131752476393,-4.072979042748,
    190.19761889801));
#6494 = CARTESIAN_POINT('',(1.166446716829,-4.063386454697,
    191.00190352739));
#6495 = CARTESIAN_POINT('',(2.921416828444,-2.765194896734,
    191.80853263307));
#6496 = CARTESIAN_POINT('',(3.609874726735,-0.909982874911,
    192.61344743078));
#6497 = CARTESIAN_POINT('',(3.272993475905,0.809886970013,
    193.41926163494));
#6498 = CARTESIAN_POINT('',(2.279157150778,1.963478448872,
    194.22475384545));
#6499 = CARTESIAN_POINT('',(1.285335387573,3.117071447493,
    195.03028638339));
#6500 = CARTESIAN_POINT('',(-0.365648076838,3.704856497369,
    195.83603284832));
#6501 = CARTESIAN_POINT('',(-2.302548785136,3.298403131122,
    196.64104392733));
#6502 = CARTESIAN_POINT('',(-3.845800981578,1.754981689687,
    197.44755358223));
#6503 = CARTESIAN_POINT('',(-4.195823613584,-0.516444565478,
    198.25196884313));
#6504 = CARTESIAN_POINT('',(-3.188165052374,-2.452863660507,
    199.05847583548));
#6505 = CARTESIAN_POINT('',(-1.463487289021,-3.423090834147,199.86348996
    ));
#6506 = CARTESIAN_POINT('',(0.287907228181,-3.359383030664,
    200.66923476312));
#6507 = CARTESIAN_POINT('',(1.582765589687,-2.558257419631,
    201.47476769638));
#6508 = CARTESIAN_POINT('',(2.877625713867,-1.757119580513,
    202.28025951224));
#6509 = CARTESIAN_POINT('',(3.716440223388,-0.218432833349,
    203.08607537545));
#6510 = CARTESIAN_POINT('',(3.617998850452,1.758229554148,203.8909871336
    ));
#6511 = CARTESIAN_POINT('',(2.334980310658,3.52390251171,204.69761889294
    ));
#6512 = CARTESIAN_POINT('',(0.146298716786,4.22496202382,205.50190353233
    ));
#6513 = CARTESIAN_POINT('',(-1.923940294378,3.532624073262,
    206.30853262933));
#6514 = CARTESIAN_POINT('',(-3.151994709725,1.980957781033,
    207.11344743296));
#6515 = CARTESIAN_POINT('',(-3.363070609963,0.241162326178,
    207.91926163399));
#6516 = CARTESIAN_POINT('',(-2.774355468797,-1.163080680934,
    208.72475384574));
#6517 = CARTESIAN_POINT('',(-2.185654645851,-2.567320633655,
    209.53028638327));
#6518 = CARTESIAN_POINT('',(-0.79711163326,-3.636519383658,
    210.33603284784));
#6519 = CARTESIAN_POINT('',(1.170591404319,-3.848494495663,
    211.14104392873));
#6520 = CARTESIAN_POINT('',(3.115254916963,-2.857504633139,
    211.94755358008));
#6521 = CARTESIAN_POINT('',(4.150055536473,-0.805412831698,
    212.75196884543));
#6522 = CARTESIAN_POINT('',(3.790101703811,1.347614785058,
    213.55847583363));
#6523 = CARTESIAN_POINT('',(2.449652363991,2.80331040079,214.36348996115
    ));
#6524 = CARTESIAN_POINT('',(0.764290401536,3.28393134816,215.16923476257
    ));
#6525 = CARTESIAN_POINT('',(-0.714754509164,2.922148854683,
    215.97476769656));
#6526 = CARTESIAN_POINT('',(-2.193804425307,2.560354990213,
    216.78026105045));
#6527 = CARTESIAN_POINT('',(-3.467047085344,1.356186332712,
    217.58606904417));
#6528 = CARTESIAN_POINT('',(-3.984239660711,-0.554155423142,
    218.39100264286));
#6529 = CARTESIAN_POINT('',(-3.309652047557,-2.629876741603,
    219.19759137386));
#6530 = CARTESIAN_POINT('',(-1.444712366871,-3.972975886647,
    220.00194132056));
#6531 = CARTESIAN_POINT('',(0.738123012269,-3.954247731303,
    220.80849134751));
#6532 = CARTESIAN_POINT('',(2.385586069525,-2.858029453634,
    221.61348362709));
#6533 = CARTESIAN_POINT('',(3.123939555591,-1.268600273154,222.419236302
    ));
#6534 = CARTESIAN_POINT('',(2.99798459248,0.248829902269,223.22476769639
    ));
#6535 = CARTESIAN_POINT('',(2.872019745885,1.766267688791,
    224.03025951213));
#6536 = CARTESIAN_POINT('',(1.881853633964,3.212206054541,
    224.83607537584));
#6537 = CARTESIAN_POINT('',(7.594310229543E-02,4.021880094398,
    225.6409871328));
#6538 = CARTESIAN_POINT('',(-2.079761250362,3.680300952655,
    226.4476188941));
#6539 = CARTESIAN_POINT('',(-3.698050500074,2.048445732073,
    227.25190353109));
#6540 = CARTESIAN_POINT('',(-4.02104171262,-0.110465586314,
    228.05853263031));
#6541 = CARTESIAN_POINT('',(-3.196021960378,-1.909111837445,
    228.86344743242));
#6542 = CARTESIAN_POINT('',(-1.741679312934,-2.88703244985,
    229.66926163417));
#6543 = CARTESIAN_POINT('',(-0.223218550867,-2.999996402691,
    230.47475384574));
#6544 = CARTESIAN_POINT('',(1.295232989223,-3.112971726656,
    231.28028638381));
#6545 = CARTESIAN_POINT('',(2.878281387885,-2.361176917788,
    232.08603284623));
#6546 = CARTESIAN_POINT('',(3.960471079651,-0.704175361174,
    232.89104393162));
#6547 = CARTESIAN_POINT('',(3.960351408907,1.478432499145,
    233.69755357641));
#6548 = CARTESIAN_POINT('',(2.601713873351,3.33207678505,234.50196884892
    ));
#6549 = CARTESIAN_POINT('',(0.519936601907,3.98880965476,235.30847583114
    ));
#6550 = CARTESIAN_POINT('',(-1.385648955933,3.455332528388,
    236.11348996242));
#6551 = CARTESIAN_POINT('',(-2.579023674751,2.171861367891,
    236.9192347622));
#6552 = CARTESIAN_POINT('',(-2.928145450972,0.689776887988,
    237.72476769653));
#6553 = CARTESIAN_POINT('',(-3.277259826572,-0.792317485462,
    238.53025951144));
#6554 = CARTESIAN_POINT('',(-2.782375421807,-2.47346474558,
    239.33607537752));
#6555 = CARTESIAN_POINT('',(-1.315055480633,-3.801567563131,240.14098713
    ));
#6556 = CARTESIAN_POINT('',(0.840694950759,-4.142855772499,
    240.94761889756));
#6557 = CARTESIAN_POINT('',(2.884050482101,-3.090948113356,
    241.75190352782));
#6558 = CARTESIAN_POINT('',(3.858373666975,-1.137511207885,
    242.55853263271));
#6559 = CARTESIAN_POINT('',(3.629545513228,0.828048152816,
    243.36344743102));
#6560 = CARTESIAN_POINT('',(2.548577550368,2.207522517877,
    244.16926163481));
#6561 = CARTESIAN_POINT('',(1.139343328781,2.784187801925,
    244.97475384551));
#6562 = PCURVE('',#6563,#7142);
#6563 = B_SPLINE_SURFACE_WITH_KNOTS('',1,9,(
    (#6564,#6565,#6566,#6567,#6568,#6569,#6570,#6571,#6572,#6573,#6574
      ,#6575,#6576,#6577,#6578,#6579,#6580,#6581,#6582,#6583,#6584,#6585
      ,#6586,#6587,#6588,#6589,#6590,#6591,#6592,#6593,#6594,#6595,#6596
      ,#6597,#6598,#6599,#6600,#6601,#6602,#6603,#6604,#6605,#6606,#6607
      ,#6608,#6609,#6610,#6611,#6612,#6613,#6614,#6615,#6616,#6617,#6618
      ,#6619,#6620,#6621,#6622,#6623,#6624,#6625,#6626,#6627,#6628,#6629
      ,#6630,#6631,#6632,#6633,#6634,#6635,#6636,#6637,#6638,#6639,#6640
      ,#6641,#6642,#6643,#6644,#6645,#6646,#6647,#6648,#6649,#6650,#6651
      ,#6652,#6653,#6654,#6655,#6656,#6657,#6658,#6659,#6660,#6661,#6662
      ,#6663,#6664,#6665,#6666,#6667,#6668,#6669,#6670,#6671,#6672,#6673
      ,#6674,#6675,#6676,#6677,#6678,#6679,#6680,#6681,#6682,#6683,#6684
      ,#6685,#6686,#6687,#6688,#6689,#6690,#6691,#6692,#6693,#6694,#6695
      ,#6696,#6697,#6698,#6699,#6700,#6701,#6702,#6703,#6704,#6705,#6706
      ,#6707,#6708,#6709,#6710,#6711,#6712,#6713,#6714,#6715,#6716,#6717
      ,#6718,#6719,#6720,#6721,#6722,#6723,#6724,#6725,#6726,#6727,#6728
      ,#6729,#6730,#6731,#6732,#6733,#6734,#6735,#6736,#6737,#6738,#6739
      ,#6740,#6741,#6742,#6743,#6744,#6745,#6746,#6747,#6748,#6749,#6750
      ,#6751,#6752,#6753,#6754,#6755,#6756,#6757,#6758,#6759,#6760,#6761
      ,#6762,#6763,#6764,#6765,#6766,#6767,#6768,#6769,#6770,#6771,#6772
      ,#6773,#6774,#6775,#6776,#6777,#6778,#6779,#6780,#6781,#6782,#6783
      ,#6784,#6785,#6786,#6787,#6788,#6789,#6790,#6791,#6792,#6793,#6794
      ,#6795,#6796,#6797,#6798,#6799,#6800,#6801,#6802,#6803,#6804,#6805
      ,#6806,#6807,#6808,#6809,#6810,#6811,#6812,#6813,#6814,#6815,#6816
      ,#6817,#6818,#6819,#6820,#6821,#6822,#6823,#6824,#6825,#6826,#6827
      ,#6828,#6829,#6830,#6831,#6832,#6833,#6834,#6835,#6836,#6837,#6838
      ,#6839,#6840,#6841,#6842,#6843,#6844,#6845,#6846,#6847,#6848,#6849
      ,#6850,#6851,#6852)
    ,(#6853,#6854,#6855,#6856,#6857,#6858,#6859,#6860,#6861,#6862,#6863
      ,#6864,#6865,#6866,#6867,#6868,#6869,#6870,#6871,#6872,#6873,#6874
      ,#6875,#6876,#6877,#6878,#6879,#6880,#6881,#6882,#6883,#6884,#6885
      ,#6886,#6887,#6888,#6889,#6890,#6891,#6892,#6893,#6894,#6895,#6896
      ,#6897,#6898,#6899,#6900,#6901,#6902,#6903,#6904,#6905,#6906,#6907
      ,#6908,#6909,#6910,#6911,#6912,#6913,#6914,#6915,#6916,#6917,#6918
      ,#6919,#6920,#6921,#6922,#6923,#6924,#6925,#6926,#6927,#6928,#6929
      ,#6930,#6931,#6932,#6933,#6934,#6935,#6936,#6937,#6938,#6939,#6940
      ,#6941,#6942,#6943,#6944,#6945,#6946,#6947,#6948,#6949,#6950,#6951
      ,#6952,#6953,#6954,#6955,#6956,#6957,#6958,#6959,#6960,#6961,#6962
      ,#6963,#6964,#6965,#6966,#6967,#6968,#6969,#6970,#6971,#6972,#6973
      ,#6974,#6975,#6976,#6977,#6978,#6979,#6980,#6981,#6982,#6983,#6984
      ,#6985,#6986,#6987,#6988,#6989,#6990,#6991,#6992,#6993,#6994,#6995
      ,#6996,#6997,#6998,#6999,#7000,#7001,#7002,#7003,#7004,#7005,#7006
      ,#7007,#7008,#7009,#7010,#7011,#7012,#7013,#7014,#7015,#7016,#7017
      ,#7018,#7019,#7020,#7021,#7022,#7023,#7024,#7025,#7026,#7027,#7028
      ,#7029,#7030,#7031,#7032,#7033,#7034,#7035,#7036,#7037,#7038,#7039
      ,#7040,#7041,#7042,#7043,#7044,#7045,#7046,#7047,#7048,#7049,#7050
      ,#7051,#7052,#7053,#7054,#7055,#7056,#7057,#7058,#7059,#7060,#7061
      ,#7062,#7063,#7064,#7065,#7066,#7067,#7068,#7069,#7070,#7071,#7072
      ,#7073,#7074,#7075,#7076,#7077,#7078,#7079,#7080,#7081,#7082,#7083
      ,#7084,#7085,#7086,#7087,#7088,#7089,#7090,#7091,#7092,#7093,#7094
      ,#7095,#7096,#7097,#7098,#7099,#7100,#7101,#7102,#7103,#7104,#7105
      ,#7106,#7107,#7108,#7109,#7110,#7111,#7112,#7113,#7114,#7115,#7116
      ,#7117,#7118,#7119,#7120,#7121,#7122,#7123,#7124,#7125,#7126,#7127
      ,#7128,#7129,#7130,#7131,#7132,#7133,#7134,#7135,#7136,#7137,#7138
      ,#7139,#7140,#7141
    )),.UNSPECIFIED.,.F.,.F.,.F.,(2,2),(10,9,9,9,9,9,9,9,9,9,9,9,9,9,9,9
    ,9,9,9,9,9,9,9,9,9,9,9,9,9,9,9,9,10),(0.,7.9),(0.,8.56232113701,
    17.12464227402,25.68696341103,34.24928454804,42.811605685051,
    51.373926822061,59.936247959071,68.498569096081,77.060890233091,
    85.623211370101,94.185532507111,102.74785364412,111.31017478113,
    119.87249591814,128.43481705515,136.99713819216,145.55945932917,
    154.12178046618,162.68410160319,171.2464227402,179.80874387721,
    188.37106501422,196.93338615123,205.49570728824,214.05802842525,
    222.62034956226,231.18267069927,239.74499183628,248.30731297329,
    256.8696341103,265.43195524731,273.99427638432),
  .PIECEWISE_BEZIER_KNOTS.);
#6564 = CARTESIAN_POINT('',(3.,-0.223221722725,12.974767696687));
#6565 = CARTESIAN_POINT('',(3.112965147132,1.295238790635,
    13.780261050134));
#6566 = CARTESIAN_POINT('',(2.361186318877,2.878273098306,14.58606904469
    ));
#6567 = CARTESIAN_POINT('',(0.704164638368,3.960480535333,
    15.391002642353));
#6568 = CARTESIAN_POINT('',(-1.478422683718,3.960342752489,
    16.197591374081));
#6569 = CARTESIAN_POINT('',(-3.332083933023,2.601720178083,
    17.001941320806));
#6570 = CARTESIAN_POINT('',(-3.988805626357,0.519933048267,
    17.808491346925));
#6571 = CARTESIAN_POINT('',(-3.45533417289,-1.385647505087,
    18.613483627764));
#6572 = CARTESIAN_POINT('',(-2.171860968289,-2.579024027284,
    19.419236301487));
#6573 = CARTESIAN_POINT('',(-0.689776888025,-2.928145451007,
    20.224767696693));
#6574 = CARTESIAN_POINT('',(0.79231721432,-3.277259367808,
    21.030261050111));
#6575 = CARTESIAN_POINT('',(2.473465861584,-2.78237730951,21.83606904474
    ));
#6576 = CARTESIAN_POINT('',(3.801564829412,-1.315050857015,
    22.641002642278));
#6577 = CARTESIAN_POINT('',(4.142860623008,0.84068674732,23.447591374166
    ));
#6578 = CARTESIAN_POINT('',(3.090941452931,2.884061746275,
    24.251941320736));
#6579 = CARTESIAN_POINT('',(1.137518483962,3.858361361807,
    25.058491346963));
#6580 = CARTESIAN_POINT('',(-0.828054532075,3.629556301607,
    25.863483627756));
#6581 = CARTESIAN_POINT('',(-2.207518053146,2.548569999808,
    26.669236301479));
#6582 = CARTESIAN_POINT('',(-2.784190243053,1.139347457105,
    27.474767696703));
#6583 = CARTESIAN_POINT('',(-3.360856586249,-0.269886158644,
    28.280261050076));
#6584 = CARTESIAN_POINT('',(-3.135056936598,-2.007753686372,
    29.086069044823));
#6585 = CARTESIAN_POINT('',(-1.893556159166,-3.549041980746,
    29.891002642136));
#6586 = CARTESIAN_POINT('',(0.182250313137,-4.22336751559,
    30.697591374349));
#6587 = CARTESIAN_POINT('',(2.365024387666,-3.50405349099,
    31.501941320554));
#6588 = CARTESIAN_POINT('',(3.632911435377,-1.727094439355,
    32.308491347101));
#6589 = CARTESIAN_POINT('',(3.714406708359,0.250072108317,
    33.113483627678));
#6590 = CARTESIAN_POINT('',(2.862524779721,1.781655658213,
    33.919236301509));
#6591 = CARTESIAN_POINT('',(1.56086351051,2.571679031114,34.724767696697
    ));
#6592 = CARTESIAN_POINT('',(0.259190389974,3.361698361505,
    35.530261050102));
#6593 = CARTESIAN_POINT('',(-1.492603952089,3.410541057231,
    36.33606904476));
#6594 = CARTESIAN_POINT('',(-3.209129939849,2.425435824341,
    37.141002642242));
#6595 = CARTESIAN_POINT('',(-4.19988108348,0.480673728616,
    37.947591374217));
#6596 = CARTESIAN_POINT('',(-3.830884102722,-1.787752279597,
    38.751941320674));
#6597 = CARTESIAN_POINT('',(-2.274143597816,-3.318007172429,
    39.55849134703));
#6598 = CARTESIAN_POINT('',(-0.334067920661,-3.707796094566,
    40.363483627697));
#6599 = CARTESIAN_POINT('',(1.311922987991,-3.105994699377,
    41.169236301522));
#6600 = CARTESIAN_POINT('',(2.295844546515,-1.943945924073,
    41.974767696679));
#6601 = CARTESIAN_POINT('',(3.279764498106,-0.781884777573,
    42.780259511138));
#6602 = CARTESIAN_POINT('',(3.602044149471,0.940701217302,43.58607537799
    ));
#6603 = CARTESIAN_POINT('',(2.897598570805,2.790198806242,
    44.390987129469));
#6604 = CARTESIAN_POINT('',(1.131752476356,4.072979042713,
    45.197618898047));
#6605 = CARTESIAN_POINT('',(-1.166446716823,4.063386454701,
    46.001903527472));
#6606 = CARTESIAN_POINT('',(-2.921416828416,2.765194896747,
    46.808532632941));
#6607 = CARTESIAN_POINT('',(-3.609874726772,0.909982874898,
    47.613447430896));
#6608 = CARTESIAN_POINT('',(-3.272993475879,-0.809886970008,
    48.419261634877));
#6609 = CARTESIAN_POINT('',(-2.279157150791,-1.963478448872,
    49.224753845493));
#6610 = CARTESIAN_POINT('',(-1.2853353876,-3.11707144747,50.030286383553
    ));
#6611 = CARTESIAN_POINT('',(0.365648076939,-3.704856497486,
    50.83603284773));
#6612 = CARTESIAN_POINT('',(2.302548784984,-3.298403130818,
    51.641043928531));
#6613 = CARTESIAN_POINT('',(3.845800981698,-1.754981690201,
    52.447553580546));
#6614 = CARTESIAN_POINT('',(4.195823613562,0.516444566102,
    53.251968844969));
#6615 = CARTESIAN_POINT('',(3.188165052315,2.452863659933,54.05847583388
    ));
#6616 = CARTESIAN_POINT('',(1.46348728909,3.423090834562,54.863489961172
    ));
#6617 = CARTESIAN_POINT('',(-0.287907228218,3.359383030423,
    55.669234762432));
#6618 = CARTESIAN_POINT('',(-1.582765589679,2.558257419741,
    56.474767696708));
#6619 = CARTESIAN_POINT('',(-2.877625197784,1.757119447572,
    57.280261050055));
#6620 = CARTESIAN_POINT('',(-3.716442347116,0.218433379644,
    58.086069044864));
#6621 = CARTESIAN_POINT('',(-3.617993648641,-1.758230891433,
    58.891002642083));
#6622 = CARTESIAN_POINT('',(-2.334989540084,-3.523900139895,
    59.697591374406));
#6623 = CARTESIAN_POINT('',(-0.14628604355,-4.224965279779,
    60.501941320495));
#6624 = CARTESIAN_POINT('',(1.92392644954,-3.532620516942,
    61.308491347163));
#6625 = CARTESIAN_POINT('',(3.152006848339,-1.980960898731,
    62.11348362762));
#6626 = CARTESIAN_POINT('',(3.36306211419,-0.241160144229,
    62.919236301553));
#6627 = CARTESIAN_POINT('',(2.774360114013,1.163079487932,
    63.724767696673));
#6628 = CARTESIAN_POINT('',(2.185646149845,2.567322815648,
    64.530261050193));
#6629 = CARTESIAN_POINT('',(0.797123772608,3.636516265895,
    65.336069044559));
#6630 = CARTESIAN_POINT('',(-1.170605250481,3.848498051924,
    66.141002642555));
#6631 = CARTESIAN_POINT('',(-3.115242242127,2.857501377553,
    66.947591373857));
#6632 = CARTESIAN_POINT('',(-4.150064767228,0.805415202789,
    67.75194132099));
#6633 = CARTESIAN_POINT('',(-3.790096501256,-1.347616121485,
    68.558491346818));
#6634 = CARTESIAN_POINT('',(-2.449654487983,-2.80330985519,
    69.363483627798));
#6635 = CARTESIAN_POINT('',(-0.764289885394,-3.283931480709,
    70.169236301495));
#6636 = CARTESIAN_POINT('',(0.71475450915,-2.922148854718,
    70.974767696676));
#6637 = CARTESIAN_POINT('',(2.193804425346,-2.560354990113,
    71.78026105017));
#6638 = CARTESIAN_POINT('',(3.467047085258,-1.356186332894,
    72.586069044603));
#6639 = CARTESIAN_POINT('',(3.98423966084,0.554155423394,73.391002642513
    ));
#6640 = CARTESIAN_POINT('',(3.309652047449,2.629876741312,
    74.197591373867));
#6641 = CARTESIAN_POINT('',(1.444712366873,3.972975886939,
    75.001941321017));
#6642 = CARTESIAN_POINT('',(-0.738123012148,3.954247731052,
    75.808491346777));
#6643 = CARTESIAN_POINT('',(-2.385586069699,2.858029453815,
    76.61348362783));
#6644 = CARTESIAN_POINT('',(-3.123939555447,1.268600273048,
    77.41923630148));
#6645 = CARTESIAN_POINT('',(-2.997984592563,-0.248829902219,
    78.224767696677));
#6646 = CARTESIAN_POINT('',(-2.872019745633,-1.766267688978,
    79.030259511131));
#6647 = CARTESIAN_POINT('',(-1.881853634399,-3.212206054051,
    79.836075377999));
#6648 = CARTESIAN_POINT('',(-7.594310182785E-02,-4.021880095312,
    80.640987129483));
#6649 = CARTESIAN_POINT('',(2.07976125009,-3.680300951421,
    81.447618897984));
#6650 = CARTESIAN_POINT('',(3.698050500049,-2.048445733293,
    82.251903527582));
#6651 = CARTESIAN_POINT('',(4.021041712838,0.110465587204,83.05853263282
    ));
#6652 = CARTESIAN_POINT('',(3.196021960147,1.909111836963,
    83.863447430988));
#6653 = CARTESIAN_POINT('',(1.741679313077,2.887032450046,
    84.669261634828));
#6654 = CARTESIAN_POINT('',(0.223218550807,2.99999640263,85.474753845511
    ));
#6655 = CARTESIAN_POINT('',(-1.295232989273,3.112971726622,
    86.280286383585));
#6656 = CARTESIAN_POINT('',(-2.878281387462,2.361176917959,
    87.086032847571));
#6657 = CARTESIAN_POINT('',(-3.960471080679,0.704175361002,
    87.891043928858));
#6658 = CARTESIAN_POINT('',(-3.960351407377,-1.478432499201,
    88.697553580095));
#6659 = CARTESIAN_POINT('',(-2.601713874887,-3.332076784703,
    89.501968845431));
#6660 = CARTESIAN_POINT('',(-0.519936600866,-3.988809655199,
    90.308475833514));
#6661 = CARTESIAN_POINT('',(1.385648955496,-3.455332528105,
    91.113489961403));
#6662 = CARTESIAN_POINT('',(2.579023674815,-2.171861367954,
    91.919234762317));
#6663 = CARTESIAN_POINT('',(2.92814545102,-0.689776888041,
    92.724767696752));
#6664 = CARTESIAN_POINT('',(3.277259367765,0.792317214375,
    93.530261049904));
#6665 = CARTESIAN_POINT('',(2.782377309581,2.473465861455,
    94.336069045177));
#6666 = CARTESIAN_POINT('',(1.315050856949,3.801564829623,
    95.141002641626));
#6667 = CARTESIAN_POINT('',(-0.840686747299,4.142860622761,
    95.947591374882));
#6668 = CARTESIAN_POINT('',(-2.884061746248,3.090941453136,
    96.751941320165));
#6669 = CARTESIAN_POINT('',(-3.858361361843,1.137518483847,
    97.55849134727));
#6670 = CARTESIAN_POINT('',(-3.629556301594,-0.82805453204,
    98.36348362768));
#6671 = CARTESIAN_POINT('',(-2.548569999799,-2.207518053144,
    99.169236301443));
#6672 = CARTESIAN_POINT('',(-1.139347457119,-2.784190243062,
    99.974767696752));
#6673 = CARTESIAN_POINT('',(0.269886158696,-3.360856586225,
    100.78026104988));
#6674 = CARTESIAN_POINT('',(2.007753686248,-3.135056936627,
    101.58606904528));
#6675 = CARTESIAN_POINT('',(3.549041980953,-1.893556159178,
    102.39100264133));
#6676 = CARTESIAN_POINT('',(4.223367515342,0.182250313237,
    103.19759137537));
#6677 = CARTESIAN_POINT('',(3.504053491208,2.365024387484,
    104.00194131954));
#6678 = CARTESIAN_POINT('',(1.727094439213,3.632911435569,
    104.80849134786));
#6679 = CARTESIAN_POINT('',(-0.250072108249,3.714406708223,
    105.61348362723));
#6680 = CARTESIAN_POINT('',(-1.781655658238,2.862524779786,
    106.4192363017));
#6681 = CARTESIAN_POINT('',(-2.571679031106,1.56086351049,
    107.22476769663));
#6682 = CARTESIAN_POINT('',(-3.361698361545,0.259190390056,
    108.03026105034));
#6683 = CARTESIAN_POINT('',(-3.410541057155,-1.492603952297,
    108.83606904418));
#6684 = CARTESIAN_POINT('',(-2.425435824408,-3.209129939479,
    109.6410026432));
#6685 = CARTESIAN_POINT('',(-0.480673728629,-4.199881083952,
    110.44759137305));
#6686 = CARTESIAN_POINT('',(1.787752279693,-3.830884102293,
    111.25194132168));
#6687 = CARTESIAN_POINT('',(3.318007172331,-2.274143598082,
    112.05849134645));
#6688 = CARTESIAN_POINT('',(3.707796094592,-0.334067920564,
    112.86348362781));
#6689 = CARTESIAN_POINT('',(3.105994699418,1.311922987986,
    113.66923630165));
#6690 = CARTESIAN_POINT('',(1.943945924018,2.295844546501,
    114.47476769651));
#6691 = CARTESIAN_POINT('',(0.781884777749,3.279764498132,115.2802595117
    ));
#6692 = CARTESIAN_POINT('',(-0.940701217676,3.602044149493,
    116.08607537676));
#6693 = CARTESIAN_POINT('',(-2.790198805673,2.897598570618,
    116.89098713142));
#6694 = CARTESIAN_POINT('',(-4.072979043343,1.131752476779,
    117.69761889567));
#6695 = CARTESIAN_POINT('',(-4.063386454196,-1.166446717394,
    118.50190352971));
#6696 = CARTESIAN_POINT('',(-2.76519489703,-2.921416827894,
    119.30853263128));
#6697 = CARTESIAN_POINT('',(-0.909982874797,-3.609874727107,
    120.11344743184));
#6698 = CARTESIAN_POINT('',(0.809886969989,-3.272993475731,
    120.91926163447));
#6699 = CARTESIAN_POINT('',(1.963478448874,-2.279157150831,
    121.7247538456));
#6700 = CARTESIAN_POINT('',(3.117071447463,-1.285335387544,
    122.5302863834));
#6701 = CARTESIAN_POINT('',(3.704856497523,0.365648076891,
    123.33603284784));
#6702 = CARTESIAN_POINT('',(3.298403130715,2.302548784999,
    124.14104392853));
#6703 = CARTESIAN_POINT('',(1.75498169038,3.845800981715,124.94755358038
    ));
#6704 = CARTESIAN_POINT('',(-0.516444566316,4.195823613542,
    125.75196884523));
#6705 = CARTESIAN_POINT('',(-2.452863659753,3.188165052319,
    126.55847583361));
#6706 = CARTESIAN_POINT('',(-3.423090834668,1.463487289099,
    127.36348996135));
#6707 = CARTESIAN_POINT('',(-3.359383030383,-0.287907228226,
    128.16923476235));
#6708 = CARTESIAN_POINT('',(-2.558257419746,-1.582765589678,
    128.97476769672));
#6709 = CARTESIAN_POINT('',(-1.757119447546,-2.877625197792,
    129.78026104995));
#6710 = CARTESIAN_POINT('',(-0.218433379699,-3.716442347082,
    130.58606904515));
#6711 = CARTESIAN_POINT('',(1.758230891497,-3.617993648721,
    131.39100264156));
#6712 = CARTESIAN_POINT('',(3.52390013986,-2.334989539956,
    132.19759137509));
#6713 = CARTESIAN_POINT('',(4.224965279764,-0.146286043701,
    133.00194131981));
#6714 = CARTESIAN_POINT('',(3.532620516986,1.923926449679,
    133.80849134769));
#6715 = CARTESIAN_POINT('',(1.980960898692,3.152006848235,
    134.61348362726));
#6716 = CARTESIAN_POINT('',(0.24116014425,3.363062114254,135.41923630175
    ));
#6717 = CARTESIAN_POINT('',(-1.163079487939,2.77436011398,
    136.22476769657));
#6718 = CARTESIAN_POINT('',(-2.567322815616,2.185646149958,
    137.03026105054));
#6719 = CARTESIAN_POINT('',(-3.636516266009,0.797123772374,
    137.83606904375));
#6720 = CARTESIAN_POINT('',(-3.84849805165,-1.170605250155,
    138.64100264388));
#6721 = CARTESIAN_POINT('',(-2.857501378004,-3.115242242433,
    139.44759137218));
#6722 = CARTESIAN_POINT('',(-0.805415202271,-4.15006476705,
    140.25194132257));
#6723 = CARTESIAN_POINT('',(1.347616121071,-3.790096501299,
    141.05849134569));
#6724 = CARTESIAN_POINT('',(2.803309855408,-2.449654488004,
    141.86348362835));
#6725 = CARTESIAN_POINT('',(3.283931480648,-0.764289885376,
    142.66923630133));
#6726 = CARTESIAN_POINT('',(2.922148854712,0.714754509152,
    143.47476769665));
#6727 = CARTESIAN_POINT('',(2.560354990107,2.19380442534,144.28026105017
    ));
#6728 = CARTESIAN_POINT('',(1.35618633293,3.467047085264,145.08606904467
    ));
#6729 = CARTESIAN_POINT('',(-0.554155423468,3.984239660853,
    145.89100264232));
#6730 = CARTESIAN_POINT('',(-2.629876741223,3.309652047392,
    146.69759137416));
#6731 = CARTESIAN_POINT('',(-3.972975887009,1.444712366965,
    147.5019413207));
#6732 = CARTESIAN_POINT('',(-3.954247731017,-0.73812301223,
    148.30849134698));
#6733 = CARTESIAN_POINT('',(-2.858029453827,-2.385586069663,
    149.11348362776));
#6734 = CARTESIAN_POINT('',(-1.26860027304,-3.123939555443,
    149.91923630145));
#6735 = CARTESIAN_POINT('',(0.24882990221,-2.997984592578,
    150.72476769673));
#6736 = CARTESIAN_POINT('',(1.766267689011,-2.872019745588,
    151.53025951095));
#6737 = CARTESIAN_POINT('',(3.212206053967,-1.881853634475,
    152.33607537838));
#6738 = CARTESIAN_POINT('',(4.021880095458,-7.594310174806E-02,
    153.14098712887));
#6739 = CARTESIAN_POINT('',(3.680300951242,2.079761250051,
    153.94761889868));
#6740 = CARTESIAN_POINT('',(2.048445733448,3.69805050003,154.75190352698
    ));
#6741 = CARTESIAN_POINT('',(-0.110465587294,4.021041712884,
    155.55853263318));
#6742 = CARTESIAN_POINT('',(-1.909111836935,3.196021960116,
    156.36344743085));
#6743 = CARTESIAN_POINT('',(-2.887032450043,1.741679313081,
    157.16926163483));
#6744 = CARTESIAN_POINT('',(-2.999996402639,0.223218550818,
    157.97475384554));
#6745 = CARTESIAN_POINT('',(-3.112971726685,-1.295232989217,
    158.78028638384));
#6746 = CARTESIAN_POINT('',(-2.361176917798,-2.878281387706,
    159.58603284671));
#6747 = CARTESIAN_POINT('',(-0.704175361188,-3.960471080145,
    160.3910439304));
#6748 = CARTESIAN_POINT('',(1.478432499282,-3.960351408142,
    161.19755357818));
#6749 = CARTESIAN_POINT('',(3.332076784773,-2.601713874135,
    162.00196884712));
#6750 = CARTESIAN_POINT('',(3.988809655067,-0.519936601361,
    162.80847583248));
#6751 = CARTESIAN_POINT('',(3.455332528182,1.385648955685,
    163.61348996174));
#6752 = CARTESIAN_POINT('',(2.171861367962,2.57902367481,164.41923476239
    ));
#6753 = CARTESIAN_POINT('',(0.689776887995,2.928145450979,
    165.22476769656));
#6754 = CARTESIAN_POINT('',(-0.792317214227,3.277259367869,
    166.03026105045));
#6755 = CARTESIAN_POINT('',(-2.473465861796,2.782377309435,
    166.83606904403));
#6756 = CARTESIAN_POINT('',(-3.801564829054,1.315050857039,
    167.64100264336));
#6757 = CARTESIAN_POINT('',(-4.142860623455,-0.840686747232,
    168.44759137285));
#6758 = CARTESIAN_POINT('',(-3.090941452517,-2.884061746469,
    169.25194132199));
#6759 = CARTESIAN_POINT('',(-1.137518484242,-3.858361361588,
    170.05849134601));
#6760 = CARTESIAN_POINT('',(0.828054532213,-3.629556301767,
    170.86348362832));
#6761 = CARTESIAN_POINT('',(2.207518053097,-2.548569999731,
    171.66923630123));
#6762 = CARTESIAN_POINT('',(2.784190243065,-1.139347457126,
    172.47476769677));
#6763 = CARTESIAN_POINT('',(3.360857081693,0.269886354871,
    173.28025951074));
#6764 = CARTESIAN_POINT('',(3.135054897638,2.00775287901,174.08607537891
    ));
#6765 = CARTESIAN_POINT('',(1.89356115355,3.549043958138,174.89098712793
    ));
#6766 = CARTESIAN_POINT('',(-0.18225917461,4.223364007388,
    175.69761889994));
#6767 = CARTESIAN_POINT('',(-2.365012219867,3.504058307904,
    176.50190352569));
#6768 = CARTESIAN_POINT('',(-3.632924727644,1.727089177458,
    177.30853263421));
#6769 = CARTESIAN_POINT('',(-3.714395054634,-0.25006749513,
    178.11344743021));
#6770 = CARTESIAN_POINT('',(-2.862532935851,-1.781658886844,
    178.91926163511));
#6771 = CARTESIAN_POINT('',(-1.560859051123,-2.571677265847,
    179.72475384547));
#6772 = CARTESIAN_POINT('',(-0.259198546184,-3.361701590162,
    180.53028638399));
#6773 = CARTESIAN_POINT('',(1.49261560608,-3.410536444092,
    181.33603284648));
#6774 = CARTESIAN_POINT('',(3.209116647061,-2.425441085896,
    182.14104393068));
#6775 = CARTESIAN_POINT('',(4.199893251983,-0.480668912477,
    182.94755357787));
#6776 = CARTESIAN_POINT('',(3.830875240566,1.787748772431,
    183.75196884741));
#6777 = CARTESIAN_POINT('',(2.274148592675,3.318009148909,
    184.55847583224));
#6778 = CARTESIAN_POINT('',(0.334065881471,3.707795287729,
    185.36348996189));
#6779 = CARTESIAN_POINT('',(-1.311922492478,3.105994895432,
    186.1692347623));
#6780 = CARTESIAN_POINT('',(-2.295844546509,1.943945924052,
    186.97476769661));
#6781 = CARTESIAN_POINT('',(-3.279764498108,0.781884777612,
    187.78025951126));
#6782 = CARTESIAN_POINT('',(-3.602044149486,-0.940701217359,
    188.58607537782));
#6783 = CARTESIAN_POINT('',(-2.897598570768,-2.790198806184,
    189.3909871296));
#6784 = CARTESIAN_POINT('',(-1.131752476393,-4.072979042748,
    190.19761889801));
#6785 = CARTESIAN_POINT('',(1.166446716829,-4.063386454697,
    191.00190352739));
#6786 = CARTESIAN_POINT('',(2.921416828444,-2.765194896734,
    191.80853263307));
#6787 = CARTESIAN_POINT('',(3.609874726735,-0.909982874911,
    192.61344743078));
#6788 = CARTESIAN_POINT('',(3.272993475905,0.809886970013,
    193.41926163494));
#6789 = CARTESIAN_POINT('',(2.279157150778,1.963478448872,
    194.22475384545));
#6790 = CARTESIAN_POINT('',(1.285335387573,3.117071447493,
    195.03028638339));
#6791 = CARTESIAN_POINT('',(-0.365648076838,3.704856497369,
    195.83603284832));
#6792 = CARTESIAN_POINT('',(-2.302548785136,3.298403131122,
    196.64104392733));
#6793 = CARTESIAN_POINT('',(-3.845800981578,1.754981689687,
    197.44755358223));
#6794 = CARTESIAN_POINT('',(-4.195823613584,-0.516444565478,
    198.25196884313));
#6795 = CARTESIAN_POINT('',(-3.188165052374,-2.452863660507,
    199.05847583548));
#6796 = CARTESIAN_POINT('',(-1.463487289021,-3.423090834147,199.86348996
    ));
#6797 = CARTESIAN_POINT('',(0.287907228181,-3.359383030664,
    200.66923476312));
#6798 = CARTESIAN_POINT('',(1.582765589687,-2.558257419631,
    201.47476769638));
#6799 = CARTESIAN_POINT('',(2.877625713867,-1.757119580513,
    202.28025951224));
#6800 = CARTESIAN_POINT('',(3.716440223388,-0.218432833349,
    203.08607537545));
#6801 = CARTESIAN_POINT('',(3.617998850452,1.758229554148,203.8909871336
    ));
#6802 = CARTESIAN_POINT('',(2.334980310658,3.52390251171,204.69761889294
    ));
#6803 = CARTESIAN_POINT('',(0.146298716786,4.22496202382,205.50190353233
    ));
#6804 = CARTESIAN_POINT('',(-1.923940294378,3.532624073262,
    206.30853262933));
#6805 = CARTESIAN_POINT('',(-3.151994709725,1.980957781033,
    207.11344743296));
#6806 = CARTESIAN_POINT('',(-3.363070609963,0.241162326178,
    207.91926163399));
#6807 = CARTESIAN_POINT('',(-2.774355468797,-1.163080680934,
    208.72475384574));
#6808 = CARTESIAN_POINT('',(-2.185654645851,-2.567320633655,
    209.53028638327));
#6809 = CARTESIAN_POINT('',(-0.79711163326,-3.636519383658,
    210.33603284784));
#6810 = CARTESIAN_POINT('',(1.170591404319,-3.848494495663,
    211.14104392873));
#6811 = CARTESIAN_POINT('',(3.115254916963,-2.857504633139,
    211.94755358008));
#6812 = CARTESIAN_POINT('',(4.150055536473,-0.805412831698,
    212.75196884543));
#6813 = CARTESIAN_POINT('',(3.790101703811,1.347614785058,
    213.55847583363));
#6814 = CARTESIAN_POINT('',(2.449652363991,2.80331040079,214.36348996115
    ));
#6815 = CARTESIAN_POINT('',(0.764290401536,3.28393134816,215.16923476257
    ));
#6816 = CARTESIAN_POINT('',(-0.714754509164,2.922148854683,
    215.97476769656));
#6817 = CARTESIAN_POINT('',(-2.193804425307,2.560354990213,
    216.78026105045));
#6818 = CARTESIAN_POINT('',(-3.467047085344,1.356186332712,
    217.58606904417));
#6819 = CARTESIAN_POINT('',(-3.984239660711,-0.554155423142,
    218.39100264286));
#6820 = CARTESIAN_POINT('',(-3.309652047557,-2.629876741603,
    219.19759137386));
#6821 = CARTESIAN_POINT('',(-1.444712366871,-3.972975886647,
    220.00194132056));
#6822 = CARTESIAN_POINT('',(0.738123012269,-3.954247731303,
    220.80849134751));
#6823 = CARTESIAN_POINT('',(2.385586069525,-2.858029453634,
    221.61348362709));
#6824 = CARTESIAN_POINT('',(3.123939555591,-1.268600273154,222.419236302
    ));
#6825 = CARTESIAN_POINT('',(2.99798459248,0.248829902269,223.22476769639
    ));
#6826 = CARTESIAN_POINT('',(2.872019745885,1.766267688791,
    224.03025951213));
#6827 = CARTESIAN_POINT('',(1.881853633964,3.212206054541,
    224.83607537584));
#6828 = CARTESIAN_POINT('',(7.594310229543E-02,4.021880094398,
    225.6409871328));
#6829 = CARTESIAN_POINT('',(-2.079761250362,3.680300952655,
    226.4476188941));
#6830 = CARTESIAN_POINT('',(-3.698050500074,2.048445732073,
    227.25190353109));
#6831 = CARTESIAN_POINT('',(-4.02104171262,-0.110465586314,
    228.05853263031));
#6832 = CARTESIAN_POINT('',(-3.196021960378,-1.909111837445,
    228.86344743242));
#6833 = CARTESIAN_POINT('',(-1.741679312934,-2.88703244985,
    229.66926163417));
#6834 = CARTESIAN_POINT('',(-0.223218550867,-2.999996402691,
    230.47475384574));
#6835 = CARTESIAN_POINT('',(1.295232989223,-3.112971726656,
    231.28028638381));
#6836 = CARTESIAN_POINT('',(2.878281387885,-2.361176917788,
    232.08603284623));
#6837 = CARTESIAN_POINT('',(3.960471079651,-0.704175361174,
    232.89104393162));
#6838 = CARTESIAN_POINT('',(3.960351408907,1.478432499145,
    233.69755357641));
#6839 = CARTESIAN_POINT('',(2.601713873351,3.33207678505,234.50196884892
    ));
#6840 = CARTESIAN_POINT('',(0.519936601907,3.98880965476,235.30847583114
    ));
#6841 = CARTESIAN_POINT('',(-1.385648955933,3.455332528388,
    236.11348996242));
#6842 = CARTESIAN_POINT('',(-2.579023674751,2.171861367891,
    236.9192347622));
#6843 = CARTESIAN_POINT('',(-2.928145450972,0.689776887988,
    237.72476769653));
#6844 = CARTESIAN_POINT('',(-3.277259826572,-0.792317485462,
    238.53025951144));
#6845 = CARTESIAN_POINT('',(-2.782375421807,-2.47346474558,
    239.33607537752));
#6846 = CARTESIAN_POINT('',(-1.315055480633,-3.801567563131,240.14098713
    ));
#6847 = CARTESIAN_POINT('',(0.840694950759,-4.142855772499,
    240.94761889756));
#6848 = CARTESIAN_POINT('',(2.884050482101,-3.090948113356,
    241.75190352782));
#6849 = CARTESIAN_POINT('',(3.858373666975,-1.137511207885,
    242.55853263271));
#6850 = CARTESIAN_POINT('',(3.629545513228,0.828048152816,
    243.36344743102));
#6851 = CARTESIAN_POINT('',(2.548577550368,2.207522517877,
    244.16926163481));
#6852 = CARTESIAN_POINT('',(1.139343328781,2.784187801925,
    244.97475384551));
#6853 = CARTESIAN_POINT('',(10.9,-0.223221722725,12.974767696687));
#6854 = CARTESIAN_POINT('',(11.012965843326,5.293737459049,
    13.780385058164));
#6855 = CARTESIAN_POINT('',(7.983797398522,10.876461296995,
    14.585689837783));
#6856 = CARTESIAN_POINT('',(1.776558346699,14.468854801871,
    15.391864304222));
#6857 = CARTESIAN_POINT('',(-6.121638066165,14.044560744469,
    16.19638934764));
#6858 = CARTESIAN_POINT('',(-12.56576750863,8.765281224221,
    17.003150510921));
#6859 = CARTESIAN_POINT('',(-14.53558191058,1.104632723163,
    17.807708933737));
#6860 = CARTESIAN_POINT('',(-12.23460863955,-5.687841063085,
    18.613830809931));
#6861 = CARTESIAN_POINT('',(-7.356981089069,-9.756252922074,
    19.419187584669));
#6862 = CARTESIAN_POINT('',(-1.925609161841,-10.7308833417,
    20.22476769668));
#6863 = CARTESIAN_POINT('',(3.505755346264,-11.70550094628,
    21.030385058187));
#6864 = CARTESIAN_POINT('',(9.493612934954,-9.586957008738,
    21.835689837736));
#6865 = CARTESIAN_POINT('',(14.012804234989,-4.018113526066,
    22.641864304291));
#6866 = CARTESIAN_POINT('',(14.829284072145,3.849217196466,
    23.446389347565));
#6867 = CARTESIAN_POINT('',(10.623085185233,11.039869979712,
    24.253150510981));
#6868 = CARTESIAN_POINT('',(3.364898841539,14.183822147707,
    25.057708933705));
#6869 = CARTESIAN_POINT('',(-3.703899843663,12.973754678985,
    25.863830809938));
#6870 = CARTESIAN_POINT('',(-8.485251858047,8.792618650312,
    26.669187584677));
#6871 = CARTESIAN_POINT('',(-10.29753672178,3.580581712661,
    27.47476769667));
#6872 = CARTESIAN_POINT('',(-12.10980776761,-1.631449901921,
    28.28038505822));
#6873 = CARTESIAN_POINT('',(-10.95405392012,-7.877000314952,
    29.085689837662));
#6874 = CARTESIAN_POINT('',(-6.160729415058,-13.21171192202,
    29.891864304414));
#6875 = CARTESIAN_POINT('',(1.482015824567,-15.24886121036,
    30.696389347406));
#6876 = CARTESIAN_POINT('',(9.242134212656,-12.21931353302,
    31.50315051114));
#6877 = CARTESIAN_POINT('',(13.482809610154,-5.542309982942,
    32.307708933582));
#6878 = CARTESIAN_POINT('',(13.393443820789,1.628756317528,
    33.113830810009));
#6879 = CARTESIAN_POINT('',(10.011752759356,7.005315732351,
    33.919187584648));
#6880 = CARTESIAN_POINT('',(5.147388458449,9.610630572204,
    34.724767696676));
#6881 = CARTESIAN_POINT('',(0.283027253472,12.215930931582,
    35.530385058194));
#6882 = CARTESIAN_POINT('',(-6.066429804922,12.051425669519,
    36.33568983772));
#6883 = CARTESIAN_POINT('',(-12.08530341438,8.151647699645,
    37.141864304322));
#6884 = CARTESIAN_POINT('',(-15.29296077752,0.921677695361,
    37.946389347517));
#6885 = CARTESIAN_POINT('',(-13.51466182802,-7.216826428313,
    38.753150511044));
#6886 = CARTESIAN_POINT('',(-7.583251058727,-12.44980555317,
    39.557708933636));
#6887 = CARTESIAN_POINT('',(-0.486492594659,-13.48334192541,
    40.363830809999));
#6888 = CARTESIAN_POINT('',(5.352885484012,-10.98436428836,
    41.169187584633));
#6889 = CARTESIAN_POINT('',(8.687078802075,-6.587449417187,
    41.974767696694));
#6890 = CARTESIAN_POINT('',(12.021257367103,-2.190534806724,
    42.780386597161));
#6891 = CARTESIAN_POINT('',(12.852051184948,4.106481471124,
    43.585683504483));
#6892 = CARTESIAN_POINT('',(9.941845701108,10.661319988748,
    44.391879817106));
#6893 = CARTESIAN_POINT('',(3.302675853638,14.960487384309,
    45.196361823679));
#6894 = CARTESIAN_POINT('',(-5.013815605049,14.47724735669,
    46.003188304239));
#6895 = CARTESIAN_POINT('',(-11.11024686177,9.437453058621,
    46.807667647747));
#6896 = CARTESIAN_POINT('',(-13.2412346169,2.58977495336,47.613867006772
    ));
#6897 = CARTESIAN_POINT('',(-11.68650486388,-3.56865818446,48.4191622513
    ));
#6898 = CARTESIAN_POINT('',(-7.865305207903,-7.549617534436,
    49.224781547868));
#6899 = CARTESIAN_POINT('',(-4.044105723975,-11.53058923855,
    50.030359724772));
#6900 = CARTESIAN_POINT('',(2.045423044589,-13.33620430969,
    50.835726034702));
#6901 = CARTESIAN_POINT('',(8.974807995431,-11.48725606808,
    51.641823018095));
#6902 = CARTESIAN_POINT('',(14.259656750755,-5.602339292079,
    52.446427141127));
#6903 = CARTESIAN_POINT('',(15.083328610893,2.687340111826,
    53.253122986788));
#6904 = CARTESIAN_POINT('',(11.059302163748,9.497120609113,
    54.057724446769));
#6905 = CARTESIAN_POINT('',(4.629263610579,12.673083531562,
    54.863824476526));
#6906 = CARTESIAN_POINT('',(-1.696541349586,12.100884349157,
    55.669189123725));
#6907 = CARTESIAN_POINT('',(-6.226269082797,8.949491675298,
    56.474767696664));
#6908 = CARTESIAN_POINT('',(-10.75598247481,5.798095717774,
    57.280385058241));
#6909 = CARTESIAN_POINT('',(-13.49200039612,6.600422758132E-02,
    58.085689837622));
#6910 = CARTESIAN_POINT('',(-12.74978421982,-7.067313576196,
    58.891864304467));
#6911 = CARTESIAN_POINT('',(-7.764079745702,-13.20769490935,
    59.696389347344));
#6912 = CARTESIAN_POINT('',(0.294711354479,-15.31802249775,
    60.503150511209));
#6913 = CARTESIAN_POINT('',(7.650134034938,-12.40881961257,
    61.307708933509));
#6914 = CARTESIAN_POINT('',(11.792882607237,-6.554777214716,
    62.113830810075));
#6915 = CARTESIAN_POINT('',(12.217299400934,-0.217341143098,
    62.919187584601));
#6916 = CARTESIAN_POINT('',(9.813311655104,4.749604435867,
    63.724767696701));
#6917 = CARTESIAN_POINT('',(7.409317902551,9.716536480204,
    64.530385058108));
#6918 = CARTESIAN_POINT('',(2.175805470238,13.315566146423,
    65.335689837904));
#6919 = CARTESIAN_POINT('',(-4.985797544604,13.698384637718,
    66.141864304043));
#6920 = CARTESIAN_POINT('',(-11.83051660673,9.734629727718,
    66.946389347832));
#6921 = CARTESIAN_POINT('',(-15.17553523491,2.105183686324,
    67.753150510765));
#6922 = CARTESIAN_POINT('',(-13.45279107725,-5.614781132443,
    68.557708933827));
#6923 = CARTESIAN_POINT('',(-8.318890312061,-10.62229958614,
    69.363830809904));
#6924 = CARTESIAN_POINT('',(-2.125872009008,-12.0328845264,
    70.16918758466));
#6925 = CARTESIAN_POINT('',(3.155988764707,-10.43549533345,
    70.974767696697));
#6926 = CARTESIAN_POINT('',(8.437837110057,-8.838098090433,
    71.780385058129));
#6927 = CARTESIAN_POINT('',(12.811258466493,-4.232031161191,
    72.585689837869));
#6928 = CARTESIAN_POINT('',(14.309685363332,2.78151463067,
    73.391864304067));
#6929 = CARTESIAN_POINT('',(11.465480818616,10.162031721864,
    74.196389347842));
#6930 = CARTESIAN_POINT('',(4.453242117959,14.65937593003,
    75.003150510726));
#6931 = CARTESIAN_POINT('',(-3.441173684035,14.16551017825,
    75.807708933873));
#6932 = CARTESIAN_POINT('',(-9.190160295847,9.878164721156,
    76.613830809871));
#6933 = CARTESIAN_POINT('',(-11.55218009998,3.982056850679,
    77.419187584675));
#6934 = CARTESIAN_POINT('',(-10.80072248326,-1.484662176032,
    78.224767696695));
#6935 = CARTESIAN_POINT('',(-10.04925461892,-6.951370586405,
    79.030386597163));
#6936 = CARTESIAN_POINT('',(-6.184051649985,-11.99149344008,
    79.835683504493));
#6937 = CARTESIAN_POINT('',(0.508745147677,-14.5686381732,80.64187981706
    ));
#6938 = CARTESIAN_POINT('',(8.243317587143,-12.91400657147,
    81.446361823776));
#6939 = CARTESIAN_POINT('',(13.782262792756,-6.691656764867,
    82.253188304106));
#6940 = CARTESIAN_POINT('',(14.529417951522,1.182843841715,
    83.057667647876));
#6941 = CARTESIAN_POINT('',(11.194214220145,7.531719357646,
    83.863867006679));
#6942 = CARTESIAN_POINT('',(5.740184435661,10.787029239577,
    84.669162251349));
#6943 = CARTESIAN_POINT('',(0.223224894642,10.899996402579,
    85.47478154785));
#6944 = CARTESIAN_POINT('',(-5.293743260399,11.012972422925,
    86.280359724743));
#6945 = CARTESIAN_POINT('',(-10.87645300789,7.983787997395,
    87.085726034844));
#6946 = CARTESIAN_POINT('',(-14.46886425637,1.776569069668,
    87.891823017805));
#6947 = CARTESIAN_POINT('',(-14.04455208984,-6.121647882067,
    88.696427141533));
#6948 = CARTESIAN_POINT('',(-8.765287527111,-12.56576035991,
    89.503122986361));
#6949 = CARTESIAN_POINT('',(-1.104629170823,-14.53558593972,
    90.307724447122));
#6950 = CARTESIAN_POINT('',(5.687839612842,-12.2346069946,
    91.113824476296));
#6951 = CARTESIAN_POINT('',(9.756253274462,-7.356981488809,
    91.919189123842));
#6952 = CARTESIAN_POINT('',(10.730883341727,-1.925609161829,
    92.724767696619));
#6953 = CARTESIAN_POINT('',(11.70550094622,3.505755346224,
    93.530385058388));
#6954 = CARTESIAN_POINT('',(9.586957008896,9.49361293502,94.335689837329
    ));
#6955 = CARTESIAN_POINT('',(4.018113525814,14.012804234927,
    95.141864304879));
#6956 = CARTESIAN_POINT('',(-3.849217196183,14.829284072168,
    95.946389346931));
#6957 = CARTESIAN_POINT('',(-11.03986997993,10.623085185252,
    96.753150511483));
#6958 = CARTESIAN_POINT('',(-14.18382214759,3.364898841514,
    97.557708933435));
#6959 = CARTESIAN_POINT('',(-12.97375467901,-3.703899843659,
    98.363830810002));
#6960 = CARTESIAN_POINT('',(-8.792618650314,-8.485251858033,
    99.169187584714));
#6961 = CARTESIAN_POINT('',(-3.580581712654,-10.2975367218,
    99.97476769662));
#6962 = CARTESIAN_POINT('',(1.631449901901,-12.10980776755,
    100.78038505839));
#6963 = CARTESIAN_POINT('',(7.877000314973,-10.95405392026,
    101.58568983725));
#6964 = CARTESIAN_POINT('',(13.211711922045,-6.160729414813,
    102.3918643051));
#6965 = CARTESIAN_POINT('',(15.248861210267,1.482015824283,
    103.19638934652));
#6966 = CARTESIAN_POINT('',(12.21931353319,9.242134212892,
    104.00315051201));
#6967 = CARTESIAN_POINT('',(5.542309982768,13.482809610014,
    104.8077089329));
#6968 = CARTESIAN_POINT('',(-1.628756317401,13.393443820848,
    105.61383081042));
#6969 = CARTESIAN_POINT('',(-7.005315732415,10.011752759337,
    106.41918758445));
#6970 = CARTESIAN_POINT('',(-9.610630572182,5.147388458455,
    107.22476769674));
#6971 = CARTESIAN_POINT('',(-12.21593093167,0.283027253442,
    108.03038505795));
#6972 = CARTESIAN_POINT('',(-12.05142566927,-6.066429804865,
    108.83568983824));
#6973 = CARTESIAN_POINT('',(-8.151647700066,-12.08530341443,
    109.64186430348));
#6974 = CARTESIAN_POINT('',(-0.921677694852,-15.29296077754,
    110.44638934848));
#6975 = CARTESIAN_POINT('',(7.21682642788,-13.51466182796,
    111.25315051023));
#6976 = CARTESIAN_POINT('',(12.44980555342,-7.583251058776,
    112.05770893407));
#6977 = CARTESIAN_POINT('',(13.483341925327,-0.48649259467,
    112.86383080994));
#6978 = CARTESIAN_POINT('',(10.984364288374,5.352885484071,
    113.66918758448));
#6979 = CARTESIAN_POINT('',(6.587449417194,8.687078802015,
    114.47476769686));
#6980 = CARTESIAN_POINT('',(2.190534806724,12.021257367305,
    115.28038659662));
#6981 = CARTESIAN_POINT('',(-4.1064814712,12.852051184511,
    116.08568350561));
#6982 = CARTESIAN_POINT('',(-10.66131998849,9.941845701767,
    116.89187981535));
#6983 = CARTESIAN_POINT('',(-14.96048738477,3.302675852935,
    117.69636182578));
#6984 = CARTESIAN_POINT('',(-14.47724735612,-5.013815604522,
    118.50318830222));
#6985 = CARTESIAN_POINT('',(-9.437453059104,-11.11024686203,
    119.30766764927));
#6986 = CARTESIAN_POINT('',(-2.589774953061,-13.24123461683,
    120.11386700586));
#6987 = CARTESIAN_POINT('',(3.568658184328,-11.68650486388,
    120.91916225169));
#6988 = CARTESIAN_POINT('',(7.549617534474,-7.865305207906,
    121.72478154775));
#6989 = CARTESIAN_POINT('',(11.530589238502,-4.044105723979,
    122.53035972492));
#6990 = CARTESIAN_POINT('',(13.336204309729,2.045423044629,
    123.33572603458));
#6991 = CARTESIAN_POINT('',(11.487256068083,8.974807995322,
    124.1418230181));
#6992 = CARTESIAN_POINT('',(5.602339292061,14.259656750932,
    124.94642714127));
#6993 = CARTESIAN_POINT('',(-2.687340111815,15.083328610698,
    125.75312298653));
#6994 = CARTESIAN_POINT('',(-9.497120609104,11.059302163902,
    126.55772444703));
#6995 = CARTESIAN_POINT('',(-12.67308353158,4.629263610492,
    127.36382447633));
#6996 = CARTESIAN_POINT('',(-12.10088434914,-1.696541349553,
    128.16918912381));
#6997 = CARTESIAN_POINT('',(-8.949491675299,-6.226269082802,
    128.97476769664));
#6998 = CARTESIAN_POINT('',(-5.798095717763,-10.75598247478,
    129.78038505833));
#6999 = CARTESIAN_POINT('',(-6.600422762486E-02,-13.49200039618,
    130.58568983737));
#7000 = CARTESIAN_POINT('',(7.067313576289,-12.74978421974,
    131.39186430491));
#7001 = CARTESIAN_POINT('',(13.207694909214,-7.76407974575,
    132.19638934674));
#7002 = CARTESIAN_POINT('',(15.318022497921,0.29471135447,
    133.00315051182));
#7003 = CARTESIAN_POINT('',(12.408819612432,7.650134034986,133.807708933
    ));
#7004 = CARTESIAN_POINT('',(6.554777214822,11.792882607188,
    134.61383081041));
#7005 = CARTESIAN_POINT('',(0.217341143033,12.217299400963,
    135.4191875844));
#7006 = CARTESIAN_POINT('',(-4.749604435834,9.813311655092,
    136.2247676968));
#7007 = CARTESIAN_POINT('',(-9.716536480324,7.409317902605,
    137.03038505776));
#7008 = CARTESIAN_POINT('',(-13.31556614616,2.175805470074,
    137.83568983865));
#7009 = CARTESIAN_POINT('',(-13.69838463808,-4.985797544267,
    138.64186430283));
#7010 = CARTESIAN_POINT('',(-9.734629727365,-11.83051660722,
    139.44638934933));
#7011 = CARTESIAN_POINT('',(-2.10518368654,-15.17553523441,
    140.25315050934));
#7012 = CARTESIAN_POINT('',(5.614781132506,-13.45279107761,
    141.05770893485));
#7013 = CARTESIAN_POINT('',(10.622299586153,-8.318890311882,
    141.86383080937));
#7014 = CARTESIAN_POINT('',(12.032884526388,-2.125872009054,
    142.66918758481));
#7015 = CARTESIAN_POINT('',(10.435495333448,3.1559887647,143.47476769671
    ));
#7016 = CARTESIAN_POINT('',(8.838098090437,8.437837110053,
    144.28038505812));
#7017 = CARTESIAN_POINT('',(4.232031161192,12.811258466531,
    145.08568983781));
#7018 = CARTESIAN_POINT('',(-2.781514630696,14.309685363248,
    145.8918643042));
#7019 = CARTESIAN_POINT('',(-10.1620317218,11.465480818725,
    146.69638934763));
#7020 = CARTESIAN_POINT('',(-14.65937593011,4.453242117867,
    147.50315051093));
#7021 = CARTESIAN_POINT('',(-14.16551017818,-3.441173683984,
    148.30770893373));
#7022 = CARTESIAN_POINT('',(-9.878164721177,-9.190160295869,
    149.1138308099));
#7023 = CARTESIAN_POINT('',(-3.982056850687,-11.55218009996,
    149.91918758471));
#7024 = CARTESIAN_POINT('',(1.484662176047,-10.80072248327,
    150.72476769664));
#7025 = CARTESIAN_POINT('',(6.95137058636,-10.04925461888,
    151.53038659732));
#7026 = CARTESIAN_POINT('',(11.991493440164,-6.184051650094,
    152.33568350415));
#7027 = CARTESIAN_POINT('',(14.568638173121,0.508745147857,
    153.14187981757));
#7028 = CARTESIAN_POINT('',(12.914006571514,8.243317586933,
    153.94636182317));
#7029 = CARTESIAN_POINT('',(6.691656764892,13.782262792925,
    154.75318830463));
#7030 = CARTESIAN_POINT('',(-1.182843841766,14.529417951432,
    155.55766764753));
#7031 = CARTESIAN_POINT('',(-7.531719357612,11.194214220171,
    156.36386700682));
#7032 = CARTESIAN_POINT('',(-10.78702923958,5.740184435663,
    157.16916225133));
#7033 = CARTESIAN_POINT('',(-10.89999640258,0.223224894636,
    157.97478154781));
#7034 = CARTESIAN_POINT('',(-11.01297242301,-5.293743260471,
    158.78035972451));
#7035 = CARTESIAN_POINT('',(-7.983787997059,-10.87645300771,
    159.58572603555));
#7036 = CARTESIAN_POINT('',(-1.776569070334,-14.46886425658,
    160.39182301657));
#7037 = CARTESIAN_POINT('',(6.12164788293,-14.04455208971,
    161.19642714302));
#7038 = CARTESIAN_POINT('',(12.565760359149,-8.765287527108,
    162.00312298504));
#7039 = CARTESIAN_POINT('',(14.53558594017,-1.104629170889,
    162.80772444792));
#7040 = CARTESIAN_POINT('',(12.234606994458,5.687839612871,
    163.61382447604));
#7041 = CARTESIAN_POINT('',(7.356981488801,9.756253274493,
    164.41918912374));
#7042 = CARTESIAN_POINT('',(1.925609161866,10.730883341673,
    165.2247676968));
#7043 = CARTESIAN_POINT('',(-3.50575534632,11.705500946402,
    166.03038505785));
#7044 = CARTESIAN_POINT('',(-9.493612934889,9.586957008482,
    166.8356898384));
#7045 = CARTESIAN_POINT('',(-14.012804235,4.018113526478,167.64186430325
    ));
#7046 = CARTESIAN_POINT('',(-14.82928407224,-3.84921719695,
    168.44638934882));
#7047 = CARTESIAN_POINT('',(-10.62308518504,-11.0398699793,
    169.25315050975));
#7048 = CARTESIAN_POINT('',(-3.364898841749,-14.18382214796,
    170.05770893465));
#7049 = CARTESIAN_POINT('',(3.703899843817,-12.97375467887,
    170.86383080935));
#7050 = CARTESIAN_POINT('',(8.485251857971,-8.792618650349,
    171.66918758493));
#7051 = CARTESIAN_POINT('',(10.297536721809,-3.580581712651,
    172.47476769659));
#7052 = CARTESIAN_POINT('',(12.10980763496,1.631450418035,
    173.28038659752));
#7053 = CARTESIAN_POINT('',(10.954054465861,7.876998190946,
    174.08568350366));
#7054 = CARTESIAN_POINT('',(6.160728078522,13.211717124706,
    174.89187981841));
#7055 = CARTESIAN_POINT('',(-1.482013453462,15.248851979335,
    175.69636182207));
#7056 = CARTESIAN_POINT('',(-9.242137468166,12.21932620825,
    176.50318830577));
#7057 = CARTESIAN_POINT('',(-13.48280605398,5.542296136358,
    177.3076676466));
#7058 = CARTESIAN_POINT('',(-13.39344693849,-1.62874417781,
    178.1138670074));
#7059 = CARTESIAN_POINT('',(-10.01175057737,-7.005324228621,
    178.91916225106));
#7060 = CARTESIAN_POINT('',(-5.147389651458,-9.61062592684,
    179.72478154789));
#7061 = CARTESIAN_POINT('',(-0.283025071471,-12.21593942797,
    180.53035972436));
#7062 = CARTESIAN_POINT('',(6.066426687281,-12.05141352942,
    181.33572603577));
#7063 = CARTESIAN_POINT('',(12.085306970182,-8.151661546914,
    182.14182301629));
#7064 = CARTESIAN_POINT('',(15.292957522817,-0.921665019302,
    182.94642714331));
#7065 = CARTESIAN_POINT('',(13.514664198096,7.216817196568,
    183.75312298477));
#7066 = CARTESIAN_POINT('',(7.583249723078,12.449810756288,
    184.55772444813));
#7067 = CARTESIAN_POINT('',(0.486493139896,13.483339801221,
    185.3638244759));
#7068 = CARTESIAN_POINT('',(-5.352885616507,10.984364804532,
    186.16918912383));
#7069 = CARTESIAN_POINT('',(-8.687078802051,6.587449417191,
    186.97476769675));
#7070 = CARTESIAN_POINT('',(-12.02125736714,2.190534806728,
    187.78038659704));
#7071 = CARTESIAN_POINT('',(-12.85205118488,-4.106481471153,
    188.58568350463));
#7072 = CARTESIAN_POINT('',(-9.941845701172,-10.66131998869,
    189.39187981698));
#7073 = CARTESIAN_POINT('',(-3.302675853605,-14.96048738436,
    190.1963618237));
#7074 = CARTESIAN_POINT('',(5.01381560505,-14.47724735666,
    191.00318830431));
#7075 = CARTESIAN_POINT('',(11.110246861755,-9.437453058609,
    191.80766764763));
#7076 = CARTESIAN_POINT('',(13.241234616918,-2.589774953388,
    192.61386700686));
#7077 = CARTESIAN_POINT('',(11.686504863878,3.568658184483,
    193.41916225123));
#7078 = CARTESIAN_POINT('',(7.865305207901,7.549617534425,194.2247815479
    ));
#7079 = CARTESIAN_POINT('',(4.04410572395,11.53058923851,195.03035972489
    ));
#7080 = CARTESIAN_POINT('',(-2.045423044461,13.336204309826,
    195.83572603421));
#7081 = CARTESIAN_POINT('',(-8.974807995749,11.487256067891,
    196.64182301909));
#7082 = CARTESIAN_POINT('',(-14.25965675023,5.602339292232,
    197.44642713967));
#7083 = CARTESIAN_POINT('',(-15.08332861151,-2.687340111849,
    198.25312298844));
#7084 = CARTESIAN_POINT('',(-11.05930216318,-9.497120609198,
    199.05772444524));
#7085 = CARTESIAN_POINT('',(-4.629263610986,-12.67308353145,
    199.86382447767));
#7086 = CARTESIAN_POINT('',(1.696541349825,-12.10088434922,
    200.66918912302));
#7087 = CARTESIAN_POINT('',(6.226269082684,-8.949491675275,
    201.47476769699));
#7088 = CARTESIAN_POINT('',(10.755982671378,-5.79809522241,
    202.2803865961));
#7089 = CARTESIAN_POINT('',(13.491999588055,-6.600626617076E-02,
    203.08568350677));
#7090 = CARTESIAN_POINT('',(12.749786198189,7.067318569631,
    203.89187981347));
#7091 = CARTESIAN_POINT('',(7.764076236574,13.207686049444,
    204.69636182811));
#7092 = CARTESIAN_POINT('',(-0.294706536992,15.318034663782,
    205.50318829997));
#7093 = CARTESIAN_POINT('',(-7.650139297024,12.40880632175,
    206.30766765098));
#7094 = CARTESIAN_POINT('',(-11.79287799405,6.554788867607,
    207.11386700484));
#7095 = CARTESIAN_POINT('',(-12.21730262954,0.217332987298,
    207.91916225215));
#7096 = CARTESIAN_POINT('',(-9.813309889831,-4.749599976552,
    208.72478154761));
#7097 = CARTESIAN_POINT('',(-7.409321131223,-9.716544636212,
    209.53035972507));
#7098 = CARTESIAN_POINT('',(-2.175800856937,-13.31555449285,
    210.33572603451));
#7099 = CARTESIAN_POINT('',(4.985792282529,-13.6983979298,
    211.14182301802));
#7100 = CARTESIAN_POINT('',(11.830521423813,-9.734617560087,
    211.94642714142));
#7101 = CARTESIAN_POINT('',(15.175531726667,-2.105192547687,
    212.75312298645));
#7102 = CARTESIAN_POINT('',(13.452793054566,5.614786126801,
    213.55772444694));
#7103 = CARTESIAN_POINT('',(8.318889504827,10.622297547145,
    214.36382447655));
#7104 = CARTESIAN_POINT('',(2.125872205131,12.032885021896,
    215.16918912357));
#7105 = CARTESIAN_POINT('',(-3.155988764672,10.435495333432,
    215.9747676968));
#7106 = CARTESIAN_POINT('',(-8.437837110164,8.838098090492,
    216.78038505785));
#7107 = CARTESIAN_POINT('',(-12.81125846629,4.232031161061,
    217.58568983826));
#7108 = CARTESIAN_POINT('',(-14.30968536361,-2.78151463048,
    218.39186430378));
#7109 = CARTESIAN_POINT('',(-11.4654808183,-10.16203172202,
    219.19638934776));
#7110 = CARTESIAN_POINT('',(-4.453242118263,-14.65937592999,
    220.00315051124));
#7111 = CARTESIAN_POINT('',(3.441173684304,-14.16551017814,
    220.80770893309));
#7112 = CARTESIAN_POINT('',(9.190160295642,-9.878164721324,
    221.61383081062));
#7113 = CARTESIAN_POINT('',(11.552180100108,-3.98205685054,
    222.41918758413));
#7114 = CARTESIAN_POINT('',(10.800722483203,1.484662175953,
    223.22476769698));
#7115 = CARTESIAN_POINT('',(10.049254619175,6.951370586663,
    224.03038659622));
#7116 = CARTESIAN_POINT('',(6.184051649356,11.991493439625,
    224.83568350638));
#7117 = CARTESIAN_POINT('',(-0.508745146572,14.568638173723,
    225.64187981426));
#7118 = CARTESIAN_POINT('',(-8.243317588531,12.914006571137,
    226.44636182696));
#7119 = CARTESIAN_POINT('',(-13.78226279149,6.691656764905,
    227.25318830121));
#7120 = CARTESIAN_POINT('',(-14.52941795236,-1.182843841537,228.05766765
    ));
#7121 = CARTESIAN_POINT('',(-11.19421421972,-7.53171935786,
    228.8638670054));
#7122 = CARTESIAN_POINT('',(-5.74018443582,-10.78702923943,
    229.66916225196));
#7123 = CARTESIAN_POINT('',(-0.223224894594,-10.89999640264,
    230.47478154761));
#7124 = CARTESIAN_POINT('',(5.293743260465,-11.01297242303,
    231.28035972459));
#7125 = CARTESIAN_POINT('',(10.876453007667,-7.983787996822,
    232.08572603586));
#7126 = CARTESIAN_POINT('',(14.468864256629,-1.776569070898,
    232.89182301571));
#7127 = CARTESIAN_POINT('',(14.044552089794,6.121647883718,
    233.69642714432));
#7128 = CARTESIAN_POINT('',(8.765287526872,12.565760358422,
    234.50312298366));
#7129 = CARTESIAN_POINT('',(1.104629171166,14.535585940621,235.307724449
    ));
#7130 = CARTESIAN_POINT('',(-5.687839613057,12.234606994281,
    236.11382447545));
#7131 = CARTESIAN_POINT('',(-9.756253274432,7.356981488834,
    236.91918912392));
#7132 = CARTESIAN_POINT('',(-10.73088334166,1.925609161874,
    237.72476769683));
#7133 = CARTESIAN_POINT('',(-11.70550073473,-3.50575583538,
    238.53038659688));
#7134 = CARTESIAN_POINT('',(-9.586957879556,-9.493610922333,
    239.33568350488));
#7135 = CARTESIAN_POINT('',(-4.01811139285,-14.01280916459,
    240.14187981666));
#7136 = CARTESIAN_POINT('',(3.849213411349,-14.8292753258,
    240.94636182404));
#7137 = CARTESIAN_POINT('',(11.039875177291,-10.62309719486,
    241.75318830396));
#7138 = CARTESIAN_POINT('',(14.183816469637,-3.364885722018,
    242.55766764794));
#7139 = CARTESIAN_POINT('',(12.973759657225,3.703888341313,
    243.36386700664));
#7140 = CARTESIAN_POINT('',(8.792615166124,8.485259908296,
    244.16916225136));
#7141 = CARTESIAN_POINT('',(3.58058361767,10.297532320256,
    244.97478154784));
#7142 = DEFINITIONAL_REPRESENTATION('',(#7143),#7147);
#7143 = LINE('',#7144,#7145);
#7144 = CARTESIAN_POINT('',(0.,0.));
#7145 = VECTOR('',#7146,1.);
#7146 = DIRECTION('',(0.,1.));
#7147 = ( GEOMETRIC_REPRESENTATION_CONTEXT(2) 
PARAMETRIC_REPRESENTATION_CONTEXT() REPRESENTATION_CONTEXT('2D SPACE',''
  ) );
#7148 = PCURVE('',#7149,#7728);
#7149 = B_SPLINE_SURFACE_WITH_KNOTS('',1,9,(
    (#7150,#7151,#7152,#7153,#7154,#7155,#7156,#7157,#7158,#7159,#7160
      ,#7161,#7162,#7163,#7164,#7165,#7166,#7167,#7168,#7169,#7170,#7171
      ,#7172,#7173,#7174,#7175,#7176,#7177,#7178,#7179,#7180,#7181,#7182
      ,#7183,#7184,#7185,#7186,#7187,#7188,#7189,#7190,#7191,#7192,#7193
      ,#7194,#7195,#7196,#7197,#7198,#7199,#7200,#7201,#7202,#7203,#7204
      ,#7205,#7206,#7207,#7208,#7209,#7210,#7211,#7212,#7213,#7214,#7215
      ,#7216,#7217,#7218,#7219,#7220,#7221,#7222,#7223,#7224,#7225,#7226
      ,#7227,#7228,#7229,#7230,#7231,#7232,#7233,#7234,#7235,#7236,#7237
      ,#7238,#7239,#7240,#7241,#7242,#7243,#7244,#7245,#7246,#7247,#7248
      ,#7249,#7250,#7251,#7252,#7253,#7254,#7255,#7256,#7257,#7258,#7259
      ,#7260,#7261,#7262,#7263,#7264,#7265,#7266,#7267,#7268,#7269,#7270
      ,#7271,#7272,#7273,#7274,#7275,#7276,#7277,#7278,#7279,#7280,#7281
      ,#7282,#7283,#7284,#7285,#7286,#7287,#7288,#7289,#7290,#7291,#7292
      ,#7293,#7294,#7295,#7296,#7297,#7298,#7299,#7300,#7301,#7302,#7303
      ,#7304,#7305,#7306,#7307,#7308,#7309,#7310,#7311,#7312,#7313,#7314
      ,#7315,#7316,#7317,#7318,#7319,#7320,#7321,#7322,#7323,#7324,#7325
      ,#7326,#7327,#7328,#7329,#7330,#7331,#7332,#7333,#7334,#7335,#7336
      ,#7337,#7338,#7339,#7340,#7341,#7342,#7343,#7344,#7345,#7346,#7347
      ,#7348,#7349,#7350,#7351,#7352,#7353,#7354,#7355,#7356,#7357,#7358
      ,#7359,#7360,#7361,#7362,#7363,#7364,#7365,#7366,#7367,#7368,#7369
      ,#7370,#7371,#7372,#7373,#7374,#7375,#7376,#7377,#7378,#7379,#7380
      ,#7381,#7382,#7383,#7384,#7385,#7386,#7387,#7388,#7389,#7390,#7391
      ,#7392,#7393,#7394,#7395,#7396,#7397,#7398,#7399,#7400,#7401,#7402
      ,#7403,#7404,#7405,#7406,#7407,#7408,#7409,#7410,#7411,#7412,#7413
      ,#7414,#7415,#7416,#7417,#7418,#7419,#7420,#7421,#7422,#7423,#7424
      ,#7425,#7426,#7427,#7428,#7429,#7430,#7431,#7432,#7433,#7434,#7435
      ,#7436,#7437,#7438)
    ,(#7439,#7440,#7441,#7442,#7443,#7444,#7445,#7446,#7447,#7448,#7449
      ,#7450,#7451,#7452,#7453,#7454,#7455,#7456,#7457,#7458,#7459,#7460
      ,#7461,#7462,#7463,#7464,#7465,#7466,#7467,#7468,#7469,#7470,#7471
      ,#7472,#7473,#7474,#7475,#7476,#7477,#7478,#7479,#7480,#7481,#7482
      ,#7483,#7484,#7485,#7486,#7487,#7488,#7489,#7490,#7491,#7492,#7493
      ,#7494,#7495,#7496,#7497,#7498,#7499,#7500,#7501,#7502,#7503,#7504
      ,#7505,#7506,#7507,#7508,#7509,#7510,#7511,#7512,#7513,#7514,#7515
      ,#7516,#7517,#7518,#7519,#7520,#7521,#7522,#7523,#7524,#7525,#7526
      ,#7527,#7528,#7529,#7530,#7531,#7532,#7533,#7534,#7535,#7536,#7537
      ,#7538,#7539,#7540,#7541,#7542,#7543,#7544,#7545,#7546,#7547,#7548
      ,#7549,#7550,#7551,#7552,#7553,#7554,#7555,#7556,#7557,#7558,#7559
      ,#7560,#7561,#7562,#7563,#7564,#7565,#7566,#7567,#7568,#7569,#7570
      ,#7571,#7572,#7573,#7574,#7575,#7576,#7577,#7578,#7579,#7580,#7581
      ,#7582,#7583,#7584,#7585,#7586,#7587,#7588,#7589,#7590,#7591,#7592
      ,#7593,#7594,#7595,#7596,#7597,#7598,#7599,#7600,#7601,#7602,#7603
      ,#7604,#7605,#7606,#7607,#7608,#7609,#7610,#7611,#7612,#7613,#7614
      ,#7615,#7616,#7617,#7618,#7619,#7620,#7621,#7622,#7623,#7624,#7625
      ,#7626,#7627,#7628,#7629,#7630,#7631,#7632,#7633,#7634,#7635,#7636
      ,#7637,#7638,#7639,#7640,#7641,#7642,#7643,#7644,#7645,#7646,#7647
      ,#7648,#7649,#7650,#7651,#7652,#7653,#7654,#7655,#7656,#7657,#7658
      ,#7659,#7660,#7661,#7662,#7663,#7664,#7665,#7666,#7667,#7668,#7669
      ,#7670,#7671,#7672,#7673,#7674,#7675,#7676,#7677,#7678,#7679,#7680
      ,#7681,#7682,#7683,#7684,#7685,#7686,#7687,#7688,#7689,#7690,#7691
      ,#7692,#7693,#7694,#7695,#7696,#7697,#7698,#7699,#7700,#7701,#7702
      ,#7703,#7704,#7705,#7706,#7707,#7708,#7709,#7710,#7711,#7712,#7713
      ,#7714,#7715,#7716,#7717,#7718,#7719,#7720,#7721,#7722,#7723,#7724
      ,#7725,#7726,#7727
    )),.UNSPECIFIED.,.F.,.F.,.F.,(2,2),(10,9,9,9,9,9,9,9,9,9,9,9,9,9,9,9
    ,9,9,9,9,9,9,9,9,9,9,9,9,9,9,9,9,10),(0.,2.),(0.,8.56232113701,
    17.12464227402,25.68696341103,34.24928454804,42.811605685051,
    51.373926822061,59.936247959071,68.498569096081,77.060890233091,
    85.623211370101,94.185532507111,102.74785364412,111.31017478113,
    119.87249591814,128.43481705515,136.99713819216,145.55945932917,
    154.12178046618,162.68410160319,171.2464227402,179.80874387721,
    188.37106501422,196.93338615123,205.49570728824,214.05802842525,
    222.62034956226,231.18267069927,239.74499183628,248.30731297329,
    256.8696341103,265.43195524731,273.99427638432),
  .PIECEWISE_BEZIER_KNOTS.);
#7150 = CARTESIAN_POINT('',(3.,0.223221722725,11.025232303313));
#7151 = CARTESIAN_POINT('',(2.887034156673,1.74168475574,11.830726052947
    ));
#7152 = CARTESIAN_POINT('',(1.909112360473,3.196026008297,12.63653238444
    ));
#7153 = CARTESIAN_POINT('',(0.11045897896,4.021051463447,13.441469029109
    ));
#7154 = CARTESIAN_POINT('',(-2.048446790555,3.698045182,14.248055096808)
  );
#7155 = CARTESIAN_POINT('',(-3.680314642829,2.079771396977,
    15.052405044631));
#7156 = CARTESIAN_POINT('',(-4.021877472222,-7.595913897083E-02,
    15.858957732932));
#7157 = CARTESIAN_POINT('',(-3.212215040895,-1.88184853704,
    16.663946967845));
#7158 = CARTESIAN_POINT('',(-1.766262467701,-2.872032501696,
    17.46970130422));
#7159 = CARTESIAN_POINT('',(-0.248829902219,-2.997984592563,
    18.27523230332));
#7160 = CARTESIAN_POINT('',(1.268610082387,-3.123949498487,
    19.080726052924));
#7161 = CARTESIAN_POINT('',(2.858026653819,-2.385576638168,
    19.886532384489));
#7162 = CARTESIAN_POINT('',(3.954266056094,-0.738130080252,
    20.691469029034));
#7163 = CARTESIAN_POINT('',(3.972963787109,1.444725291668,
    21.498055096893));
#7164 = CARTESIAN_POINT('',(2.629894012215,3.309655936505,
    22.302405044562));
#7165 = CARTESIAN_POINT('',(0.554136294911,3.984244113918,
    23.108957732971));
#7166 = CARTESIAN_POINT('',(-1.356178717287,3.467053312541,
    23.913946967836));
#7167 = CARTESIAN_POINT('',(-2.560368691482,2.193801713762,
    24.719701304213));
#7168 = CARTESIAN_POINT('',(-2.922148854716,0.71475450915,25.52523230333
    ));
#7169 = CARTESIAN_POINT('',(-3.283942835858,-0.76429801853,
    26.330726052889));
#7170 = CARTESIAN_POINT('',(-2.803300101748,-2.449653197882,
    27.136532384571));
#7171 = CARTESIAN_POINT('',(-1.347625969264,-3.790113494975,
    27.941469028894));
#7172 = CARTESIAN_POINT('',(0.805429861335,-4.150054838286,
    28.748055097077));
#7173 = CARTESIAN_POINT('',(2.85750251691,-3.11525990873,29.552405044378
    ));
#7174 = CARTESIAN_POINT('',(3.848505442574,-1.170587054165,
    30.35895773311));
#7175 = CARTESIAN_POINT('',(3.636521225146,0.797115276634,
    31.163946967757));
#7176 = CARTESIAN_POINT('',(2.567322280821,2.185660106696,
    31.969701304244));
#7177 = CARTESIAN_POINT('',(1.163079487931,2.774360114014,
    32.775232303324));
#7178 = CARTESIAN_POINT('',(-0.241166400889,3.363074601808,
    33.580726052916));
#7179 = CARTESIAN_POINT('',(-1.980961150288,3.151997013257,
    34.386532384507));
#7180 = CARTESIAN_POINT('',(-3.532635760944,1.923938834309,
    35.191469029004));
#7181 = CARTESIAN_POINT('',(-4.224957766081,-0.146302074639,
    35.998055096937));
#7182 = CARTESIAN_POINT('',(-3.523917767374,-2.334987901937,
    36.802405044506));
#7183 = CARTESIAN_POINT('',(-1.758214075153,-3.618003794717,
    37.608957733032));
#7184 = CARTESIAN_POINT('',(0.218424212378,-3.716445916289,
    38.413946967779));
#7185 = CARTESIAN_POINT('',(1.757133316296,-2.877626852867,
    39.219701304255));
#7186 = CARTESIAN_POINT('',(2.558257419737,-1.582765589678,
    40.025232303306));
#7187 = CARTESIAN_POINT('',(3.359396276214,-0.287904065774,
    40.830724513951));
#7188 = CARTESIAN_POINT('',(3.423081435015,1.463493453387,
    41.636538717734));
#7189 = CARTESIAN_POINT('',(2.452877603064,3.188167449447,42.44145351624
    ));
#7190 = CARTESIAN_POINT('',(0.516428752593,4.195837723469,
    43.248082620745));
#7191 = CARTESIAN_POINT('',(-1.754978956411,3.845792014903,
    44.052367251338));
#7192 = CARTESIAN_POINT('',(-3.298413989137,2.302562297893,
    44.858999018904));
#7193 = CARTESIAN_POINT('',(-3.704860161075,0.365632672124,
    45.663910771014));
#7194 = CARTESIAN_POINT('',(-3.1170741512,-1.285331317445,
    46.469726637587));
#7195 = CARTESIAN_POINT('',(-1.963479050591,-2.279166724058,
    47.275218452132));
#7196 = CARTESIAN_POINT('',(-0.809883777931,-3.272989776531,
    48.080751386341));
#7197 = CARTESIAN_POINT('',(0.909984580897,-3.609890468286,
    48.886496187516));
#7198 = CARTESIAN_POINT('',(2.765207361079,-2.921404782822,
    49.691510315244));
#7199 = CARTESIAN_POINT('',(4.063382620844,-1.166455269384,
    50.498017303313));
#7200 = CARTESIAN_POINT('',(4.072996496877,1.131764494409,
    51.302432568767));
#7201 = CARTESIAN_POINT('',(2.790185274451,2.897602695057,
    52.108942219902));
#7202 = CARTESIAN_POINT('',(0.94071131393,3.602049088402,52.913953301247
    ));
#7203 = CARTESIAN_POINT('',(-0.781897522912,3.279769294159,
    53.719699765167));
#7204 = CARTESIAN_POINT('',(-1.943945924068,2.295844546514,
    54.525232303335));
#7205 = CARTESIAN_POINT('',(-3.106008666419,1.311923082534,
    55.330726052867));
#7206 = CARTESIAN_POINT('',(-3.707787445583,-0.334072609864,
    56.136532384613));
#7207 = CARTESIAN_POINT('',(-3.318025128066,-2.274151557681,
    56.941469028837));
#7208 = CARTESIAN_POINT('',(-1.787734584549,-3.830884686045,
    57.748055097139));
#7209 = CARTESIAN_POINT('',(0.480664266244,-4.199896045848,
    58.552405044312));
#7210 = CARTESIAN_POINT('',(2.425452499015,-3.209119562759,
    59.358957733179));
#7211 = CARTESIAN_POINT('',(3.41054007554,-1.492613740492,
    60.163946967695));
#7212 = CARTESIAN_POINT('',(3.361706132455,0.25920199568,60.969701304288
    ));
#7213 = CARTESIAN_POINT('',(2.571679031114,1.560863510512,61.7752323033)
  );
#7214 = CARTESIAN_POINT('',(1.781657936497,2.862538559973,
    62.580726053004));
#7215 = CARTESIAN_POINT('',(0.250066123921,3.714398899513,
    63.386532384312));
#7216 = CARTESIAN_POINT('',(-1.727099492497,3.632930415008,
    64.191469029306));
#7217 = CARTESIAN_POINT('',(-3.504056835025,2.365007001849,
    64.998055096587));
#7218 = CARTESIAN_POINT('',(-4.223380813724,0.182261999579,
    65.802405044815));
#7219 = CARTESIAN_POINT('',(-3.549034339755,-1.893574251879,
    66.608957732824));
#7220 = CARTESIAN_POINT('',(-2.007763200771,-3.135054435729,
    67.41394696788));
#7221 = CARTESIAN_POINT('',(-0.269875911443,-3.360866077072,
    68.219701304227));
#7222 = CARTESIAN_POINT('',(1.139347457105,-2.784190243051,
    69.025232303303));
#7223 = CARTESIAN_POINT('',(2.548583254017,-2.207522459097,
    69.830726052982));
#7224 = CARTESIAN_POINT('',(3.629549525031,-0.828047399758,
    70.636532384353));
#7225 = CARTESIAN_POINT('',(3.858380898296,1.137520505778,
    71.441469029269));
#7226 = CARTESIAN_POINT('',(2.884045097596,3.090947475586,72.24805509659
    ));
#7227 = CARTESIAN_POINT('',(0.840700370181,4.142871929223,73.05240504485
    ));
#7228 = CARTESIAN_POINT('',(-1.315069922287,3.801560112833,
    73.858957732775));
#7229 = CARTESIAN_POINT('',(-2.782373351057,2.473474867617,
    74.663946967917));
#7230 = CARTESIAN_POINT('',(-3.277270344795,0.792308577973,
    75.469701304211));
#7231 = CARTESIAN_POINT('',(-2.928145451007,-0.689776888027,
    76.275232303304));
#7232 = CARTESIAN_POINT('',(-2.579030804844,-2.171872970365,
    77.080724513944));
#7233 = CARTESIAN_POINT('',(-1.385637950141,-3.455330240365,
    77.886538717746));
#7234 = CARTESIAN_POINT('',(0.519928436518,-3.988821209605,
    78.691453516248));
#7235 = CARTESIAN_POINT('',(2.601735034053,-3.332075579987,
    79.49808262069));
#7236 = CARTESIAN_POINT('',(3.96034313371,-1.478428091853,
    80.302367251441));
#7237 = CARTESIAN_POINT('',(3.960488313801,0.704173483944,
    81.108999018788));
#7238 = CARTESIAN_POINT('',(2.878273085144,2.361190401348,
    81.913910771103));
#7239 = CARTESIAN_POINT('',(1.295237779129,3.112970760422,
    82.719726637537));
#7240 = CARTESIAN_POINT('',(-0.223224894642,3.000003597421,
    83.525218452151));
#7241 = CARTESIAN_POINT('',(-1.74167895439,2.887027577075,
    84.330751386372));
#7242 = CARTESIAN_POINT('',(-3.196034297395,1.909121761596,
    85.136496187361));
#7243 = CARTESIAN_POINT('',(-4.021042008949,0.110448256,85.941510315567)
  );
#7244 = CARTESIAN_POINT('',(-3.698053836624,-2.048436974667,
    86.748017302864));
#7245 = CARTESIAN_POINT('',(-2.079765094087,-3.680321791536,
    87.552432569228));
#7246 = CARTESIAN_POINT('',(7.595558662963E-02,-4.021873443094,
    88.358942219534));
#7247 = CARTESIAN_POINT('',(1.881849987285,-3.212216685845,
    89.163953301479));
#7248 = CARTESIAN_POINT('',(2.872032149308,-1.766262067961,
    89.969699765051));
#7249 = CARTESIAN_POINT('',(2.997984592546,-0.24882990223,
    90.775232303378));
#7250 = CARTESIAN_POINT('',(3.123949498555,1.268610082427,
    91.580726052719));
#7251 = CARTESIAN_POINT('',(2.385576638008,2.858026653751,
    92.386532384922));
#7252 = CARTESIAN_POINT('',(0.738130080508,3.95426605616,93.191469028386
    ));
#7253 = CARTESIAN_POINT('',(-1.444725291955,3.972963787081,
    93.998055097612));
#7254 = CARTESIAN_POINT('',(-3.30965593628,2.629894012201,
    94.802405043979));
#7255 = CARTESIAN_POINT('',(-3.984244114035,0.554136294934,
    95.608957733291));
#7256 = CARTESIAN_POINT('',(-3.467053312507,-1.35617871729,
    96.413946967751));
#7257 = CARTESIAN_POINT('',(-2.19380171376,-2.560368691496,
    97.21970130418));
#7258 = CARTESIAN_POINT('',(-0.714754509158,-2.9221488547,
    98.025232303379));
#7259 = CARTESIAN_POINT('',(0.764298018549,-3.28394283592,
    98.830726052701));
#7260 = CARTESIAN_POINT('',(2.449653197864,-2.803300101599,
    99.636532385024));
#7261 = CARTESIAN_POINT('',(3.790113494952,-1.347625969509,
    100.44146902811));
#7262 = CARTESIAN_POINT('',(4.15005483839,0.805429861619,101.24805509807
    ));
#7263 = CARTESIAN_POINT('',(3.115259908554,2.857502516674,
    102.05240504339));
#7264 = CARTESIAN_POINT('',(1.170587054347,3.848505442714,
    102.85895773385));
#7265 = CARTESIAN_POINT('',(-0.797115276764,3.636521225086,
    103.66394696731));
#7266 = CARTESIAN_POINT('',(-2.185660106632,2.56732228084,
    104.46970130444));
#7267 = CARTESIAN_POINT('',(-2.774360114036,1.163079487925,
    105.27523230326));
#7268 = CARTESIAN_POINT('',(-3.363074601711,-0.241166400859,
    106.08072605315));
#7269 = CARTESIAN_POINT('',(-3.151997013503,-1.980961150344,
    106.88653238393));
#7270 = CARTESIAN_POINT('',(-1.923938833886,-3.532635760899,
    107.69146902995));
#7271 = CARTESIAN_POINT('',(0.146302074129,-4.224957766069,
    108.49805509577));
#7272 = CARTESIAN_POINT('',(2.33498790237,-3.523917767439,
    109.30240504553));
#7273 = CARTESIAN_POINT('',(3.618003794469,-1.758214075101,
    110.10895773243));
#7274 = CARTESIAN_POINT('',(3.716445916374,0.218424212388,
    110.91394696791));
#7275 = CARTESIAN_POINT('',(2.87762685286,1.757133316237,111.71970130438
    ));
#7276 = CARTESIAN_POINT('',(1.582765589671,2.558257419797,
    112.52523230313));
#7277 = CARTESIAN_POINT('',(0.287904065774,3.359396276011,113.3307245145
    ));
#7278 = CARTESIAN_POINT('',(-1.463493453306,3.423081435453,
    114.13653871652));
#7279 = CARTESIAN_POINT('',(-3.188167449715,2.452877602406,
    114.94145351817));
#7280 = CARTESIAN_POINT('',(-4.195837722983,0.516428753296,
    115.74808261837));
#7281 = CARTESIAN_POINT('',(-3.845792015485,-1.75497895694,
    116.55236725359));
#7282 = CARTESIAN_POINT('',(-2.3025622974,-3.298413988874,
    117.35899901722));
#7283 = CARTESIAN_POINT('',(-0.365632672427,-3.704860161149,
    118.16391077197));
#7284 = CARTESIAN_POINT('',(1.285331317578,-3.117074151197,
    118.96972663717));
#7285 = CARTESIAN_POINT('',(2.279166724019,-1.963479050587,
    119.77521845224));
#7286 = CARTESIAN_POINT('',(3.272989776579,-0.809883777927,
    120.58075138618));
#7287 = CARTESIAN_POINT('',(3.609890468256,0.909984580859,
    121.38649618763));
#7288 = CARTESIAN_POINT('',(2.921404782815,2.765207361181,
    122.19151031524));
#7289 = CARTESIAN_POINT('',(1.166455269415,4.063382620675,
    122.99801730315));
#7290 = CARTESIAN_POINT('',(-1.131764494432,4.072996497067,
    123.80243256903));
#7291 = CARTESIAN_POINT('',(-2.89760269506,2.790185274298,
    124.60894221963));
#7292 = CARTESIAN_POINT('',(-3.602049088386,0.940711314018,
    125.41395330143));
#7293 = CARTESIAN_POINT('',(-3.27976929417,-0.781897522945,
    126.21969976508));
#7294 = CARTESIAN_POINT('',(-2.295844546513,-1.943945924064,
    127.02523230334));
#7295 = CARTESIAN_POINT('',(-1.311923082546,-3.106008666447,
    127.83072605276));
#7296 = CARTESIAN_POINT('',(0.334072609908,-3.707787445524,
    128.63653238489));
#7297 = CARTESIAN_POINT('',(2.274151557586,-3.318025128136,
    129.44146902832));
#7298 = CARTESIAN_POINT('',(3.830884686188,-1.787734584514,
    130.24805509781));
#7299 = CARTESIAN_POINT('',(4.199896045686,0.480664266267,
    131.05240504363));
#7300 = CARTESIAN_POINT('',(3.209119562904,2.425452498958,131.8589577337
    ));
#7301 = CARTESIAN_POINT('',(1.492613740386,3.410540075591,
    132.66394696734));
#7302 = CARTESIAN_POINT('',(-0.259201995615,3.361706132426,
    133.46970130448));
#7303 = CARTESIAN_POINT('',(-1.560863510546,2.571679031126,
    134.2752323032));
#7304 = CARTESIAN_POINT('',(-2.862538559852,1.781657936443,
    135.08072605335));
#7305 = CARTESIAN_POINT('',(-3.71439889977,0.250066124088,
    135.88653238351));
#7306 = CARTESIAN_POINT('',(-3.632930414639,-1.727099492842,
    136.69146903062));
#7307 = CARTESIAN_POINT('',(-2.365007002209,-3.504056834524,
    137.49805509492));
#7308 = CARTESIAN_POINT('',(-0.182261999355,-4.223380814244,
    138.30240504641));
#7309 = CARTESIAN_POINT('',(1.893574251811,-3.549034339377,
    139.10895773168));
#7310 = CARTESIAN_POINT('',(3.135054435717,-2.007763200954,
    139.91394696845));
#7311 = CARTESIAN_POINT('',(3.360866077088,-0.269875911396,
    140.71970130406));
#7312 = CARTESIAN_POINT('',(2.784190243054,1.139347457112,
    141.52523230328));
#7313 = CARTESIAN_POINT('',(2.207522459093,2.548583254021,
    142.33072605298));
#7314 = CARTESIAN_POINT('',(0.828047399753,3.629549524997,
    143.13653238442));
#7315 = CARTESIAN_POINT('',(-1.137520505745,3.858380898369,
    143.94146902906));
#7316 = CARTESIAN_POINT('',(-3.090947475659,2.884045097504,
    144.7480550969));
#7317 = CARTESIAN_POINT('',(-4.142871929129,0.840700370256,
    145.55240504451));
#7318 = CARTESIAN_POINT('',(-3.801560112904,-1.315069922329,
    146.358957733));
#7319 = CARTESIAN_POINT('',(-2.473474867592,-2.782373351038,
    147.16394696783));
#7320 = CARTESIAN_POINT('',(-0.792308577965,-3.277270344808,
    147.96970130418));
#7321 = CARTESIAN_POINT('',(0.689776888012,-2.928145450996,
    148.77523230335));
#7322 = CARTESIAN_POINT('',(2.17187297041,-2.579030804888,
    149.58072451377));
#7323 = CARTESIAN_POINT('',(3.455330240286,-1.385637950033,
    150.38653871812));
#7324 = CARTESIAN_POINT('',(3.988821209688,0.519928436341,
    151.19145351565));
#7325 = CARTESIAN_POINT('',(3.332075579948,2.601735034255,
    151.99808262137));
#7326 = CARTESIAN_POINT('',(1.478428091832,3.96034313355,152.80236725085
    ));
#7327 = CARTESIAN_POINT('',(-0.704173483897,3.960488313884,
    153.60899901914));
#7328 = CARTESIAN_POINT('',(-2.361190401381,2.87827308512,
    154.41391077096));
#7329 = CARTESIAN_POINT('',(-3.112970760417,1.295237779127,
    155.21972663754));
#7330 = CARTESIAN_POINT('',(-3.000003597412,-0.223224894636,
    156.02521845218));
#7331 = CARTESIAN_POINT('',(-2.887027576985,-1.741678954319,
    156.83075138662));
#7332 = CARTESIAN_POINT('',(-1.909121761935,-3.19603429757,
    157.63649618652));
#7333 = CARTESIAN_POINT('',(-0.110448255326,-4.021042008739,
    158.44151031707));
#7334 = CARTESIAN_POINT('',(2.048436973785,-3.698053836748,
    159.24801730097));
#7335 = CARTESIAN_POINT('',(3.680321792322,-2.079765094098,
    160.05243257093));
#7336 = CARTESIAN_POINT('',(4.021873442632,7.59555867011E-02,
    160.85894221847));
#7337 = CARTESIAN_POINT('',(3.212216685995,1.881849987252,
    161.66395330184));
#7338 = CARTESIAN_POINT('',(1.766262067969,2.872032149277,
    162.46969976511));
#7339 = CARTESIAN_POINT('',(0.248829902193,2.9979845926,163.27523230319)
  );
#7340 = CARTESIAN_POINT('',(-1.268610082331,3.123949498372,
    164.08072605326));
#7341 = CARTESIAN_POINT('',(-2.858026653887,2.385576638423,
    164.8865323838));
#7342 = CARTESIAN_POINT('',(-3.954266056075,0.738130079841,
    165.69146903009));
#7343 = CARTESIAN_POINT('',(-3.972963787023,-1.444725291186,
    166.49805509561));
#7344 = CARTESIAN_POINT('',(-2.629894012398,-3.309655936916,
    167.30240504579));
#7345 = CARTESIAN_POINT('',(-0.554136294706,-3.984244113665,
    168.10895773202));
#7346 = CARTESIAN_POINT('',(1.356178717135,-3.467053312653,
    168.9139469684));
#7347 = CARTESIAN_POINT('',(2.560368691558,-2.193801713725,
    169.71970130396));
#7348 = CARTESIAN_POINT('',(2.922148854693,-0.71475450916,
    170.52523230339));
#7349 = CARTESIAN_POINT('',(3.283942968515,0.764297502415,
    171.33072451356));
#7350 = CARTESIAN_POINT('',(2.80329955601,2.449655321888,172.13653871865
    ));
#7351 = CARTESIAN_POINT('',(1.347627305792,3.790108292296,172.9414535147
    ));
#7352 = CARTESIAN_POINT('',(-0.805432232425,4.150064069312,
    173.74808262264));
#7353 = CARTESIAN_POINT('',(-2.857499261415,3.115247233507,
    174.55236724953));
#7354 = CARTESIAN_POINT('',(-3.848508998732,1.170600900748,
    175.3589990202));
#7355 = CARTESIAN_POINT('',(-3.636518107439,-0.797127416352,
    176.16391077031));
#7356 = CARTESIAN_POINT('',(-2.567324462803,-2.185651610425,
    176.96972663782));
#7357 = CARTESIAN_POINT('',(-1.163078294922,-2.774364759379,
    177.77521845211));
#7358 = CARTESIAN_POINT('',(0.241164218889,-3.363066105416,
    178.58075138677));
#7359 = CARTESIAN_POINT('',(1.980964267925,-3.152009153355,
    179.3864961863));
#7360 = CARTESIAN_POINT('',(3.532632205159,-1.923924987038,
    180.19151031736));
#7361 = CARTESIAN_POINT('',(4.224961020782,0.146289398575,
    180.99801730066));
#7362 = CARTESIAN_POINT('',(3.523915397315,2.334997133688,
    181.80243257121));
#7363 = CARTESIAN_POINT('',(1.758215410791,3.617998591597,
    182.60894221824));
#7364 = CARTESIAN_POINT('',(-0.21842475761,3.716448040482,
    183.41395330199));
#7365 = CARTESIAN_POINT('',(-1.757133183802,2.877626336701,
    184.21969976503));
#7366 = CARTESIAN_POINT('',(-2.558257419761,1.582765589675,
    185.02523230323));
#7367 = CARTESIAN_POINT('',(-3.359396276166,0.28790406577,
    185.83072451407));
#7368 = CARTESIAN_POINT('',(-3.423081435086,-1.463493453362,
    186.63653871757));
#7369 = CARTESIAN_POINT('',(-2.452877602991,-3.188167449495,
    187.44145351636));
#7370 = CARTESIAN_POINT('',(-0.516428752641,-4.195837723422,
    188.24808262072));
#7371 = CARTESIAN_POINT('',(1.754978956425,-3.845792014916,
    189.05236725124));
#7372 = CARTESIAN_POINT('',(3.298413989146,-2.302562297914,
    189.85899901904));
#7373 = CARTESIAN_POINT('',(3.704860161066,-0.365632672092,
    190.66391077089));
#7374 = CARTESIAN_POINT('',(3.117074151203,1.285331317422,
    191.46972663765));
#7375 = CARTESIAN_POINT('',(1.963479050592,2.279166724068,
    192.27521845209));
#7376 = CARTESIAN_POINT('',(0.809883777956,3.27298977657,193.08075138619
    ));
#7377 = CARTESIAN_POINT('',(-0.909984581024,3.609890468159,
    193.8864961881));
#7378 = CARTESIAN_POINT('',(-2.765207360762,2.921404783008,
    194.69151031405));
#7379 = CARTESIAN_POINT('',(-4.063382621361,1.166455269245,
    195.49801730499));
#7380 = CARTESIAN_POINT('',(-4.072996496265,-1.131764494399,
    196.30243256693));
#7381 = CARTESIAN_POINT('',(-2.790185275008,-2.897602694964,
    197.10894222151));
#7382 = CARTESIAN_POINT('',(-0.940711313525,-3.602049088509,
    197.91395330008));
#7383 = CARTESIAN_POINT('',(0.781897522672,-3.279769294095,
    198.71969976585));
#7384 = CARTESIAN_POINT('',(1.943945924181,-2.295844546536,
    199.52523230301));
#7385 = CARTESIAN_POINT('',(3.106008469856,-1.311923577897,
    200.33072451504));
#7386 = CARTESIAN_POINT('',(3.707788253645,0.334074648448,
    201.13653871524));
#7387 = CARTESIAN_POINT('',(3.318023149703,2.274146564258,
    201.94145352031));
#7388 = CARTESIAN_POINT('',(1.787738093673,3.83089354594,202.74808261568
    ));
#7389 = CARTESIAN_POINT('',(-0.480669083728,4.199883879844,
    203.5523672562));
#7390 = CARTESIAN_POINT('',(-2.425447236933,3.209132853572,
    204.35899901527));
#7391 = CARTESIAN_POINT('',(-3.41054468872,1.492602087607,205.1639107731
    ));
#7392 = CARTESIAN_POINT('',(-3.36170290385,-0.259193839882,
    205.96972663669));
#7393 = CARTESIAN_POINT('',(-2.571680796387,-1.560867969828,
    206.77521845238));
#7394 = CARTESIAN_POINT('',(-1.781654707824,-2.862530403963,
    207.58075138605));
#7395 = CARTESIAN_POINT('',(-0.250070737223,-3.714410553081,
    208.38649618765));
#7396 = CARTESIAN_POINT('',(1.727104754573,-3.632917122911,
    209.19151031542));
#7397 = CARTESIAN_POINT('',(3.50405201795,-2.365019169498,
    209.99801730286));
#7398 = CARTESIAN_POINT('',(4.223384321972,-0.182253138198,
    210.80243256924));
#7399 = CARTESIAN_POINT('',(3.549032362444,1.893569257512,
    211.60894221963));
#7400 = CARTESIAN_POINT('',(2.007764008002,3.135056474728,
    212.41395330125));
#7401 = CARTESIAN_POINT('',(0.26987571532,3.360865581579,213.2196997653)
  );
#7402 = CARTESIAN_POINT('',(-1.13934745714,2.78419024307,214.02523230319
    ));
#7403 = CARTESIAN_POINT('',(-2.54858325391,2.207522459038,
    214.83072605325));
#7404 = CARTESIAN_POINT('',(-3.629549525234,0.828047399886,
    215.63653238394));
#7405 = CARTESIAN_POINT('',(-3.858380898015,-1.137520505962,
    216.44146902958));
#7406 = CARTESIAN_POINT('',(-2.884045097914,-3.09094747543,
    217.24805509663));
#7407 = CARTESIAN_POINT('',(-0.840700369867,-4.14287192925,
    218.05240504435));
#7408 = CARTESIAN_POINT('',(1.315069922013,-3.801560112945,
    218.85895773353));
#7409 = CARTESIAN_POINT('',(2.782373351262,-2.473474867447,
    219.66394696717));
#7410 = CARTESIAN_POINT('',(3.277270344668,-0.792308578114,
    220.46970130473));
#7411 = CARTESIAN_POINT('',(2.92814545107,0.689776888106,221.27523230302
    ));
#7412 = CARTESIAN_POINT('',(2.579030804595,2.171872970109,
    222.08072451493));
#7413 = CARTESIAN_POINT('',(1.385637950774,3.455330240817,
    222.88653871562));
#7414 = CARTESIAN_POINT('',(-0.519928437634,3.988821209105,
    223.69145351953));
#7415 = CARTESIAN_POINT('',(-2.601735032647,3.332075580298,
    224.49808261683));
#7416 = CARTESIAN_POINT('',(-3.960343134995,1.478428091843,
    225.30236725496));
#7417 = CARTESIAN_POINT('',(-3.960488312942,-0.70417348414,
    226.10899901624));
#7418 = CARTESIAN_POINT('',(-2.878273085568,-2.361190401128,
    226.91391077256));
#7419 = CARTESIAN_POINT('',(-1.29523777897,-3.112970760564,
    227.71972663687));
#7420 = CARTESIAN_POINT('',(0.223224894594,-3.00000359736,
    228.52521845239));
#7421 = CARTESIAN_POINT('',(1.741678954325,-2.88702757697,
    229.33075138657));
#7422 = CARTESIAN_POINT('',(3.196034297623,-1.90912176217,
    230.13649618607));
#7423 = CARTESIAN_POINT('',(4.021042008693,-0.110448254769,
    230.94151031825));
#7424 = CARTESIAN_POINT('',(3.698053836672,2.048436973017,
    231.74801729923));
#7425 = CARTESIAN_POINT('',(2.079765094324,3.680321793029,
    232.55243257273));
#7426 = CARTESIAN_POINT('',(-7.595558697091E-02,4.021873442193,
    233.35894221712));
#7427 = CARTESIAN_POINT('',(-1.881849987069,3.212216686169,
    234.16395330254));
#7428 = CARTESIAN_POINT('',(-2.872032149338,1.766262067936,
    234.96969976492));
#7429 = CARTESIAN_POINT('',(-2.99798459261,0.248829902185,
    235.77523230316));
#7430 = CARTESIAN_POINT('',(-3.123949710036,-1.268609593271,
    236.58072451424));
#7431 = CARTESIAN_POINT('',(-2.385575767351,-2.858028666433,
    237.38653871727));
#7432 = CARTESIAN_POINT('',(-0.738132213463,-3.954261126509,
    238.19145351676));
#7433 = CARTESIAN_POINT('',(1.444729076775,-3.972972533428,
    238.99808262027));
#7434 = CARTESIAN_POINT('',(3.309650738935,-2.629882002594,
    239.80236725168));
#7435 = CARTESIAN_POINT('',(3.984249791982,-0.554149414426,
    240.60899901867));
#7436 = CARTESIAN_POINT('',(3.467048334303,1.356190219634,
    241.41391077114));
#7437 = CARTESIAN_POINT('',(2.193805197951,2.560360641234,
    242.21972663752));
#7438 = CARTESIAN_POINT('',(0.714752604141,2.922153256247,
    243.02521845215));
#7439 = CARTESIAN_POINT('',(3.,-0.223221722725,12.974767696687));
#7440 = CARTESIAN_POINT('',(3.112965147132,1.295238790635,
    13.780261050135));
#7441 = CARTESIAN_POINT('',(2.361186318877,2.878273098306,14.58606904469
    ));
#7442 = CARTESIAN_POINT('',(0.704164638367,3.960480535333,
    15.391002642354));
#7443 = CARTESIAN_POINT('',(-1.478422683718,3.960342752489,
    16.19759137408));
#7444 = CARTESIAN_POINT('',(-3.332083933023,2.601720178082,
    17.001941320807));
#7445 = CARTESIAN_POINT('',(-3.988805626357,0.519933048267,
    17.808491346925));
#7446 = CARTESIAN_POINT('',(-3.45533417289,-1.385647505087,
    18.613483627764));
#7447 = CARTESIAN_POINT('',(-2.17186096829,-2.579024027284,
    19.419236301486));
#7448 = CARTESIAN_POINT('',(-0.689776888025,-2.928145451007,
    20.224767696693));
#7449 = CARTESIAN_POINT('',(0.79231721432,-3.277259367808,
    21.030261050111));
#7450 = CARTESIAN_POINT('',(2.473465861584,-2.78237730951,21.83606904474
    ));
#7451 = CARTESIAN_POINT('',(3.801564829412,-1.315050857015,
    22.641002642279));
#7452 = CARTESIAN_POINT('',(4.142860623008,0.84068674732,23.447591374164
    ));
#7453 = CARTESIAN_POINT('',(3.090941452931,2.884061746275,
    24.251941320738));
#7454 = CARTESIAN_POINT('',(1.137518483962,3.858361361807,
    25.058491346963));
#7455 = CARTESIAN_POINT('',(-0.828054532075,3.629556301607,
    25.863483627756));
#7456 = CARTESIAN_POINT('',(-2.207518053146,2.548569999808,
    26.669236301479));
#7457 = CARTESIAN_POINT('',(-2.784190243053,1.139347457105,
    27.474767696703));
#7458 = CARTESIAN_POINT('',(-3.360856586249,-0.269886158644,
    28.280261050076));
#7459 = CARTESIAN_POINT('',(-3.135056936598,-2.007753686372,
    29.086069044823));
#7460 = CARTESIAN_POINT('',(-1.893556159166,-3.549041980746,
    29.891002642137));
#7461 = CARTESIAN_POINT('',(0.182250313136,-4.22336751559,
    30.697591374349));
#7462 = CARTESIAN_POINT('',(2.365024387666,-3.50405349099,
    31.501941320555));
#7463 = CARTESIAN_POINT('',(3.632911435377,-1.727094439355,32.3084913471
    ));
#7464 = CARTESIAN_POINT('',(3.714406708359,0.250072108317,
    33.113483627679));
#7465 = CARTESIAN_POINT('',(2.862524779721,1.781655658213,
    33.919236301509));
#7466 = CARTESIAN_POINT('',(1.56086351051,2.571679031114,34.724767696697
    ));
#7467 = CARTESIAN_POINT('',(0.259190389974,3.361698361505,
    35.530261050102));
#7468 = CARTESIAN_POINT('',(-1.492603952089,3.410541057231,
    36.33606904476));
#7469 = CARTESIAN_POINT('',(-3.209129939848,2.425435824341,
    37.141002642243));
#7470 = CARTESIAN_POINT('',(-4.19988108348,0.480673728617,
    37.947591374217));
#7471 = CARTESIAN_POINT('',(-3.830884102722,-1.787752279598,
    38.751941320673));
#7472 = CARTESIAN_POINT('',(-2.274143597816,-3.318007172429,
    39.55849134703));
#7473 = CARTESIAN_POINT('',(-0.334067920661,-3.707796094566,
    40.363483627696));
#7474 = CARTESIAN_POINT('',(1.311922987991,-3.105994699377,
    41.169236301522));
#7475 = CARTESIAN_POINT('',(2.295844546515,-1.943945924073,
    41.974767696679));
#7476 = CARTESIAN_POINT('',(3.279764498106,-0.781884777573,
    42.780259511138));
#7477 = CARTESIAN_POINT('',(3.602044149471,0.940701217302,
    43.586075377988));
#7478 = CARTESIAN_POINT('',(2.897598570805,2.790198806241,
    44.390987129474));
#7479 = CARTESIAN_POINT('',(1.131752476356,4.072979042713,
    45.197618898041));
#7480 = CARTESIAN_POINT('',(-1.166446716824,4.063386454701,
    46.001903527478));
#7481 = CARTESIAN_POINT('',(-2.921416828416,2.765194896747,
    46.808532632937));
#7482 = CARTESIAN_POINT('',(-3.609874726772,0.909982874898,
    47.613447430898));
#7483 = CARTESIAN_POINT('',(-3.272993475879,-0.809886970008,
    48.419261634877));
#7484 = CARTESIAN_POINT('',(-2.279157150791,-1.963478448872,
    49.224753845492));
#7485 = CARTESIAN_POINT('',(-1.2853353876,-3.11707144747,50.030286383553
    ));
#7486 = CARTESIAN_POINT('',(0.365648076939,-3.704856497486,
    50.83603284773));
#7487 = CARTESIAN_POINT('',(2.302548784984,-3.298403130818,
    51.641043928531));
#7488 = CARTESIAN_POINT('',(3.845800981698,-1.754981690201,
    52.447553580545));
#7489 = CARTESIAN_POINT('',(4.195823613562,0.516444566102,
    53.251968844971));
#7490 = CARTESIAN_POINT('',(3.188165052315,2.452863659933,
    54.058475833879));
#7491 = CARTESIAN_POINT('',(1.46348728909,3.423090834562,54.863489961173
    ));
#7492 = CARTESIAN_POINT('',(-0.287907228218,3.359383030423,
    55.669234762431));
#7493 = CARTESIAN_POINT('',(-1.582765589679,2.558257419741,
    56.474767696708));
#7494 = CARTESIAN_POINT('',(-2.877625197784,1.757119447572,
    57.280261050054));
#7495 = CARTESIAN_POINT('',(-3.716442347116,0.218433379644,
    58.086069044864));
#7496 = CARTESIAN_POINT('',(-3.617993648641,-1.758230891433,
    58.891002642082));
#7497 = CARTESIAN_POINT('',(-2.334989540084,-3.523900139896,
    59.697591374408));
#7498 = CARTESIAN_POINT('',(-0.14628604355,-4.224965279779,
    60.501941320493));
#7499 = CARTESIAN_POINT('',(1.92392644954,-3.532620516942,
    61.308491347165));
#7500 = CARTESIAN_POINT('',(3.152006848339,-1.980960898731,
    62.113483627619));
#7501 = CARTESIAN_POINT('',(3.36306211419,-0.241160144229,
    62.919236301553));
#7502 = CARTESIAN_POINT('',(2.774360114013,1.163079487932,
    63.724767696673));
#7503 = CARTESIAN_POINT('',(2.185646149845,2.567322815648,
    64.530261050193));
#7504 = CARTESIAN_POINT('',(0.797123772608,3.636516265895,
    65.336069044559));
#7505 = CARTESIAN_POINT('',(-1.170605250481,3.848498051924,
    66.141002642554));
#7506 = CARTESIAN_POINT('',(-3.115242242127,2.857501377553,
    66.947591373857));
#7507 = CARTESIAN_POINT('',(-4.150064767228,0.805415202789,
    67.751941320989));
#7508 = CARTESIAN_POINT('',(-3.790096501256,-1.347616121484,
    68.558491346819));
#7509 = CARTESIAN_POINT('',(-2.449654487983,-2.80330985519,
    69.363483627797));
#7510 = CARTESIAN_POINT('',(-0.764289885394,-3.283931480709,
    70.169236301495));
#7511 = CARTESIAN_POINT('',(0.71475450915,-2.922148854718,
    70.974767696676));
#7512 = CARTESIAN_POINT('',(2.193804425346,-2.560354990113,
    71.78026105017));
#7513 = CARTESIAN_POINT('',(3.467047085258,-1.356186332894,
    72.586069044601));
#7514 = CARTESIAN_POINT('',(3.98423966084,0.554155423394,73.391002642518
    ));
#7515 = CARTESIAN_POINT('',(3.309652047449,2.629876741313,
    74.197591373861));
#7516 = CARTESIAN_POINT('',(1.444712366873,3.972975886938,
    75.001941321023));
#7517 = CARTESIAN_POINT('',(-0.738123012148,3.954247731052,
    75.808491346772));
#7518 = CARTESIAN_POINT('',(-2.385586069699,2.858029453814,
    76.613483627833));
#7519 = CARTESIAN_POINT('',(-3.123939555447,1.268600273048,
    77.419236301479));
#7520 = CARTESIAN_POINT('',(-2.997984592563,-0.248829902219,
    78.224767696677));
#7521 = CARTESIAN_POINT('',(-2.872019745633,-1.766267688978,
    79.030259511131));
#7522 = CARTESIAN_POINT('',(-1.881853634399,-3.212206054051,
    79.836075377999));
#7523 = CARTESIAN_POINT('',(-7.594310182776E-02,-4.021880095312,
    80.640987129483));
#7524 = CARTESIAN_POINT('',(2.07976125009,-3.680300951421,
    81.447618897984));
#7525 = CARTESIAN_POINT('',(3.698050500049,-2.048445733293,
    82.251903527582));
#7526 = CARTESIAN_POINT('',(4.021041712838,0.110465587204,83.05853263282
    ));
#7527 = CARTESIAN_POINT('',(3.196021960147,1.909111836963,
    83.863447430988));
#7528 = CARTESIAN_POINT('',(1.741679313077,2.887032450046,
    84.669261634828));
#7529 = CARTESIAN_POINT('',(0.223218550807,2.99999640263,85.474753845511
    ));
#7530 = CARTESIAN_POINT('',(-1.295232989273,3.112971726622,
    86.280286383584));
#7531 = CARTESIAN_POINT('',(-2.878281387462,2.361176917959,
    87.086032847573));
#7532 = CARTESIAN_POINT('',(-3.960471080679,0.704175361002,
    87.891043928854));
#7533 = CARTESIAN_POINT('',(-3.960351407376,-1.478432499201,
    88.6975535801));
#7534 = CARTESIAN_POINT('',(-2.601713874888,-3.332076784703,
    89.501968845426));
#7535 = CARTESIAN_POINT('',(-0.519936600865,-3.988809655199,
    90.308475833518));
#7536 = CARTESIAN_POINT('',(1.385648955496,-3.455332528105,
    91.113489961401));
#7537 = CARTESIAN_POINT('',(2.579023674815,-2.171861367954,
    91.919234762317));
#7538 = CARTESIAN_POINT('',(2.92814545102,-0.689776888041,
    92.724767696752));
#7539 = CARTESIAN_POINT('',(3.277259367765,0.792317214375,
    93.530261049904));
#7540 = CARTESIAN_POINT('',(2.782377309581,2.473465861455,
    94.336069045177));
#7541 = CARTESIAN_POINT('',(1.315050856949,3.801564829623,
    95.141002641627));
#7542 = CARTESIAN_POINT('',(-0.840686747299,4.142860622761,
    95.94759137488));
#7543 = CARTESIAN_POINT('',(-2.884061746249,3.090941453136,
    96.751941320167));
#7544 = CARTESIAN_POINT('',(-3.858361361843,1.137518483846,
    97.558491347268));
#7545 = CARTESIAN_POINT('',(-3.629556301594,-0.828054532039,
    98.363483627681));
#7546 = CARTESIAN_POINT('',(-2.548569999799,-2.207518053144,
    99.169236301443));
#7547 = CARTESIAN_POINT('',(-1.139347457119,-2.784190243062,
    99.974767696752));
#7548 = CARTESIAN_POINT('',(0.269886158696,-3.360856586225,
    100.78026104988));
#7549 = CARTESIAN_POINT('',(2.007753686248,-3.135056936627,
    101.58606904528));
#7550 = CARTESIAN_POINT('',(3.549041980953,-1.893556159178,
    102.39100264134));
#7551 = CARTESIAN_POINT('',(4.223367515342,0.182250313237,
    103.19759137536));
#7552 = CARTESIAN_POINT('',(3.504053491208,2.365024387484,
    104.00194131955));
#7553 = CARTESIAN_POINT('',(1.727094439213,3.632911435569,
    104.80849134785));
#7554 = CARTESIAN_POINT('',(-0.250072108249,3.714406708223,
    105.61348362723));
#7555 = CARTESIAN_POINT('',(-1.781655658238,2.862524779786,
    106.4192363017));
#7556 = CARTESIAN_POINT('',(-2.571679031106,1.56086351049,
    107.22476769663));
#7557 = CARTESIAN_POINT('',(-3.361698361545,0.259190390056,
    108.03026105034));
#7558 = CARTESIAN_POINT('',(-3.410541057155,-1.492603952297,
    108.83606904418));
#7559 = CARTESIAN_POINT('',(-2.425435824408,-3.209129939479,
    109.6410026432));
#7560 = CARTESIAN_POINT('',(-0.480673728629,-4.199881083952,
    110.44759137305));
#7561 = CARTESIAN_POINT('',(1.787752279693,-3.830884102292,
    111.25194132168));
#7562 = CARTESIAN_POINT('',(3.318007172331,-2.274143598082,
    112.05849134645));
#7563 = CARTESIAN_POINT('',(3.707796094592,-0.334067920564,
    112.86348362781));
#7564 = CARTESIAN_POINT('',(3.105994699418,1.311922987986,
    113.66923630165));
#7565 = CARTESIAN_POINT('',(1.943945924018,2.295844546501,
    114.47476769651));
#7566 = CARTESIAN_POINT('',(0.781884777749,3.279764498132,115.2802595117
    ));
#7567 = CARTESIAN_POINT('',(-0.940701217676,3.602044149493,
    116.08607537676));
#7568 = CARTESIAN_POINT('',(-2.790198805673,2.897598570618,
    116.89098713142));
#7569 = CARTESIAN_POINT('',(-4.072979043343,1.131752476779,
    117.69761889567));
#7570 = CARTESIAN_POINT('',(-4.063386454196,-1.166446717394,
    118.50190352971));
#7571 = CARTESIAN_POINT('',(-2.76519489703,-2.921416827893,
    119.30853263128));
#7572 = CARTESIAN_POINT('',(-0.909982874797,-3.609874727108,
    120.11344743184));
#7573 = CARTESIAN_POINT('',(0.809886969989,-3.272993475731,
    120.91926163447));
#7574 = CARTESIAN_POINT('',(1.963478448874,-2.279157150831,
    121.7247538456));
#7575 = CARTESIAN_POINT('',(3.117071447463,-1.285335387544,
    122.5302863834));
#7576 = CARTESIAN_POINT('',(3.704856497523,0.365648076891,
    123.33603284784));
#7577 = CARTESIAN_POINT('',(3.298403130715,2.302548784999,
    124.14104392853));
#7578 = CARTESIAN_POINT('',(1.75498169038,3.845800981715,124.94755358039
    ));
#7579 = CARTESIAN_POINT('',(-0.516444566316,4.195823613542,
    125.75196884522));
#7580 = CARTESIAN_POINT('',(-2.452863659753,3.188165052319,
    126.55847583362));
#7581 = CARTESIAN_POINT('',(-3.423090834668,1.463487289099,
    127.36348996135));
#7582 = CARTESIAN_POINT('',(-3.359383030383,-0.287907228226,
    128.16923476235));
#7583 = CARTESIAN_POINT('',(-2.558257419746,-1.582765589678,
    128.97476769672));
#7584 = CARTESIAN_POINT('',(-1.757119447546,-2.877625197792,
    129.78026104995));
#7585 = CARTESIAN_POINT('',(-0.218433379699,-3.716442347082,
    130.58606904515));
#7586 = CARTESIAN_POINT('',(1.758230891498,-3.617993648721,
    131.39100264155));
#7587 = CARTESIAN_POINT('',(3.52390013986,-2.334989539956,
    132.19759137509));
#7588 = CARTESIAN_POINT('',(4.224965279764,-0.146286043701,
    133.00194131981));
#7589 = CARTESIAN_POINT('',(3.532620516986,1.923926449679,133.8084913477
    ));
#7590 = CARTESIAN_POINT('',(1.980960898692,3.152006848235,
    134.61348362726));
#7591 = CARTESIAN_POINT('',(0.24116014425,3.363062114254,135.41923630175
    ));
#7592 = CARTESIAN_POINT('',(-1.163079487939,2.77436011398,
    136.22476769657));
#7593 = CARTESIAN_POINT('',(-2.567322815616,2.185646149958,
    137.03026105054));
#7594 = CARTESIAN_POINT('',(-3.636516266009,0.797123772374,
    137.83606904375));
#7595 = CARTESIAN_POINT('',(-3.84849805165,-1.170605250155,
    138.64100264388));
#7596 = CARTESIAN_POINT('',(-2.857501378004,-3.115242242433,
    139.44759137218));
#7597 = CARTESIAN_POINT('',(-0.805415202271,-4.150064767049,
    140.25194132257));
#7598 = CARTESIAN_POINT('',(1.347616121071,-3.790096501299,
    141.05849134569));
#7599 = CARTESIAN_POINT('',(2.803309855408,-2.449654488004,
    141.86348362835));
#7600 = CARTESIAN_POINT('',(3.283931480648,-0.764289885376,
    142.66923630133));
#7601 = CARTESIAN_POINT('',(2.922148854712,0.714754509152,
    143.47476769665));
#7602 = CARTESIAN_POINT('',(2.560354990107,2.19380442534,144.28026105017
    ));
#7603 = CARTESIAN_POINT('',(1.35618633293,3.467047085264,145.08606904467
    ));
#7604 = CARTESIAN_POINT('',(-0.554155423468,3.984239660853,
    145.89100264232));
#7605 = CARTESIAN_POINT('',(-2.629876741223,3.309652047392,
    146.69759137416));
#7606 = CARTESIAN_POINT('',(-3.972975887009,1.444712366965,
    147.5019413207));
#7607 = CARTESIAN_POINT('',(-3.954247731017,-0.73812301223,
    148.30849134698));
#7608 = CARTESIAN_POINT('',(-2.858029453827,-2.385586069663,
    149.11348362776));
#7609 = CARTESIAN_POINT('',(-1.26860027304,-3.123939555443,
    149.91923630145));
#7610 = CARTESIAN_POINT('',(0.24882990221,-2.997984592578,
    150.72476769673));
#7611 = CARTESIAN_POINT('',(1.766267689011,-2.872019745588,
    151.53025951095));
#7612 = CARTESIAN_POINT('',(3.212206053967,-1.881853634475,
    152.33607537838));
#7613 = CARTESIAN_POINT('',(4.021880095458,-7.594310174804E-02,
    153.14098712887));
#7614 = CARTESIAN_POINT('',(3.680300951242,2.079761250051,
    153.94761889868));
#7615 = CARTESIAN_POINT('',(2.048445733447,3.69805050003,154.75190352698
    ));
#7616 = CARTESIAN_POINT('',(-0.110465587293,4.021041712884,
    155.55853263318));
#7617 = CARTESIAN_POINT('',(-1.909111836935,3.196021960116,
    156.36344743085));
#7618 = CARTESIAN_POINT('',(-2.887032450043,1.741679313081,
    157.16926163483));
#7619 = CARTESIAN_POINT('',(-2.999996402639,0.223218550818,
    157.97475384554));
#7620 = CARTESIAN_POINT('',(-3.112971726685,-1.295232989217,
    158.78028638384));
#7621 = CARTESIAN_POINT('',(-2.361176917798,-2.878281387706,
    159.58603284671));
#7622 = CARTESIAN_POINT('',(-0.704175361188,-3.960471080145,
    160.3910439304));
#7623 = CARTESIAN_POINT('',(1.478432499282,-3.960351408142,
    161.19755357818));
#7624 = CARTESIAN_POINT('',(3.332076784773,-2.601713874135,
    162.00196884712));
#7625 = CARTESIAN_POINT('',(3.988809655067,-0.519936601361,
    162.80847583248));
#7626 = CARTESIAN_POINT('',(3.455332528182,1.385648955685,
    163.61348996174));
#7627 = CARTESIAN_POINT('',(2.171861367962,2.57902367481,164.41923476239
    ));
#7628 = CARTESIAN_POINT('',(0.689776887995,2.928145450979,
    165.22476769656));
#7629 = CARTESIAN_POINT('',(-0.792317214227,3.277259367869,
    166.03026105046));
#7630 = CARTESIAN_POINT('',(-2.473465861796,2.782377309435,
    166.83606904403));
#7631 = CARTESIAN_POINT('',(-3.801564829054,1.315050857039,
    167.64100264336));
#7632 = CARTESIAN_POINT('',(-4.142860623455,-0.840686747232,
    168.44759137285));
#7633 = CARTESIAN_POINT('',(-3.090941452517,-2.884061746469,
    169.25194132199));
#7634 = CARTESIAN_POINT('',(-1.137518484242,-3.858361361588,
    170.058491346));
#7635 = CARTESIAN_POINT('',(0.828054532213,-3.629556301767,
    170.86348362832));
#7636 = CARTESIAN_POINT('',(2.207518053097,-2.548569999731,
    171.66923630123));
#7637 = CARTESIAN_POINT('',(2.784190243065,-1.139347457126,
    172.47476769677));
#7638 = CARTESIAN_POINT('',(3.360857081693,0.269886354871,
    173.28025951074));
#7639 = CARTESIAN_POINT('',(3.135054897638,2.00775287901,174.08607537891
    ));
#7640 = CARTESIAN_POINT('',(1.89356115355,3.549043958138,174.89098712793
    ));
#7641 = CARTESIAN_POINT('',(-0.18225917461,4.223364007388,
    175.69761889994));
#7642 = CARTESIAN_POINT('',(-2.365012219867,3.504058307904,
    176.50190352569));
#7643 = CARTESIAN_POINT('',(-3.632924727644,1.727089177458,
    177.30853263421));
#7644 = CARTESIAN_POINT('',(-3.714395054634,-0.25006749513,
    178.11344743021));
#7645 = CARTESIAN_POINT('',(-2.862532935851,-1.781658886844,
    178.91926163511));
#7646 = CARTESIAN_POINT('',(-1.560859051123,-2.571677265847,
    179.72475384547));
#7647 = CARTESIAN_POINT('',(-0.259198546184,-3.361701590162,
    180.53028638399));
#7648 = CARTESIAN_POINT('',(1.49261560608,-3.410536444092,
    181.33603284648));
#7649 = CARTESIAN_POINT('',(3.209116647061,-2.425441085896,
    182.14104393068));
#7650 = CARTESIAN_POINT('',(4.199893251983,-0.480668912477,
    182.94755357787));
#7651 = CARTESIAN_POINT('',(3.830875240566,1.787748772431,
    183.75196884741));
#7652 = CARTESIAN_POINT('',(2.274148592675,3.318009148909,
    184.55847583225));
#7653 = CARTESIAN_POINT('',(0.334065881471,3.707795287729,
    185.36348996189));
#7654 = CARTESIAN_POINT('',(-1.311922492478,3.105994895432,
    186.1692347623));
#7655 = CARTESIAN_POINT('',(-2.295844546509,1.943945924052,
    186.97476769661));
#7656 = CARTESIAN_POINT('',(-3.279764498108,0.781884777612,
    187.78025951126));
#7657 = CARTESIAN_POINT('',(-3.602044149486,-0.940701217359,
    188.58607537782));
#7658 = CARTESIAN_POINT('',(-2.897598570768,-2.790198806184,
    189.3909871296));
#7659 = CARTESIAN_POINT('',(-1.131752476393,-4.072979042748,
    190.19761889801));
#7660 = CARTESIAN_POINT('',(1.166446716829,-4.063386454697,
    191.00190352739));
#7661 = CARTESIAN_POINT('',(2.921416828444,-2.765194896734,
    191.80853263307));
#7662 = CARTESIAN_POINT('',(3.609874726736,-0.909982874911,
    192.61344743078));
#7663 = CARTESIAN_POINT('',(3.272993475905,0.809886970013,
    193.41926163494));
#7664 = CARTESIAN_POINT('',(2.279157150778,1.963478448872,
    194.22475384545));
#7665 = CARTESIAN_POINT('',(1.285335387573,3.117071447493,
    195.03028638339));
#7666 = CARTESIAN_POINT('',(-0.365648076838,3.704856497369,
    195.83603284832));
#7667 = CARTESIAN_POINT('',(-2.302548785137,3.298403131122,
    196.64104392733));
#7668 = CARTESIAN_POINT('',(-3.845800981577,1.754981689687,
    197.44755358223));
#7669 = CARTESIAN_POINT('',(-4.195823613585,-0.516444565478,
    198.25196884313));
#7670 = CARTESIAN_POINT('',(-3.188165052374,-2.452863660506,
    199.05847583549));
#7671 = CARTESIAN_POINT('',(-1.463487289021,-3.423090834147,199.86348996
    ));
#7672 = CARTESIAN_POINT('',(0.287907228181,-3.359383030664,
    200.66923476312));
#7673 = CARTESIAN_POINT('',(1.582765589687,-2.558257419631,
    201.47476769638));
#7674 = CARTESIAN_POINT('',(2.877625713867,-1.757119580513,
    202.28025951224));
#7675 = CARTESIAN_POINT('',(3.716440223388,-0.218432833349,
    203.08607537546));
#7676 = CARTESIAN_POINT('',(3.617998850452,1.758229554148,203.8909871336
    ));
#7677 = CARTESIAN_POINT('',(2.334980310658,3.52390251171,204.69761889295
    ));
#7678 = CARTESIAN_POINT('',(0.146298716786,4.22496202382,205.50190353232
    ));
#7679 = CARTESIAN_POINT('',(-1.923940294378,3.532624073262,
    206.30853262934));
#7680 = CARTESIAN_POINT('',(-3.151994709725,1.980957781032,
    207.11344743295));
#7681 = CARTESIAN_POINT('',(-3.363070609963,0.241162326178,
    207.91926163399));
#7682 = CARTESIAN_POINT('',(-2.774355468797,-1.163080680934,
    208.72475384574));
#7683 = CARTESIAN_POINT('',(-2.185654645851,-2.567320633655,
    209.53028638327));
#7684 = CARTESIAN_POINT('',(-0.79711163326,-3.636519383658,
    210.33603284784));
#7685 = CARTESIAN_POINT('',(1.170591404319,-3.848494495663,
    211.14104392873));
#7686 = CARTESIAN_POINT('',(3.115254916963,-2.857504633139,
    211.94755358007));
#7687 = CARTESIAN_POINT('',(4.150055536473,-0.805412831698,
    212.75196884544));
#7688 = CARTESIAN_POINT('',(3.790101703811,1.347614785058,
    213.55847583362));
#7689 = CARTESIAN_POINT('',(2.449652363991,2.80331040079,214.36348996116
    ));
#7690 = CARTESIAN_POINT('',(0.764290401536,3.28393134816,215.16923476257
    ));
#7691 = CARTESIAN_POINT('',(-0.714754509164,2.922148854683,
    215.97476769656));
#7692 = CARTESIAN_POINT('',(-2.193804425307,2.560354990213,
    216.78026105045));
#7693 = CARTESIAN_POINT('',(-3.467047085344,1.356186332712,
    217.58606904417));
#7694 = CARTESIAN_POINT('',(-3.984239660711,-0.554155423142,
    218.39100264287));
#7695 = CARTESIAN_POINT('',(-3.309652047557,-2.629876741603,
    219.19759137386));
#7696 = CARTESIAN_POINT('',(-1.444712366871,-3.972975886647,
    220.00194132056));
#7697 = CARTESIAN_POINT('',(0.738123012269,-3.954247731303,
    220.80849134751));
#7698 = CARTESIAN_POINT('',(2.385586069525,-2.858029453634,
    221.61348362709));
#7699 = CARTESIAN_POINT('',(3.123939555591,-1.268600273154,222.419236302
    ));
#7700 = CARTESIAN_POINT('',(2.99798459248,0.248829902269,223.22476769639
    ));
#7701 = CARTESIAN_POINT('',(2.872019745885,1.766267688791,
    224.03025951213));
#7702 = CARTESIAN_POINT('',(1.881853633964,3.212206054541,
    224.83607537583));
#7703 = CARTESIAN_POINT('',(7.594310229541E-02,4.021880094398,
    225.64098713281));
#7704 = CARTESIAN_POINT('',(-2.079761250362,3.680300952655,
    226.44761889409));
#7705 = CARTESIAN_POINT('',(-3.698050500074,2.048445732073,
    227.2519035311));
#7706 = CARTESIAN_POINT('',(-4.02104171262,-0.110465586314,
    228.0585326303));
#7707 = CARTESIAN_POINT('',(-3.196021960378,-1.909111837445,
    228.86344743242));
#7708 = CARTESIAN_POINT('',(-1.741679312934,-2.88703244985,
    229.66926163417));
#7709 = CARTESIAN_POINT('',(-0.223218550867,-2.999996402691,
    230.47475384574));
#7710 = CARTESIAN_POINT('',(1.295232989223,-3.112971726656,
    231.28028638381));
#7711 = CARTESIAN_POINT('',(2.878281387885,-2.361176917788,
    232.08603284623));
#7712 = CARTESIAN_POINT('',(3.960471079651,-0.704175361174,
    232.89104393162));
#7713 = CARTESIAN_POINT('',(3.960351408907,1.478432499145,
    233.69755357641));
#7714 = CARTESIAN_POINT('',(2.601713873351,3.33207678505,234.50196884892
    ));
#7715 = CARTESIAN_POINT('',(0.519936601907,3.98880965476,235.30847583114
    ));
#7716 = CARTESIAN_POINT('',(-1.385648955933,3.455332528388,
    236.11348996242));
#7717 = CARTESIAN_POINT('',(-2.579023674751,2.171861367891,
    236.9192347622));
#7718 = CARTESIAN_POINT('',(-2.928145450972,0.689776887988,
    237.72476769653));
#7719 = CARTESIAN_POINT('',(-3.277259826572,-0.792317485462,
    238.53025951144));
#7720 = CARTESIAN_POINT('',(-2.782375421807,-2.47346474558,
    239.33607537752));
#7721 = CARTESIAN_POINT('',(-1.315055480633,-3.801567563131,240.14098713
    ));
#7722 = CARTESIAN_POINT('',(0.84069495076,-4.142855772499,
    240.94761889756));
#7723 = CARTESIAN_POINT('',(2.8840504821,-3.090948113356,241.75190352782
    ));
#7724 = CARTESIAN_POINT('',(3.858373666975,-1.137511207885,
    242.55853263271));
#7725 = CARTESIAN_POINT('',(3.629545513227,0.828048152816,
    243.36344743102));
#7726 = CARTESIAN_POINT('',(2.548577550368,2.207522517877,
    244.16926163481));
#7727 = CARTESIAN_POINT('',(1.139343328781,2.784187801925,
    244.97475384551));
#7728 = DEFINITIONAL_REPRESENTATION('',(#7729),#7732);
#7729 = B_SPLINE_CURVE_WITH_KNOTS('',1,(#7730,#7731),.UNSPECIFIED.,.F.,
  .F.,(2,2),(0.,273.99427638432),.PIECEWISE_BEZIER_KNOTS.);
#7730 = CARTESIAN_POINT('',(2.,0.));
#7731 = CARTESIAN_POINT('',(2.,273.99427638432));
#7732 = ( GEOMETRIC_REPRESENTATION_CONTEXT(2) 
PARAMETRIC_REPRESENTATION_CONTEXT() REPRESENTATION_CONTEXT('2D SPACE',''
  ) );
#7733 = ORIENTED_EDGE('',*,*,#7734,.T.);
#7734 = EDGE_CURVE('',#6267,#7735,#7737,.T.);
#7735 = VERTEX_POINT('',#7736);
#7736 = CARTESIAN_POINT('',(10.9,-0.223221722725,12.974767696687));
#7737 = SURFACE_CURVE('',#7738,(#7741,#7748),.PCURVE_S1.);
#7738 = B_SPLINE_CURVE_WITH_KNOTS('',1,(#7739,#7740),.UNSPECIFIED.,.F.,
  .F.,(2,2),(0.,7.9),.PIECEWISE_BEZIER_KNOTS.);
#7739 = CARTESIAN_POINT('',(3.,-0.223221722725,12.974767696687));
#7740 = CARTESIAN_POINT('',(10.9,-0.223221722725,12.974767696687));
#7741 = PCURVE('',#6563,#7742);
#7742 = DEFINITIONAL_REPRESENTATION('',(#7743),#7747);
#7743 = LINE('',#7744,#7745);
#7744 = CARTESIAN_POINT('',(0.,0.));
#7745 = VECTOR('',#7746,1.);
#7746 = DIRECTION('',(1.,0.));
#7747 = ( GEOMETRIC_REPRESENTATION_CONTEXT(2) 
PARAMETRIC_REPRESENTATION_CONTEXT() REPRESENTATION_CONTEXT('2D SPACE',''
  ) );
#7748 = PCURVE('',#7749,#7754);
#7749 = PLANE('',#7750);
#7750 = AXIS2_PLACEMENT_3D('',#7751,#7752,#7753);
#7751 = CARTESIAN_POINT('',(6.95,1.682156097917E-16,12.));
#7752 = DIRECTION('',(-1.914408469869E-16,0.974767696687,0.223221722725)
  );
#7753 = DIRECTION('',(0.,-0.223221722725,0.974767696687));
#7754 = DEFINITIONAL_REPRESENTATION('',(#7755),#7758);
#7755 = B_SPLINE_CURVE_WITH_KNOTS('',1,(#7756,#7757),.UNSPECIFIED.,.F.,
  .F.,(2,2),(0.,7.9),.PIECEWISE_BEZIER_KNOTS.);
#7756 = CARTESIAN_POINT('',(1.,-3.95));
#7757 = CARTESIAN_POINT('',(1.,3.95));
#7758 = ( GEOMETRIC_REPRESENTATION_CONTEXT(2) 
PARAMETRIC_REPRESENTATION_CONTEXT() REPRESENTATION_CONTEXT('2D SPACE',''
  ) );
#7759 = ORIENTED_EDGE('',*,*,#7760,.T.);
#7760 = EDGE_CURVE('',#7735,#7761,#7763,.T.);
#7761 = VERTEX_POINT('',#7762);
#7762 = CARTESIAN_POINT('',(3.58058361767,10.297532320256,
    244.97478154784));
#7763 = SURFACE_CURVE('',#7764,(#8054,#8061),.PCURVE_S1.);
#7764 = B_SPLINE_CURVE_WITH_KNOTS('',9,(#7765,#7766,#7767,#7768,#7769,
    #7770,#7771,#7772,#7773,#7774,#7775,#7776,#7777,#7778,#7779,#7780,
    #7781,#7782,#7783,#7784,#7785,#7786,#7787,#7788,#7789,#7790,#7791,
    #7792,#7793,#7794,#7795,#7796,#7797,#7798,#7799,#7800,#7801,#7802,
    #7803,#7804,#7805,#7806,#7807,#7808,#7809,#7810,#7811,#7812,#7813,
    #7814,#7815,#7816,#7817,#7818,#7819,#7820,#7821,#7822,#7823,#7824,
    #7825,#7826,#7827,#7828,#7829,#7830,#7831,#7832,#7833,#7834,#7835,
    #7836,#7837,#7838,#7839,#7840,#7841,#7842,#7843,#7844,#7845,#7846,
    #7847,#7848,#7849,#7850,#7851,#7852,#7853,#7854,#7855,#7856,#7857,
    #7858,#7859,#7860,#7861,#7862,#7863,#7864,#7865,#7866,#7867,#7868,
    #7869,#7870,#7871,#7872,#7873,#7874,#7875,#7876,#7877,#7878,#7879,
    #7880,#7881,#7882,#7883,#7884,#7885,#7886,#7887,#7888,#7889,#7890,
    #7891,#7892,#7893,#7894,#7895,#7896,#7897,#7898,#7899,#7900,#7901,
    #7902,#7903,#7904,#7905,#7906,#7907,#7908,#7909,#7910,#7911,#7912,
    #7913,#7914,#7915,#7916,#7917,#7918,#7919,#7920,#7921,#7922,#7923,
    #7924,#7925,#7926,#7927,#7928,#7929,#7930,#7931,#7932,#7933,#7934,
    #7935,#7936,#7937,#7938,#7939,#7940,#7941,#7942,#7943,#7944,#7945,
    #7946,#7947,#7948,#7949,#7950,#7951,#7952,#7953,#7954,#7955,#7956,
    #7957,#7958,#7959,#7960,#7961,#7962,#7963,#7964,#7965,#7966,#7967,
    #7968,#7969,#7970,#7971,#7972,#7973,#7974,#7975,#7976,#7977,#7978,
    #7979,#7980,#7981,#7982,#7983,#7984,#7985,#7986,#7987,#7988,#7989,
    #7990,#7991,#7992,#7993,#7994,#7995,#7996,#7997,#7998,#7999,#8000,
    #8001,#8002,#8003,#8004,#8005,#8006,#8007,#8008,#8009,#8010,#8011,
    #8012,#8013,#8014,#8015,#8016,#8017,#8018,#8019,#8020,#8021,#8022,
    #8023,#8024,#8025,#8026,#8027,#8028,#8029,#8030,#8031,#8032,#8033,
    #8034,#8035,#8036,#8037,#8038,#8039,#8040,#8041,#8042,#8043,#8044,
    #8045,#8046,#8047,#8048,#8049,#8050,#8051,#8052,#8053),
  .UNSPECIFIED.,.F.,.F.,(10,9,9,9,9,9,9,9,9,9,9,9,9,9,9,9,9,9,9,9,9,9,9,
    9,9,9,9,9,9,9,9,9,10),(0.,8.56232113701,17.12464227402,
    25.68696341103,34.24928454804,42.811605685051,51.373926822061,
    59.936247959071,68.498569096081,77.060890233091,85.623211370101,
    94.185532507111,102.74785364412,111.31017478113,119.87249591814,
    128.43481705515,136.99713819216,145.55945932917,154.12178046618,
    162.68410160319,171.2464227402,179.80874387721,188.37106501422,
    196.93338615123,205.49570728824,214.05802842525,222.62034956226,
    231.18267069927,239.74499183628,248.30731297329,256.8696341103,
    265.43195524731,273.99427638432),.PIECEWISE_BEZIER_KNOTS.);
#7765 = CARTESIAN_POINT('',(10.9,-0.223221722725,12.974767696687));
#7766 = CARTESIAN_POINT('',(11.012965843326,5.293737459049,
    13.780385058164));
#7767 = CARTESIAN_POINT('',(7.983797398522,10.876461296995,
    14.585689837783));
#7768 = CARTESIAN_POINT('',(1.776558346699,14.468854801871,
    15.391864304222));
#7769 = CARTESIAN_POINT('',(-6.121638066165,14.044560744469,
    16.19638934764));
#7770 = CARTESIAN_POINT('',(-12.56576750863,8.765281224221,
    17.003150510921));
#7771 = CARTESIAN_POINT('',(-14.53558191058,1.104632723163,
    17.807708933737));
#7772 = CARTESIAN_POINT('',(-12.23460863955,-5.687841063085,
    18.613830809931));
#7773 = CARTESIAN_POINT('',(-7.356981089069,-9.756252922074,
    19.419187584669));
#7774 = CARTESIAN_POINT('',(-1.925609161841,-10.7308833417,
    20.22476769668));
#7775 = CARTESIAN_POINT('',(3.505755346264,-11.70550094628,
    21.030385058187));
#7776 = CARTESIAN_POINT('',(9.493612934954,-9.586957008738,
    21.835689837736));
#7777 = CARTESIAN_POINT('',(14.012804234989,-4.018113526066,
    22.641864304291));
#7778 = CARTESIAN_POINT('',(14.829284072145,3.849217196466,
    23.446389347565));
#7779 = CARTESIAN_POINT('',(10.623085185233,11.039869979712,
    24.253150510981));
#7780 = CARTESIAN_POINT('',(3.364898841539,14.183822147707,
    25.057708933705));
#7781 = CARTESIAN_POINT('',(-3.703899843663,12.973754678985,
    25.863830809938));
#7782 = CARTESIAN_POINT('',(-8.485251858047,8.792618650312,
    26.669187584677));
#7783 = CARTESIAN_POINT('',(-10.29753672178,3.580581712661,
    27.47476769667));
#7784 = CARTESIAN_POINT('',(-12.10980776761,-1.631449901921,
    28.28038505822));
#7785 = CARTESIAN_POINT('',(-10.95405392012,-7.877000314952,
    29.085689837662));
#7786 = CARTESIAN_POINT('',(-6.160729415058,-13.21171192202,
    29.891864304414));
#7787 = CARTESIAN_POINT('',(1.482015824567,-15.24886121036,
    30.696389347406));
#7788 = CARTESIAN_POINT('',(9.242134212656,-12.21931353302,
    31.50315051114));
#7789 = CARTESIAN_POINT('',(13.482809610154,-5.542309982942,
    32.307708933582));
#7790 = CARTESIAN_POINT('',(13.393443820789,1.628756317528,
    33.113830810009));
#7791 = CARTESIAN_POINT('',(10.011752759356,7.005315732351,
    33.919187584648));
#7792 = CARTESIAN_POINT('',(5.147388458449,9.610630572204,
    34.724767696676));
#7793 = CARTESIAN_POINT('',(0.283027253472,12.215930931582,
    35.530385058194));
#7794 = CARTESIAN_POINT('',(-6.066429804922,12.051425669519,
    36.33568983772));
#7795 = CARTESIAN_POINT('',(-12.08530341438,8.151647699645,
    37.141864304322));
#7796 = CARTESIAN_POINT('',(-15.29296077752,0.921677695361,
    37.946389347517));
#7797 = CARTESIAN_POINT('',(-13.51466182802,-7.216826428313,
    38.753150511044));
#7798 = CARTESIAN_POINT('',(-7.583251058727,-12.44980555317,
    39.557708933636));
#7799 = CARTESIAN_POINT('',(-0.486492594659,-13.48334192541,
    40.363830809999));
#7800 = CARTESIAN_POINT('',(5.352885484012,-10.98436428836,
    41.169187584633));
#7801 = CARTESIAN_POINT('',(8.687078802075,-6.587449417187,
    41.974767696694));
#7802 = CARTESIAN_POINT('',(12.021257367103,-2.190534806724,
    42.780386597161));
#7803 = CARTESIAN_POINT('',(12.852051184948,4.106481471124,
    43.585683504483));
#7804 = CARTESIAN_POINT('',(9.941845701108,10.661319988748,
    44.391879817106));
#7805 = CARTESIAN_POINT('',(3.302675853638,14.960487384309,
    45.196361823679));
#7806 = CARTESIAN_POINT('',(-5.013815605049,14.47724735669,
    46.003188304239));
#7807 = CARTESIAN_POINT('',(-11.11024686177,9.437453058621,
    46.807667647747));
#7808 = CARTESIAN_POINT('',(-13.2412346169,2.58977495336,47.613867006772
    ));
#7809 = CARTESIAN_POINT('',(-11.68650486388,-3.56865818446,48.4191622513
    ));
#7810 = CARTESIAN_POINT('',(-7.865305207903,-7.549617534436,
    49.224781547868));
#7811 = CARTESIAN_POINT('',(-4.044105723975,-11.53058923855,
    50.030359724772));
#7812 = CARTESIAN_POINT('',(2.045423044589,-13.33620430969,
    50.835726034702));
#7813 = CARTESIAN_POINT('',(8.974807995431,-11.48725606808,
    51.641823018095));
#7814 = CARTESIAN_POINT('',(14.259656750755,-5.602339292079,
    52.446427141127));
#7815 = CARTESIAN_POINT('',(15.083328610893,2.687340111826,
    53.253122986788));
#7816 = CARTESIAN_POINT('',(11.059302163748,9.497120609113,
    54.057724446769));
#7817 = CARTESIAN_POINT('',(4.629263610579,12.673083531562,
    54.863824476526));
#7818 = CARTESIAN_POINT('',(-1.696541349586,12.100884349157,
    55.669189123725));
#7819 = CARTESIAN_POINT('',(-6.226269082797,8.949491675298,
    56.474767696664));
#7820 = CARTESIAN_POINT('',(-10.75598247481,5.798095717774,
    57.280385058241));
#7821 = CARTESIAN_POINT('',(-13.49200039612,6.600422758132E-02,
    58.085689837622));
#7822 = CARTESIAN_POINT('',(-12.74978421982,-7.067313576196,
    58.891864304467));
#7823 = CARTESIAN_POINT('',(-7.764079745702,-13.20769490935,
    59.696389347344));
#7824 = CARTESIAN_POINT('',(0.294711354479,-15.31802249775,
    60.503150511209));
#7825 = CARTESIAN_POINT('',(7.650134034938,-12.40881961257,
    61.307708933509));
#7826 = CARTESIAN_POINT('',(11.792882607237,-6.554777214716,
    62.113830810075));
#7827 = CARTESIAN_POINT('',(12.217299400934,-0.217341143098,
    62.919187584601));
#7828 = CARTESIAN_POINT('',(9.813311655104,4.749604435867,
    63.724767696701));
#7829 = CARTESIAN_POINT('',(7.409317902551,9.716536480204,
    64.530385058108));
#7830 = CARTESIAN_POINT('',(2.175805470238,13.315566146423,
    65.335689837904));
#7831 = CARTESIAN_POINT('',(-4.985797544604,13.698384637718,
    66.141864304043));
#7832 = CARTESIAN_POINT('',(-11.83051660673,9.734629727718,
    66.946389347832));
#7833 = CARTESIAN_POINT('',(-15.17553523491,2.105183686324,
    67.753150510765));
#7834 = CARTESIAN_POINT('',(-13.45279107725,-5.614781132443,
    68.557708933827));
#7835 = CARTESIAN_POINT('',(-8.318890312061,-10.62229958614,
    69.363830809904));
#7836 = CARTESIAN_POINT('',(-2.125872009008,-12.0328845264,
    70.16918758466));
#7837 = CARTESIAN_POINT('',(3.155988764707,-10.43549533345,
    70.974767696697));
#7838 = CARTESIAN_POINT('',(8.437837110057,-8.838098090433,
    71.780385058129));
#7839 = CARTESIAN_POINT('',(12.811258466493,-4.232031161191,
    72.585689837869));
#7840 = CARTESIAN_POINT('',(14.309685363332,2.78151463067,
    73.391864304067));
#7841 = CARTESIAN_POINT('',(11.465480818616,10.162031721864,
    74.196389347842));
#7842 = CARTESIAN_POINT('',(4.453242117959,14.65937593003,
    75.003150510726));
#7843 = CARTESIAN_POINT('',(-3.441173684035,14.16551017825,
    75.807708933873));
#7844 = CARTESIAN_POINT('',(-9.190160295847,9.878164721156,
    76.613830809871));
#7845 = CARTESIAN_POINT('',(-11.55218009998,3.982056850679,
    77.419187584675));
#7846 = CARTESIAN_POINT('',(-10.80072248326,-1.484662176032,
    78.224767696695));
#7847 = CARTESIAN_POINT('',(-10.04925461892,-6.951370586405,
    79.030386597163));
#7848 = CARTESIAN_POINT('',(-6.184051649985,-11.99149344008,
    79.835683504493));
#7849 = CARTESIAN_POINT('',(0.508745147677,-14.5686381732,80.64187981706
    ));
#7850 = CARTESIAN_POINT('',(8.243317587143,-12.91400657147,
    81.446361823776));
#7851 = CARTESIAN_POINT('',(13.782262792756,-6.691656764867,
    82.253188304106));
#7852 = CARTESIAN_POINT('',(14.529417951522,1.182843841715,
    83.057667647876));
#7853 = CARTESIAN_POINT('',(11.194214220145,7.531719357646,
    83.863867006679));
#7854 = CARTESIAN_POINT('',(5.740184435661,10.787029239577,
    84.669162251349));
#7855 = CARTESIAN_POINT('',(0.223224894642,10.899996402579,
    85.47478154785));
#7856 = CARTESIAN_POINT('',(-5.293743260399,11.012972422925,
    86.280359724743));
#7857 = CARTESIAN_POINT('',(-10.87645300789,7.983787997395,
    87.085726034844));
#7858 = CARTESIAN_POINT('',(-14.46886425637,1.776569069668,
    87.891823017805));
#7859 = CARTESIAN_POINT('',(-14.04455208984,-6.121647882067,
    88.696427141533));
#7860 = CARTESIAN_POINT('',(-8.765287527111,-12.56576035991,
    89.503122986361));
#7861 = CARTESIAN_POINT('',(-1.104629170823,-14.53558593972,
    90.307724447122));
#7862 = CARTESIAN_POINT('',(5.687839612842,-12.2346069946,
    91.113824476296));
#7863 = CARTESIAN_POINT('',(9.756253274462,-7.356981488809,
    91.919189123842));
#7864 = CARTESIAN_POINT('',(10.730883341727,-1.925609161829,
    92.724767696619));
#7865 = CARTESIAN_POINT('',(11.70550094622,3.505755346224,
    93.530385058388));
#7866 = CARTESIAN_POINT('',(9.586957008896,9.49361293502,94.335689837329
    ));
#7867 = CARTESIAN_POINT('',(4.018113525814,14.012804234927,
    95.141864304879));
#7868 = CARTESIAN_POINT('',(-3.849217196183,14.829284072168,
    95.946389346931));
#7869 = CARTESIAN_POINT('',(-11.03986997993,10.623085185252,
    96.753150511483));
#7870 = CARTESIAN_POINT('',(-14.18382214759,3.364898841514,
    97.557708933435));
#7871 = CARTESIAN_POINT('',(-12.97375467901,-3.703899843659,
    98.363830810002));
#7872 = CARTESIAN_POINT('',(-8.792618650314,-8.485251858033,
    99.169187584714));
#7873 = CARTESIAN_POINT('',(-3.580581712654,-10.2975367218,
    99.97476769662));
#7874 = CARTESIAN_POINT('',(1.631449901901,-12.10980776755,
    100.78038505839));
#7875 = CARTESIAN_POINT('',(7.877000314973,-10.95405392026,
    101.58568983725));
#7876 = CARTESIAN_POINT('',(13.211711922045,-6.160729414813,
    102.3918643051));
#7877 = CARTESIAN_POINT('',(15.248861210267,1.482015824283,
    103.19638934652));
#7878 = CARTESIAN_POINT('',(12.21931353319,9.242134212892,
    104.00315051201));
#7879 = CARTESIAN_POINT('',(5.542309982768,13.482809610014,
    104.8077089329));
#7880 = CARTESIAN_POINT('',(-1.628756317401,13.393443820848,
    105.61383081042));
#7881 = CARTESIAN_POINT('',(-7.005315732415,10.011752759337,
    106.41918758445));
#7882 = CARTESIAN_POINT('',(-9.610630572182,5.147388458455,
    107.22476769674));
#7883 = CARTESIAN_POINT('',(-12.21593093167,0.283027253442,
    108.03038505795));
#7884 = CARTESIAN_POINT('',(-12.05142566927,-6.066429804865,
    108.83568983824));
#7885 = CARTESIAN_POINT('',(-8.151647700066,-12.08530341443,
    109.64186430348));
#7886 = CARTESIAN_POINT('',(-0.921677694852,-15.29296077754,
    110.44638934848));
#7887 = CARTESIAN_POINT('',(7.21682642788,-13.51466182796,
    111.25315051023));
#7888 = CARTESIAN_POINT('',(12.44980555342,-7.583251058776,
    112.05770893407));
#7889 = CARTESIAN_POINT('',(13.483341925327,-0.48649259467,
    112.86383080994));
#7890 = CARTESIAN_POINT('',(10.984364288374,5.352885484071,
    113.66918758448));
#7891 = CARTESIAN_POINT('',(6.587449417194,8.687078802015,
    114.47476769686));
#7892 = CARTESIAN_POINT('',(2.190534806724,12.021257367305,
    115.28038659662));
#7893 = CARTESIAN_POINT('',(-4.1064814712,12.852051184511,
    116.08568350561));
#7894 = CARTESIAN_POINT('',(-10.66131998849,9.941845701767,
    116.89187981535));
#7895 = CARTESIAN_POINT('',(-14.96048738477,3.302675852935,
    117.69636182578));
#7896 = CARTESIAN_POINT('',(-14.47724735612,-5.013815604522,
    118.50318830222));
#7897 = CARTESIAN_POINT('',(-9.437453059104,-11.11024686203,
    119.30766764927));
#7898 = CARTESIAN_POINT('',(-2.589774953061,-13.24123461683,
    120.11386700586));
#7899 = CARTESIAN_POINT('',(3.568658184328,-11.68650486388,
    120.91916225169));
#7900 = CARTESIAN_POINT('',(7.549617534474,-7.865305207906,
    121.72478154775));
#7901 = CARTESIAN_POINT('',(11.530589238502,-4.044105723979,
    122.53035972492));
#7902 = CARTESIAN_POINT('',(13.336204309729,2.045423044629,
    123.33572603458));
#7903 = CARTESIAN_POINT('',(11.487256068083,8.974807995322,
    124.1418230181));
#7904 = CARTESIAN_POINT('',(5.602339292061,14.259656750932,
    124.94642714127));
#7905 = CARTESIAN_POINT('',(-2.687340111815,15.083328610698,
    125.75312298653));
#7906 = CARTESIAN_POINT('',(-9.497120609104,11.059302163902,
    126.55772444703));
#7907 = CARTESIAN_POINT('',(-12.67308353158,4.629263610492,
    127.36382447633));
#7908 = CARTESIAN_POINT('',(-12.10088434914,-1.696541349553,
    128.16918912381));
#7909 = CARTESIAN_POINT('',(-8.949491675299,-6.226269082802,
    128.97476769664));
#7910 = CARTESIAN_POINT('',(-5.798095717763,-10.75598247478,
    129.78038505833));
#7911 = CARTESIAN_POINT('',(-6.600422762486E-02,-13.49200039618,
    130.58568983737));
#7912 = CARTESIAN_POINT('',(7.067313576289,-12.74978421974,
    131.39186430491));
#7913 = CARTESIAN_POINT('',(13.207694909214,-7.76407974575,
    132.19638934674));
#7914 = CARTESIAN_POINT('',(15.318022497921,0.29471135447,
    133.00315051182));
#7915 = CARTESIAN_POINT('',(12.408819612432,7.650134034986,133.807708933
    ));
#7916 = CARTESIAN_POINT('',(6.554777214822,11.792882607188,
    134.61383081041));
#7917 = CARTESIAN_POINT('',(0.217341143033,12.217299400963,
    135.4191875844));
#7918 = CARTESIAN_POINT('',(-4.749604435834,9.813311655092,
    136.2247676968));
#7919 = CARTESIAN_POINT('',(-9.716536480324,7.409317902605,
    137.03038505776));
#7920 = CARTESIAN_POINT('',(-13.31556614616,2.175805470074,
    137.83568983865));
#7921 = CARTESIAN_POINT('',(-13.69838463808,-4.985797544267,
    138.64186430283));
#7922 = CARTESIAN_POINT('',(-9.734629727365,-11.83051660722,
    139.44638934933));
#7923 = CARTESIAN_POINT('',(-2.10518368654,-15.17553523441,
    140.25315050934));
#7924 = CARTESIAN_POINT('',(5.614781132506,-13.45279107761,
    141.05770893485));
#7925 = CARTESIAN_POINT('',(10.622299586153,-8.318890311882,
    141.86383080937));
#7926 = CARTESIAN_POINT('',(12.032884526388,-2.125872009054,
    142.66918758481));
#7927 = CARTESIAN_POINT('',(10.435495333448,3.1559887647,143.47476769671
    ));
#7928 = CARTESIAN_POINT('',(8.838098090437,8.437837110053,
    144.28038505812));
#7929 = CARTESIAN_POINT('',(4.232031161192,12.811258466531,
    145.08568983781));
#7930 = CARTESIAN_POINT('',(-2.781514630696,14.309685363248,
    145.8918643042));
#7931 = CARTESIAN_POINT('',(-10.1620317218,11.465480818725,
    146.69638934763));
#7932 = CARTESIAN_POINT('',(-14.65937593011,4.453242117867,
    147.50315051093));
#7933 = CARTESIAN_POINT('',(-14.16551017818,-3.441173683984,
    148.30770893373));
#7934 = CARTESIAN_POINT('',(-9.878164721177,-9.190160295869,
    149.1138308099));
#7935 = CARTESIAN_POINT('',(-3.982056850687,-11.55218009996,
    149.91918758471));
#7936 = CARTESIAN_POINT('',(1.484662176047,-10.80072248327,
    150.72476769664));
#7937 = CARTESIAN_POINT('',(6.95137058636,-10.04925461888,
    151.53038659732));
#7938 = CARTESIAN_POINT('',(11.991493440164,-6.184051650094,
    152.33568350415));
#7939 = CARTESIAN_POINT('',(14.568638173121,0.508745147857,
    153.14187981757));
#7940 = CARTESIAN_POINT('',(12.914006571514,8.243317586933,
    153.94636182317));
#7941 = CARTESIAN_POINT('',(6.691656764892,13.782262792925,
    154.75318830463));
#7942 = CARTESIAN_POINT('',(-1.182843841766,14.529417951432,
    155.55766764753));
#7943 = CARTESIAN_POINT('',(-7.531719357612,11.194214220171,
    156.36386700682));
#7944 = CARTESIAN_POINT('',(-10.78702923958,5.740184435663,
    157.16916225133));
#7945 = CARTESIAN_POINT('',(-10.89999640258,0.223224894636,
    157.97478154781));
#7946 = CARTESIAN_POINT('',(-11.01297242301,-5.293743260471,
    158.78035972451));
#7947 = CARTESIAN_POINT('',(-7.983787997059,-10.87645300771,
    159.58572603555));
#7948 = CARTESIAN_POINT('',(-1.776569070334,-14.46886425658,
    160.39182301657));
#7949 = CARTESIAN_POINT('',(6.12164788293,-14.04455208971,
    161.19642714302));
#7950 = CARTESIAN_POINT('',(12.565760359149,-8.765287527108,
    162.00312298504));
#7951 = CARTESIAN_POINT('',(14.53558594017,-1.104629170889,
    162.80772444792));
#7952 = CARTESIAN_POINT('',(12.234606994458,5.687839612871,
    163.61382447604));
#7953 = CARTESIAN_POINT('',(7.356981488801,9.756253274493,
    164.41918912374));
#7954 = CARTESIAN_POINT('',(1.925609161866,10.730883341673,
    165.2247676968));
#7955 = CARTESIAN_POINT('',(-3.50575534632,11.705500946402,
    166.03038505785));
#7956 = CARTESIAN_POINT('',(-9.493612934889,9.586957008482,
    166.8356898384));
#7957 = CARTESIAN_POINT('',(-14.012804235,4.018113526478,167.64186430325
    ));
#7958 = CARTESIAN_POINT('',(-14.82928407224,-3.84921719695,
    168.44638934882));
#7959 = CARTESIAN_POINT('',(-10.62308518504,-11.0398699793,
    169.25315050975));
#7960 = CARTESIAN_POINT('',(-3.364898841749,-14.18382214796,
    170.05770893465));
#7961 = CARTESIAN_POINT('',(3.703899843817,-12.97375467887,
    170.86383080935));
#7962 = CARTESIAN_POINT('',(8.485251857971,-8.792618650349,
    171.66918758493));
#7963 = CARTESIAN_POINT('',(10.297536721809,-3.580581712651,
    172.47476769659));
#7964 = CARTESIAN_POINT('',(12.10980763496,1.631450418035,
    173.28038659752));
#7965 = CARTESIAN_POINT('',(10.954054465861,7.876998190946,
    174.08568350366));
#7966 = CARTESIAN_POINT('',(6.160728078522,13.211717124706,
    174.89187981841));
#7967 = CARTESIAN_POINT('',(-1.482013453462,15.248851979335,
    175.69636182207));
#7968 = CARTESIAN_POINT('',(-9.242137468166,12.21932620825,
    176.50318830577));
#7969 = CARTESIAN_POINT('',(-13.48280605398,5.542296136358,
    177.3076676466));
#7970 = CARTESIAN_POINT('',(-13.39344693849,-1.62874417781,
    178.1138670074));
#7971 = CARTESIAN_POINT('',(-10.01175057737,-7.005324228621,
    178.91916225106));
#7972 = CARTESIAN_POINT('',(-5.147389651458,-9.61062592684,
    179.72478154789));
#7973 = CARTESIAN_POINT('',(-0.283025071471,-12.21593942797,
    180.53035972436));
#7974 = CARTESIAN_POINT('',(6.066426687281,-12.05141352942,
    181.33572603577));
#7975 = CARTESIAN_POINT('',(12.085306970182,-8.151661546914,
    182.14182301629));
#7976 = CARTESIAN_POINT('',(15.292957522817,-0.921665019302,
    182.94642714331));
#7977 = CARTESIAN_POINT('',(13.514664198096,7.216817196568,
    183.75312298477));
#7978 = CARTESIAN_POINT('',(7.583249723078,12.449810756288,
    184.55772444813));
#7979 = CARTESIAN_POINT('',(0.486493139896,13.483339801221,
    185.3638244759));
#7980 = CARTESIAN_POINT('',(-5.352885616507,10.984364804532,
    186.16918912383));
#7981 = CARTESIAN_POINT('',(-8.687078802051,6.587449417191,
    186.97476769675));
#7982 = CARTESIAN_POINT('',(-12.02125736714,2.190534806728,
    187.78038659704));
#7983 = CARTESIAN_POINT('',(-12.85205118488,-4.106481471153,
    188.58568350463));
#7984 = CARTESIAN_POINT('',(-9.941845701172,-10.66131998869,
    189.39187981698));
#7985 = CARTESIAN_POINT('',(-3.302675853605,-14.96048738436,
    190.1963618237));
#7986 = CARTESIAN_POINT('',(5.01381560505,-14.47724735666,
    191.00318830431));
#7987 = CARTESIAN_POINT('',(11.110246861755,-9.437453058609,
    191.80766764763));
#7988 = CARTESIAN_POINT('',(13.241234616918,-2.589774953388,
    192.61386700686));
#7989 = CARTESIAN_POINT('',(11.686504863878,3.568658184483,
    193.41916225123));
#7990 = CARTESIAN_POINT('',(7.865305207901,7.549617534425,194.2247815479
    ));
#7991 = CARTESIAN_POINT('',(4.04410572395,11.53058923851,195.03035972489
    ));
#7992 = CARTESIAN_POINT('',(-2.045423044461,13.336204309826,
    195.83572603421));
#7993 = CARTESIAN_POINT('',(-8.974807995749,11.487256067891,
    196.64182301909));
#7994 = CARTESIAN_POINT('',(-14.25965675023,5.602339292232,
    197.44642713967));
#7995 = CARTESIAN_POINT('',(-15.08332861151,-2.687340111849,
    198.25312298844));
#7996 = CARTESIAN_POINT('',(-11.05930216318,-9.497120609198,
    199.05772444524));
#7997 = CARTESIAN_POINT('',(-4.629263610986,-12.67308353145,
    199.86382447767));
#7998 = CARTESIAN_POINT('',(1.696541349825,-12.10088434922,
    200.66918912302));
#7999 = CARTESIAN_POINT('',(6.226269082684,-8.949491675275,
    201.47476769699));
#8000 = CARTESIAN_POINT('',(10.755982671378,-5.79809522241,
    202.2803865961));
#8001 = CARTESIAN_POINT('',(13.491999588055,-6.600626617076E-02,
    203.08568350677));
#8002 = CARTESIAN_POINT('',(12.749786198189,7.067318569631,
    203.89187981347));
#8003 = CARTESIAN_POINT('',(7.764076236574,13.207686049444,
    204.69636182811));
#8004 = CARTESIAN_POINT('',(-0.294706536992,15.318034663782,
    205.50318829997));
#8005 = CARTESIAN_POINT('',(-7.650139297024,12.40880632175,
    206.30766765098));
#8006 = CARTESIAN_POINT('',(-11.79287799405,6.554788867607,
    207.11386700484));
#8007 = CARTESIAN_POINT('',(-12.21730262954,0.217332987298,
    207.91916225215));
#8008 = CARTESIAN_POINT('',(-9.813309889831,-4.749599976552,
    208.72478154761));
#8009 = CARTESIAN_POINT('',(-7.409321131223,-9.716544636212,
    209.53035972507));
#8010 = CARTESIAN_POINT('',(-2.175800856937,-13.31555449285,
    210.33572603451));
#8011 = CARTESIAN_POINT('',(4.985792282529,-13.6983979298,
    211.14182301802));
#8012 = CARTESIAN_POINT('',(11.830521423813,-9.734617560087,
    211.94642714142));
#8013 = CARTESIAN_POINT('',(15.175531726667,-2.105192547687,
    212.75312298645));
#8014 = CARTESIAN_POINT('',(13.452793054566,5.614786126801,
    213.55772444694));
#8015 = CARTESIAN_POINT('',(8.318889504827,10.622297547145,
    214.36382447655));
#8016 = CARTESIAN_POINT('',(2.125872205131,12.032885021896,
    215.16918912357));
#8017 = CARTESIAN_POINT('',(-3.155988764672,10.435495333432,
    215.9747676968));
#8018 = CARTESIAN_POINT('',(-8.437837110164,8.838098090492,
    216.78038505785));
#8019 = CARTESIAN_POINT('',(-12.81125846629,4.232031161061,
    217.58568983826));
#8020 = CARTESIAN_POINT('',(-14.30968536361,-2.78151463048,
    218.39186430378));
#8021 = CARTESIAN_POINT('',(-11.4654808183,-10.16203172202,
    219.19638934776));
#8022 = CARTESIAN_POINT('',(-4.453242118263,-14.65937592999,
    220.00315051124));
#8023 = CARTESIAN_POINT('',(3.441173684304,-14.16551017814,
    220.80770893309));
#8024 = CARTESIAN_POINT('',(9.190160295642,-9.878164721324,
    221.61383081062));
#8025 = CARTESIAN_POINT('',(11.552180100108,-3.98205685054,
    222.41918758413));
#8026 = CARTESIAN_POINT('',(10.800722483203,1.484662175953,
    223.22476769698));
#8027 = CARTESIAN_POINT('',(10.049254619175,6.951370586663,
    224.03038659622));
#8028 = CARTESIAN_POINT('',(6.184051649356,11.991493439625,
    224.83568350638));
#8029 = CARTESIAN_POINT('',(-0.508745146572,14.568638173723,
    225.64187981426));
#8030 = CARTESIAN_POINT('',(-8.243317588531,12.914006571137,
    226.44636182696));
#8031 = CARTESIAN_POINT('',(-13.78226279149,6.691656764905,
    227.25318830121));
#8032 = CARTESIAN_POINT('',(-14.52941795236,-1.182843841537,228.05766765
    ));
#8033 = CARTESIAN_POINT('',(-11.19421421972,-7.53171935786,
    228.8638670054));
#8034 = CARTESIAN_POINT('',(-5.74018443582,-10.78702923943,
    229.66916225196));
#8035 = CARTESIAN_POINT('',(-0.223224894594,-10.89999640264,
    230.47478154761));
#8036 = CARTESIAN_POINT('',(5.293743260465,-11.01297242303,
    231.28035972459));
#8037 = CARTESIAN_POINT('',(10.876453007667,-7.983787996822,
    232.08572603586));
#8038 = CARTESIAN_POINT('',(14.468864256629,-1.776569070898,
    232.89182301571));
#8039 = CARTESIAN_POINT('',(14.044552089794,6.121647883718,
    233.69642714432));
#8040 = CARTESIAN_POINT('',(8.765287526872,12.565760358422,
    234.50312298366));
#8041 = CARTESIAN_POINT('',(1.104629171166,14.535585940621,235.307724449
    ));
#8042 = CARTESIAN_POINT('',(-5.687839613057,12.234606994281,
    236.11382447545));
#8043 = CARTESIAN_POINT('',(-9.756253274432,7.356981488834,
    236.91918912392));
#8044 = CARTESIAN_POINT('',(-10.73088334166,1.925609161874,
    237.72476769683));
#8045 = CARTESIAN_POINT('',(-11.70550073473,-3.50575583538,
    238.53038659688));
#8046 = CARTESIAN_POINT('',(-9.586957879556,-9.493610922333,
    239.33568350488));
#8047 = CARTESIAN_POINT('',(-4.01811139285,-14.01280916459,
    240.14187981666));
#8048 = CARTESIAN_POINT('',(3.849213411349,-14.8292753258,
    240.94636182404));
#8049 = CARTESIAN_POINT('',(11.039875177291,-10.62309719486,
    241.75318830396));
#8050 = CARTESIAN_POINT('',(14.183816469637,-3.364885722018,
    242.55766764794));
#8051 = CARTESIAN_POINT('',(12.973759657225,3.703888341313,
    243.36386700664));
#8052 = CARTESIAN_POINT('',(8.792615166124,8.485259908296,
    244.16916225136));
#8053 = CARTESIAN_POINT('',(3.58058361767,10.297532320256,
    244.97478154784));
#8054 = PCURVE('',#6563,#8055);
#8055 = DEFINITIONAL_REPRESENTATION('',(#8056),#8060);
#8056 = LINE('',#8057,#8058);
#8057 = CARTESIAN_POINT('',(7.9,0.));
#8058 = VECTOR('',#8059,1.);
#8059 = DIRECTION('',(0.,1.));
#8060 = ( GEOMETRIC_REPRESENTATION_CONTEXT(2) 
PARAMETRIC_REPRESENTATION_CONTEXT() REPRESENTATION_CONTEXT('2D SPACE',''
  ) );
#8061 = PCURVE('',#8062,#8641);
#8062 = B_SPLINE_SURFACE_WITH_KNOTS('',1,9,(
    (#8063,#8064,#8065,#8066,#8067,#8068,#8069,#8070,#8071,#8072,#8073
      ,#8074,#8075,#8076,#8077,#8078,#8079,#8080,#8081,#8082,#8083,#8084
      ,#8085,#8086,#8087,#8088,#8089,#8090,#8091,#8092,#8093,#8094,#8095
      ,#8096,#8097,#8098,#8099,#8100,#8101,#8102,#8103,#8104,#8105,#8106
      ,#8107,#8108,#8109,#8110,#8111,#8112,#8113,#8114,#8115,#8116,#8117
      ,#8118,#8119,#8120,#8121,#8122,#8123,#8124,#8125,#8126,#8127,#8128
      ,#8129,#8130,#8131,#8132,#8133,#8134,#8135,#8136,#8137,#8138,#8139
      ,#8140,#8141,#8142,#8143,#8144,#8145,#8146,#8147,#8148,#8149,#8150
      ,#8151,#8152,#8153,#8154,#8155,#8156,#8157,#8158,#8159,#8160,#8161
      ,#8162,#8163,#8164,#8165,#8166,#8167,#8168,#8169,#8170,#8171,#8172
      ,#8173,#8174,#8175,#8176,#8177,#8178,#8179,#8180,#8181,#8182,#8183
      ,#8184,#8185,#8186,#8187,#8188,#8189,#8190,#8191,#8192,#8193,#8194
      ,#8195,#8196,#8197,#8198,#8199,#8200,#8201,#8202,#8203,#8204,#8205
      ,#8206,#8207,#8208,#8209,#8210,#8211,#8212,#8213,#8214,#8215,#8216
      ,#8217,#8218,#8219,#8220,#8221,#8222,#8223,#8224,#8225,#8226,#8227
      ,#8228,#8229,#8230,#8231,#8232,#8233,#8234,#8235,#8236,#8237,#8238
      ,#8239,#8240,#8241,#8242,#8243,#8244,#8245,#8246,#8247,#8248,#8249
      ,#8250,#8251,#8252,#8253,#8254,#8255,#8256,#8257,#8258,#8259,#8260
      ,#8261,#8262,#8263,#8264,#8265,#8266,#8267,#8268,#8269,#8270,#8271
      ,#8272,#8273,#8274,#8275,#8276,#8277,#8278,#8279,#8280,#8281,#8282
      ,#8283,#8284,#8285,#8286,#8287,#8288,#8289,#8290,#8291,#8292,#8293
      ,#8294,#8295,#8296,#8297,#8298,#8299,#8300,#8301,#8302,#8303,#8304
      ,#8305,#8306,#8307,#8308,#8309,#8310,#8311,#8312,#8313,#8314,#8315
      ,#8316,#8317,#8318,#8319,#8320,#8321,#8322,#8323,#8324,#8325,#8326
      ,#8327,#8328,#8329,#8330,#8331,#8332,#8333,#8334,#8335,#8336,#8337
      ,#8338,#8339,#8340,#8341,#8342,#8343,#8344,#8345,#8346,#8347,#8348
      ,#8349,#8350,#8351)
    ,(#8352,#8353,#8354,#8355,#8356,#8357,#8358,#8359,#8360,#8361,#8362
      ,#8363,#8364,#8365,#8366,#8367,#8368,#8369,#8370,#8371,#8372,#8373
      ,#8374,#8375,#8376,#8377,#8378,#8379,#8380,#8381,#8382,#8383,#8384
      ,#8385,#8386,#8387,#8388,#8389,#8390,#8391,#8392,#8393,#8394,#8395
      ,#8396,#8397,#8398,#8399,#8400,#8401,#8402,#8403,#8404,#8405,#8406
      ,#8407,#8408,#8409,#8410,#8411,#8412,#8413,#8414,#8415,#8416,#8417
      ,#8418,#8419,#8420,#8421,#8422,#8423,#8424,#8425,#8426,#8427,#8428
      ,#8429,#8430,#8431,#8432,#8433,#8434,#8435,#8436,#8437,#8438,#8439
      ,#8440,#8441,#8442,#8443,#8444,#8445,#8446,#8447,#8448,#8449,#8450
      ,#8451,#8452,#8453,#8454,#8455,#8456,#8457,#8458,#8459,#8460,#8461
      ,#8462,#8463,#8464,#8465,#8466,#8467,#8468,#8469,#8470,#8471,#8472
      ,#8473,#8474,#8475,#8476,#8477,#8478,#8479,#8480,#8481,#8482,#8483
      ,#8484,#8485,#8486,#8487,#8488,#8489,#8490,#8491,#8492,#8493,#8494
      ,#8495,#8496,#8497,#8498,#8499,#8500,#8501,#8502,#8503,#8504,#8505
      ,#8506,#8507,#8508,#8509,#8510,#8511,#8512,#8513,#8514,#8515,#8516
      ,#8517,#8518,#8519,#8520,#8521,#8522,#8523,#8524,#8525,#8526,#8527
      ,#8528,#8529,#8530,#8531,#8532,#8533,#8534,#8535,#8536,#8537,#8538
      ,#8539,#8540,#8541,#8542,#8543,#8544,#8545,#8546,#8547,#8548,#8549
      ,#8550,#8551,#8552,#8553,#8554,#8555,#8556,#8557,#8558,#8559,#8560
      ,#8561,#8562,#8563,#8564,#8565,#8566,#8567,#8568,#8569,#8570,#8571
      ,#8572,#8573,#8574,#8575,#8576,#8577,#8578,#8579,#8580,#8581,#8582
      ,#8583,#8584,#8585,#8586,#8587,#8588,#8589,#8590,#8591,#8592,#8593
      ,#8594,#8595,#8596,#8597,#8598,#8599,#8600,#8601,#8602,#8603,#8604
      ,#8605,#8606,#8607,#8608,#8609,#8610,#8611,#8612,#8613,#8614,#8615
      ,#8616,#8617,#8618,#8619,#8620,#8621,#8622,#8623,#8624,#8625,#8626
      ,#8627,#8628,#8629,#8630,#8631,#8632,#8633,#8634,#8635,#8636,#8637
      ,#8638,#8639,#8640
    )),.UNSPECIFIED.,.F.,.F.,.F.,(2,2),(10,9,9,9,9,9,9,9,9,9,9,9,9,9,9,9
    ,9,9,9,9,9,9,9,9,9,9,9,9,9,9,9,9,10),(0.,2.),(0.,8.56232113701,
    17.12464227402,25.68696341103,34.24928454804,42.811605685051,
    51.373926822061,59.936247959071,68.498569096081,77.060890233091,
    85.623211370101,94.185532507111,102.74785364412,111.31017478113,
    119.87249591814,128.43481705515,136.99713819216,145.55945932917,
    154.12178046618,162.68410160319,171.2464227402,179.80874387721,
    188.37106501422,196.93338615123,205.49570728824,214.05802842525,
    222.62034956226,231.18267069927,239.74499183628,248.30731297329,
    256.8696341103,265.43195524731,273.99427638432),
  .PIECEWISE_BEZIER_KNOTS.);
#8063 = CARTESIAN_POINT('',(10.9,-0.223221722725,12.974767696687));
#8064 = CARTESIAN_POINT('',(11.012965843326,5.293737459049,
    13.780385058164));
#8065 = CARTESIAN_POINT('',(7.983797398522,10.876461296995,
    14.585689837783));
#8066 = CARTESIAN_POINT('',(1.7765583467,14.468854801871,15.391864304222
    ));
#8067 = CARTESIAN_POINT('',(-6.121638066166,14.044560744469,
    16.19638934764));
#8068 = CARTESIAN_POINT('',(-12.56576750863,8.765281224221,
    17.003150510921));
#8069 = CARTESIAN_POINT('',(-14.53558191058,1.104632723163,
    17.807708933737));
#8070 = CARTESIAN_POINT('',(-12.23460863955,-5.687841063085,
    18.613830809931));
#8071 = CARTESIAN_POINT('',(-7.356981089069,-9.756252922074,
    19.419187584669));
#8072 = CARTESIAN_POINT('',(-1.925609161841,-10.7308833417,
    20.22476769668));
#8073 = CARTESIAN_POINT('',(3.505755346264,-11.70550094628,
    21.030385058187));
#8074 = CARTESIAN_POINT('',(9.493612934953,-9.586957008738,
    21.835689837736));
#8075 = CARTESIAN_POINT('',(14.012804234989,-4.018113526066,
    22.641864304291));
#8076 = CARTESIAN_POINT('',(14.829284072145,3.849217196466,
    23.446389347565));
#8077 = CARTESIAN_POINT('',(10.623085185234,11.039869979712,
    24.253150510981));
#8078 = CARTESIAN_POINT('',(3.364898841539,14.183822147707,
    25.057708933705));
#8079 = CARTESIAN_POINT('',(-3.703899843663,12.973754678985,
    25.863830809938));
#8080 = CARTESIAN_POINT('',(-8.485251858047,8.792618650312,
    26.669187584677));
#8081 = CARTESIAN_POINT('',(-10.29753672178,3.580581712661,
    27.47476769667));
#8082 = CARTESIAN_POINT('',(-12.10980776761,-1.631449901921,
    28.28038505822));
#8083 = CARTESIAN_POINT('',(-10.95405392012,-7.877000314952,
    29.085689837662));
#8084 = CARTESIAN_POINT('',(-6.160729415058,-13.21171192202,
    29.891864304414));
#8085 = CARTESIAN_POINT('',(1.482015824567,-15.24886121036,
    30.696389347406));
#8086 = CARTESIAN_POINT('',(9.242134212656,-12.21931353302,
    31.50315051114));
#8087 = CARTESIAN_POINT('',(13.482809610154,-5.542309982942,
    32.307708933582));
#8088 = CARTESIAN_POINT('',(13.393443820789,1.628756317527,
    33.113830810009));
#8089 = CARTESIAN_POINT('',(10.011752759356,7.005315732351,
    33.919187584648));
#8090 = CARTESIAN_POINT('',(5.147388458449,9.610630572204,
    34.724767696676));
#8091 = CARTESIAN_POINT('',(0.283027253472,12.215930931582,
    35.530385058194));
#8092 = CARTESIAN_POINT('',(-6.066429804921,12.051425669519,
    36.33568983772));
#8093 = CARTESIAN_POINT('',(-12.08530341438,8.151647699645,
    37.141864304322));
#8094 = CARTESIAN_POINT('',(-15.29296077752,0.921677695361,
    37.946389347517));
#8095 = CARTESIAN_POINT('',(-13.51466182802,-7.216826428313,
    38.753150511044));
#8096 = CARTESIAN_POINT('',(-7.583251058726,-12.44980555317,
    39.557708933636));
#8097 = CARTESIAN_POINT('',(-0.486492594659,-13.48334192541,
    40.363830809999));
#8098 = CARTESIAN_POINT('',(5.352885484012,-10.98436428836,
    41.169187584633));
#8099 = CARTESIAN_POINT('',(8.687078802075,-6.587449417187,
    41.974767696694));
#8100 = CARTESIAN_POINT('',(12.021257367103,-2.190534806724,
    42.780386597161));
#8101 = CARTESIAN_POINT('',(12.852051184948,4.106481471124,
    43.585683504483));
#8102 = CARTESIAN_POINT('',(9.941845701108,10.661319988749,
    44.391879817106));
#8103 = CARTESIAN_POINT('',(3.302675853639,14.960487384308,
    45.196361823679));
#8104 = CARTESIAN_POINT('',(-5.013815605049,14.47724735669,
    46.003188304239));
#8105 = CARTESIAN_POINT('',(-11.11024686177,9.437453058621,
    46.807667647747));
#8106 = CARTESIAN_POINT('',(-13.2412346169,2.58977495336,47.613867006772
    ));
#8107 = CARTESIAN_POINT('',(-11.68650486388,-3.568658184461,
    48.4191622513));
#8108 = CARTESIAN_POINT('',(-7.865305207903,-7.549617534436,
    49.224781547868));
#8109 = CARTESIAN_POINT('',(-4.044105723975,-11.53058923855,
    50.030359724772));
#8110 = CARTESIAN_POINT('',(2.045423044589,-13.33620430969,
    50.835726034702));
#8111 = CARTESIAN_POINT('',(8.974807995431,-11.48725606808,
    51.641823018095));
#8112 = CARTESIAN_POINT('',(14.259656750755,-5.602339292079,
    52.446427141127));
#8113 = CARTESIAN_POINT('',(15.083328610893,2.687340111825,
    53.253122986788));
#8114 = CARTESIAN_POINT('',(11.059302163748,9.497120609113,
    54.057724446769));
#8115 = CARTESIAN_POINT('',(4.629263610579,12.673083531562,
    54.863824476526));
#8116 = CARTESIAN_POINT('',(-1.696541349586,12.100884349157,
    55.669189123725));
#8117 = CARTESIAN_POINT('',(-6.226269082797,8.949491675298,
    56.474767696664));
#8118 = CARTESIAN_POINT('',(-10.75598247481,5.798095717774,
    57.280385058241));
#8119 = CARTESIAN_POINT('',(-13.49200039611,6.600422758111E-02,
    58.085689837622));
#8120 = CARTESIAN_POINT('',(-12.74978421982,-7.067313576195,
    58.891864304467));
#8121 = CARTESIAN_POINT('',(-7.764079745702,-13.20769490935,
    59.696389347344));
#8122 = CARTESIAN_POINT('',(0.294711354479,-15.31802249775,
    60.503150511209));
#8123 = CARTESIAN_POINT('',(7.650134034938,-12.40881961257,
    61.307708933509));
#8124 = CARTESIAN_POINT('',(11.792882607237,-6.554777214716,
    62.113830810075));
#8125 = CARTESIAN_POINT('',(12.217299400934,-0.217341143098,
    62.919187584601));
#8126 = CARTESIAN_POINT('',(9.813311655104,4.749604435867,
    63.724767696701));
#8127 = CARTESIAN_POINT('',(7.409317902551,9.716536480203,
    64.530385058108));
#8128 = CARTESIAN_POINT('',(2.175805470238,13.315566146423,
    65.335689837904));
#8129 = CARTESIAN_POINT('',(-4.985797544604,13.698384637718,
    66.141864304043));
#8130 = CARTESIAN_POINT('',(-11.83051660673,9.734629727718,
    66.946389347832));
#8131 = CARTESIAN_POINT('',(-15.17553523491,2.105183686324,
    67.753150510765));
#8132 = CARTESIAN_POINT('',(-13.45279107725,-5.614781132443,
    68.557708933827));
#8133 = CARTESIAN_POINT('',(-8.318890312061,-10.62229958614,
    69.363830809904));
#8134 = CARTESIAN_POINT('',(-2.125872009008,-12.0328845264,
    70.16918758466));
#8135 = CARTESIAN_POINT('',(3.155988764707,-10.43549533345,
    70.974767696697));
#8136 = CARTESIAN_POINT('',(8.437837110057,-8.838098090433,
    71.780385058129));
#8137 = CARTESIAN_POINT('',(12.811258466493,-4.232031161191,
    72.585689837869));
#8138 = CARTESIAN_POINT('',(14.309685363332,2.78151463067,
    73.391864304067));
#8139 = CARTESIAN_POINT('',(11.465480818616,10.162031721864,
    74.196389347842));
#8140 = CARTESIAN_POINT('',(4.453242117959,14.65937593003,
    75.003150510726));
#8141 = CARTESIAN_POINT('',(-3.441173684035,14.16551017825,
    75.807708933873));
#8142 = CARTESIAN_POINT('',(-9.190160295847,9.878164721156,
    76.613830809871));
#8143 = CARTESIAN_POINT('',(-11.55218009998,3.982056850679,
    77.419187584675));
#8144 = CARTESIAN_POINT('',(-10.80072248326,-1.484662176032,
    78.224767696695));
#8145 = CARTESIAN_POINT('',(-10.04925461892,-6.951370586405,
    79.030386597163));
#8146 = CARTESIAN_POINT('',(-6.184051649985,-11.99149344008,
    79.835683504493));
#8147 = CARTESIAN_POINT('',(0.508745147677,-14.5686381732,80.64187981706
    ));
#8148 = CARTESIAN_POINT('',(8.243317587143,-12.91400657147,
    81.446361823776));
#8149 = CARTESIAN_POINT('',(13.782262792756,-6.691656764867,
    82.253188304106));
#8150 = CARTESIAN_POINT('',(14.529417951522,1.182843841715,
    83.057667647876));
#8151 = CARTESIAN_POINT('',(11.194214220145,7.531719357646,
    83.863867006679));
#8152 = CARTESIAN_POINT('',(5.740184435661,10.787029239577,
    84.669162251349));
#8153 = CARTESIAN_POINT('',(0.223224894642,10.899996402579,
    85.47478154785));
#8154 = CARTESIAN_POINT('',(-5.293743260399,11.012972422925,
    86.280359724743));
#8155 = CARTESIAN_POINT('',(-10.87645300789,7.983787997395,
    87.085726034844));
#8156 = CARTESIAN_POINT('',(-14.46886425637,1.776569069668,
    87.891823017805));
#8157 = CARTESIAN_POINT('',(-14.04455208984,-6.121647882067,
    88.696427141533));
#8158 = CARTESIAN_POINT('',(-8.765287527111,-12.56576035991,
    89.503122986361));
#8159 = CARTESIAN_POINT('',(-1.104629170823,-14.53558593972,
    90.307724447122));
#8160 = CARTESIAN_POINT('',(5.687839612842,-12.2346069946,
    91.113824476296));
#8161 = CARTESIAN_POINT('',(9.756253274462,-7.356981488809,
    91.919189123842));
#8162 = CARTESIAN_POINT('',(10.730883341727,-1.925609161829,
    92.724767696619));
#8163 = CARTESIAN_POINT('',(11.70550094622,3.505755346224,
    93.530385058388));
#8164 = CARTESIAN_POINT('',(9.586957008896,9.49361293502,94.335689837329
    ));
#8165 = CARTESIAN_POINT('',(4.018113525813,14.012804234926,
    95.141864304879));
#8166 = CARTESIAN_POINT('',(-3.849217196182,14.829284072169,
    95.946389346931));
#8167 = CARTESIAN_POINT('',(-11.03986997993,10.623085185251,
    96.753150511483));
#8168 = CARTESIAN_POINT('',(-14.18382214759,3.364898841515,
    97.557708933435));
#8169 = CARTESIAN_POINT('',(-12.97375467901,-3.703899843659,
    98.363830810002));
#8170 = CARTESIAN_POINT('',(-8.792618650314,-8.485251858033,
    99.169187584714));
#8171 = CARTESIAN_POINT('',(-3.580581712654,-10.2975367218,
    99.97476769662));
#8172 = CARTESIAN_POINT('',(1.631449901901,-12.10980776755,
    100.78038505839));
#8173 = CARTESIAN_POINT('',(7.877000314973,-10.95405392026,
    101.58568983725));
#8174 = CARTESIAN_POINT('',(13.211711922044,-6.160729414813,
    102.3918643051));
#8175 = CARTESIAN_POINT('',(15.248861210268,1.482015824283,
    103.19638934652));
#8176 = CARTESIAN_POINT('',(12.219313533189,9.242134212892,
    104.00315051201));
#8177 = CARTESIAN_POINT('',(5.542309982768,13.482809610013,
    104.8077089329));
#8178 = CARTESIAN_POINT('',(-1.628756317401,13.393443820848,
    105.61383081042));
#8179 = CARTESIAN_POINT('',(-7.005315732415,10.011752759337,
    106.41918758445));
#8180 = CARTESIAN_POINT('',(-9.610630572182,5.147388458455,
    107.22476769674));
#8181 = CARTESIAN_POINT('',(-12.21593093167,0.283027253442,
    108.03038505795));
#8182 = CARTESIAN_POINT('',(-12.05142566927,-6.066429804866,
    108.83568983824));
#8183 = CARTESIAN_POINT('',(-8.151647700066,-12.08530341443,
    109.64186430348));
#8184 = CARTESIAN_POINT('',(-0.921677694853,-15.29296077754,
    110.44638934848));
#8185 = CARTESIAN_POINT('',(7.21682642788,-13.51466182796,
    111.25315051023));
#8186 = CARTESIAN_POINT('',(12.44980555342,-7.583251058777,
    112.05770893407));
#8187 = CARTESIAN_POINT('',(13.483341925327,-0.48649259467,
    112.86383080994));
#8188 = CARTESIAN_POINT('',(10.984364288374,5.352885484071,
    113.66918758448));
#8189 = CARTESIAN_POINT('',(6.587449417194,8.687078802015,
    114.47476769686));
#8190 = CARTESIAN_POINT('',(2.190534806724,12.021257367305,
    115.28038659662));
#8191 = CARTESIAN_POINT('',(-4.1064814712,12.852051184511,
    116.08568350561));
#8192 = CARTESIAN_POINT('',(-10.66131998849,9.941845701766,
    116.89187981535));
#8193 = CARTESIAN_POINT('',(-14.96048738477,3.302675852936,
    117.69636182578));
#8194 = CARTESIAN_POINT('',(-14.47724735612,-5.013815604522,
    118.50318830222));
#8195 = CARTESIAN_POINT('',(-9.437453059103,-11.11024686203,
    119.30766764927));
#8196 = CARTESIAN_POINT('',(-2.589774953061,-13.24123461683,
    120.11386700586));
#8197 = CARTESIAN_POINT('',(3.568658184328,-11.68650486388,
    120.91916225169));
#8198 = CARTESIAN_POINT('',(7.549617534474,-7.865305207906,
    121.72478154775));
#8199 = CARTESIAN_POINT('',(11.530589238502,-4.044105723979,
    122.53035972492));
#8200 = CARTESIAN_POINT('',(13.336204309729,2.045423044629,
    123.33572603458));
#8201 = CARTESIAN_POINT('',(11.487256068083,8.974807995323,
    124.1418230181));
#8202 = CARTESIAN_POINT('',(5.602339292061,14.259656750931,
    124.94642714127));
#8203 = CARTESIAN_POINT('',(-2.687340111815,15.083328610698,
    125.75312298653));
#8204 = CARTESIAN_POINT('',(-9.497120609104,11.059302163902,
    126.55772444703));
#8205 = CARTESIAN_POINT('',(-12.67308353158,4.629263610492,
    127.36382447633));
#8206 = CARTESIAN_POINT('',(-12.10088434914,-1.696541349553,
    128.16918912381));
#8207 = CARTESIAN_POINT('',(-8.949491675299,-6.226269082802,
    128.97476769664));
#8208 = CARTESIAN_POINT('',(-5.798095717763,-10.75598247478,
    129.78038505833));
#8209 = CARTESIAN_POINT('',(-6.600422762508E-02,-13.49200039618,
    130.58568983737));
#8210 = CARTESIAN_POINT('',(7.06731357629,-12.74978421974,
    131.39186430491));
#8211 = CARTESIAN_POINT('',(13.207694909213,-7.76407974575,
    132.19638934674));
#8212 = CARTESIAN_POINT('',(15.318022497921,0.29471135447,
    133.00315051182));
#8213 = CARTESIAN_POINT('',(12.408819612432,7.650134034986,133.807708933
    ));
#8214 = CARTESIAN_POINT('',(6.554777214822,11.792882607188,
    134.61383081041));
#8215 = CARTESIAN_POINT('',(0.217341143033,12.217299400963,
    135.4191875844));
#8216 = CARTESIAN_POINT('',(-4.749604435834,9.813311655092,
    136.2247676968));
#8217 = CARTESIAN_POINT('',(-9.716536480324,7.409317902605,
    137.03038505776));
#8218 = CARTESIAN_POINT('',(-13.31556614616,2.175805470074,
    137.83568983865));
#8219 = CARTESIAN_POINT('',(-13.69838463808,-4.985797544267,
    138.64186430283));
#8220 = CARTESIAN_POINT('',(-9.734629727366,-11.83051660722,
    139.44638934933));
#8221 = CARTESIAN_POINT('',(-2.105183686539,-15.17553523441,
    140.25315050934));
#8222 = CARTESIAN_POINT('',(5.614781132506,-13.45279107761,
    141.05770893485));
#8223 = CARTESIAN_POINT('',(10.622299586153,-8.318890311882,
    141.86383080937));
#8224 = CARTESIAN_POINT('',(12.032884526388,-2.125872009055,
    142.66918758481));
#8225 = CARTESIAN_POINT('',(10.435495333448,3.1559887647,143.47476769671
    ));
#8226 = CARTESIAN_POINT('',(8.838098090437,8.437837110053,
    144.28038505812));
#8227 = CARTESIAN_POINT('',(4.232031161192,12.811258466531,
    145.08568983781));
#8228 = CARTESIAN_POINT('',(-2.781514630696,14.309685363249,
    145.8918643042));
#8229 = CARTESIAN_POINT('',(-10.1620317218,11.465480818724,
    146.69638934763));
#8230 = CARTESIAN_POINT('',(-14.65937593011,4.453242117867,
    147.50315051093));
#8231 = CARTESIAN_POINT('',(-14.16551017818,-3.441173683985,
    148.30770893373));
#8232 = CARTESIAN_POINT('',(-9.878164721177,-9.190160295869,
    149.1138308099));
#8233 = CARTESIAN_POINT('',(-3.982056850687,-11.55218009996,
    149.91918758471));
#8234 = CARTESIAN_POINT('',(1.484662176047,-10.80072248327,
    150.72476769664));
#8235 = CARTESIAN_POINT('',(6.95137058636,-10.04925461888,
    151.53038659732));
#8236 = CARTESIAN_POINT('',(11.991493440164,-6.184051650094,
    152.33568350415));
#8237 = CARTESIAN_POINT('',(14.568638173122,0.508745147858,
    153.14187981757));
#8238 = CARTESIAN_POINT('',(12.914006571513,8.243317586933,
    153.94636182317));
#8239 = CARTESIAN_POINT('',(6.691656764893,13.782262792926,
    154.75318830463));
#8240 = CARTESIAN_POINT('',(-1.182843841767,14.529417951432,
    155.55766764753));
#8241 = CARTESIAN_POINT('',(-7.531719357611,11.194214220171,
    156.36386700682));
#8242 = CARTESIAN_POINT('',(-10.78702923958,5.740184435663,
    157.16916225133));
#8243 = CARTESIAN_POINT('',(-10.89999640258,0.223224894636,
    157.97478154781));
#8244 = CARTESIAN_POINT('',(-11.01297242301,-5.293743260471,
    158.78035972451));
#8245 = CARTESIAN_POINT('',(-7.983787997059,-10.87645300771,
    159.58572603555));
#8246 = CARTESIAN_POINT('',(-1.776569070334,-14.46886425658,
    160.39182301657));
#8247 = CARTESIAN_POINT('',(6.121647882931,-14.04455208971,
    161.19642714302));
#8248 = CARTESIAN_POINT('',(12.565760359149,-8.765287527108,
    162.00312298504));
#8249 = CARTESIAN_POINT('',(14.53558594017,-1.104629170889,
    162.80772444792));
#8250 = CARTESIAN_POINT('',(12.234606994458,5.687839612871,
    163.61382447604));
#8251 = CARTESIAN_POINT('',(7.356981488801,9.756253274493,
    164.41918912374));
#8252 = CARTESIAN_POINT('',(1.925609161866,10.730883341673,
    165.2247676968));
#8253 = CARTESIAN_POINT('',(-3.50575534632,11.705500946403,
    166.03038505785));
#8254 = CARTESIAN_POINT('',(-9.493612934888,9.586957008482,
    166.8356898384));
#8255 = CARTESIAN_POINT('',(-14.012804235,4.018113526478,167.64186430325
    ));
#8256 = CARTESIAN_POINT('',(-14.82928407224,-3.84921719695,
    168.44638934882));
#8257 = CARTESIAN_POINT('',(-10.62308518504,-11.03986997929,
    169.25315050975));
#8258 = CARTESIAN_POINT('',(-3.364898841749,-14.18382214796,
    170.05770893465));
#8259 = CARTESIAN_POINT('',(3.703899843817,-12.97375467887,
    170.86383080935));
#8260 = CARTESIAN_POINT('',(8.485251857971,-8.792618650349,
    171.66918758493));
#8261 = CARTESIAN_POINT('',(10.297536721809,-3.580581712651,
    172.47476769659));
#8262 = CARTESIAN_POINT('',(12.10980763496,1.631450418035,
    173.28038659752));
#8263 = CARTESIAN_POINT('',(10.95405446586,7.876998190946,
    174.08568350366));
#8264 = CARTESIAN_POINT('',(6.160728078523,13.211717124707,
    174.89187981841));
#8265 = CARTESIAN_POINT('',(-1.482013453462,15.248851979334,
    175.69636182207));
#8266 = CARTESIAN_POINT('',(-9.242137468166,12.219326208251,
    176.50318830577));
#8267 = CARTESIAN_POINT('',(-13.48280605398,5.542296136357,
    177.3076676466));
#8268 = CARTESIAN_POINT('',(-13.39344693849,-1.628744177809,
    178.1138670074));
#8269 = CARTESIAN_POINT('',(-10.01175057737,-7.005324228621,
    178.91916225106));
#8270 = CARTESIAN_POINT('',(-5.147389651458,-9.61062592684,
    179.72478154789));
#8271 = CARTESIAN_POINT('',(-0.283025071471,-12.21593942797,
    180.53035972436));
#8272 = CARTESIAN_POINT('',(6.06642668728,-12.05141352942,
    181.33572603577));
#8273 = CARTESIAN_POINT('',(12.085306970183,-8.151661546914,
    182.14182301629));
#8274 = CARTESIAN_POINT('',(15.292957522816,-0.921665019303,
    182.94642714331));
#8275 = CARTESIAN_POINT('',(13.514664198097,7.216817196569,
    183.75312298477));
#8276 = CARTESIAN_POINT('',(7.583249723077,12.449810756287,
    184.55772444813));
#8277 = CARTESIAN_POINT('',(0.486493139896,13.483339801222,
    185.3638244759));
#8278 = CARTESIAN_POINT('',(-5.352885616507,10.984364804532,
    186.16918912383));
#8279 = CARTESIAN_POINT('',(-8.687078802051,6.587449417191,
    186.97476769675));
#8280 = CARTESIAN_POINT('',(-12.02125736714,2.190534806728,
    187.78038659704));
#8281 = CARTESIAN_POINT('',(-12.85205118488,-4.106481471153,
    188.58568350463));
#8282 = CARTESIAN_POINT('',(-9.941845701172,-10.66131998869,
    189.39187981698));
#8283 = CARTESIAN_POINT('',(-3.302675853605,-14.96048738437,
    190.1963618237));
#8284 = CARTESIAN_POINT('',(5.013815605051,-14.47724735666,
    191.00318830431));
#8285 = CARTESIAN_POINT('',(11.110246861754,-9.437453058609,
    191.80766764763));
#8286 = CARTESIAN_POINT('',(13.241234616919,-2.589774953388,
    192.61386700686));
#8287 = CARTESIAN_POINT('',(11.686504863878,3.568658184483,
    193.41916225123));
#8288 = CARTESIAN_POINT('',(7.865305207901,7.549617534425,194.2247815479
    ));
#8289 = CARTESIAN_POINT('',(4.04410572395,11.53058923851,195.03035972489
    ));
#8290 = CARTESIAN_POINT('',(-2.045423044462,13.336204309826,
    195.83572603421));
#8291 = CARTESIAN_POINT('',(-8.974807995749,11.487256067891,
    196.64182301909));
#8292 = CARTESIAN_POINT('',(-14.25965675023,5.602339292233,
    197.44642713967));
#8293 = CARTESIAN_POINT('',(-15.08332861151,-2.68734011185,
    198.25312298844));
#8294 = CARTESIAN_POINT('',(-11.05930216318,-9.497120609197,
    199.05772444524));
#8295 = CARTESIAN_POINT('',(-4.629263610985,-12.67308353145,
    199.86382447767));
#8296 = CARTESIAN_POINT('',(1.696541349825,-12.10088434922,
    200.66918912302));
#8297 = CARTESIAN_POINT('',(6.226269082684,-8.949491675275,
    201.47476769699));
#8298 = CARTESIAN_POINT('',(10.755982671378,-5.79809522241,
    202.2803865961));
#8299 = CARTESIAN_POINT('',(13.491999588055,-6.600626617116E-02,
    203.08568350677));
#8300 = CARTESIAN_POINT('',(12.749786198189,7.067318569632,
    203.89187981347));
#8301 = CARTESIAN_POINT('',(7.764076236575,13.207686049443,
    204.69636182811));
#8302 = CARTESIAN_POINT('',(-0.294706536993,15.318034663783,
    205.50318829997));
#8303 = CARTESIAN_POINT('',(-7.650139297024,12.408806321749,
    206.30766765098));
#8304 = CARTESIAN_POINT('',(-11.79287799405,6.554788867608,
    207.11386700484));
#8305 = CARTESIAN_POINT('',(-12.21730262954,0.217332987298,
    207.91916225215));
#8306 = CARTESIAN_POINT('',(-9.813309889831,-4.749599976552,
    208.72478154761));
#8307 = CARTESIAN_POINT('',(-7.409321131223,-9.716544636212,
    209.53035972507));
#8308 = CARTESIAN_POINT('',(-2.175800856937,-13.31555449285,
    210.33572603451));
#8309 = CARTESIAN_POINT('',(4.985792282529,-13.6983979298,
    211.14182301802));
#8310 = CARTESIAN_POINT('',(11.830521423813,-9.734617560087,
    211.94642714142));
#8311 = CARTESIAN_POINT('',(15.175531726666,-2.105192547687,
    212.75312298645));
#8312 = CARTESIAN_POINT('',(13.452793054566,5.614786126801,
    213.55772444694));
#8313 = CARTESIAN_POINT('',(8.318889504827,10.622297547145,
    214.36382447655));
#8314 = CARTESIAN_POINT('',(2.125872205131,12.032885021896,
    215.16918912357));
#8315 = CARTESIAN_POINT('',(-3.155988764672,10.435495333432,
    215.9747676968));
#8316 = CARTESIAN_POINT('',(-8.437837110164,8.838098090492,
    216.78038505785));
#8317 = CARTESIAN_POINT('',(-12.81125846629,4.232031161061,
    217.58568983826));
#8318 = CARTESIAN_POINT('',(-14.30968536361,-2.78151463048,
    218.39186430378));
#8319 = CARTESIAN_POINT('',(-11.4654808183,-10.16203172202,
    219.19638934776));
#8320 = CARTESIAN_POINT('',(-4.453242118263,-14.65937592999,
    220.00315051124));
#8321 = CARTESIAN_POINT('',(3.441173684304,-14.16551017814,
    220.80770893309));
#8322 = CARTESIAN_POINT('',(9.190160295642,-9.878164721324,
    221.61383081062));
#8323 = CARTESIAN_POINT('',(11.552180100108,-3.982056850539,
    222.41918758413));
#8324 = CARTESIAN_POINT('',(10.800722483203,1.484662175953,
    223.22476769698));
#8325 = CARTESIAN_POINT('',(10.049254619175,6.951370586663,
    224.03038659622));
#8326 = CARTESIAN_POINT('',(6.184051649356,11.991493439625,
    224.83568350638));
#8327 = CARTESIAN_POINT('',(-0.508745146572,14.568638173723,
    225.64187981426));
#8328 = CARTESIAN_POINT('',(-8.243317588531,12.914006571137,
    226.44636182696));
#8329 = CARTESIAN_POINT('',(-13.78226279148,6.691656764905,
    227.25318830121));
#8330 = CARTESIAN_POINT('',(-14.52941795237,-1.182843841537,228.05766765
    ));
#8331 = CARTESIAN_POINT('',(-11.19421421972,-7.53171935786,
    228.8638670054));
#8332 = CARTESIAN_POINT('',(-5.74018443582,-10.78702923943,
    229.66916225196));
#8333 = CARTESIAN_POINT('',(-0.223224894594,-10.89999640264,
    230.47478154761));
#8334 = CARTESIAN_POINT('',(5.293743260465,-11.01297242302,
    231.28035972459));
#8335 = CARTESIAN_POINT('',(10.876453007667,-7.983787996823,
    232.08572603586));
#8336 = CARTESIAN_POINT('',(14.468864256629,-1.776569070897,
    232.89182301571));
#8337 = CARTESIAN_POINT('',(14.044552089794,6.121647883717,
    233.69642714432));
#8338 = CARTESIAN_POINT('',(8.765287526872,12.565760358423,
    234.50312298366));
#8339 = CARTESIAN_POINT('',(1.104629171166,14.53558594062,235.307724449)
  );
#8340 = CARTESIAN_POINT('',(-5.687839613057,12.234606994281,
    236.11382447545));
#8341 = CARTESIAN_POINT('',(-9.756253274432,7.356981488834,
    236.91918912392));
#8342 = CARTESIAN_POINT('',(-10.73088334166,1.925609161874,
    237.72476769683));
#8343 = CARTESIAN_POINT('',(-11.70550073473,-3.50575583538,
    238.53038659688));
#8344 = CARTESIAN_POINT('',(-9.586957879556,-9.493610922333,
    239.33568350488));
#8345 = CARTESIAN_POINT('',(-4.01811139285,-14.01280916459,
    240.14187981666));
#8346 = CARTESIAN_POINT('',(3.849213411349,-14.8292753258,
    240.94636182404));
#8347 = CARTESIAN_POINT('',(11.039875177291,-10.62309719486,
    241.75318830396));
#8348 = CARTESIAN_POINT('',(14.183816469637,-3.364885722018,
    242.55766764794));
#8349 = CARTESIAN_POINT('',(12.973759657225,3.703888341313,
    243.36386700664));
#8350 = CARTESIAN_POINT('',(8.792615166124,8.485259908296,
    244.16916225136));
#8351 = CARTESIAN_POINT('',(3.58058361767,10.297532320256,
    244.97478154784));
#8352 = CARTESIAN_POINT('',(10.9,0.223221722725,11.025232303313));
#8353 = CARTESIAN_POINT('',(10.787034852867,5.740183424154,
    11.830850060976));
#8354 = CARTESIAN_POINT('',(7.531723440118,11.194214206986,
    12.636153177533));
#8355 = CARTESIAN_POINT('',(1.182852687292,14.529425729986,
    13.442330690977));
#8356 = CARTESIAN_POINT('',(-6.691662173002,13.782263173979,
    14.246853070367));
#8357 = CARTESIAN_POINT('',(-12.91399821844,8.243332443115,
    15.053614234746));
#8358 = CARTESIAN_POINT('',(-14.56865375644,0.508740535926,
    15.858175319744));
#8359 = CARTESIAN_POINT('',(-11.99148950756,-6.184042095037,
    16.664294150012));
#8360 = CARTESIAN_POINT('',(-6.95138258848,-10.04926139648,
    17.469652587403));
#8361 = CARTESIAN_POINT('',(-1.484662176034,-10.80072248326,
    18.275232303307));
#8362 = CARTESIAN_POINT('',(3.982048214332,-11.55219107696,
    19.080850060999));
#8363 = CARTESIAN_POINT('',(9.878173727189,-9.190156337396,
    19.886153177487));
#8364 = CARTESIAN_POINT('',(14.165505461673,-3.441192749304,
    20.692330691044));
#8365 = CARTESIAN_POINT('',(14.659387236244,4.453255740814,
    21.496853070296));
#8366 = CARTESIAN_POINT('',(10.162037744519,11.465464169941,
    22.303614234801));
#8367 = CARTESIAN_POINT('',(2.781516652488,14.309704899819,
    23.108175319717));
#8368 = CARTESIAN_POINT('',(-4.232024028874,12.811251689918,
    23.914294150016));
#8369 = CARTESIAN_POINT('',(-8.838102496384,8.437850364266,
    24.719652587412));
#8370 = CARTESIAN_POINT('',(-10.43549533345,3.155988764706,
    25.525232303296));
#8371 = CARTESIAN_POINT('',(-12.03289401722,-2.125861761807,
    26.330850061033));
#8372 = CARTESIAN_POINT('',(-10.62229708526,-8.318899826461,
    27.13615317741));
#8373 = CARTESIAN_POINT('',(-5.614799225157,-13.45278343625,
    27.942330691172));
#8374 = CARTESIAN_POINT('',(2.105195372768,-15.17554853305,
    28.746853070133));
#8375 = CARTESIAN_POINT('',(9.734612341899,-11.83051995076,
    29.553614234963));
#8376 = CARTESIAN_POINT('',(13.698403617351,-4.985802597751,
    30.358175319592));
#8377 = CARTESIAN_POINT('',(13.315558337575,2.175799485844,
    31.164294150088));
#8378 = CARTESIAN_POINT('',(9.716550260456,7.409320180835,
    31.969652587382));
#8379 = CARTESIAN_POINT('',(4.74960443587,9.813311655104,32.775232303303
    ));
#8380 = CARTESIAN_POINT('',(-0.217329537392,12.217307171884,
    33.580850061007));
#8381 = CARTESIAN_POINT('',(-6.554787003121,11.792881625545,
    34.386153177469));
#8382 = CARTESIAN_POINT('',(-12.40880923548,7.650150709612,
    35.192330691078));
#8383 = CARTESIAN_POINT('',(-15.31803746013,0.294701892106,
    35.996853070245));
#8384 = CARTESIAN_POINT('',(-13.20769549267,-7.764062050653,
    36.803614234868));
#8385 = CARTESIAN_POINT('',(-7.067321536065,-12.74980217546,
    37.608175319644));
#8386 = CARTESIAN_POINT('',(6.599953838001E-02,-13.49199174713,
    38.414294150079));
#8387 = CARTESIAN_POINT('',(5.798095812316,-10.75599644185,
    39.219652587367));
#8388 = CARTESIAN_POINT('',(8.949491675296,-6.226269082793,
    40.025232303321));
#8389 = CARTESIAN_POINT('',(12.10088914521,-1.696554094925,
    40.830851599975));
#8390 = CARTESIAN_POINT('',(12.673088470493,4.629273707208,
    41.636146844227));
#8391 = CARTESIAN_POINT('',(9.497124733367,11.059288631954,
    42.442346203878));
#8392 = CARTESIAN_POINT('',(2.687352129875,15.083346065064,
    43.246825546376));
#8393 = CARTESIAN_POINT('',(-5.602347844637,14.259652916892,
    44.053652028105));
#8394 = CARTESIAN_POINT('',(-11.48724402249,8.974820459766,
    44.85813403371));
#8395 = CARTESIAN_POINT('',(-13.33622005121,2.045424750586,
    45.664330346889));
#8396 = CARTESIAN_POINT('',(-11.5305855392,-4.044102531897,
    46.46962725401));
#8397 = CARTESIAN_POINT('',(-7.549627107703,-7.865305809621,
    47.275246154507));
#8398 = CARTESIAN_POINT('',(-3.568654114306,-11.68650756761,
    48.080824727561));
#8399 = CARTESIAN_POINT('',(2.589759548547,-13.24123828049,
    48.886189374485));
#8400 = CARTESIAN_POINT('',(9.437466571526,-11.11025772009,
    49.692289404815));
#8401 = CARTESIAN_POINT('',(14.4772383899,-5.013812871261,
    50.496890863884));
#8402 = CARTESIAN_POINT('',(14.960501494209,3.302660040132,
    51.303586710595));
#8403 = CARTESIAN_POINT('',(10.661322385883,9.941859644237,
    52.108190832785));
#8404 = CARTESIAN_POINT('',(4.106487635419,12.852041785402,
    52.914287816603));
#8405 = CARTESIAN_POINT('',(-2.19053164428,12.021270612893,
    53.719654126459));
#8406 = CARTESIAN_POINT('',(-6.587449417186,8.687078802071,
    54.525232303291));
#8407 = CARTESIAN_POINT('',(-10.98436594344,5.352899352736,
    55.330850061055));
#8408 = CARTESIAN_POINT('',(-13.48334549458,-0.486501761926,
    56.136153177369));
#8409 = CARTESIAN_POINT('',(-12.44981569924,-7.583234242445,
    56.942330691227));
#8410 = CARTESIAN_POINT('',(-7.216824790167,-13.5146794555,
    57.746853070069));
#8411 = CARTESIAN_POINT('',(0.921661664273,-15.29295326382,
    58.553614235033));
#8412 = CARTESIAN_POINT('',(8.151660084413,-12.08531865839,
    59.358175319519));
#8413 = CARTESIAN_POINT('',(12.051415834438,-6.066430056478,
    60.164294150153));
#8414 = CARTESIAN_POINT('',(12.215943419199,0.283020996811,
    60.969652587336));
#8415 = CARTESIAN_POINT('',(9.610630572206,5.147388458448,
    61.775232303328));
#8416 = CARTESIAN_POINT('',(7.005329689203,10.011752224529,
    62.58085006092));
#8417 = CARTESIAN_POINT('',(1.628747821551,13.39344878004,
    63.386153177653));
#8418 = CARTESIAN_POINT('',(-5.542291786619,13.482817000803,
    64.192330690803));
#8419 = CARTESIAN_POINT('',(-12.21933119963,9.242135352013,
    64.996853070551));
#8420 = CARTESIAN_POINT('',(-15.24885128141,1.482030483114,
    65.803614234603));
#8421 = CARTESIAN_POINT('',(-13.21172891575,-6.160739262838,
    66.608175319823));
#8422 = CARTESIAN_POINT('',(-7.876999024849,-10.95404416667,
    67.414294149991));
#8423 = CARTESIAN_POINT('',(-1.631458035057,-12.10981912276,
    68.219652587392));
#8424 = CARTESIAN_POINT('',(3.580581712662,-10.29753672178,
    69.025232303324));
#8425 = CARTESIAN_POINT('',(8.792615938729,-8.485265559417,
    69.830850060941));
#8426 = CARTESIAN_POINT('',(12.973760906267,-3.703892228055,
    70.63615317762));
#8427 = CARTESIAN_POINT('',(14.183826600789,3.364879713055,
    71.442330690821));
#8428 = CARTESIAN_POINT('',(11.039873868763,10.623102456137,
    72.24685307057));
#8429 = CARTESIAN_POINT('',(3.849230121267,14.829271972315,
    73.053614234554));
#8430 = CARTESIAN_POINT('',(-4.018120594174,14.012822560031,
    73.858175319876));
#8431 = CARTESIAN_POINT('',(-9.586947577205,9.493610134959,
    74.664294149954));
#8432 = CARTESIAN_POINT('',(-11.70551088932,3.505765155604,
    75.469652587408));
#8433 = CARTESIAN_POINT('',(-10.73088334171,-1.92560916184,
    76.275232303322));
#8434 = CARTESIAN_POINT('',(-9.756265678138,-7.356975867792,
    77.080851599976));
#8435 = CARTESIAN_POINT('',(-5.687835965727,-12.2346176264,
    77.886146844235));
#8436 = CARTESIAN_POINT('',(1.104616686023,-14.53557928749,
    78.692346203835));
#8437 = CARTESIAN_POINT('',(8.765291371107,-12.56578120004,
    79.496825546469));
#8438 = CARTESIAN_POINT('',(14.044555426417,-6.121639123426,
    80.30365202798));
#8439 = CARTESIAN_POINT('',(14.468864552485,1.776551738454,
    81.108134033832));
#8440 = CARTESIAN_POINT('',(10.876465345142,7.983797922031,81.9143303468
    ));
#8441 = CARTESIAN_POINT('',(5.293742901712,11.012967549954,
    82.719627254057));
#8442 = CARTESIAN_POINT('',(-0.223218550807,10.90000359737,
    83.525246154489));
#8443 = CARTESIAN_POINT('',(-5.740189225516,10.787028273379,
    84.330824727529));
#8444 = CARTESIAN_POINT('',(-11.19420591782,7.531732841033,
    85.136189374636));
#8445 = CARTESIAN_POINT('',(-14.52943518464,1.182841964666,
    85.942289404508));
#8446 = CARTESIAN_POINT('',(-13.78225451909,-6.691652357533,
    86.74689086431));
#8447 = CARTESIAN_POINT('',(-8.24333874631,-12.91400536674,
    87.553586710152));
#8448 = CARTESIAN_POINT('',(-0.508736983329,-14.56864972761,
    88.358190833145));
#8449 = CARTESIAN_POINT('',(6.18404064463,-11.99149115234,
    89.164287816371));
#8450 = CARTESIAN_POINT('',(10.049261748954,-6.951382188816,
    89.969654126577));
#8451 = CARTESIAN_POINT('',(10.800722483252,-1.484662176019,
    90.775232303246));
#8452 = CARTESIAN_POINT('',(11.55219107701,3.982048214277,
    91.580850061203));
#8453 = CARTESIAN_POINT('',(9.190156337324,9.878173727316,92.38615317707
    ));
#8454 = CARTESIAN_POINT('',(3.441192749372,14.165505461463,
    93.192330691648));
#8455 = CARTESIAN_POINT('',(-4.453255740838,14.659387236489,
    93.996853069647));
#8456 = CARTESIAN_POINT('',(-11.46546416996,10.162037744316,
    94.803614235312));
#8457 = CARTESIAN_POINT('',(-14.30970489978,2.781516652602,
    95.608175319445));
#8458 = CARTESIAN_POINT('',(-12.81125168993,-4.23202402891,
    96.414294150079));
#8459 = CARTESIAN_POINT('',(-8.437850364275,-8.838102496386,
    97.21965258745));
#8460 = CARTESIAN_POINT('',(-3.155988764693,-10.43549533344,
    98.025232303247));
#8461 = CARTESIAN_POINT('',(2.125861761754,-12.03289401725,
    98.830850061212));
#8462 = CARTESIAN_POINT('',(8.318899826589,-10.62229708524,
    99.636153176994));
#8463 = CARTESIAN_POINT('',(13.452783436043,-5.614799225144,
    100.44233069187));
#8464 = CARTESIAN_POINT('',(15.175548533317,2.105195372666,
    101.24685306924));
#8465 = CARTESIAN_POINT('',(11.830519950535,9.734612342081,
    102.05361423584));
#8466 = CARTESIAN_POINT('',(4.985802597902,13.698403617159,
    102.85817531891));
#8467 = CARTESIAN_POINT('',(-2.175799485916,13.315558337711,
    103.66429415049));
#8468 = CARTESIAN_POINT('',(-7.409320180809,9.716550260391,
    104.46965258719));
#8469 = CARTESIAN_POINT('',(-9.813311655112,4.74960443589,
    105.27523230336));
#8470 = CARTESIAN_POINT('',(-12.21730717184,-0.217329537474,
    106.08085006076));
#8471 = CARTESIAN_POINT('',(-11.79288162562,-6.554787002913,
    106.886153178));
#8472 = CARTESIAN_POINT('',(-7.650150709545,-12.40880923585,
    107.69233069023));
#8473 = CARTESIAN_POINT('',(-0.294701892094,-15.31803745965,
    108.49685307121));
#8474 = CARTESIAN_POINT('',(7.764062050556,-13.2076954931,
    109.30361423407));
#8475 = CARTESIAN_POINT('',(12.749802175559,-7.067321535795,
    110.10817532006));
#8476 = CARTESIAN_POINT('',(13.491991747109,6.599953828169E-02,
    110.91429415003));
#8477 = CARTESIAN_POINT('',(10.755996441816,5.798095812322,
    111.71965258721));
#8478 = CARTESIAN_POINT('',(6.226269082847,8.949491675311,
    112.52523230349));
#8479 = CARTESIAN_POINT('',(1.696554094749,12.100889145184,
    113.33085159942));
#8480 = CARTESIAN_POINT('',(-4.62927370683,12.673088470471,
    114.13614684537));
#8481 = CARTESIAN_POINT('',(-11.05928863253,9.497124733555,
    114.9423462021));
#8482 = CARTESIAN_POINT('',(-15.08334606441,2.687352129453,
    115.7468255485));
#8483 = CARTESIAN_POINT('',(-14.25965291741,-5.602347844068,
    116.55365202609));
#8484 = CARTESIAN_POINT('',(-8.974820459474,-11.48724402301,
    117.35813403522));
#8485 = CARTESIAN_POINT('',(-2.045424750691,-13.33622005087,
    118.16433034599));
#8486 = CARTESIAN_POINT('',(4.044102531916,-11.53058553935,
    118.9696272544));
#8487 = CARTESIAN_POINT('',(7.86530580962,-7.549627107662,
    119.77524615439));
#8488 = CARTESIAN_POINT('',(11.686507567618,-3.568654114362,
    120.58082472771));
#8489 = CARTESIAN_POINT('',(13.241238280462,2.589759548598,
    121.38618937437));
#8490 = CARTESIAN_POINT('',(11.110257720183,9.437466571504,
    122.19228940481));
#8491 = CARTESIAN_POINT('',(5.013812871096,14.477238389894,
    122.99689086403));
#8492 = CARTESIAN_POINT('',(-3.302660039931,14.960501494222,
    123.80358671034));
#8493 = CARTESIAN_POINT('',(-9.941859644411,10.661322385882,
    124.60819083304));
#8494 = CARTESIAN_POINT('',(-12.85204178529,4.106487635409,
    125.41428781641));
#8495 = CARTESIAN_POINT('',(-12.02127061293,-2.190531644272,
    126.21965412654));
#8496 = CARTESIAN_POINT('',(-8.687078802066,-6.587449417187,
    127.02523230327));
#8497 = CARTESIAN_POINT('',(-5.352899352762,-10.98436594344,
    127.83085006114));
#8498 = CARTESIAN_POINT('',(0.486501761981,-13.48334549462,
    128.63615317711));
#8499 = CARTESIAN_POINT('',(7.583234242378,-12.44981569916,
    129.44233069168));
#8500 = CARTESIAN_POINT('',(13.514679455541,-7.216824790307,
    130.24685306946));
#8501 = CARTESIAN_POINT('',(15.292953263843,0.921661664438,
    131.05361423564));
#8502 = CARTESIAN_POINT('',(12.08531865835,8.151660084265,
    131.85817531901));
#8503 = CARTESIAN_POINT('',(6.066430056516,12.051415834544,
    132.66429415049));
#8504 = CARTESIAN_POINT('',(-0.283020996831,12.215943419135,
    133.46965258713));
#8505 = CARTESIAN_POINT('',(-5.14738845844,9.610630572238,
    134.27523230342));
#8506 = CARTESIAN_POINT('',(-10.01175222456,7.00532968909,
    135.08085006057));
#8507 = CARTESIAN_POINT('',(-13.39344877992,1.628747821787,
    135.88615317841));
#8508 = CARTESIAN_POINT('',(-13.48281700107,-5.542291786952,
    136.69233068957));
#8509 = CARTESIAN_POINT('',(-9.24213535157,-12.21933119931,
    137.49685307205));
#8510 = CARTESIAN_POINT('',(-1.482030483623,-15.2488512816,
    138.30361423318));
#8511 = CARTESIAN_POINT('',(6.160739263246,-13.21172891569,
    139.10817532082));
#8512 = CARTESIAN_POINT('',(10.954044166463,-7.876999024832,
    139.91429414948));
#8513 = CARTESIAN_POINT('',(12.109819122828,-1.631458035075,
    140.71965258753));
#8514 = CARTESIAN_POINT('',(10.297536721791,3.58058171266,
    141.52523230334));
#8515 = CARTESIAN_POINT('',(8.485265559423,8.792615938734,
    142.33085006093));
#8516 = CARTESIAN_POINT('',(3.703892228015,12.973760906264,
    143.13615317756));
#8517 = CARTESIAN_POINT('',(-3.364879712973,14.183826600765,
    143.94233069095));
#8518 = CARTESIAN_POINT('',(-10.62310245623,11.039873868836,
    144.74685307036));
#8519 = CARTESIAN_POINT('',(-14.82927197223,3.849230121158,
    145.55361423475));
#8520 = CARTESIAN_POINT('',(-14.01282256007,-4.018120594084,
    146.35817531975));
#8521 = CARTESIAN_POINT('',(-9.493610134942,-9.586947577244,
    147.16429414997));
#8522 = CARTESIAN_POINT('',(-3.505765155612,-11.70551088933,
    147.96965258744));
#8523 = CARTESIAN_POINT('',(1.925609161849,-10.73088334169,
    148.77523230326));
#8524 = CARTESIAN_POINT('',(7.356975867758,-9.756265678182,
    149.58085160014));
#8525 = CARTESIAN_POINT('',(12.234617626483,-5.687835965653,
    150.38614684389));
#8526 = CARTESIAN_POINT('',(14.535579287351,1.104616685948,
    151.19234620435));
#8527 = CARTESIAN_POINT('',(12.565781200219,8.765291371135,
    151.99682554587));
#8528 = CARTESIAN_POINT('',(6.121639123277,14.044555426448,
    152.80365202849));
#8529 = CARTESIAN_POINT('',(-1.77655173837,14.468864552432,
    153.6081340335));
#8530 = CARTESIAN_POINT('',(-7.983797922057,10.876465345175,
    154.41433034693));
#8531 = CARTESIAN_POINT('',(-11.01296754995,5.293742901709,
    155.21962725404));
#8532 = CARTESIAN_POINT('',(-10.90000359736,-0.223218550818,
    156.02524615445));
#8533 = CARTESIAN_POINT('',(-10.78702827331,-5.740189225573,
    156.83082472729));
#8534 = CARTESIAN_POINT('',(-7.531732841196,-11.19420591758,
    157.63618937537));
#8535 = CARTESIAN_POINT('',(-1.182841964472,-14.52943518518,
    158.44228940324));
#8536 = CARTESIAN_POINT('',(6.691652357434,-13.78225451831,
    159.24689086582));
#8537 = CARTESIAN_POINT('',(12.914005366698,-8.243338747072,
    160.05358670884));
#8538 = CARTESIAN_POINT('',(14.568649727735,-0.508736982827,
    160.85819083392));
#8539 = CARTESIAN_POINT('',(11.991491152272,6.184040644439,
    161.66428781614));
#8540 = CARTESIAN_POINT('',(6.951382188808,10.049261748961,
    162.46965412647));
#8541 = CARTESIAN_POINT('',(1.484662176064,10.800722483293,
    163.27523230342));
#8542 = CARTESIAN_POINT('',(-3.982048214425,11.552191076906,
    164.08085006065));
#8543 = CARTESIAN_POINT('',(-9.87817372698,9.190156337469,
    164.88615317817));
#8544 = CARTESIAN_POINT('',(-14.16550546202,3.441192749281,
    165.69233068998));
#8545 = CARTESIAN_POINT('',(-14.6593872358,-4.453255740905,
    166.49685307157));
#8546 = CARTESIAN_POINT('',(-10.16203774492,-11.46546416974,
    167.30361423356));
#8547 = CARTESIAN_POINT('',(-2.781516652213,-14.30970490004,
    168.10817532066));
#8548 = CARTESIAN_POINT('',(4.232024028738,-12.81125168975,
    168.91429414944));
#8549 = CARTESIAN_POINT('',(8.838102496432,-8.437850364344,
    169.71965258766));
#8550 = CARTESIAN_POINT('',(10.435495333437,-3.155988764686,
    170.52523230322));
#8551 = CARTESIAN_POINT('',(12.032893521782,2.125861565579,
    171.33085160034));
#8552 = CARTESIAN_POINT('',(10.622299124233,8.318900633824,
    172.13614684338));
#8553 = CARTESIAN_POINT('',(5.614794230764,13.452781458864,
    172.94234620521));
#8554 = CARTESIAN_POINT('',(-2.105186511277,15.175552041261,
    173.74682554474));
#8555 = CARTESIAN_POINT('',(-9.734624509714,11.830515133852,
    174.55365202965));
#8556 = CARTESIAN_POINT('',(-13.69839032507,4.985807859648,
    175.35813403256));
#8557 = CARTESIAN_POINT('',(-13.3155699913,-2.175804099032,
    176.16433034752));
#8558 = CARTESIAN_POINT('',(-9.716542104326,-7.409316952203,
    176.96962725377));
#8559 = CARTESIAN_POINT('',(-4.749608895256,-9.813313420372,
    177.77524615453));
#8560 = CARTESIAN_POINT('',(0.217337693602,-12.21730394322,
    178.58082472714));
#8561 = CARTESIAN_POINT('',(6.554775349127,-11.79288623868,
    179.38618937559));
#8562 = CARTESIAN_POINT('',(12.408822528279,-7.650145448057,
    180.19228940297));
#8563 = CARTESIAN_POINT('',(15.318025291617,-0.29470670825,
    180.9968908661));
#8564 = CARTESIAN_POINT('',(13.207704354844,7.764065557825,
    181.80358670858));
#8565 = CARTESIAN_POINT('',(7.067316541195,12.749800198975,
    182.60819083413));
#8566 = CARTESIAN_POINT('',(-6.599749918487E-02,13.491992553974,
    183.41428781599));
#8567 = CARTESIAN_POINT('',(-5.798096307831,10.755996245801,
    184.21965412655));
#8568 = CARTESIAN_POINT('',(-8.949491675303,6.226269082813,
    185.02523230338));
#8569 = CARTESIAN_POINT('',(-12.1008891452,1.696554094886,
    185.83085159985));
#8570 = CARTESIAN_POINT('',(-12.67308847048,-4.629273707155,
    186.63614684439));
#8571 = CARTESIAN_POINT('',(-9.497124733395,-11.059288632,
    187.44234620373));
#8572 = CARTESIAN_POINT('',(-2.687352129853,-15.08334606504,
    188.24682554643));
#8573 = CARTESIAN_POINT('',(5.602347844645,-14.25965291688,
    189.05365202813));
#8574 = CARTESIAN_POINT('',(11.487244022457,-8.97482045979,
    189.85813403362));
#8575 = CARTESIAN_POINT('',(13.336220051248,-2.045424750569,
    190.66433034697));
#8576 = CARTESIAN_POINT('',(11.530585539176,4.044102531892,
    191.46962725395));
#8577 = CARTESIAN_POINT('',(7.549627107715,7.865305809621,
    192.27524615454));
#8578 = CARTESIAN_POINT('',(3.568654114334,11.686507567588,
    193.08082472769));
#8579 = CARTESIAN_POINT('',(-2.589759548648,13.241238280616,
    193.88618937398));
#8580 = CARTESIAN_POINT('',(-9.437466571375,11.110257719777,
    194.69228940582));
#8581 = CARTESIAN_POINT('',(-14.47723839001,5.013812871791,
    195.49689086242));
#8582 = CARTESIAN_POINT('',(-14.96050149419,-3.302660040771,
    196.30358671223));
#8583 = CARTESIAN_POINT('',(-10.66132238582,-9.941859643655,
    197.10819083127));
#8584 = CARTESIAN_POINT('',(-4.10648763549,-12.85204178582,
    197.91428781774));
#8585 = CARTESIAN_POINT('',(2.190531644316,-12.02127061265,
    198.71965412576));
#8586 = CARTESIAN_POINT('',(6.587449417179,-8.687078802181,
    199.52523230362));
#8587 = CARTESIAN_POINT('',(10.984365427367,-5.352899219794,
    200.3308515989));
#8588 = CARTESIAN_POINT('',(13.483347618311,0.486501215626,
    201.13614684656));
#8589 = CARTESIAN_POINT('',(12.44981049744,7.583235579742,
    201.94234620018));
#8590 = CARTESIAN_POINT('',(7.216834019589,13.514677083672,
    202.74682555085));
#8591 = CARTESIAN_POINT('',(-0.921674337506,15.292956519807,
    203.55365202384));
#8592 = CARTESIAN_POINT('',(-8.151646239579,12.08531510206,
    204.35813403692));
#8593 = CARTESIAN_POINT('',(-12.05142797304,6.066433174182,
    205.16433034499));
#8594 = CARTESIAN_POINT('',(-12.21593492342,-0.283023178761,
    205.96962725485));
#8595 = CARTESIAN_POINT('',(-9.610635217421,-5.147387265446,
    206.77524615425));
#8596 = CARTESIAN_POINT('',(-7.005321193196,-10.01175440652,
    207.58082472785));
#8597 = CARTESIAN_POINT('',(-1.6287599609,-13.39344566228,
    208.38618937431));
#8598 = CARTESIAN_POINT('',(5.542305632783,-13.48282055705,
    209.19228940472));
#8599 = CARTESIAN_POINT('',(12.219318524801,-9.242132096446,
    209.99689086419));
#8600 = CARTESIAN_POINT('',(15.248860512165,-1.482032854186,
    210.80358671026));
#8601 = CARTESIAN_POINT('',(13.211723713199,6.160740599254,
    211.60819083294));
#8602 = CARTESIAN_POINT('',(7.877001148838,10.954043621083,
    212.41428781665));
#8603 = CARTESIAN_POINT('',(1.631457518916,12.109819255315,
    213.2196541263));
#8604 = CARTESIAN_POINT('',(-3.580581712648,10.29753672182,
    214.02523230343));
#8605 = CARTESIAN_POINT('',(-8.792615938768,8.485265559317,
    214.83085006066));
#8606 = CARTESIAN_POINT('',(-12.97376090618,3.703892228236,
    215.63615317802));
#8607 = CARTESIAN_POINT('',(-14.18382660091,-3.3648797133,
    216.44233069051));
#8608 = CARTESIAN_POINT('',(-11.03987386866,-10.62310245585,
    217.2468530705));
#8609 = CARTESIAN_POINT('',(-3.849230121259,-14.8292719726,
    218.05361423507));
#8610 = CARTESIAN_POINT('',(4.018120594048,-14.01282255978,
    218.85817531909));
#8611 = CARTESIAN_POINT('',(9.586947577379,-9.493610135138,
    219.66429415071));
#8612 = CARTESIAN_POINT('',(11.705510889184,-3.505765155499,
    220.46965258686));
#8613 = CARTESIAN_POINT('',(10.730883341792,1.925609161791,
    221.27523230361));
#8614 = CARTESIAN_POINT('',(9.756265677884,7.356975867981,
    222.08085159902));
#8615 = CARTESIAN_POINT('',(5.687835966166,12.2346176259,222.88614684617
    ));
#8616 = CARTESIAN_POINT('',(-1.104616686502,14.53557928843,
    223.69234620097));
#8617 = CARTESIAN_POINT('',(-8.765291370816,12.565781198781,
    224.49682554971));
#8618 = CARTESIAN_POINT('',(-14.04455542641,6.121639124674,
    225.30365202505));
#8619 = CARTESIAN_POINT('',(-14.46886455269,-1.776551739362,
    226.10813403596));
#8620 = CARTESIAN_POINT('',(-10.87646534491,-7.983797921543,
    226.91433034553));
#8621 = CARTESIAN_POINT('',(-5.293742901856,-11.01296755015,
    227.71962725466));
#8622 = CARTESIAN_POINT('',(0.223218550868,-10.9000035973,
    228.52524615426));
#8623 = CARTESIAN_POINT('',(5.740189225567,-10.78702827334,
    229.33082472736));
#8624 = CARTESIAN_POINT('',(11.194205917404,-7.531732841204,
    230.1361893757));
#8625 = CARTESIAN_POINT('',(14.529435185671,-1.182841964492,
    230.94228940234));
#8626 = CARTESIAN_POINT('',(13.78225451756,6.691652357588,
    231.74689086714));
#8627 = CARTESIAN_POINT('',(8.243338747845,12.914005366402,
    232.55358670747));
#8628 = CARTESIAN_POINT('',(0.508736982288,14.568649728053,
    233.35819083497));
#8629 = CARTESIAN_POINT('',(-6.184040644192,11.991491152063,
    234.16428781557));
#8630 = CARTESIAN_POINT('',(-10.04926174901,6.951382188879,
    234.96965412664));
#8631 = CARTESIAN_POINT('',(-10.8007224833,1.484662176071,
    235.77523230346));
#8632 = CARTESIAN_POINT('',(-11.5521906182,-3.98204794319,
    236.58085159969));
#8633 = CARTESIAN_POINT('',(-9.190158225099,-9.878174843186,
    237.38614684463));
#8634 = CARTESIAN_POINT('',(-3.441188125681,-14.16550272796,
    238.19234620343));
#8635 = CARTESIAN_POINT('',(4.453247537366,-14.65939208673,
    238.99682554674));
#8636 = CARTESIAN_POINT('',(11.465475434124,-10.1620310841,
    239.80365202783));
#8637 = CARTESIAN_POINT('',(14.309692594645,-2.781523928559,
    240.6081340339));
#8638 = CARTESIAN_POINT('',(12.8112624783,4.23203040813,241.41433034676)
  );
#8639 = CARTESIAN_POINT('',(8.437842813707,8.838098031653,
    242.21962725407));
#8640 = CARTESIAN_POINT('',(3.155992893031,10.435497774578,
    243.02524615448));
#8641 = DEFINITIONAL_REPRESENTATION('',(#8642),#8645);
#8642 = B_SPLINE_CURVE_WITH_KNOTS('',1,(#8643,#8644),.UNSPECIFIED.,.F.,
  .F.,(2,2),(0.,273.99427638432),.PIECEWISE_BEZIER_KNOTS.);
#8643 = CARTESIAN_POINT('',(0.,0.));
#8644 = CARTESIAN_POINT('',(0.,273.99427638432));
#8645 = ( GEOMETRIC_REPRESENTATION_CONTEXT(2) 
PARAMETRIC_REPRESENTATION_CONTEXT() REPRESENTATION_CONTEXT('2D SPACE',''
  ) );
#8646 = ORIENTED_EDGE('',*,*,#8647,.F.);
#8647 = EDGE_CURVE('',#6269,#7761,#8648,.T.);
#8648 = SURFACE_CURVE('',#8649,(#8652,#8659),.PCURVE_S1.);
#8649 = B_SPLINE_CURVE_WITH_KNOTS('',1,(#8650,#8651),.UNSPECIFIED.,.F.,
  .F.,(2,2),(0.,7.9),.PIECEWISE_BEZIER_KNOTS.);
#8650 = CARTESIAN_POINT('',(1.139343328781,2.784187801925,
    244.97475384551));
#8651 = CARTESIAN_POINT('',(3.58058361767,10.297532320256,
    244.97478154784));
#8652 = PCURVE('',#6563,#8653);
#8653 = DEFINITIONAL_REPRESENTATION('',(#8654),#8658);
#8654 = LINE('',#8655,#8656);
#8655 = CARTESIAN_POINT('',(0.,273.99427638432));
#8656 = VECTOR('',#8657,1.);
#8657 = DIRECTION('',(1.,0.));
#8658 = ( GEOMETRIC_REPRESENTATION_CONTEXT(2) 
PARAMETRIC_REPRESENTATION_CONTEXT() REPRESENTATION_CONTEXT('2D SPACE',''
  ) );
#8659 = PCURVE('',#8660,#8665);
#8660 = PLANE('',#8661);
#8661 = AXIS2_PLACEMENT_3D('',#8662,#8663,#8664);
#8662 = CARTESIAN_POINT('',(2.147668110906,6.609842788251,244.));
#8663 = DIRECTION('',(-0.927059169808,0.301219783844,0.223221722726));
#8664 = DIRECTION('',(-0.309016994375,-0.951056516295,
    -1.387778780781E-17));
#8665 = DEFINITIONAL_REPRESENTATION('',(#8666),#8669);
#8666 = B_SPLINE_CURVE_WITH_KNOTS('',1,(#8667,#8668),.UNSPECIFIED.,.F.,
  .F.,(2,2),(0.,7.9),.PIECEWISE_BEZIER_KNOTS.);
#8667 = CARTESIAN_POINT('',(3.950003597369,0.999985790284));
#8668 = CARTESIAN_POINT('',(-3.94999640258,1.000014209703));
#8669 = ( GEOMETRIC_REPRESENTATION_CONTEXT(2) 
PARAMETRIC_REPRESENTATION_CONTEXT() REPRESENTATION_CONTEXT('2D SPACE',''
  ) );
#8670 = ADVANCED_FACE('',(#8671),#8062,.T.);
#8671 = FACE_BOUND('',#8672,.T.);
#8672 = EDGE_LOOP('',(#8673,#8674,#8695,#9582));
#8673 = ORIENTED_EDGE('',*,*,#7760,.F.);
#8674 = ORIENTED_EDGE('',*,*,#8675,.T.);
#8675 = EDGE_CURVE('',#7735,#8676,#8678,.T.);
#8676 = VERTEX_POINT('',#8677);
#8677 = CARTESIAN_POINT('',(10.9,0.223221722725,11.025232303313));
#8678 = SURFACE_CURVE('',#8679,(#8682,#8689),.PCURVE_S1.);
#8679 = B_SPLINE_CURVE_WITH_KNOTS('',1,(#8680,#8681),.UNSPECIFIED.,.F.,
  .F.,(2,2),(0.,2.),.PIECEWISE_BEZIER_KNOTS.);
#8680 = CARTESIAN_POINT('',(10.9,-0.223221722725,12.974767696687));
#8681 = CARTESIAN_POINT('',(10.9,0.223221722725,11.025232303313));
#8682 = PCURVE('',#8062,#8683);
#8683 = DEFINITIONAL_REPRESENTATION('',(#8684),#8688);
#8684 = LINE('',#8685,#8686);
#8685 = CARTESIAN_POINT('',(0.,0.));
#8686 = VECTOR('',#8687,1.);
#8687 = DIRECTION('',(1.,0.));
#8688 = ( GEOMETRIC_REPRESENTATION_CONTEXT(2) 
PARAMETRIC_REPRESENTATION_CONTEXT() REPRESENTATION_CONTEXT('2D SPACE',''
  ) );
#8689 = PCURVE('',#7749,#8690);
#8690 = DEFINITIONAL_REPRESENTATION('',(#8691),#8694);
#8691 = B_SPLINE_CURVE_WITH_KNOTS('',1,(#8692,#8693),.UNSPECIFIED.,.F.,
  .F.,(2,2),(0.,2.),.PIECEWISE_BEZIER_KNOTS.);
#8692 = CARTESIAN_POINT('',(1.,3.95));
#8693 = CARTESIAN_POINT('',(-1.,3.95));
#8694 = ( GEOMETRIC_REPRESENTATION_CONTEXT(2) 
PARAMETRIC_REPRESENTATION_CONTEXT() REPRESENTATION_CONTEXT('2D SPACE',''
  ) );
#8695 = ORIENTED_EDGE('',*,*,#8696,.T.);
#8696 = EDGE_CURVE('',#8676,#8697,#8699,.T.);
#8697 = VERTEX_POINT('',#8698);
#8698 = CARTESIAN_POINT('',(3.155992893031,10.435497774578,
    243.02524615448));
#8699 = SURFACE_CURVE('',#8700,(#8990,#8997),.PCURVE_S1.);
#8700 = B_SPLINE_CURVE_WITH_KNOTS('',9,(#8701,#8702,#8703,#8704,#8705,
    #8706,#8707,#8708,#8709,#8710,#8711,#8712,#8713,#8714,#8715,#8716,
    #8717,#8718,#8719,#8720,#8721,#8722,#8723,#8724,#8725,#8726,#8727,
    #8728,#8729,#8730,#8731,#8732,#8733,#8734,#8735,#8736,#8737,#8738,
    #8739,#8740,#8741,#8742,#8743,#8744,#8745,#8746,#8747,#8748,#8749,
    #8750,#8751,#8752,#8753,#8754,#8755,#8756,#8757,#8758,#8759,#8760,
    #8761,#8762,#8763,#8764,#8765,#8766,#8767,#8768,#8769,#8770,#8771,
    #8772,#8773,#8774,#8775,#8776,#8777,#8778,#8779,#8780,#8781,#8782,
    #8783,#8784,#8785,#8786,#8787,#8788,#8789,#8790,#8791,#8792,#8793,
    #8794,#8795,#8796,#8797,#8798,#8799,#8800,#8801,#8802,#8803,#8804,
    #8805,#8806,#8807,#8808,#8809,#8810,#8811,#8812,#8813,#8814,#8815,
    #8816,#8817,#8818,#8819,#8820,#8821,#8822,#8823,#8824,#8825,#8826,
    #8827,#8828,#8829,#8830,#8831,#8832,#8833,#8834,#8835,#8836,#8837,
    #8838,#8839,#8840,#8841,#8842,#8843,#8844,#8845,#8846,#8847,#8848,
    #8849,#8850,#8851,#8852,#8853,#8854,#8855,#8856,#8857,#8858,#8859,
    #8860,#8861,#8862,#8863,#8864,#8865,#8866,#8867,#8868,#8869,#8870,
    #8871,#8872,#8873,#8874,#8875,#8876,#8877,#8878,#8879,#8880,#8881,
    #8882,#8883,#8884,#8885,#8886,#8887,#8888,#8889,#8890,#8891,#8892,
    #8893,#8894,#8895,#8896,#8897,#8898,#8899,#8900,#8901,#8902,#8903,
    #8904,#8905,#8906,#8907,#8908,#8909,#8910,#8911,#8912,#8913,#8914,
    #8915,#8916,#8917,#8918,#8919,#8920,#8921,#8922,#8923,#8924,#8925,
    #8926,#8927,#8928,#8929,#8930,#8931,#8932,#8933,#8934,#8935,#8936,
    #8937,#8938,#8939,#8940,#8941,#8942,#8943,#8944,#8945,#8946,#8947,
    #8948,#8949,#8950,#8951,#8952,#8953,#8954,#8955,#8956,#8957,#8958,
    #8959,#8960,#8961,#8962,#8963,#8964,#8965,#8966,#8967,#8968,#8969,
    #8970,#8971,#8972,#8973,#8974,#8975,#8976,#8977,#8978,#8979,#8980,
    #8981,#8982,#8983,#8984,#8985,#8986,#8987,#8988,#8989),
  .UNSPECIFIED.,.F.,.F.,(10,9,9,9,9,9,9,9,9,9,9,9,9,9,9,9,9,9,9,9,9,9,9,
    9,9,9,9,9,9,9,9,9,10),(0.,8.56232113701,17.12464227402,
    25.68696341103,34.24928454804,42.811605685051,51.373926822061,
    59.936247959071,68.498569096081,77.060890233091,85.623211370101,
    94.185532507111,102.74785364412,111.31017478113,119.87249591814,
    128.43481705515,136.99713819216,145.55945932917,154.12178046618,
    162.68410160319,171.2464227402,179.80874387721,188.37106501422,
    196.93338615123,205.49570728824,214.05802842525,222.62034956226,
    231.18267069927,239.74499183628,248.30731297329,256.8696341103,
    265.43195524731,273.99427638432),.PIECEWISE_BEZIER_KNOTS.);
#8701 = CARTESIAN_POINT('',(10.9,0.223221722725,11.025232303313));
#8702 = CARTESIAN_POINT('',(10.787034852867,5.740183424154,
    11.830850060976));
#8703 = CARTESIAN_POINT('',(7.531723440118,11.194214206986,
    12.636153177533));
#8704 = CARTESIAN_POINT('',(1.182852687292,14.529425729986,
    13.442330690977));
#8705 = CARTESIAN_POINT('',(-6.691662173002,13.782263173979,
    14.246853070367));
#8706 = CARTESIAN_POINT('',(-12.91399821844,8.243332443115,
    15.053614234746));
#8707 = CARTESIAN_POINT('',(-14.56865375644,0.508740535926,
    15.858175319744));
#8708 = CARTESIAN_POINT('',(-11.99148950756,-6.184042095037,
    16.664294150012));
#8709 = CARTESIAN_POINT('',(-6.95138258848,-10.04926139648,
    17.469652587403));
#8710 = CARTESIAN_POINT('',(-1.484662176034,-10.80072248326,
    18.275232303307));
#8711 = CARTESIAN_POINT('',(3.982048214332,-11.55219107696,
    19.080850060999));
#8712 = CARTESIAN_POINT('',(9.878173727189,-9.190156337396,
    19.886153177487));
#8713 = CARTESIAN_POINT('',(14.165505461673,-3.441192749304,
    20.692330691044));
#8714 = CARTESIAN_POINT('',(14.659387236244,4.453255740814,
    21.496853070296));
#8715 = CARTESIAN_POINT('',(10.162037744519,11.465464169941,
    22.303614234801));
#8716 = CARTESIAN_POINT('',(2.781516652488,14.309704899819,
    23.108175319717));
#8717 = CARTESIAN_POINT('',(-4.232024028874,12.811251689918,
    23.914294150016));
#8718 = CARTESIAN_POINT('',(-8.838102496384,8.437850364266,
    24.719652587412));
#8719 = CARTESIAN_POINT('',(-10.43549533345,3.155988764706,
    25.525232303296));
#8720 = CARTESIAN_POINT('',(-12.03289401722,-2.125861761807,
    26.330850061033));
#8721 = CARTESIAN_POINT('',(-10.62229708526,-8.318899826461,
    27.13615317741));
#8722 = CARTESIAN_POINT('',(-5.614799225157,-13.45278343625,
    27.942330691172));
#8723 = CARTESIAN_POINT('',(2.105195372768,-15.17554853305,
    28.746853070133));
#8724 = CARTESIAN_POINT('',(9.734612341899,-11.83051995076,
    29.553614234963));
#8725 = CARTESIAN_POINT('',(13.698403617351,-4.985802597751,
    30.358175319592));
#8726 = CARTESIAN_POINT('',(13.315558337575,2.175799485844,
    31.164294150088));
#8727 = CARTESIAN_POINT('',(9.716550260456,7.409320180835,
    31.969652587382));
#8728 = CARTESIAN_POINT('',(4.74960443587,9.813311655104,32.775232303303
    ));
#8729 = CARTESIAN_POINT('',(-0.217329537392,12.217307171884,
    33.580850061007));
#8730 = CARTESIAN_POINT('',(-6.554787003121,11.792881625545,
    34.386153177469));
#8731 = CARTESIAN_POINT('',(-12.40880923548,7.650150709612,
    35.192330691078));
#8732 = CARTESIAN_POINT('',(-15.31803746013,0.294701892106,
    35.996853070245));
#8733 = CARTESIAN_POINT('',(-13.20769549267,-7.764062050653,
    36.803614234868));
#8734 = CARTESIAN_POINT('',(-7.067321536065,-12.74980217546,
    37.608175319644));
#8735 = CARTESIAN_POINT('',(6.599953838001E-02,-13.49199174713,
    38.414294150079));
#8736 = CARTESIAN_POINT('',(5.798095812316,-10.75599644185,
    39.219652587367));
#8737 = CARTESIAN_POINT('',(8.949491675296,-6.226269082793,
    40.025232303321));
#8738 = CARTESIAN_POINT('',(12.10088914521,-1.696554094925,
    40.830851599975));
#8739 = CARTESIAN_POINT('',(12.673088470493,4.629273707208,
    41.636146844227));
#8740 = CARTESIAN_POINT('',(9.497124733367,11.059288631954,
    42.442346203878));
#8741 = CARTESIAN_POINT('',(2.687352129875,15.083346065064,
    43.246825546376));
#8742 = CARTESIAN_POINT('',(-5.602347844637,14.259652916892,
    44.053652028105));
#8743 = CARTESIAN_POINT('',(-11.48724402249,8.974820459766,
    44.85813403371));
#8744 = CARTESIAN_POINT('',(-13.33622005121,2.045424750586,
    45.664330346889));
#8745 = CARTESIAN_POINT('',(-11.5305855392,-4.044102531897,
    46.46962725401));
#8746 = CARTESIAN_POINT('',(-7.549627107703,-7.865305809621,
    47.275246154507));
#8747 = CARTESIAN_POINT('',(-3.568654114306,-11.68650756761,
    48.080824727561));
#8748 = CARTESIAN_POINT('',(2.589759548547,-13.24123828049,
    48.886189374485));
#8749 = CARTESIAN_POINT('',(9.437466571526,-11.11025772009,
    49.692289404815));
#8750 = CARTESIAN_POINT('',(14.4772383899,-5.013812871261,
    50.496890863884));
#8751 = CARTESIAN_POINT('',(14.960501494209,3.302660040132,
    51.303586710595));
#8752 = CARTESIAN_POINT('',(10.661322385883,9.941859644237,
    52.108190832785));
#8753 = CARTESIAN_POINT('',(4.106487635419,12.852041785402,
    52.914287816603));
#8754 = CARTESIAN_POINT('',(-2.19053164428,12.021270612893,
    53.719654126459));
#8755 = CARTESIAN_POINT('',(-6.587449417186,8.687078802071,
    54.525232303291));
#8756 = CARTESIAN_POINT('',(-10.98436594344,5.352899352736,
    55.330850061055));
#8757 = CARTESIAN_POINT('',(-13.48334549458,-0.486501761926,
    56.136153177369));
#8758 = CARTESIAN_POINT('',(-12.44981569924,-7.583234242445,
    56.942330691227));
#8759 = CARTESIAN_POINT('',(-7.216824790167,-13.5146794555,
    57.746853070069));
#8760 = CARTESIAN_POINT('',(0.921661664273,-15.29295326382,
    58.553614235033));
#8761 = CARTESIAN_POINT('',(8.151660084413,-12.08531865839,
    59.358175319519));
#8762 = CARTESIAN_POINT('',(12.051415834438,-6.066430056478,
    60.164294150153));
#8763 = CARTESIAN_POINT('',(12.215943419199,0.283020996811,
    60.969652587336));
#8764 = CARTESIAN_POINT('',(9.610630572206,5.147388458448,
    61.775232303328));
#8765 = CARTESIAN_POINT('',(7.005329689203,10.011752224529,
    62.58085006092));
#8766 = CARTESIAN_POINT('',(1.628747821551,13.39344878004,
    63.386153177653));
#8767 = CARTESIAN_POINT('',(-5.542291786619,13.482817000803,
    64.192330690803));
#8768 = CARTESIAN_POINT('',(-12.21933119963,9.242135352013,
    64.996853070551));
#8769 = CARTESIAN_POINT('',(-15.24885128141,1.482030483114,
    65.803614234603));
#8770 = CARTESIAN_POINT('',(-13.21172891575,-6.160739262838,
    66.608175319823));
#8771 = CARTESIAN_POINT('',(-7.876999024849,-10.95404416667,
    67.414294149991));
#8772 = CARTESIAN_POINT('',(-1.631458035057,-12.10981912276,
    68.219652587392));
#8773 = CARTESIAN_POINT('',(3.580581712662,-10.29753672178,
    69.025232303324));
#8774 = CARTESIAN_POINT('',(8.792615938729,-8.485265559417,
    69.830850060941));
#8775 = CARTESIAN_POINT('',(12.973760906267,-3.703892228055,
    70.63615317762));
#8776 = CARTESIAN_POINT('',(14.183826600789,3.364879713055,
    71.442330690821));
#8777 = CARTESIAN_POINT('',(11.039873868763,10.623102456137,
    72.24685307057));
#8778 = CARTESIAN_POINT('',(3.849230121267,14.829271972315,
    73.053614234554));
#8779 = CARTESIAN_POINT('',(-4.018120594174,14.012822560031,
    73.858175319876));
#8780 = CARTESIAN_POINT('',(-9.586947577205,9.493610134959,
    74.664294149954));
#8781 = CARTESIAN_POINT('',(-11.70551088932,3.505765155604,
    75.469652587408));
#8782 = CARTESIAN_POINT('',(-10.73088334171,-1.92560916184,
    76.275232303322));
#8783 = CARTESIAN_POINT('',(-9.756265678138,-7.356975867792,
    77.080851599976));
#8784 = CARTESIAN_POINT('',(-5.687835965727,-12.2346176264,
    77.886146844235));
#8785 = CARTESIAN_POINT('',(1.104616686023,-14.53557928749,
    78.692346203835));
#8786 = CARTESIAN_POINT('',(8.765291371107,-12.56578120004,
    79.496825546469));
#8787 = CARTESIAN_POINT('',(14.044555426417,-6.121639123426,
    80.30365202798));
#8788 = CARTESIAN_POINT('',(14.468864552485,1.776551738454,
    81.108134033832));
#8789 = CARTESIAN_POINT('',(10.876465345142,7.983797922031,81.9143303468
    ));
#8790 = CARTESIAN_POINT('',(5.293742901712,11.012967549954,
    82.719627254057));
#8791 = CARTESIAN_POINT('',(-0.223218550807,10.90000359737,
    83.525246154489));
#8792 = CARTESIAN_POINT('',(-5.740189225516,10.787028273379,
    84.330824727529));
#8793 = CARTESIAN_POINT('',(-11.19420591782,7.531732841033,
    85.136189374636));
#8794 = CARTESIAN_POINT('',(-14.52943518464,1.182841964666,
    85.942289404508));
#8795 = CARTESIAN_POINT('',(-13.78225451909,-6.691652357533,
    86.74689086431));
#8796 = CARTESIAN_POINT('',(-8.24333874631,-12.91400536674,
    87.553586710152));
#8797 = CARTESIAN_POINT('',(-0.508736983329,-14.56864972761,
    88.358190833145));
#8798 = CARTESIAN_POINT('',(6.18404064463,-11.99149115234,
    89.164287816371));
#8799 = CARTESIAN_POINT('',(10.049261748954,-6.951382188816,
    89.969654126577));
#8800 = CARTESIAN_POINT('',(10.800722483252,-1.484662176019,
    90.775232303246));
#8801 = CARTESIAN_POINT('',(11.55219107701,3.982048214277,
    91.580850061203));
#8802 = CARTESIAN_POINT('',(9.190156337324,9.878173727316,92.38615317707
    ));
#8803 = CARTESIAN_POINT('',(3.441192749372,14.165505461463,
    93.192330691648));
#8804 = CARTESIAN_POINT('',(-4.453255740838,14.659387236489,
    93.996853069647));
#8805 = CARTESIAN_POINT('',(-11.46546416996,10.162037744316,
    94.803614235312));
#8806 = CARTESIAN_POINT('',(-14.30970489978,2.781516652602,
    95.608175319445));
#8807 = CARTESIAN_POINT('',(-12.81125168993,-4.23202402891,
    96.414294150079));
#8808 = CARTESIAN_POINT('',(-8.437850364275,-8.838102496386,
    97.21965258745));
#8809 = CARTESIAN_POINT('',(-3.155988764693,-10.43549533344,
    98.025232303247));
#8810 = CARTESIAN_POINT('',(2.125861761754,-12.03289401725,
    98.830850061212));
#8811 = CARTESIAN_POINT('',(8.318899826589,-10.62229708524,
    99.636153176994));
#8812 = CARTESIAN_POINT('',(13.452783436043,-5.614799225144,
    100.44233069187));
#8813 = CARTESIAN_POINT('',(15.175548533317,2.105195372666,
    101.24685306924));
#8814 = CARTESIAN_POINT('',(11.830519950535,9.734612342081,
    102.05361423584));
#8815 = CARTESIAN_POINT('',(4.985802597902,13.698403617159,
    102.85817531891));
#8816 = CARTESIAN_POINT('',(-2.175799485916,13.315558337711,
    103.66429415049));
#8817 = CARTESIAN_POINT('',(-7.409320180809,9.716550260391,
    104.46965258719));
#8818 = CARTESIAN_POINT('',(-9.813311655112,4.74960443589,
    105.27523230336));
#8819 = CARTESIAN_POINT('',(-12.21730717184,-0.217329537474,
    106.08085006076));
#8820 = CARTESIAN_POINT('',(-11.79288162562,-6.554787002913,
    106.886153178));
#8821 = CARTESIAN_POINT('',(-7.650150709545,-12.40880923585,
    107.69233069023));
#8822 = CARTESIAN_POINT('',(-0.294701892094,-15.31803745965,
    108.49685307121));
#8823 = CARTESIAN_POINT('',(7.764062050556,-13.2076954931,
    109.30361423407));
#8824 = CARTESIAN_POINT('',(12.749802175559,-7.067321535795,
    110.10817532006));
#8825 = CARTESIAN_POINT('',(13.491991747109,6.599953828169E-02,
    110.91429415003));
#8826 = CARTESIAN_POINT('',(10.755996441816,5.798095812322,
    111.71965258721));
#8827 = CARTESIAN_POINT('',(6.226269082847,8.949491675311,
    112.52523230349));
#8828 = CARTESIAN_POINT('',(1.696554094749,12.100889145184,
    113.33085159942));
#8829 = CARTESIAN_POINT('',(-4.62927370683,12.673088470471,
    114.13614684537));
#8830 = CARTESIAN_POINT('',(-11.05928863253,9.497124733555,
    114.9423462021));
#8831 = CARTESIAN_POINT('',(-15.08334606441,2.687352129453,
    115.7468255485));
#8832 = CARTESIAN_POINT('',(-14.25965291741,-5.602347844068,
    116.55365202609));
#8833 = CARTESIAN_POINT('',(-8.974820459474,-11.48724402301,
    117.35813403522));
#8834 = CARTESIAN_POINT('',(-2.045424750691,-13.33622005087,
    118.16433034599));
#8835 = CARTESIAN_POINT('',(4.044102531916,-11.53058553935,
    118.9696272544));
#8836 = CARTESIAN_POINT('',(7.86530580962,-7.549627107662,
    119.77524615439));
#8837 = CARTESIAN_POINT('',(11.686507567618,-3.568654114362,
    120.58082472771));
#8838 = CARTESIAN_POINT('',(13.241238280462,2.589759548598,
    121.38618937437));
#8839 = CARTESIAN_POINT('',(11.110257720183,9.437466571504,
    122.19228940481));
#8840 = CARTESIAN_POINT('',(5.013812871096,14.477238389894,
    122.99689086403));
#8841 = CARTESIAN_POINT('',(-3.302660039931,14.960501494222,
    123.80358671034));
#8842 = CARTESIAN_POINT('',(-9.941859644411,10.661322385882,
    124.60819083304));
#8843 = CARTESIAN_POINT('',(-12.85204178529,4.106487635409,
    125.41428781641));
#8844 = CARTESIAN_POINT('',(-12.02127061293,-2.190531644272,
    126.21965412654));
#8845 = CARTESIAN_POINT('',(-8.687078802066,-6.587449417187,
    127.02523230327));
#8846 = CARTESIAN_POINT('',(-5.352899352762,-10.98436594344,
    127.83085006114));
#8847 = CARTESIAN_POINT('',(0.486501761981,-13.48334549462,
    128.63615317711));
#8848 = CARTESIAN_POINT('',(7.583234242378,-12.44981569916,
    129.44233069168));
#8849 = CARTESIAN_POINT('',(13.514679455541,-7.216824790307,
    130.24685306946));
#8850 = CARTESIAN_POINT('',(15.292953263843,0.921661664438,
    131.05361423564));
#8851 = CARTESIAN_POINT('',(12.08531865835,8.151660084265,
    131.85817531901));
#8852 = CARTESIAN_POINT('',(6.066430056516,12.051415834544,
    132.66429415049));
#8853 = CARTESIAN_POINT('',(-0.283020996831,12.215943419135,
    133.46965258713));
#8854 = CARTESIAN_POINT('',(-5.14738845844,9.610630572238,
    134.27523230342));
#8855 = CARTESIAN_POINT('',(-10.01175222456,7.00532968909,
    135.08085006057));
#8856 = CARTESIAN_POINT('',(-13.39344877992,1.628747821787,
    135.88615317841));
#8857 = CARTESIAN_POINT('',(-13.48281700107,-5.542291786952,
    136.69233068957));
#8858 = CARTESIAN_POINT('',(-9.24213535157,-12.21933119931,
    137.49685307205));
#8859 = CARTESIAN_POINT('',(-1.482030483623,-15.2488512816,
    138.30361423318));
#8860 = CARTESIAN_POINT('',(6.160739263246,-13.21172891569,
    139.10817532082));
#8861 = CARTESIAN_POINT('',(10.954044166463,-7.876999024832,
    139.91429414948));
#8862 = CARTESIAN_POINT('',(12.109819122828,-1.631458035075,
    140.71965258753));
#8863 = CARTESIAN_POINT('',(10.297536721791,3.58058171266,
    141.52523230334));
#8864 = CARTESIAN_POINT('',(8.485265559423,8.792615938734,
    142.33085006093));
#8865 = CARTESIAN_POINT('',(3.703892228015,12.973760906264,
    143.13615317756));
#8866 = CARTESIAN_POINT('',(-3.364879712973,14.183826600765,
    143.94233069095));
#8867 = CARTESIAN_POINT('',(-10.62310245623,11.039873868836,
    144.74685307036));
#8868 = CARTESIAN_POINT('',(-14.82927197223,3.849230121158,
    145.55361423475));
#8869 = CARTESIAN_POINT('',(-14.01282256007,-4.018120594084,
    146.35817531975));
#8870 = CARTESIAN_POINT('',(-9.493610134942,-9.586947577244,
    147.16429414997));
#8871 = CARTESIAN_POINT('',(-3.505765155612,-11.70551088933,
    147.96965258744));
#8872 = CARTESIAN_POINT('',(1.925609161849,-10.73088334169,
    148.77523230326));
#8873 = CARTESIAN_POINT('',(7.356975867758,-9.756265678182,
    149.58085160014));
#8874 = CARTESIAN_POINT('',(12.234617626483,-5.687835965653,
    150.38614684389));
#8875 = CARTESIAN_POINT('',(14.535579287351,1.104616685948,
    151.19234620435));
#8876 = CARTESIAN_POINT('',(12.565781200219,8.765291371135,
    151.99682554587));
#8877 = CARTESIAN_POINT('',(6.121639123277,14.044555426448,
    152.80365202849));
#8878 = CARTESIAN_POINT('',(-1.77655173837,14.468864552432,
    153.6081340335));
#8879 = CARTESIAN_POINT('',(-7.983797922057,10.876465345175,
    154.41433034693));
#8880 = CARTESIAN_POINT('',(-11.01296754995,5.293742901709,
    155.21962725404));
#8881 = CARTESIAN_POINT('',(-10.90000359736,-0.223218550818,
    156.02524615445));
#8882 = CARTESIAN_POINT('',(-10.78702827331,-5.740189225573,
    156.83082472729));
#8883 = CARTESIAN_POINT('',(-7.531732841196,-11.19420591758,
    157.63618937537));
#8884 = CARTESIAN_POINT('',(-1.182841964472,-14.52943518518,
    158.44228940324));
#8885 = CARTESIAN_POINT('',(6.691652357434,-13.78225451831,
    159.24689086582));
#8886 = CARTESIAN_POINT('',(12.914005366698,-8.243338747072,
    160.05358670884));
#8887 = CARTESIAN_POINT('',(14.568649727735,-0.508736982827,
    160.85819083392));
#8888 = CARTESIAN_POINT('',(11.991491152272,6.184040644439,
    161.66428781614));
#8889 = CARTESIAN_POINT('',(6.951382188808,10.049261748961,
    162.46965412647));
#8890 = CARTESIAN_POINT('',(1.484662176064,10.800722483293,
    163.27523230342));
#8891 = CARTESIAN_POINT('',(-3.982048214425,11.552191076906,
    164.08085006065));
#8892 = CARTESIAN_POINT('',(-9.87817372698,9.190156337469,
    164.88615317817));
#8893 = CARTESIAN_POINT('',(-14.16550546202,3.441192749281,
    165.69233068998));
#8894 = CARTESIAN_POINT('',(-14.6593872358,-4.453255740905,
    166.49685307157));
#8895 = CARTESIAN_POINT('',(-10.16203774492,-11.46546416974,
    167.30361423356));
#8896 = CARTESIAN_POINT('',(-2.781516652213,-14.30970490004,
    168.10817532066));
#8897 = CARTESIAN_POINT('',(4.232024028738,-12.81125168975,
    168.91429414944));
#8898 = CARTESIAN_POINT('',(8.838102496432,-8.437850364344,
    169.71965258766));
#8899 = CARTESIAN_POINT('',(10.435495333437,-3.155988764686,
    170.52523230322));
#8900 = CARTESIAN_POINT('',(12.032893521782,2.125861565579,
    171.33085160034));
#8901 = CARTESIAN_POINT('',(10.622299124233,8.318900633824,
    172.13614684338));
#8902 = CARTESIAN_POINT('',(5.614794230764,13.452781458864,
    172.94234620521));
#8903 = CARTESIAN_POINT('',(-2.105186511277,15.175552041261,
    173.74682554474));
#8904 = CARTESIAN_POINT('',(-9.734624509714,11.830515133852,
    174.55365202965));
#8905 = CARTESIAN_POINT('',(-13.69839032507,4.985807859648,
    175.35813403256));
#8906 = CARTESIAN_POINT('',(-13.3155699913,-2.175804099032,
    176.16433034752));
#8907 = CARTESIAN_POINT('',(-9.716542104326,-7.409316952203,
    176.96962725377));
#8908 = CARTESIAN_POINT('',(-4.749608895256,-9.813313420372,
    177.77524615453));
#8909 = CARTESIAN_POINT('',(0.217337693602,-12.21730394322,
    178.58082472714));
#8910 = CARTESIAN_POINT('',(6.554775349127,-11.79288623868,
    179.38618937559));
#8911 = CARTESIAN_POINT('',(12.408822528279,-7.650145448057,
    180.19228940297));
#8912 = CARTESIAN_POINT('',(15.318025291617,-0.29470670825,
    180.9968908661));
#8913 = CARTESIAN_POINT('',(13.207704354844,7.764065557825,
    181.80358670858));
#8914 = CARTESIAN_POINT('',(7.067316541195,12.749800198975,
    182.60819083413));
#8915 = CARTESIAN_POINT('',(-6.599749918487E-02,13.491992553974,
    183.41428781599));
#8916 = CARTESIAN_POINT('',(-5.798096307831,10.755996245801,
    184.21965412655));
#8917 = CARTESIAN_POINT('',(-8.949491675303,6.226269082813,
    185.02523230338));
#8918 = CARTESIAN_POINT('',(-12.1008891452,1.696554094886,
    185.83085159985));
#8919 = CARTESIAN_POINT('',(-12.67308847048,-4.629273707155,
    186.63614684439));
#8920 = CARTESIAN_POINT('',(-9.497124733395,-11.059288632,
    187.44234620373));
#8921 = CARTESIAN_POINT('',(-2.687352129853,-15.08334606504,
    188.24682554643));
#8922 = CARTESIAN_POINT('',(5.602347844645,-14.25965291688,
    189.05365202813));
#8923 = CARTESIAN_POINT('',(11.487244022457,-8.97482045979,
    189.85813403362));
#8924 = CARTESIAN_POINT('',(13.336220051248,-2.045424750569,
    190.66433034697));
#8925 = CARTESIAN_POINT('',(11.530585539176,4.044102531892,
    191.46962725395));
#8926 = CARTESIAN_POINT('',(7.549627107715,7.865305809621,
    192.27524615454));
#8927 = CARTESIAN_POINT('',(3.568654114334,11.686507567588,
    193.08082472769));
#8928 = CARTESIAN_POINT('',(-2.589759548648,13.241238280616,
    193.88618937398));
#8929 = CARTESIAN_POINT('',(-9.437466571375,11.110257719777,
    194.69228940582));
#8930 = CARTESIAN_POINT('',(-14.47723839001,5.013812871791,
    195.49689086242));
#8931 = CARTESIAN_POINT('',(-14.96050149419,-3.302660040771,
    196.30358671223));
#8932 = CARTESIAN_POINT('',(-10.66132238582,-9.941859643655,
    197.10819083127));
#8933 = CARTESIAN_POINT('',(-4.10648763549,-12.85204178582,
    197.91428781774));
#8934 = CARTESIAN_POINT('',(2.190531644316,-12.02127061265,
    198.71965412576));
#8935 = CARTESIAN_POINT('',(6.587449417179,-8.687078802181,
    199.52523230362));
#8936 = CARTESIAN_POINT('',(10.984365427367,-5.352899219794,
    200.3308515989));
#8937 = CARTESIAN_POINT('',(13.483347618311,0.486501215626,
    201.13614684656));
#8938 = CARTESIAN_POINT('',(12.44981049744,7.583235579742,
    201.94234620018));
#8939 = CARTESIAN_POINT('',(7.216834019589,13.514677083672,
    202.74682555085));
#8940 = CARTESIAN_POINT('',(-0.921674337506,15.292956519807,
    203.55365202384));
#8941 = CARTESIAN_POINT('',(-8.151646239579,12.08531510206,
    204.35813403692));
#8942 = CARTESIAN_POINT('',(-12.05142797304,6.066433174182,
    205.16433034499));
#8943 = CARTESIAN_POINT('',(-12.21593492342,-0.283023178761,
    205.96962725485));
#8944 = CARTESIAN_POINT('',(-9.610635217421,-5.147387265446,
    206.77524615425));
#8945 = CARTESIAN_POINT('',(-7.005321193196,-10.01175440652,
    207.58082472785));
#8946 = CARTESIAN_POINT('',(-1.6287599609,-13.39344566228,
    208.38618937431));
#8947 = CARTESIAN_POINT('',(5.542305632783,-13.48282055705,
    209.19228940472));
#8948 = CARTESIAN_POINT('',(12.219318524801,-9.242132096446,
    209.99689086419));
#8949 = CARTESIAN_POINT('',(15.248860512165,-1.482032854186,
    210.80358671026));
#8950 = CARTESIAN_POINT('',(13.211723713199,6.160740599254,
    211.60819083294));
#8951 = CARTESIAN_POINT('',(7.877001148838,10.954043621083,
    212.41428781665));
#8952 = CARTESIAN_POINT('',(1.631457518916,12.109819255315,
    213.2196541263));
#8953 = CARTESIAN_POINT('',(-3.580581712648,10.29753672182,
    214.02523230343));
#8954 = CARTESIAN_POINT('',(-8.792615938768,8.485265559317,
    214.83085006066));
#8955 = CARTESIAN_POINT('',(-12.97376090618,3.703892228236,
    215.63615317802));
#8956 = CARTESIAN_POINT('',(-14.18382660091,-3.3648797133,
    216.44233069051));
#8957 = CARTESIAN_POINT('',(-11.03987386866,-10.62310245585,
    217.2468530705));
#8958 = CARTESIAN_POINT('',(-3.849230121259,-14.8292719726,
    218.05361423507));
#8959 = CARTESIAN_POINT('',(4.018120594048,-14.01282255978,
    218.85817531909));
#8960 = CARTESIAN_POINT('',(9.586947577379,-9.493610135138,
    219.66429415071));
#8961 = CARTESIAN_POINT('',(11.705510889184,-3.505765155499,
    220.46965258686));
#8962 = CARTESIAN_POINT('',(10.730883341792,1.925609161791,
    221.27523230361));
#8963 = CARTESIAN_POINT('',(9.756265677884,7.356975867981,
    222.08085159902));
#8964 = CARTESIAN_POINT('',(5.687835966166,12.2346176259,222.88614684617
    ));
#8965 = CARTESIAN_POINT('',(-1.104616686502,14.53557928843,
    223.69234620097));
#8966 = CARTESIAN_POINT('',(-8.765291370816,12.565781198781,
    224.49682554971));
#8967 = CARTESIAN_POINT('',(-14.04455542641,6.121639124674,
    225.30365202505));
#8968 = CARTESIAN_POINT('',(-14.46886455269,-1.776551739362,
    226.10813403596));
#8969 = CARTESIAN_POINT('',(-10.87646534491,-7.983797921543,
    226.91433034553));
#8970 = CARTESIAN_POINT('',(-5.293742901856,-11.01296755015,
    227.71962725466));
#8971 = CARTESIAN_POINT('',(0.223218550868,-10.9000035973,
    228.52524615426));
#8972 = CARTESIAN_POINT('',(5.740189225567,-10.78702827334,
    229.33082472736));
#8973 = CARTESIAN_POINT('',(11.194205917404,-7.531732841204,
    230.1361893757));
#8974 = CARTESIAN_POINT('',(14.529435185671,-1.182841964492,
    230.94228940234));
#8975 = CARTESIAN_POINT('',(13.78225451756,6.691652357588,
    231.74689086714));
#8976 = CARTESIAN_POINT('',(8.243338747845,12.914005366402,
    232.55358670747));
#8977 = CARTESIAN_POINT('',(0.508736982288,14.568649728053,
    233.35819083497));
#8978 = CARTESIAN_POINT('',(-6.184040644192,11.991491152063,
    234.16428781557));
#8979 = CARTESIAN_POINT('',(-10.04926174901,6.951382188879,
    234.96965412664));
#8980 = CARTESIAN_POINT('',(-10.8007224833,1.484662176071,
    235.77523230346));
#8981 = CARTESIAN_POINT('',(-11.5521906182,-3.98204794319,
    236.58085159969));
#8982 = CARTESIAN_POINT('',(-9.190158225099,-9.878174843186,
    237.38614684463));
#8983 = CARTESIAN_POINT('',(-3.441188125681,-14.16550272796,
    238.19234620343));
#8984 = CARTESIAN_POINT('',(4.453247537366,-14.65939208673,
    238.99682554674));
#8985 = CARTESIAN_POINT('',(11.465475434124,-10.1620310841,
    239.80365202783));
#8986 = CARTESIAN_POINT('',(14.309692594645,-2.781523928559,
    240.6081340339));
#8987 = CARTESIAN_POINT('',(12.8112624783,4.23203040813,241.41433034676)
  );
#8988 = CARTESIAN_POINT('',(8.437842813707,8.838098031653,
    242.21962725407));
#8989 = CARTESIAN_POINT('',(3.155992893031,10.435497774578,
    243.02524615448));
#8990 = PCURVE('',#8062,#8991);
#8991 = DEFINITIONAL_REPRESENTATION('',(#8992),#8996);
#8992 = LINE('',#8993,#8994);
#8993 = CARTESIAN_POINT('',(2.,0.));
#8994 = VECTOR('',#8995,1.);
#8995 = DIRECTION('',(0.,1.));
#8996 = ( GEOMETRIC_REPRESENTATION_CONTEXT(2) 
PARAMETRIC_REPRESENTATION_CONTEXT() REPRESENTATION_CONTEXT('2D SPACE',''
  ) );
#8997 = PCURVE('',#8998,#9577);
#8998 = B_SPLINE_SURFACE_WITH_KNOTS('',1,9,(
    (#8999,#9000,#9001,#9002,#9003,#9004,#9005,#9006,#9007,#9008,#9009
      ,#9010,#9011,#9012,#9013,#9014,#9015,#9016,#9017,#9018,#9019,#9020
      ,#9021,#9022,#9023,#9024,#9025,#9026,#9027,#9028,#9029,#9030,#9031
      ,#9032,#9033,#9034,#9035,#9036,#9037,#9038,#9039,#9040,#9041,#9042
      ,#9043,#9044,#9045,#9046,#9047,#9048,#9049,#9050,#9051,#9052,#9053
      ,#9054,#9055,#9056,#9057,#9058,#9059,#9060,#9061,#9062,#9063,#9064
      ,#9065,#9066,#9067,#9068,#9069,#9070,#9071,#9072,#9073,#9074,#9075
      ,#9076,#9077,#9078,#9079,#9080,#9081,#9082,#9083,#9084,#9085,#9086
      ,#9087,#9088,#9089,#9090,#9091,#9092,#9093,#9094,#9095,#9096,#9097
      ,#9098,#9099,#9100,#9101,#9102,#9103,#9104,#9105,#9106,#9107,#9108
      ,#9109,#9110,#9111,#9112,#9113,#9114,#9115,#9116,#9117,#9118,#9119
      ,#9120,#9121,#9122,#9123,#9124,#9125,#9126,#9127,#9128,#9129,#9130
      ,#9131,#9132,#9133,#9134,#9135,#9136,#9137,#9138,#9139,#9140,#9141
      ,#9142,#9143,#9144,#9145,#9146,#9147,#9148,#9149,#9150,#9151,#9152
      ,#9153,#9154,#9155,#9156,#9157,#9158,#9159,#9160,#9161,#9162,#9163
      ,#9164,#9165,#9166,#9167,#9168,#9169,#9170,#9171,#9172,#9173,#9174
      ,#9175,#9176,#9177,#9178,#9179,#9180,#9181,#9182,#9183,#9184,#9185
      ,#9186,#9187,#9188,#9189,#9190,#9191,#9192,#9193,#9194,#9195,#9196
      ,#9197,#9198,#9199,#9200,#9201,#9202,#9203,#9204,#9205,#9206,#9207
      ,#9208,#9209,#9210,#9211,#9212,#9213,#9214,#9215,#9216,#9217,#9218
      ,#9219,#9220,#9221,#9222,#9223,#9224,#9225,#9226,#9227,#9228,#9229
      ,#9230,#9231,#9232,#9233,#9234,#9235,#9236,#9237,#9238,#9239,#9240
      ,#9241,#9242,#9243,#9244,#9245,#9246,#9247,#9248,#9249,#9250,#9251
      ,#9252,#9253,#9254,#9255,#9256,#9257,#9258,#9259,#9260,#9261,#9262
      ,#9263,#9264,#9265,#9266,#9267,#9268,#9269,#9270,#9271,#9272,#9273
      ,#9274,#9275,#9276,#9277,#9278,#9279,#9280,#9281,#9282,#9283,#9284
      ,#9285,#9286,#9287)
    ,(#9288,#9289,#9290,#9291,#9292,#9293,#9294,#9295,#9296,#9297,#9298
      ,#9299,#9300,#9301,#9302,#9303,#9304,#9305,#9306,#9307,#9308,#9309
      ,#9310,#9311,#9312,#9313,#9314,#9315,#9316,#9317,#9318,#9319,#9320
      ,#9321,#9322,#9323,#9324,#9325,#9326,#9327,#9328,#9329,#9330,#9331
      ,#9332,#9333,#9334,#9335,#9336,#9337,#9338,#9339,#9340,#9341,#9342
      ,#9343,#9344,#9345,#9346,#9347,#9348,#9349,#9350,#9351,#9352,#9353
      ,#9354,#9355,#9356,#9357,#9358,#9359,#9360,#9361,#9362,#9363,#9364
      ,#9365,#9366,#9367,#9368,#9369,#9370,#9371,#9372,#9373,#9374,#9375
      ,#9376,#9377,#9378,#9379,#9380,#9381,#9382,#9383,#9384,#9385,#9386
      ,#9387,#9388,#9389,#9390,#9391,#9392,#9393,#9394,#9395,#9396,#9397
      ,#9398,#9399,#9400,#9401,#9402,#9403,#9404,#9405,#9406,#9407,#9408
      ,#9409,#9410,#9411,#9412,#9413,#9414,#9415,#9416,#9417,#9418,#9419
      ,#9420,#9421,#9422,#9423,#9424,#9425,#9426,#9427,#9428,#9429,#9430
      ,#9431,#9432,#9433,#9434,#9435,#9436,#9437,#9438,#9439,#9440,#9441
      ,#9442,#9443,#9444,#9445,#9446,#9447,#9448,#9449,#9450,#9451,#9452
      ,#9453,#9454,#9455,#9456,#9457,#9458,#9459,#9460,#9461,#9462,#9463
      ,#9464,#9465,#9466,#9467,#9468,#9469,#9470,#9471,#9472,#9473,#9474
      ,#9475,#9476,#9477,#9478,#9479,#9480,#9481,#9482,#9483,#9484,#9485
      ,#9486,#9487,#9488,#9489,#9490,#9491,#9492,#9493,#9494,#9495,#9496
      ,#9497,#9498,#9499,#9500,#9501,#9502,#9503,#9504,#9505,#9506,#9507
      ,#9508,#9509,#9510,#9511,#9512,#9513,#9514,#9515,#9516,#9517,#9518
      ,#9519,#9520,#9521,#9522,#9523,#9524,#9525,#9526,#9527,#9528,#9529
      ,#9530,#9531,#9532,#9533,#9534,#9535,#9536,#9537,#9538,#9539,#9540
      ,#9541,#9542,#9543,#9544,#9545,#9546,#9547,#9548,#9549,#9550,#9551
      ,#9552,#9553,#9554,#9555,#9556,#9557,#9558,#9559,#9560,#9561,#9562
      ,#9563,#9564,#9565,#9566,#9567,#9568,#9569,#9570,#9571,#9572,#9573
      ,#9574,#9575,#9576
    )),.UNSPECIFIED.,.F.,.F.,.F.,(2,2),(10,9,9,9,9,9,9,9,9,9,9,9,9,9,9,9
    ,9,9,9,9,9,9,9,9,9,9,9,9,9,9,9,9,10),(0.,7.9),(0.,8.56232113701,
    17.12464227402,25.68696341103,34.24928454804,42.811605685051,
    51.373926822061,59.936247959071,68.498569096081,77.060890233091,
    85.623211370101,94.185532507111,102.74785364412,111.31017478113,
    119.87249591814,128.43481705515,136.99713819216,145.55945932917,
    154.12178046618,162.68410160319,171.2464227402,179.80874387721,
    188.37106501422,196.93338615123,205.49570728824,214.05802842525,
    222.62034956226,231.18267069927,239.74499183628,248.30731297329,
    256.8696341103,265.43195524731,273.99427638432),
  .PIECEWISE_BEZIER_KNOTS.);
#8999 = CARTESIAN_POINT('',(10.9,0.223221722725,11.025232303313));
#9000 = CARTESIAN_POINT('',(10.787034852867,5.740183424154,
    11.830850060976));
#9001 = CARTESIAN_POINT('',(7.531723440118,11.194214206986,
    12.636153177533));
#9002 = CARTESIAN_POINT('',(1.182852687291,14.529425729986,
    13.442330690977));
#9003 = CARTESIAN_POINT('',(-6.691662173002,13.78226317398,
    14.246853070367));
#9004 = CARTESIAN_POINT('',(-12.91399821844,8.243332443115,
    15.053614234746));
#9005 = CARTESIAN_POINT('',(-14.56865375644,0.508740535926,
    15.858175319744));
#9006 = CARTESIAN_POINT('',(-11.99148950756,-6.184042095037,
    16.664294150012));
#9007 = CARTESIAN_POINT('',(-6.95138258848,-10.04926139648,
    17.469652587403));
#9008 = CARTESIAN_POINT('',(-1.484662176034,-10.80072248326,
    18.275232303307));
#9009 = CARTESIAN_POINT('',(3.982048214332,-11.55219107696,
    19.080850060999));
#9010 = CARTESIAN_POINT('',(9.878173727189,-9.190156337397,
    19.886153177487));
#9011 = CARTESIAN_POINT('',(14.165505461672,-3.441192749303,
    20.692330691044));
#9012 = CARTESIAN_POINT('',(14.659387236245,4.453255740813,
    21.496853070296));
#9013 = CARTESIAN_POINT('',(10.162037744518,11.465464169943,
    22.303614234801));
#9014 = CARTESIAN_POINT('',(2.781516652488,14.309704899818,
    23.108175319716));
#9015 = CARTESIAN_POINT('',(-4.232024028874,12.811251689919,
    23.914294150016));
#9016 = CARTESIAN_POINT('',(-8.838102496384,8.437850364266,
    24.719652587412));
#9017 = CARTESIAN_POINT('',(-10.43549533345,3.155988764706,
    25.525232303296));
#9018 = CARTESIAN_POINT('',(-12.03289401722,-2.125861761807,
    26.330850061033));
#9019 = CARTESIAN_POINT('',(-10.62229708527,-8.318899826461,
    27.13615317741));
#9020 = CARTESIAN_POINT('',(-5.614799225157,-13.45278343625,
    27.942330691172));
#9021 = CARTESIAN_POINT('',(2.105195372767,-15.17554853305,
    28.746853070133));
#9022 = CARTESIAN_POINT('',(9.734612341899,-11.83051995076,
    29.553614234963));
#9023 = CARTESIAN_POINT('',(13.698403617351,-4.985802597751,
    30.358175319592));
#9024 = CARTESIAN_POINT('',(13.315558337575,2.175799485844,
    31.164294150088));
#9025 = CARTESIAN_POINT('',(9.716550260456,7.409320180835,
    31.969652587382));
#9026 = CARTESIAN_POINT('',(4.74960443587,9.813311655104,32.775232303303
    ));
#9027 = CARTESIAN_POINT('',(-0.217329537392,12.217307171884,
    33.580850061007));
#9028 = CARTESIAN_POINT('',(-6.554787003121,11.792881625544,
    34.386153177469));
#9029 = CARTESIAN_POINT('',(-12.40880923548,7.650150709613,
    35.192330691078));
#9030 = CARTESIAN_POINT('',(-15.31803746013,0.294701892105,
    35.996853070244));
#9031 = CARTESIAN_POINT('',(-13.20769549267,-7.764062050652,
    36.803614234869));
#9032 = CARTESIAN_POINT('',(-7.067321536065,-12.74980217546,
    37.608175319644));
#9033 = CARTESIAN_POINT('',(6.599953838006E-02,-13.49199174713,
    38.414294150079));
#9034 = CARTESIAN_POINT('',(5.798095812316,-10.75599644185,
    39.219652587367));
#9035 = CARTESIAN_POINT('',(8.949491675296,-6.226269082793,
    40.025232303321));
#9036 = CARTESIAN_POINT('',(12.10088914521,-1.696554094925,
    40.830851599974));
#9037 = CARTESIAN_POINT('',(12.673088470493,4.629273707208,
    41.636146844228));
#9038 = CARTESIAN_POINT('',(9.497124733367,11.059288631954,
    42.442346203875));
#9039 = CARTESIAN_POINT('',(2.687352129875,15.083346065063,
    43.24682554638));
#9040 = CARTESIAN_POINT('',(-5.602347844637,14.259652916893,
    44.053652028102));
#9041 = CARTESIAN_POINT('',(-11.48724402249,8.974820459766,
    44.858134033713));
#9042 = CARTESIAN_POINT('',(-13.33622005121,2.045424750586,
    45.664330346888));
#9043 = CARTESIAN_POINT('',(-11.5305855392,-4.044102531897,
    46.46962725401));
#9044 = CARTESIAN_POINT('',(-7.549627107703,-7.865305809621,
    47.275246154507));
#9045 = CARTESIAN_POINT('',(-3.568654114306,-11.68650756761,
    48.080824727561));
#9046 = CARTESIAN_POINT('',(2.589759548548,-13.24123828049,
    48.886189374485));
#9047 = CARTESIAN_POINT('',(9.437466571525,-11.11025772009,
    49.692289404817));
#9048 = CARTESIAN_POINT('',(14.477238389902,-5.013812871261,
    50.496890863883));
#9049 = CARTESIAN_POINT('',(14.960501494207,3.302660040132,
    51.303586710596));
#9050 = CARTESIAN_POINT('',(10.661322385884,9.941859644237,
    52.108190832784));
#9051 = CARTESIAN_POINT('',(4.106487635419,12.852041785402,
    52.914287816604));
#9052 = CARTESIAN_POINT('',(-2.190531644279,12.021270612893,
    53.719654126459));
#9053 = CARTESIAN_POINT('',(-6.587449417186,8.687078802071,
    54.525232303291));
#9054 = CARTESIAN_POINT('',(-10.98436594344,5.352899352736,
    55.330850061055));
#9055 = CARTESIAN_POINT('',(-13.48334549458,-0.486501761926,
    56.136153177368));
#9056 = CARTESIAN_POINT('',(-12.44981569924,-7.583234242444,
    56.942330691228));
#9057 = CARTESIAN_POINT('',(-7.216824790166,-13.5146794555,
    57.746853070069));
#9058 = CARTESIAN_POINT('',(0.921661664273,-15.29295326382,
    58.553614235034));
#9059 = CARTESIAN_POINT('',(8.151660084413,-12.08531865839,
    59.358175319518));
#9060 = CARTESIAN_POINT('',(12.051415834438,-6.066430056477,
    60.164294150154));
#9061 = CARTESIAN_POINT('',(12.215943419199,0.283020996811,
    60.969652587336));
#9062 = CARTESIAN_POINT('',(9.610630572206,5.147388458448,
    61.775232303328));
#9063 = CARTESIAN_POINT('',(7.005329689203,10.011752224529,
    62.58085006092));
#9064 = CARTESIAN_POINT('',(1.628747821551,13.39344878004,
    63.386153177655));
#9065 = CARTESIAN_POINT('',(-5.542291786619,13.482817000803,
    64.192330690798));
#9066 = CARTESIAN_POINT('',(-12.21933119963,9.242135352013,
    64.996853070559));
#9067 = CARTESIAN_POINT('',(-15.24885128141,1.482030483114,
    65.803614234595));
#9068 = CARTESIAN_POINT('',(-13.21172891575,-6.160739262837,
    66.608175319829));
#9069 = CARTESIAN_POINT('',(-7.876999024849,-10.95404416667,
    67.414294149988));
#9070 = CARTESIAN_POINT('',(-1.631458035057,-12.10981912276,
    68.219652587393));
#9071 = CARTESIAN_POINT('',(3.580581712662,-10.29753672178,
    69.025232303324));
#9072 = CARTESIAN_POINT('',(8.792615938729,-8.485265559417,
    69.830850060941));
#9073 = CARTESIAN_POINT('',(12.973760906267,-3.703892228055,
    70.63615317762));
#9074 = CARTESIAN_POINT('',(14.183826600788,3.364879713055,
    71.442330690821));
#9075 = CARTESIAN_POINT('',(11.039873868763,10.623102456137,
    72.246853070569));
#9076 = CARTESIAN_POINT('',(3.849230121267,14.829271972315,
    73.053614234554));
#9077 = CARTESIAN_POINT('',(-4.018120594173,14.012822560031,
    73.858175319876));
#9078 = CARTESIAN_POINT('',(-9.586947577206,9.493610134958,
    74.664294149954));
#9079 = CARTESIAN_POINT('',(-11.70551088932,3.505765155604,
    75.469652587408));
#9080 = CARTESIAN_POINT('',(-10.73088334171,-1.92560916184,
    76.275232303322));
#9081 = CARTESIAN_POINT('',(-9.756265678138,-7.356975867792,
    77.080851599976));
#9082 = CARTESIAN_POINT('',(-5.687835965727,-12.2346176264,
    77.886146844236));
#9083 = CARTESIAN_POINT('',(1.104616686022,-14.53557928749,
    78.692346203832));
#9084 = CARTESIAN_POINT('',(8.765291371108,-12.56578120004,
    79.496825546472));
#9085 = CARTESIAN_POINT('',(14.044555426416,-6.121639123427,
    80.303652027976));
#9086 = CARTESIAN_POINT('',(14.468864552485,1.776551738454,
    81.108134033836));
#9087 = CARTESIAN_POINT('',(10.876465345142,7.983797922031,
    81.914330346798));
#9088 = CARTESIAN_POINT('',(5.293742901712,11.012967549954,
    82.719627254058));
#9089 = CARTESIAN_POINT('',(-0.223218550807,10.90000359737,
    83.525246154489));
#9090 = CARTESIAN_POINT('',(-5.740189225516,10.787028273379,
    84.330824727529));
#9091 = CARTESIAN_POINT('',(-11.19420591782,7.531732841032,
    85.136189374637));
#9092 = CARTESIAN_POINT('',(-14.52943518464,1.182841964666,
    85.942289404505));
#9093 = CARTESIAN_POINT('',(-13.78225451909,-6.691652357534,
    86.746890864314));
#9094 = CARTESIAN_POINT('',(-8.243338746309,-12.91400536674,
    87.553586710147));
#9095 = CARTESIAN_POINT('',(-0.508736983329,-14.56864972761,
    88.35819083315));
#9096 = CARTESIAN_POINT('',(6.18404064463,-11.99149115234,
    89.164287816368));
#9097 = CARTESIAN_POINT('',(10.049261748954,-6.951382188816,
    89.969654126578));
#9098 = CARTESIAN_POINT('',(10.800722483252,-1.484662176019,
    90.775232303246));
#9099 = CARTESIAN_POINT('',(11.55219107701,3.982048214277,
    91.580850061203));
#9100 = CARTESIAN_POINT('',(9.190156337324,9.878173727316,92.38615317707
    ));
#9101 = CARTESIAN_POINT('',(3.441192749372,14.165505461463,
    93.192330691648));
#9102 = CARTESIAN_POINT('',(-4.453255740838,14.65938723649,
    93.996853069648));
#9103 = CARTESIAN_POINT('',(-11.46546416996,10.162037744316,
    94.803614235311));
#9104 = CARTESIAN_POINT('',(-14.30970489978,2.781516652602,
    95.608175319446));
#9105 = CARTESIAN_POINT('',(-12.81125168993,-4.23202402891,
    96.414294150078));
#9106 = CARTESIAN_POINT('',(-8.437850364275,-8.838102496386,
    97.21965258745));
#9107 = CARTESIAN_POINT('',(-3.155988764693,-10.43549533344,
    98.025232303247));
#9108 = CARTESIAN_POINT('',(2.125861761754,-12.03289401725,
    98.830850061212));
#9109 = CARTESIAN_POINT('',(8.318899826588,-10.62229708524,
    99.636153176997));
#9110 = CARTESIAN_POINT('',(13.452783436044,-5.614799225144,
    100.44233069186));
#9111 = CARTESIAN_POINT('',(15.175548533316,2.105195372666,
    101.24685306924));
#9112 = CARTESIAN_POINT('',(11.830519950536,9.734612342081,
    102.05361423583));
#9113 = CARTESIAN_POINT('',(4.985802597902,13.698403617159,
    102.85817531891));
#9114 = CARTESIAN_POINT('',(-2.175799485916,13.315558337711,
    103.66429415049));
#9115 = CARTESIAN_POINT('',(-7.409320180809,9.716550260391,
    104.46965258719));
#9116 = CARTESIAN_POINT('',(-9.813311655112,4.74960443589,
    105.27523230336));
#9117 = CARTESIAN_POINT('',(-12.21730717184,-0.217329537474,
    106.08085006076));
#9118 = CARTESIAN_POINT('',(-11.79288162562,-6.554787002913,
    106.886153178));
#9119 = CARTESIAN_POINT('',(-7.650150709544,-12.40880923585,
    107.69233069023));
#9120 = CARTESIAN_POINT('',(-0.294701892094,-15.31803745965,
    108.49685307121));
#9121 = CARTESIAN_POINT('',(7.764062050557,-13.2076954931,
    109.30361423407));
#9122 = CARTESIAN_POINT('',(12.749802175559,-7.067321535795,
    110.10817532006));
#9123 = CARTESIAN_POINT('',(13.491991747109,6.599953828174E-02,
    110.91429415003));
#9124 = CARTESIAN_POINT('',(10.755996441816,5.798095812322,
    111.71965258721));
#9125 = CARTESIAN_POINT('',(6.226269082847,8.949491675311,
    112.52523230349));
#9126 = CARTESIAN_POINT('',(1.696554094749,12.100889145184,
    113.33085159942));
#9127 = CARTESIAN_POINT('',(-4.62927370683,12.673088470471,
    114.13614684537));
#9128 = CARTESIAN_POINT('',(-11.05928863253,9.497124733555,
    114.94234620209));
#9129 = CARTESIAN_POINT('',(-15.08334606441,2.687352129453,
    115.74682554851));
#9130 = CARTESIAN_POINT('',(-14.25965291741,-5.602347844067,
    116.55365202608));
#9131 = CARTESIAN_POINT('',(-8.974820459474,-11.48724402301,
    117.35813403522));
#9132 = CARTESIAN_POINT('',(-2.045424750691,-13.33622005087,
    118.16433034599));
#9133 = CARTESIAN_POINT('',(4.044102531916,-11.53058553935,
    118.9696272544));
#9134 = CARTESIAN_POINT('',(7.86530580962,-7.549627107662,
    119.77524615439));
#9135 = CARTESIAN_POINT('',(11.686507567618,-3.568654114362,
    120.58082472771));
#9136 = CARTESIAN_POINT('',(13.241238280461,2.589759548597,
    121.38618937437));
#9137 = CARTESIAN_POINT('',(11.110257720183,9.437466571505,
    122.19228940481));
#9138 = CARTESIAN_POINT('',(5.013812871096,14.477238389892,
    122.99689086403));
#9139 = CARTESIAN_POINT('',(-3.302660039931,14.960501494224,
    123.80358671033));
#9140 = CARTESIAN_POINT('',(-9.941859644411,10.661322385881,
    124.60819083304));
#9141 = CARTESIAN_POINT('',(-12.85204178529,4.10648763541,
    125.41428781641));
#9142 = CARTESIAN_POINT('',(-12.02127061293,-2.190531644272,
    126.21965412654));
#9143 = CARTESIAN_POINT('',(-8.687078802066,-6.587449417187,
    127.02523230327));
#9144 = CARTESIAN_POINT('',(-5.352899352762,-10.98436594344,
    127.83085006114));
#9145 = CARTESIAN_POINT('',(0.486501761981,-13.48334549462,
    128.63615317711));
#9146 = CARTESIAN_POINT('',(7.583234242378,-12.44981569916,
    129.44233069168));
#9147 = CARTESIAN_POINT('',(13.514679455542,-7.216824790307,
    130.24685306947));
#9148 = CARTESIAN_POINT('',(15.292953263842,0.921661664438,
    131.05361423564));
#9149 = CARTESIAN_POINT('',(12.085318658351,8.151660084265,
    131.85817531901));
#9150 = CARTESIAN_POINT('',(6.066430056516,12.051415834545,
    132.66429415049));
#9151 = CARTESIAN_POINT('',(-0.283020996831,12.215943419135,
    133.46965258713));
#9152 = CARTESIAN_POINT('',(-5.14738845844,9.610630572238,
    134.27523230342));
#9153 = CARTESIAN_POINT('',(-10.01175222456,7.005329689089,
    135.08085006057));
#9154 = CARTESIAN_POINT('',(-13.39344877992,1.628747821788,
    135.8861531784));
#9155 = CARTESIAN_POINT('',(-13.48281700107,-5.542291786952,
    136.69233068958));
#9156 = CARTESIAN_POINT('',(-9.24213535157,-12.21933119931,
    137.49685307204));
#9157 = CARTESIAN_POINT('',(-1.482030483624,-15.2488512816,
    138.30361423319));
#9158 = CARTESIAN_POINT('',(6.160739263246,-13.21172891569,
    139.10817532082));
#9159 = CARTESIAN_POINT('',(10.954044166463,-7.876999024832,
    139.91429414948));
#9160 = CARTESIAN_POINT('',(12.109819122828,-1.631458035075,
    140.71965258753));
#9161 = CARTESIAN_POINT('',(10.297536721791,3.58058171266,
    141.52523230334));
#9162 = CARTESIAN_POINT('',(8.485265559423,8.792615938734,
    142.33085006093));
#9163 = CARTESIAN_POINT('',(3.703892228015,12.973760906264,
    143.13615317756));
#9164 = CARTESIAN_POINT('',(-3.364879712973,14.183826600765,
    143.94233069095));
#9165 = CARTESIAN_POINT('',(-10.62310245623,11.039873868837,
    144.74685307036));
#9166 = CARTESIAN_POINT('',(-14.82927197223,3.849230121158,
    145.55361423475));
#9167 = CARTESIAN_POINT('',(-14.01282256007,-4.018120594083,
    146.35817531975));
#9168 = CARTESIAN_POINT('',(-9.493610134942,-9.586947577244,
    147.16429414997));
#9169 = CARTESIAN_POINT('',(-3.505765155612,-11.70551088933,
    147.96965258744));
#9170 = CARTESIAN_POINT('',(1.925609161849,-10.73088334169,
    148.77523230326));
#9171 = CARTESIAN_POINT('',(7.356975867758,-9.756265678182,
    149.58085160014));
#9172 = CARTESIAN_POINT('',(12.234617626483,-5.687835965653,
    150.38614684389));
#9173 = CARTESIAN_POINT('',(14.535579287352,1.104616685948,
    151.19234620435));
#9174 = CARTESIAN_POINT('',(12.565781200219,8.765291371135,
    151.99682554587));
#9175 = CARTESIAN_POINT('',(6.121639123278,14.044555426448,
    152.80365202849));
#9176 = CARTESIAN_POINT('',(-1.77655173837,14.468864552432,
    153.6081340335));
#9177 = CARTESIAN_POINT('',(-7.983797922057,10.876465345175,
    154.41433034693));
#9178 = CARTESIAN_POINT('',(-11.01296754995,5.293742901709,
    155.21962725404));
#9179 = CARTESIAN_POINT('',(-10.90000359736,-0.223218550818,
    156.02524615445));
#9180 = CARTESIAN_POINT('',(-10.78702827331,-5.740189225573,
    156.83082472729));
#9181 = CARTESIAN_POINT('',(-7.531732841196,-11.19420591758,
    157.63618937537));
#9182 = CARTESIAN_POINT('',(-1.182841964472,-14.52943518518,
    158.44228940324));
#9183 = CARTESIAN_POINT('',(6.691652357434,-13.78225451831,
    159.24689086582));
#9184 = CARTESIAN_POINT('',(12.914005366698,-8.243338747072,
    160.05358670884));
#9185 = CARTESIAN_POINT('',(14.568649727735,-0.508736982827,
    160.85819083392));
#9186 = CARTESIAN_POINT('',(11.991491152272,6.184040644438,
    161.66428781614));
#9187 = CARTESIAN_POINT('',(6.951382188808,10.049261748961,
    162.46965412647));
#9188 = CARTESIAN_POINT('',(1.484662176064,10.800722483293,
    163.27523230342));
#9189 = CARTESIAN_POINT('',(-3.982048214425,11.552191076906,
    164.08085006065));
#9190 = CARTESIAN_POINT('',(-9.87817372698,9.190156337469,
    164.88615317817));
#9191 = CARTESIAN_POINT('',(-14.16550546202,3.441192749281,
    165.69233068998));
#9192 = CARTESIAN_POINT('',(-14.6593872358,-4.453255740905,
    166.49685307157));
#9193 = CARTESIAN_POINT('',(-10.16203774492,-11.46546416974,
    167.30361423356));
#9194 = CARTESIAN_POINT('',(-2.781516652213,-14.30970490004,
    168.10817532066));
#9195 = CARTESIAN_POINT('',(4.232024028738,-12.81125168975,
    168.91429414944));
#9196 = CARTESIAN_POINT('',(8.838102496432,-8.437850364344,
    169.71965258766));
#9197 = CARTESIAN_POINT('',(10.435495333437,-3.155988764686,
    170.52523230322));
#9198 = CARTESIAN_POINT('',(12.032893521782,2.125861565579,
    171.33085160034));
#9199 = CARTESIAN_POINT('',(10.622299124233,8.318900633824,
    172.13614684338));
#9200 = CARTESIAN_POINT('',(5.614794230764,13.452781458864,
    172.94234620521));
#9201 = CARTESIAN_POINT('',(-2.105186511278,15.175552041261,
    173.74682554474));
#9202 = CARTESIAN_POINT('',(-9.734624509714,11.830515133852,
    174.55365202965));
#9203 = CARTESIAN_POINT('',(-13.69839032507,4.985807859648,
    175.35813403256));
#9204 = CARTESIAN_POINT('',(-13.3155699913,-2.175804099032,
    176.16433034752));
#9205 = CARTESIAN_POINT('',(-9.716542104326,-7.409316952203,
    176.96962725377));
#9206 = CARTESIAN_POINT('',(-4.749608895256,-9.813313420372,
    177.77524615453));
#9207 = CARTESIAN_POINT('',(0.217337693602,-12.21730394322,
    178.58082472714));
#9208 = CARTESIAN_POINT('',(6.554775349126,-11.79288623868,
    179.38618937559));
#9209 = CARTESIAN_POINT('',(12.408822528279,-7.650145448057,
    180.19228940297));
#9210 = CARTESIAN_POINT('',(15.318025291617,-0.29470670825,
    180.9968908661));
#9211 = CARTESIAN_POINT('',(13.207704354844,7.764065557825,
    181.80358670858));
#9212 = CARTESIAN_POINT('',(7.067316541195,12.749800198975,
    182.60819083413));
#9213 = CARTESIAN_POINT('',(-6.599749918483E-02,13.491992553974,
    183.41428781599));
#9214 = CARTESIAN_POINT('',(-5.798096307831,10.755996245801,
    184.21965412655));
#9215 = CARTESIAN_POINT('',(-8.949491675303,6.226269082813,
    185.02523230338));
#9216 = CARTESIAN_POINT('',(-12.1008891452,1.696554094886,
    185.83085159985));
#9217 = CARTESIAN_POINT('',(-12.67308847048,-4.629273707155,
    186.63614684439));
#9218 = CARTESIAN_POINT('',(-9.497124733394,-11.059288632,
    187.44234620372));
#9219 = CARTESIAN_POINT('',(-2.687352129854,-15.08334606504,
    188.24682554644));
#9220 = CARTESIAN_POINT('',(5.602347844646,-14.25965291688,
    189.05365202813));
#9221 = CARTESIAN_POINT('',(11.487244022456,-8.97482045979,
    189.85813403362));
#9222 = CARTESIAN_POINT('',(13.336220051249,-2.045424750569,
    190.66433034697));
#9223 = CARTESIAN_POINT('',(11.530585539176,4.044102531892,
    191.46962725395));
#9224 = CARTESIAN_POINT('',(7.549627107715,7.865305809621,
    192.27524615454));
#9225 = CARTESIAN_POINT('',(3.568654114334,11.686507567588,
    193.08082472769));
#9226 = CARTESIAN_POINT('',(-2.589759548648,13.241238280616,
    193.88618937398));
#9227 = CARTESIAN_POINT('',(-9.437466571375,11.110257719777,
    194.69228940583));
#9228 = CARTESIAN_POINT('',(-14.47723839001,5.013812871791,
    195.49689086241));
#9229 = CARTESIAN_POINT('',(-14.96050149419,-3.302660040771,
    196.30358671225));
#9230 = CARTESIAN_POINT('',(-10.66132238582,-9.941859643654,
    197.10819083126));
#9231 = CARTESIAN_POINT('',(-4.10648763549,-12.85204178582,
    197.91428781775));
#9232 = CARTESIAN_POINT('',(2.190531644316,-12.02127061265,
    198.71965412575));
#9233 = CARTESIAN_POINT('',(6.587449417179,-8.687078802181,
    199.52523230362));
#9234 = CARTESIAN_POINT('',(10.984365427367,-5.352899219794,
    200.3308515989));
#9235 = CARTESIAN_POINT('',(13.483347618311,0.486501215626,
    201.13614684656));
#9236 = CARTESIAN_POINT('',(12.44981049744,7.583235579742,
    201.94234620018));
#9237 = CARTESIAN_POINT('',(7.21683401959,13.514677083672,
    202.74682555085));
#9238 = CARTESIAN_POINT('',(-0.921674337506,15.292956519807,
    203.55365202384));
#9239 = CARTESIAN_POINT('',(-8.151646239579,12.085315102059,
    204.35813403691));
#9240 = CARTESIAN_POINT('',(-12.05142797305,6.066433174182,
    205.16433034499));
#9241 = CARTESIAN_POINT('',(-12.21593492342,-0.283023178761,
    205.96962725485));
#9242 = CARTESIAN_POINT('',(-9.610635217421,-5.147387265446,
    206.77524615425));
#9243 = CARTESIAN_POINT('',(-7.005321193196,-10.01175440652,
    207.58082472785));
#9244 = CARTESIAN_POINT('',(-1.6287599609,-13.39344566228,
    208.38618937432));
#9245 = CARTESIAN_POINT('',(5.542305632783,-13.48282055705,
    209.19228940471));
#9246 = CARTESIAN_POINT('',(12.219318524801,-9.242132096446,
    209.9968908642));
#9247 = CARTESIAN_POINT('',(15.248860512166,-1.482032854187,
    210.80358671026));
#9248 = CARTESIAN_POINT('',(13.211723713199,6.160740599255,
    211.60819083294));
#9249 = CARTESIAN_POINT('',(7.877001148839,10.954043621083,
    212.41428781664));
#9250 = CARTESIAN_POINT('',(1.631457518916,12.109819255315,
    213.2196541263));
#9251 = CARTESIAN_POINT('',(-3.580581712648,10.29753672182,
    214.02523230343));
#9252 = CARTESIAN_POINT('',(-8.792615938768,8.485265559317,
    214.83085006066));
#9253 = CARTESIAN_POINT('',(-12.97376090618,3.703892228236,
    215.63615317802));
#9254 = CARTESIAN_POINT('',(-14.18382660091,-3.364879713301,
    216.44233069051));
#9255 = CARTESIAN_POINT('',(-11.03987386866,-10.62310245585,
    217.2468530705));
#9256 = CARTESIAN_POINT('',(-3.849230121259,-14.8292719726,
    218.05361423507));
#9257 = CARTESIAN_POINT('',(4.018120594048,-14.01282255978,
    218.85817531909));
#9258 = CARTESIAN_POINT('',(9.586947577379,-9.493610135138,
    219.66429415071));
#9259 = CARTESIAN_POINT('',(11.705510889184,-3.505765155499,
    220.46965258686));
#9260 = CARTESIAN_POINT('',(10.730883341792,1.925609161791,
    221.27523230361));
#9261 = CARTESIAN_POINT('',(9.756265677884,7.356975867982,
    222.08085159902));
#9262 = CARTESIAN_POINT('',(5.687835966166,12.2346176259,222.88614684617
    ));
#9263 = CARTESIAN_POINT('',(-1.104616686501,14.535579288431,
    223.69234620097));
#9264 = CARTESIAN_POINT('',(-8.765291370816,12.56578119878,
    224.49682554971));
#9265 = CARTESIAN_POINT('',(-14.04455542641,6.121639124675,
    225.30365202505));
#9266 = CARTESIAN_POINT('',(-14.46886455269,-1.776551739363,
    226.10813403596));
#9267 = CARTESIAN_POINT('',(-10.87646534491,-7.983797921542,
    226.91433034553));
#9268 = CARTESIAN_POINT('',(-5.293742901856,-11.01296755015,
    227.71962725466));
#9269 = CARTESIAN_POINT('',(0.223218550868,-10.9000035973,
    228.52524615426));
#9270 = CARTESIAN_POINT('',(5.740189225567,-10.78702827334,
    229.33082472736));
#9271 = CARTESIAN_POINT('',(11.194205917404,-7.531732841204,
    230.13618937571));
#9272 = CARTESIAN_POINT('',(14.529435185672,-1.182841964492,
    230.94228940233));
#9273 = CARTESIAN_POINT('',(13.782254517559,6.691652357588,
    231.74689086716));
#9274 = CARTESIAN_POINT('',(8.243338747846,12.914005366402,
    232.55358670745));
#9275 = CARTESIAN_POINT('',(0.508736982287,14.568649728053,
    233.35819083498));
#9276 = CARTESIAN_POINT('',(-6.184040644192,11.991491152063,
    234.16428781556));
#9277 = CARTESIAN_POINT('',(-10.04926174901,6.951382188879,
    234.96965412664));
#9278 = CARTESIAN_POINT('',(-10.8007224833,1.484662176071,
    235.77523230346));
#9279 = CARTESIAN_POINT('',(-11.5521906182,-3.98204794319,
    236.58085159969));
#9280 = CARTESIAN_POINT('',(-9.190158225099,-9.878174843186,
    237.38614684463));
#9281 = CARTESIAN_POINT('',(-3.441188125681,-14.16550272796,
    238.19234620343));
#9282 = CARTESIAN_POINT('',(4.453247537366,-14.65939208673,
    238.99682554674));
#9283 = CARTESIAN_POINT('',(11.465475434124,-10.1620310841,
    239.80365202784));
#9284 = CARTESIAN_POINT('',(14.309692594646,-2.781523928559,
    240.60813403389));
#9285 = CARTESIAN_POINT('',(12.8112624783,4.23203040813,241.41433034676)
  );
#9286 = CARTESIAN_POINT('',(8.437842813707,8.838098031653,
    242.21962725407));
#9287 = CARTESIAN_POINT('',(3.155992893031,10.435497774578,
    243.02524615448));
#9288 = CARTESIAN_POINT('',(3.,0.223221722725,11.025232303313));
#9289 = CARTESIAN_POINT('',(2.887034156674,1.74168475574,11.830726052947
    ));
#9290 = CARTESIAN_POINT('',(1.909112360472,3.196026008297,12.63653238444
    ));
#9291 = CARTESIAN_POINT('',(0.11045897896,4.021051463447,13.441469029109
    ));
#9292 = CARTESIAN_POINT('',(-2.048446790555,3.698045182,14.248055096808)
  );
#9293 = CARTESIAN_POINT('',(-3.680314642829,2.079771396977,
    15.052405044631));
#9294 = CARTESIAN_POINT('',(-4.021877472222,-7.595913897084E-02,
    15.858957732932));
#9295 = CARTESIAN_POINT('',(-3.212215040895,-1.88184853704,
    16.663946967845));
#9296 = CARTESIAN_POINT('',(-1.766262467701,-2.872032501696,
    17.46970130422));
#9297 = CARTESIAN_POINT('',(-0.248829902219,-2.997984592563,
    18.27523230332));
#9298 = CARTESIAN_POINT('',(1.268610082387,-3.123949498487,
    19.080726052924));
#9299 = CARTESIAN_POINT('',(2.858026653819,-2.385576638168,
    19.886532384489));
#9300 = CARTESIAN_POINT('',(3.954266056094,-0.738130080252,
    20.691469029034));
#9301 = CARTESIAN_POINT('',(3.972963787109,1.444725291668,
    21.498055096893));
#9302 = CARTESIAN_POINT('',(2.629894012215,3.309655936504,
    22.302405044562));
#9303 = CARTESIAN_POINT('',(0.554136294911,3.984244113919,
    23.108957732971));
#9304 = CARTESIAN_POINT('',(-1.356178717287,3.467053312541,
    23.913946967836));
#9305 = CARTESIAN_POINT('',(-2.560368691482,2.193801713762,
    24.719701304213));
#9306 = CARTESIAN_POINT('',(-2.922148854716,0.71475450915,25.52523230333
    ));
#9307 = CARTESIAN_POINT('',(-3.283942835858,-0.76429801853,
    26.330726052889));
#9308 = CARTESIAN_POINT('',(-2.803300101749,-2.449653197882,
    27.136532384571));
#9309 = CARTESIAN_POINT('',(-1.347625969264,-3.790113494975,
    27.941469028894));
#9310 = CARTESIAN_POINT('',(0.805429861335,-4.150054838286,
    28.748055097077));
#9311 = CARTESIAN_POINT('',(2.85750251691,-3.11525990873,29.552405044378
    ));
#9312 = CARTESIAN_POINT('',(3.848505442573,-1.170587054165,
    30.35895773311));
#9313 = CARTESIAN_POINT('',(3.636521225146,0.797115276634,
    31.163946967757));
#9314 = CARTESIAN_POINT('',(2.567322280821,2.185660106696,
    31.969701304244));
#9315 = CARTESIAN_POINT('',(1.163079487931,2.774360114014,
    32.775232303324));
#9316 = CARTESIAN_POINT('',(-0.241166400889,3.363074601808,
    33.580726052916));
#9317 = CARTESIAN_POINT('',(-1.980961150288,3.151997013257,
    34.386532384507));
#9318 = CARTESIAN_POINT('',(-3.532635760944,1.923938834309,
    35.191469029004));
#9319 = CARTESIAN_POINT('',(-4.224957766081,-0.146302074639,
    35.998055096937));
#9320 = CARTESIAN_POINT('',(-3.523917767374,-2.334987901937,
    36.802405044506));
#9321 = CARTESIAN_POINT('',(-1.758214075153,-3.618003794717,
    37.608957733032));
#9322 = CARTESIAN_POINT('',(0.218424212378,-3.716445916289,
    38.413946967779));
#9323 = CARTESIAN_POINT('',(1.757133316296,-2.877626852867,
    39.219701304255));
#9324 = CARTESIAN_POINT('',(2.558257419737,-1.582765589678,
    40.025232303306));
#9325 = CARTESIAN_POINT('',(3.359396276214,-0.287904065774,
    40.830724513951));
#9326 = CARTESIAN_POINT('',(3.423081435015,1.463493453387,
    41.636538717734));
#9327 = CARTESIAN_POINT('',(2.452877603064,3.188167449447,42.44145351624
    ));
#9328 = CARTESIAN_POINT('',(0.516428752593,4.195837723468,
    43.248082620745));
#9329 = CARTESIAN_POINT('',(-1.754978956412,3.845792014903,
    44.052367251338));
#9330 = CARTESIAN_POINT('',(-3.298413989137,2.302562297893,
    44.858999018904));
#9331 = CARTESIAN_POINT('',(-3.704860161075,0.365632672124,
    45.663910771014));
#9332 = CARTESIAN_POINT('',(-3.1170741512,-1.285331317445,
    46.469726637587));
#9333 = CARTESIAN_POINT('',(-1.963479050591,-2.279166724058,
    47.275218452132));
#9334 = CARTESIAN_POINT('',(-0.809883777931,-3.272989776531,
    48.080751386341));
#9335 = CARTESIAN_POINT('',(0.909984580897,-3.609890468286,
    48.886496187516));
#9336 = CARTESIAN_POINT('',(2.765207361079,-2.921404782822,
    49.691510315244));
#9337 = CARTESIAN_POINT('',(4.063382620844,-1.166455269384,
    50.498017303313));
#9338 = CARTESIAN_POINT('',(4.072996496877,1.131764494409,
    51.302432568767));
#9339 = CARTESIAN_POINT('',(2.790185274451,2.897602695057,
    52.108942219902));
#9340 = CARTESIAN_POINT('',(0.94071131393,3.602049088402,52.913953301247
    ));
#9341 = CARTESIAN_POINT('',(-0.781897522912,3.279769294159,
    53.719699765167));
#9342 = CARTESIAN_POINT('',(-1.943945924068,2.295844546514,
    54.525232303335));
#9343 = CARTESIAN_POINT('',(-3.106008666419,1.311923082534,
    55.330726052867));
#9344 = CARTESIAN_POINT('',(-3.707787445583,-0.334072609864,
    56.136532384613));
#9345 = CARTESIAN_POINT('',(-3.318025128066,-2.274151557681,
    56.941469028837));
#9346 = CARTESIAN_POINT('',(-1.787734584549,-3.830884686045,
    57.748055097139));
#9347 = CARTESIAN_POINT('',(0.480664266244,-4.199896045848,
    58.552405044312));
#9348 = CARTESIAN_POINT('',(2.425452499015,-3.209119562759,
    59.358957733179));
#9349 = CARTESIAN_POINT('',(3.41054007554,-1.492613740492,
    60.163946967695));
#9350 = CARTESIAN_POINT('',(3.361706132455,0.25920199568,60.969701304288
    ));
#9351 = CARTESIAN_POINT('',(2.571679031114,1.560863510512,61.7752323033)
  );
#9352 = CARTESIAN_POINT('',(1.781657936497,2.862538559973,
    62.580726053004));
#9353 = CARTESIAN_POINT('',(0.250066123921,3.714398899513,
    63.386532384312));
#9354 = CARTESIAN_POINT('',(-1.727099492497,3.632930415008,
    64.191469029306));
#9355 = CARTESIAN_POINT('',(-3.504056835025,2.365007001849,
    64.998055096587));
#9356 = CARTESIAN_POINT('',(-4.223380813724,0.182261999579,
    65.802405044815));
#9357 = CARTESIAN_POINT('',(-3.549034339755,-1.893574251879,
    66.608957732824));
#9358 = CARTESIAN_POINT('',(-2.007763200771,-3.135054435729,
    67.41394696788));
#9359 = CARTESIAN_POINT('',(-0.269875911443,-3.360866077072,
    68.219701304227));
#9360 = CARTESIAN_POINT('',(1.139347457105,-2.784190243051,
    69.025232303303));
#9361 = CARTESIAN_POINT('',(2.548583254017,-2.207522459097,
    69.830726052982));
#9362 = CARTESIAN_POINT('',(3.629549525031,-0.828047399758,
    70.636532384353));
#9363 = CARTESIAN_POINT('',(3.858380898296,1.137520505778,
    71.441469029269));
#9364 = CARTESIAN_POINT('',(2.884045097596,3.090947475586,72.24805509659
    ));
#9365 = CARTESIAN_POINT('',(0.840700370181,4.142871929223,73.05240504485
    ));
#9366 = CARTESIAN_POINT('',(-1.315069922287,3.801560112833,
    73.858957732775));
#9367 = CARTESIAN_POINT('',(-2.782373351057,2.473474867617,
    74.663946967917));
#9368 = CARTESIAN_POINT('',(-3.277270344795,0.792308577973,
    75.469701304211));
#9369 = CARTESIAN_POINT('',(-2.928145451007,-0.689776888027,
    76.275232303304));
#9370 = CARTESIAN_POINT('',(-2.579030804844,-2.171872970365,
    77.080724513944));
#9371 = CARTESIAN_POINT('',(-1.385637950141,-3.455330240365,
    77.886538717746));
#9372 = CARTESIAN_POINT('',(0.519928436518,-3.988821209605,
    78.691453516248));
#9373 = CARTESIAN_POINT('',(2.601735034053,-3.332075579987,
    79.49808262069));
#9374 = CARTESIAN_POINT('',(3.96034313371,-1.478428091853,
    80.302367251441));
#9375 = CARTESIAN_POINT('',(3.960488313801,0.704173483944,
    81.108999018788));
#9376 = CARTESIAN_POINT('',(2.878273085144,2.361190401348,
    81.913910771103));
#9377 = CARTESIAN_POINT('',(1.295237779129,3.112970760422,
    82.719726637537));
#9378 = CARTESIAN_POINT('',(-0.223224894642,3.000003597421,
    83.525218452151));
#9379 = CARTESIAN_POINT('',(-1.74167895439,2.887027577075,
    84.330751386372));
#9380 = CARTESIAN_POINT('',(-3.196034297395,1.909121761596,
    85.136496187361));
#9381 = CARTESIAN_POINT('',(-4.021042008949,0.110448256,85.941510315567)
  );
#9382 = CARTESIAN_POINT('',(-3.698053836624,-2.048436974667,
    86.748017302864));
#9383 = CARTESIAN_POINT('',(-2.079765094087,-3.680321791536,
    87.552432569228));
#9384 = CARTESIAN_POINT('',(7.595558662954E-02,-4.021873443095,
    88.358942219534));
#9385 = CARTESIAN_POINT('',(1.881849987285,-3.212216685845,
    89.163953301479));
#9386 = CARTESIAN_POINT('',(2.872032149308,-1.766262067961,
    89.969699765051));
#9387 = CARTESIAN_POINT('',(2.997984592546,-0.24882990223,
    90.775232303378));
#9388 = CARTESIAN_POINT('',(3.123949498555,1.268610082427,
    91.580726052719));
#9389 = CARTESIAN_POINT('',(2.385576638008,2.858026653752,
    92.386532384922));
#9390 = CARTESIAN_POINT('',(0.738130080508,3.95426605616,93.191469028386
    ));
#9391 = CARTESIAN_POINT('',(-1.444725291955,3.972963787082,
    93.998055097612));
#9392 = CARTESIAN_POINT('',(-3.30965593628,2.629894012201,
    94.802405043979));
#9393 = CARTESIAN_POINT('',(-3.984244114035,0.554136294934,
    95.608957733291));
#9394 = CARTESIAN_POINT('',(-3.467053312507,-1.35617871729,
    96.413946967751));
#9395 = CARTESIAN_POINT('',(-2.19380171376,-2.560368691496,
    97.21970130418));
#9396 = CARTESIAN_POINT('',(-0.714754509158,-2.9221488547,
    98.025232303379));
#9397 = CARTESIAN_POINT('',(0.764298018549,-3.28394283592,
    98.830726052701));
#9398 = CARTESIAN_POINT('',(2.449653197864,-2.803300101599,
    99.636532385024));
#9399 = CARTESIAN_POINT('',(3.790113494952,-1.347625969509,
    100.44146902811));
#9400 = CARTESIAN_POINT('',(4.15005483839,0.805429861619,101.24805509807
    ));
#9401 = CARTESIAN_POINT('',(3.115259908554,2.857502516674,
    102.05240504339));
#9402 = CARTESIAN_POINT('',(1.170587054348,3.848505442714,
    102.85895773385));
#9403 = CARTESIAN_POINT('',(-0.797115276764,3.636521225086,
    103.66394696731));
#9404 = CARTESIAN_POINT('',(-2.185660106632,2.56732228084,
    104.46970130444));
#9405 = CARTESIAN_POINT('',(-2.774360114036,1.163079487925,
    105.27523230326));
#9406 = CARTESIAN_POINT('',(-3.363074601711,-0.241166400859,
    106.08072605315));
#9407 = CARTESIAN_POINT('',(-3.151997013503,-1.980961150344,
    106.88653238393));
#9408 = CARTESIAN_POINT('',(-1.923938833886,-3.532635760899,
    107.69146902995));
#9409 = CARTESIAN_POINT('',(0.146302074129,-4.224957766069,
    108.49805509577));
#9410 = CARTESIAN_POINT('',(2.33498790237,-3.523917767439,
    109.30240504553));
#9411 = CARTESIAN_POINT('',(3.618003794469,-1.758214075101,
    110.10895773243));
#9412 = CARTESIAN_POINT('',(3.716445916374,0.218424212388,
    110.91394696791));
#9413 = CARTESIAN_POINT('',(2.87762685286,1.757133316237,111.71970130438
    ));
#9414 = CARTESIAN_POINT('',(1.582765589671,2.558257419797,
    112.52523230313));
#9415 = CARTESIAN_POINT('',(0.287904065774,3.359396276011,113.3307245145
    ));
#9416 = CARTESIAN_POINT('',(-1.463493453306,3.423081435453,
    114.13653871652));
#9417 = CARTESIAN_POINT('',(-3.188167449715,2.452877602406,
    114.94145351817));
#9418 = CARTESIAN_POINT('',(-4.195837722983,0.516428753296,
    115.74808261837));
#9419 = CARTESIAN_POINT('',(-3.845792015485,-1.75497895694,
    116.55236725359));
#9420 = CARTESIAN_POINT('',(-2.3025622974,-3.298413988874,
    117.35899901722));
#9421 = CARTESIAN_POINT('',(-0.365632672426,-3.704860161149,
    118.16391077197));
#9422 = CARTESIAN_POINT('',(1.285331317578,-3.117074151197,
    118.96972663717));
#9423 = CARTESIAN_POINT('',(2.279166724019,-1.963479050587,
    119.77521845224));
#9424 = CARTESIAN_POINT('',(3.272989776579,-0.809883777927,
    120.58075138618));
#9425 = CARTESIAN_POINT('',(3.609890468256,0.909984580859,
    121.38649618763));
#9426 = CARTESIAN_POINT('',(2.921404782815,2.765207361181,
    122.19151031524));
#9427 = CARTESIAN_POINT('',(1.166455269415,4.063382620675,
    122.99801730315));
#9428 = CARTESIAN_POINT('',(-1.131764494432,4.072996497067,
    123.80243256903));
#9429 = CARTESIAN_POINT('',(-2.89760269506,2.790185274298,
    124.60894221963));
#9430 = CARTESIAN_POINT('',(-3.602049088386,0.940711314018,
    125.41395330143));
#9431 = CARTESIAN_POINT('',(-3.27976929417,-0.781897522945,
    126.21969976508));
#9432 = CARTESIAN_POINT('',(-2.295844546513,-1.943945924064,
    127.02523230334));
#9433 = CARTESIAN_POINT('',(-1.311923082546,-3.106008666447,
    127.83072605276));
#9434 = CARTESIAN_POINT('',(0.334072609908,-3.707787445524,
    128.63653238489));
#9435 = CARTESIAN_POINT('',(2.274151557586,-3.318025128136,
    129.44146902832));
#9436 = CARTESIAN_POINT('',(3.830884686188,-1.787734584514,
    130.24805509781));
#9437 = CARTESIAN_POINT('',(4.199896045686,0.480664266267,
    131.05240504363));
#9438 = CARTESIAN_POINT('',(3.209119562904,2.425452498958,131.8589577337
    ));
#9439 = CARTESIAN_POINT('',(1.492613740386,3.410540075591,
    132.66394696734));
#9440 = CARTESIAN_POINT('',(-0.259201995615,3.361706132426,
    133.46970130448));
#9441 = CARTESIAN_POINT('',(-1.560863510546,2.571679031126,
    134.2752323032));
#9442 = CARTESIAN_POINT('',(-2.862538559852,1.781657936443,
    135.08072605335));
#9443 = CARTESIAN_POINT('',(-3.71439889977,0.250066124088,
    135.88653238351));
#9444 = CARTESIAN_POINT('',(-3.632930414639,-1.727099492842,
    136.69146903062));
#9445 = CARTESIAN_POINT('',(-2.365007002209,-3.504056834524,
    137.49805509492));
#9446 = CARTESIAN_POINT('',(-0.182261999355,-4.223380814244,
    138.30240504641));
#9447 = CARTESIAN_POINT('',(1.893574251811,-3.549034339377,
    139.10895773168));
#9448 = CARTESIAN_POINT('',(3.135054435717,-2.007763200954,
    139.91394696845));
#9449 = CARTESIAN_POINT('',(3.360866077088,-0.269875911396,
    140.71970130406));
#9450 = CARTESIAN_POINT('',(2.784190243054,1.139347457112,
    141.52523230328));
#9451 = CARTESIAN_POINT('',(2.207522459093,2.548583254021,
    142.33072605298));
#9452 = CARTESIAN_POINT('',(0.828047399754,3.629549524997,
    143.13653238442));
#9453 = CARTESIAN_POINT('',(-1.137520505745,3.858380898369,
    143.94146902906));
#9454 = CARTESIAN_POINT('',(-3.090947475659,2.884045097504,
    144.7480550969));
#9455 = CARTESIAN_POINT('',(-4.142871929129,0.840700370256,
    145.55240504451));
#9456 = CARTESIAN_POINT('',(-3.801560112904,-1.315069922329,
    146.358957733));
#9457 = CARTESIAN_POINT('',(-2.473474867592,-2.782373351038,
    147.16394696783));
#9458 = CARTESIAN_POINT('',(-0.792308577965,-3.277270344808,
    147.96970130418));
#9459 = CARTESIAN_POINT('',(0.689776888012,-2.928145450996,
    148.77523230335));
#9460 = CARTESIAN_POINT('',(2.17187297041,-2.579030804888,
    149.58072451377));
#9461 = CARTESIAN_POINT('',(3.455330240286,-1.385637950033,
    150.38653871812));
#9462 = CARTESIAN_POINT('',(3.988821209688,0.519928436341,
    151.19145351565));
#9463 = CARTESIAN_POINT('',(3.332075579947,2.601735034255,
    151.99808262137));
#9464 = CARTESIAN_POINT('',(1.478428091832,3.96034313355,152.80236725085
    ));
#9465 = CARTESIAN_POINT('',(-0.704173483897,3.960488313884,
    153.60899901914));
#9466 = CARTESIAN_POINT('',(-2.361190401381,2.87827308512,
    154.41391077096));
#9467 = CARTESIAN_POINT('',(-3.112970760417,1.295237779127,
    155.21972663754));
#9468 = CARTESIAN_POINT('',(-3.000003597412,-0.223224894636,
    156.02521845218));
#9469 = CARTESIAN_POINT('',(-2.887027576985,-1.741678954319,
    156.83075138662));
#9470 = CARTESIAN_POINT('',(-1.909121761935,-3.19603429757,
    157.63649618652));
#9471 = CARTESIAN_POINT('',(-0.110448255326,-4.021042008739,
    158.44151031707));
#9472 = CARTESIAN_POINT('',(2.048436973786,-3.698053836748,
    159.24801730097));
#9473 = CARTESIAN_POINT('',(3.680321792322,-2.079765094098,
    160.05243257093));
#9474 = CARTESIAN_POINT('',(4.021873442632,7.595558670095E-02,
    160.85894221847));
#9475 = CARTESIAN_POINT('',(3.212216685995,1.881849987252,
    161.66395330184));
#9476 = CARTESIAN_POINT('',(1.766262067969,2.872032149277,
    162.46969976511));
#9477 = CARTESIAN_POINT('',(0.248829902193,2.9979845926,163.27523230319)
  );
#9478 = CARTESIAN_POINT('',(-1.268610082331,3.123949498372,
    164.08072605326));
#9479 = CARTESIAN_POINT('',(-2.858026653887,2.385576638423,
    164.8865323838));
#9480 = CARTESIAN_POINT('',(-3.954266056075,0.738130079841,
    165.69146903009));
#9481 = CARTESIAN_POINT('',(-3.972963787023,-1.444725291186,
    166.49805509561));
#9482 = CARTESIAN_POINT('',(-2.629894012397,-3.309655936916,
    167.30240504579));
#9483 = CARTESIAN_POINT('',(-0.554136294706,-3.984244113665,
    168.10895773202));
#9484 = CARTESIAN_POINT('',(1.356178717135,-3.467053312653,
    168.9139469684));
#9485 = CARTESIAN_POINT('',(2.560368691558,-2.193801713725,
    169.71970130396));
#9486 = CARTESIAN_POINT('',(2.922148854693,-0.71475450916,
    170.52523230339));
#9487 = CARTESIAN_POINT('',(3.283942968515,0.764297502415,
    171.33072451356));
#9488 = CARTESIAN_POINT('',(2.80329955601,2.449655321888,172.13653871865
    ));
#9489 = CARTESIAN_POINT('',(1.347627305792,3.790108292296,172.9414535147
    ));
#9490 = CARTESIAN_POINT('',(-0.805432232426,4.150064069312,
    173.74808262264));
#9491 = CARTESIAN_POINT('',(-2.857499261415,3.115247233507,
    174.55236724953));
#9492 = CARTESIAN_POINT('',(-3.848508998732,1.170600900748,
    175.3589990202));
#9493 = CARTESIAN_POINT('',(-3.636518107439,-0.797127416351,
    176.16391077031));
#9494 = CARTESIAN_POINT('',(-2.567324462803,-2.185651610425,
    176.96972663782));
#9495 = CARTESIAN_POINT('',(-1.163078294922,-2.774364759379,
    177.77521845211));
#9496 = CARTESIAN_POINT('',(0.241164218889,-3.363066105416,
    178.58075138677));
#9497 = CARTESIAN_POINT('',(1.980964267925,-3.152009153355,
    179.3864961863));
#9498 = CARTESIAN_POINT('',(3.532632205159,-1.923924987038,
    180.19151031736));
#9499 = CARTESIAN_POINT('',(4.224961020782,0.146289398575,
    180.99801730066));
#9500 = CARTESIAN_POINT('',(3.523915397315,2.334997133688,
    181.80243257121));
#9501 = CARTESIAN_POINT('',(1.758215410791,3.617998591597,
    182.60894221824));
#9502 = CARTESIAN_POINT('',(-0.21842475761,3.716448040482,
    183.41395330199));
#9503 = CARTESIAN_POINT('',(-1.757133183802,2.877626336701,
    184.21969976503));
#9504 = CARTESIAN_POINT('',(-2.558257419761,1.582765589675,
    185.02523230323));
#9505 = CARTESIAN_POINT('',(-3.359396276166,0.28790406577,
    185.83072451407));
#9506 = CARTESIAN_POINT('',(-3.423081435086,-1.463493453362,
    186.63653871757));
#9507 = CARTESIAN_POINT('',(-2.452877602991,-3.188167449495,
    187.44145351636));
#9508 = CARTESIAN_POINT('',(-0.516428752641,-4.195837723422,
    188.24808262072));
#9509 = CARTESIAN_POINT('',(1.754978956425,-3.845792014917,
    189.05236725124));
#9510 = CARTESIAN_POINT('',(3.298413989146,-2.302562297914,
    189.85899901904));
#9511 = CARTESIAN_POINT('',(3.704860161066,-0.365632672092,
    190.66391077089));
#9512 = CARTESIAN_POINT('',(3.117074151203,1.285331317422,
    191.46972663765));
#9513 = CARTESIAN_POINT('',(1.963479050592,2.279166724068,
    192.27521845209));
#9514 = CARTESIAN_POINT('',(0.809883777956,3.27298977657,193.08075138619
    ));
#9515 = CARTESIAN_POINT('',(-0.909984581024,3.609890468159,
    193.8864961881));
#9516 = CARTESIAN_POINT('',(-2.765207360762,2.921404783008,
    194.69151031405));
#9517 = CARTESIAN_POINT('',(-4.063382621361,1.166455269245,
    195.49801730499));
#9518 = CARTESIAN_POINT('',(-4.072996496265,-1.131764494399,
    196.30243256693));
#9519 = CARTESIAN_POINT('',(-2.790185275008,-2.897602694964,
    197.10894222151));
#9520 = CARTESIAN_POINT('',(-0.940711313525,-3.602049088509,
    197.91395330008));
#9521 = CARTESIAN_POINT('',(0.781897522672,-3.279769294095,
    198.71969976585));
#9522 = CARTESIAN_POINT('',(1.943945924181,-2.295844546536,
    199.52523230301));
#9523 = CARTESIAN_POINT('',(3.106008469856,-1.311923577897,
    200.33072451504));
#9524 = CARTESIAN_POINT('',(3.707788253645,0.334074648448,
    201.13653871524));
#9525 = CARTESIAN_POINT('',(3.318023149703,2.274146564258,
    201.94145352031));
#9526 = CARTESIAN_POINT('',(1.787738093673,3.83089354594,202.74808261568
    ));
#9527 = CARTESIAN_POINT('',(-0.480669083728,4.199883879844,
    203.5523672562));
#9528 = CARTESIAN_POINT('',(-2.425447236933,3.209132853572,
    204.35899901527));
#9529 = CARTESIAN_POINT('',(-3.410544688719,1.492602087607,
    205.1639107731));
#9530 = CARTESIAN_POINT('',(-3.36170290385,-0.259193839882,
    205.96972663669));
#9531 = CARTESIAN_POINT('',(-2.571680796387,-1.560867969828,
    206.77521845238));
#9532 = CARTESIAN_POINT('',(-1.781654707824,-2.862530403963,
    207.58075138605));
#9533 = CARTESIAN_POINT('',(-0.250070737223,-3.714410553081,
    208.38649618765));
#9534 = CARTESIAN_POINT('',(1.727104754573,-3.632917122911,
    209.19151031542));
#9535 = CARTESIAN_POINT('',(3.50405201795,-2.365019169498,
    209.99801730286));
#9536 = CARTESIAN_POINT('',(4.223384321972,-0.182253138198,
    210.80243256924));
#9537 = CARTESIAN_POINT('',(3.549032362444,1.893569257512,
    211.60894221963));
#9538 = CARTESIAN_POINT('',(2.007764008002,3.135056474728,
    212.41395330125));
#9539 = CARTESIAN_POINT('',(0.26987571532,3.360865581579,213.2196997653)
  );
#9540 = CARTESIAN_POINT('',(-1.13934745714,2.78419024307,214.02523230319
    ));
#9541 = CARTESIAN_POINT('',(-2.54858325391,2.207522459038,
    214.83072605325));
#9542 = CARTESIAN_POINT('',(-3.629549525234,0.828047399886,
    215.63653238394));
#9543 = CARTESIAN_POINT('',(-3.858380898015,-1.137520505962,
    216.44146902958));
#9544 = CARTESIAN_POINT('',(-2.884045097914,-3.09094747543,
    217.24805509663));
#9545 = CARTESIAN_POINT('',(-0.840700369867,-4.142871929251,
    218.05240504435));
#9546 = CARTESIAN_POINT('',(1.315069922013,-3.801560112945,
    218.85895773353));
#9547 = CARTESIAN_POINT('',(2.782373351262,-2.473474867448,
    219.66394696717));
#9548 = CARTESIAN_POINT('',(3.277270344668,-0.792308578113,
    220.46970130473));
#9549 = CARTESIAN_POINT('',(2.92814545107,0.689776888106,221.27523230302
    ));
#9550 = CARTESIAN_POINT('',(2.579030804595,2.171872970109,
    222.08072451493));
#9551 = CARTESIAN_POINT('',(1.385637950774,3.455330240816,
    222.88653871562));
#9552 = CARTESIAN_POINT('',(-0.519928437634,3.988821209106,
    223.69145351953));
#9553 = CARTESIAN_POINT('',(-2.601735032647,3.332075580298,
    224.49808261683));
#9554 = CARTESIAN_POINT('',(-3.960343134995,1.478428091844,
    225.30236725496));
#9555 = CARTESIAN_POINT('',(-3.960488312942,-0.70417348414,
    226.10899901624));
#9556 = CARTESIAN_POINT('',(-2.878273085568,-2.361190401128,
    226.91391077256));
#9557 = CARTESIAN_POINT('',(-1.29523777897,-3.112970760564,
    227.71972663687));
#9558 = CARTESIAN_POINT('',(0.223224894594,-3.00000359736,
    228.52521845239));
#9559 = CARTESIAN_POINT('',(1.741678954325,-2.88702757697,
    229.33075138657));
#9560 = CARTESIAN_POINT('',(3.196034297623,-1.90912176217,
    230.13649618607));
#9561 = CARTESIAN_POINT('',(4.021042008693,-0.110448254769,
    230.94151031825));
#9562 = CARTESIAN_POINT('',(3.698053836673,2.048436973016,
    231.74801729923));
#9563 = CARTESIAN_POINT('',(2.079765094323,3.680321793029,
    232.55243257273));
#9564 = CARTESIAN_POINT('',(-7.595558697077E-02,4.021873442193,
    233.35894221712));
#9565 = CARTESIAN_POINT('',(-1.881849987069,3.212216686169,
    234.16395330254));
#9566 = CARTESIAN_POINT('',(-2.872032149338,1.766262067936,
    234.96969976492));
#9567 = CARTESIAN_POINT('',(-2.99798459261,0.248829902185,
    235.77523230316));
#9568 = CARTESIAN_POINT('',(-3.123949710036,-1.268609593271,
    236.58072451424));
#9569 = CARTESIAN_POINT('',(-2.385575767351,-2.858028666433,
    237.38653871727));
#9570 = CARTESIAN_POINT('',(-0.738132213463,-3.954261126509,
    238.19145351676));
#9571 = CARTESIAN_POINT('',(1.444729076775,-3.972972533428,
    238.99808262027));
#9572 = CARTESIAN_POINT('',(3.309650738935,-2.629882002594,
    239.80236725168));
#9573 = CARTESIAN_POINT('',(3.984249791982,-0.554149414427,
    240.60899901867));
#9574 = CARTESIAN_POINT('',(3.467048334303,1.356190219634,
    241.41391077114));
#9575 = CARTESIAN_POINT('',(2.193805197951,2.560360641234,
    242.21972663752));
#9576 = CARTESIAN_POINT('',(0.714752604141,2.922153256247,
    243.02521845215));
#9577 = DEFINITIONAL_REPRESENTATION('',(#9578),#9581);
#9578 = B_SPLINE_CURVE_WITH_KNOTS('',1,(#9579,#9580),.UNSPECIFIED.,.F.,
  .F.,(2,2),(0.,273.99427638432),.PIECEWISE_BEZIER_KNOTS.);
#9579 = CARTESIAN_POINT('',(0.,0.));
#9580 = CARTESIAN_POINT('',(0.,273.99427638432));
#9581 = ( GEOMETRIC_REPRESENTATION_CONTEXT(2) 
PARAMETRIC_REPRESENTATION_CONTEXT() REPRESENTATION_CONTEXT('2D SPACE',''
  ) );
#9582 = ORIENTED_EDGE('',*,*,#9583,.F.);
#9583 = EDGE_CURVE('',#7761,#8697,#9584,.T.);
#9584 = SURFACE_CURVE('',#9585,(#9588,#9595),.PCURVE_S1.);
#9585 = B_SPLINE_CURVE_WITH_KNOTS('',1,(#9586,#9587),.UNSPECIFIED.,.F.,
  .F.,(2,2),(0.,2.),.PIECEWISE_BEZIER_KNOTS.);
#9586 = CARTESIAN_POINT('',(3.58058361767,10.297532320256,
    244.97478154784));
#9587 = CARTESIAN_POINT('',(3.155992893031,10.435497774578,
    243.02524615448));
#9588 = PCURVE('',#8062,#9589);
#9589 = DEFINITIONAL_REPRESENTATION('',(#9590),#9594);
#9590 = LINE('',#9591,#9592);
#9591 = CARTESIAN_POINT('',(0.,273.99427638432));
#9592 = VECTOR('',#9593,1.);
#9593 = DIRECTION('',(1.,0.));
#9594 = ( GEOMETRIC_REPRESENTATION_CONTEXT(2) 
PARAMETRIC_REPRESENTATION_CONTEXT() REPRESENTATION_CONTEXT('2D SPACE',''
  ) );
#9595 = PCURVE('',#8660,#9596);
#9596 = DEFINITIONAL_REPRESENTATION('',(#9597),#9600);
#9597 = B_SPLINE_CURVE_WITH_KNOTS('',1,(#9598,#9599),.UNSPECIFIED.,.F.,
  .F.,(2,2),(0.,2.),.PIECEWISE_BEZIER_KNOTS.);
#9598 = CARTESIAN_POINT('',(-3.94999640258,1.000014209703));
#9599 = CARTESIAN_POINT('',(-3.950003597369,-0.999985790284));
#9600 = ( GEOMETRIC_REPRESENTATION_CONTEXT(2) 
PARAMETRIC_REPRESENTATION_CONTEXT() REPRESENTATION_CONTEXT('2D SPACE',''
  ) );
#9601 = ADVANCED_FACE('',(#9602),#8998,.T.);
#9602 = FACE_BOUND('',#9603,.T.);
#9603 = EDGE_LOOP('',(#9604,#9605,#9626,#9934));
#9604 = ORIENTED_EDGE('',*,*,#8696,.F.);
#9605 = ORIENTED_EDGE('',*,*,#9606,.T.);
#9606 = EDGE_CURVE('',#8676,#9607,#9609,.T.);
#9607 = VERTEX_POINT('',#9608);
#9608 = CARTESIAN_POINT('',(3.,0.223221722725,11.025232303313));
#9609 = SURFACE_CURVE('',#9610,(#9613,#9620),.PCURVE_S1.);
#9610 = B_SPLINE_CURVE_WITH_KNOTS('',1,(#9611,#9612),.UNSPECIFIED.,.F.,
  .F.,(2,2),(0.,7.9),.PIECEWISE_BEZIER_KNOTS.);
#9611 = CARTESIAN_POINT('',(10.9,0.223221722725,11.025232303313));
#9612 = CARTESIAN_POINT('',(3.,0.223221722725,11.025232303313));
#9613 = PCURVE('',#8998,#9614);
#9614 = DEFINITIONAL_REPRESENTATION('',(#9615),#9619);
#9615 = LINE('',#9616,#9617);
#9616 = CARTESIAN_POINT('',(0.,0.));
#9617 = VECTOR('',#9618,1.);
#9618 = DIRECTION('',(1.,0.));
#9619 = ( GEOMETRIC_REPRESENTATION_CONTEXT(2) 
PARAMETRIC_REPRESENTATION_CONTEXT() REPRESENTATION_CONTEXT('2D SPACE',''
  ) );
#9620 = PCURVE('',#7749,#9621);
#9621 = DEFINITIONAL_REPRESENTATION('',(#9622),#9625);
#9622 = B_SPLINE_CURVE_WITH_KNOTS('',1,(#9623,#9624),.UNSPECIFIED.,.F.,
  .F.,(2,2),(0.,7.9),.PIECEWISE_BEZIER_KNOTS.);
#9623 = CARTESIAN_POINT('',(-1.,3.95));
#9624 = CARTESIAN_POINT('',(-1.,-3.95));
#9625 = ( GEOMETRIC_REPRESENTATION_CONTEXT(2) 
PARAMETRIC_REPRESENTATION_CONTEXT() REPRESENTATION_CONTEXT('2D SPACE',''
  ) );
#9626 = ORIENTED_EDGE('',*,*,#9627,.T.);
#9627 = EDGE_CURVE('',#9607,#9628,#9630,.T.);
#9628 = VERTEX_POINT('',#9629);
#9629 = CARTESIAN_POINT('',(0.714752604141,2.922153256247,
    243.02521845215));
#9630 = SURFACE_CURVE('',#9631,(#9921,#9928),.PCURVE_S1.);
#9631 = B_SPLINE_CURVE_WITH_KNOTS('',9,(#9632,#9633,#9634,#9635,#9636,
    #9637,#9638,#9639,#9640,#9641,#9642,#9643,#9644,#9645,#9646,#9647,
    #9648,#9649,#9650,#9651,#9652,#9653,#9654,#9655,#9656,#9657,#9658,
    #9659,#9660,#9661,#9662,#9663,#9664,#9665,#9666,#9667,#9668,#9669,
    #9670,#9671,#9672,#9673,#9674,#9675,#9676,#9677,#9678,#9679,#9680,
    #9681,#9682,#9683,#9684,#9685,#9686,#9687,#9688,#9689,#9690,#9691,
    #9692,#9693,#9694,#9695,#9696,#9697,#9698,#9699,#9700,#9701,#9702,
    #9703,#9704,#9705,#9706,#9707,#9708,#9709,#9710,#9711,#9712,#9713,
    #9714,#9715,#9716,#9717,#9718,#9719,#9720,#9721,#9722,#9723,#9724,
    #9725,#9726,#9727,#9728,#9729,#9730,#9731,#9732,#9733,#9734,#9735,
    #9736,#9737,#9738,#9739,#9740,#9741,#9742,#9743,#9744,#9745,#9746,
    #9747,#9748,#9749,#9750,#9751,#9752,#9753,#9754,#9755,#9756,#9757,
    #9758,#9759,#9760,#9761,#9762,#9763,#9764,#9765,#9766,#9767,#9768,
    #9769,#9770,#9771,#9772,#9773,#9774,#9775,#9776,#9777,#9778,#9779,
    #9780,#9781,#9782,#9783,#9784,#9785,#9786,#9787,#9788,#9789,#9790,
    #9791,#9792,#9793,#9794,#9795,#9796,#9797,#9798,#9799,#9800,#9801,
    #9802,#9803,#9804,#9805,#9806,#9807,#9808,#9809,#9810,#9811,#9812,
    #9813,#9814,#9815,#9816,#9817,#9818,#9819,#9820,#9821,#9822,#9823,
    #9824,#9825,#9826,#9827,#9828,#9829,#9830,#9831,#9832,#9833,#9834,
    #9835,#9836,#9837,#9838,#9839,#9840,#9841,#9842,#9843,#9844,#9845,
    #9846,#9847,#9848,#9849,#9850,#9851,#9852,#9853,#9854,#9855,#9856,
    #9857,#9858,#9859,#9860,#9861,#9862,#9863,#9864,#9865,#9866,#9867,
    #9868,#9869,#9870,#9871,#9872,#9873,#9874,#9875,#9876,#9877,#9878,
    #9879,#9880,#9881,#9882,#9883,#9884,#9885,#9886,#9887,#9888,#9889,
    #9890,#9891,#9892,#9893,#9894,#9895,#9896,#9897,#9898,#9899,#9900,
    #9901,#9902,#9903,#9904,#9905,#9906,#9907,#9908,#9909,#9910,#9911,
    #9912,#9913,#9914,#9915,#9916,#9917,#9918,#9919,#9920),
  .UNSPECIFIED.,.F.,.F.,(10,9,9,9,9,9,9,9,9,9,9,9,9,9,9,9,9,9,9,9,9,9,9,
    9,9,9,9,9,9,9,9,9,10),(0.,8.56232113701,17.12464227402,
    25.68696341103,34.24928454804,42.811605685051,51.373926822061,
    59.936247959071,68.498569096081,77.060890233091,85.623211370101,
    94.185532507111,102.74785364412,111.31017478113,119.87249591814,
    128.43481705515,136.99713819216,145.55945932917,154.12178046618,
    162.68410160319,171.2464227402,179.80874387721,188.37106501422,
    196.93338615123,205.49570728824,214.05802842525,222.62034956226,
    231.18267069927,239.74499183628,248.30731297329,256.8696341103,
    265.43195524731,273.99427638432),.PIECEWISE_BEZIER_KNOTS.);
#9632 = CARTESIAN_POINT('',(3.,0.223221722725,11.025232303313));
#9633 = CARTESIAN_POINT('',(2.887034156674,1.74168475574,11.830726052947
    ));
#9634 = CARTESIAN_POINT('',(1.909112360472,3.196026008297,12.63653238444
    ));
#9635 = CARTESIAN_POINT('',(0.11045897896,4.021051463447,13.441469029109
    ));
#9636 = CARTESIAN_POINT('',(-2.048446790555,3.698045182,14.248055096808)
  );
#9637 = CARTESIAN_POINT('',(-3.680314642829,2.079771396977,
    15.052405044631));
#9638 = CARTESIAN_POINT('',(-4.021877472222,-7.595913897084E-02,
    15.858957732932));
#9639 = CARTESIAN_POINT('',(-3.212215040895,-1.88184853704,
    16.663946967845));
#9640 = CARTESIAN_POINT('',(-1.766262467701,-2.872032501696,
    17.46970130422));
#9641 = CARTESIAN_POINT('',(-0.248829902219,-2.997984592563,
    18.27523230332));
#9642 = CARTESIAN_POINT('',(1.268610082387,-3.123949498487,
    19.080726052924));
#9643 = CARTESIAN_POINT('',(2.858026653819,-2.385576638168,
    19.886532384489));
#9644 = CARTESIAN_POINT('',(3.954266056094,-0.738130080252,
    20.691469029034));
#9645 = CARTESIAN_POINT('',(3.972963787109,1.444725291668,
    21.498055096893));
#9646 = CARTESIAN_POINT('',(2.629894012215,3.309655936504,
    22.302405044562));
#9647 = CARTESIAN_POINT('',(0.554136294911,3.984244113919,
    23.108957732971));
#9648 = CARTESIAN_POINT('',(-1.356178717287,3.467053312541,
    23.913946967836));
#9649 = CARTESIAN_POINT('',(-2.560368691482,2.193801713762,
    24.719701304213));
#9650 = CARTESIAN_POINT('',(-2.922148854716,0.71475450915,25.52523230333
    ));
#9651 = CARTESIAN_POINT('',(-3.283942835858,-0.76429801853,
    26.330726052889));
#9652 = CARTESIAN_POINT('',(-2.803300101749,-2.449653197882,
    27.136532384571));
#9653 = CARTESIAN_POINT('',(-1.347625969264,-3.790113494975,
    27.941469028894));
#9654 = CARTESIAN_POINT('',(0.805429861335,-4.150054838286,
    28.748055097077));
#9655 = CARTESIAN_POINT('',(2.85750251691,-3.11525990873,29.552405044378
    ));
#9656 = CARTESIAN_POINT('',(3.848505442573,-1.170587054165,
    30.35895773311));
#9657 = CARTESIAN_POINT('',(3.636521225146,0.797115276634,
    31.163946967757));
#9658 = CARTESIAN_POINT('',(2.567322280821,2.185660106696,
    31.969701304244));
#9659 = CARTESIAN_POINT('',(1.163079487931,2.774360114014,
    32.775232303324));
#9660 = CARTESIAN_POINT('',(-0.241166400889,3.363074601808,
    33.580726052916));
#9661 = CARTESIAN_POINT('',(-1.980961150288,3.151997013257,
    34.386532384507));
#9662 = CARTESIAN_POINT('',(-3.532635760944,1.923938834309,
    35.191469029004));
#9663 = CARTESIAN_POINT('',(-4.224957766081,-0.146302074639,
    35.998055096937));
#9664 = CARTESIAN_POINT('',(-3.523917767374,-2.334987901937,
    36.802405044506));
#9665 = CARTESIAN_POINT('',(-1.758214075153,-3.618003794717,
    37.608957733032));
#9666 = CARTESIAN_POINT('',(0.218424212378,-3.716445916289,
    38.413946967779));
#9667 = CARTESIAN_POINT('',(1.757133316296,-2.877626852867,
    39.219701304255));
#9668 = CARTESIAN_POINT('',(2.558257419737,-1.582765589678,
    40.025232303306));
#9669 = CARTESIAN_POINT('',(3.359396276214,-0.287904065774,
    40.830724513951));
#9670 = CARTESIAN_POINT('',(3.423081435015,1.463493453387,
    41.636538717734));
#9671 = CARTESIAN_POINT('',(2.452877603064,3.188167449447,42.44145351624
    ));
#9672 = CARTESIAN_POINT('',(0.516428752593,4.195837723468,
    43.248082620745));
#9673 = CARTESIAN_POINT('',(-1.754978956412,3.845792014903,
    44.052367251338));
#9674 = CARTESIAN_POINT('',(-3.298413989137,2.302562297893,
    44.858999018904));
#9675 = CARTESIAN_POINT('',(-3.704860161075,0.365632672124,
    45.663910771014));
#9676 = CARTESIAN_POINT('',(-3.1170741512,-1.285331317445,
    46.469726637587));
#9677 = CARTESIAN_POINT('',(-1.963479050591,-2.279166724058,
    47.275218452132));
#9678 = CARTESIAN_POINT('',(-0.809883777931,-3.272989776531,
    48.080751386341));
#9679 = CARTESIAN_POINT('',(0.909984580897,-3.609890468286,
    48.886496187516));
#9680 = CARTESIAN_POINT('',(2.765207361079,-2.921404782822,
    49.691510315244));
#9681 = CARTESIAN_POINT('',(4.063382620844,-1.166455269384,
    50.498017303313));
#9682 = CARTESIAN_POINT('',(4.072996496877,1.131764494409,
    51.302432568767));
#9683 = CARTESIAN_POINT('',(2.790185274451,2.897602695057,
    52.108942219902));
#9684 = CARTESIAN_POINT('',(0.94071131393,3.602049088402,52.913953301247
    ));
#9685 = CARTESIAN_POINT('',(-0.781897522912,3.279769294159,
    53.719699765167));
#9686 = CARTESIAN_POINT('',(-1.943945924068,2.295844546514,
    54.525232303335));
#9687 = CARTESIAN_POINT('',(-3.106008666419,1.311923082534,
    55.330726052867));
#9688 = CARTESIAN_POINT('',(-3.707787445583,-0.334072609864,
    56.136532384613));
#9689 = CARTESIAN_POINT('',(-3.318025128066,-2.274151557681,
    56.941469028837));
#9690 = CARTESIAN_POINT('',(-1.787734584549,-3.830884686045,
    57.748055097139));
#9691 = CARTESIAN_POINT('',(0.480664266244,-4.199896045848,
    58.552405044312));
#9692 = CARTESIAN_POINT('',(2.425452499015,-3.209119562759,
    59.358957733179));
#9693 = CARTESIAN_POINT('',(3.41054007554,-1.492613740492,
    60.163946967695));
#9694 = CARTESIAN_POINT('',(3.361706132455,0.25920199568,60.969701304288
    ));
#9695 = CARTESIAN_POINT('',(2.571679031114,1.560863510512,61.7752323033)
  );
#9696 = CARTESIAN_POINT('',(1.781657936497,2.862538559973,
    62.580726053004));
#9697 = CARTESIAN_POINT('',(0.250066123921,3.714398899513,
    63.386532384312));
#9698 = CARTESIAN_POINT('',(-1.727099492497,3.632930415008,
    64.191469029306));
#9699 = CARTESIAN_POINT('',(-3.504056835025,2.365007001849,
    64.998055096587));
#9700 = CARTESIAN_POINT('',(-4.223380813724,0.182261999579,
    65.802405044815));
#9701 = CARTESIAN_POINT('',(-3.549034339755,-1.893574251879,
    66.608957732824));
#9702 = CARTESIAN_POINT('',(-2.007763200771,-3.135054435729,
    67.41394696788));
#9703 = CARTESIAN_POINT('',(-0.269875911443,-3.360866077072,
    68.219701304227));
#9704 = CARTESIAN_POINT('',(1.139347457105,-2.784190243051,
    69.025232303303));
#9705 = CARTESIAN_POINT('',(2.548583254017,-2.207522459097,
    69.830726052982));
#9706 = CARTESIAN_POINT('',(3.629549525031,-0.828047399758,
    70.636532384353));
#9707 = CARTESIAN_POINT('',(3.858380898296,1.137520505778,
    71.441469029269));
#9708 = CARTESIAN_POINT('',(2.884045097596,3.090947475586,72.24805509659
    ));
#9709 = CARTESIAN_POINT('',(0.840700370181,4.142871929223,73.05240504485
    ));
#9710 = CARTESIAN_POINT('',(-1.315069922287,3.801560112833,
    73.858957732775));
#9711 = CARTESIAN_POINT('',(-2.782373351057,2.473474867617,
    74.663946967917));
#9712 = CARTESIAN_POINT('',(-3.277270344795,0.792308577973,
    75.469701304211));
#9713 = CARTESIAN_POINT('',(-2.928145451007,-0.689776888027,
    76.275232303304));
#9714 = CARTESIAN_POINT('',(-2.579030804844,-2.171872970365,
    77.080724513944));
#9715 = CARTESIAN_POINT('',(-1.385637950141,-3.455330240365,
    77.886538717746));
#9716 = CARTESIAN_POINT('',(0.519928436518,-3.988821209605,
    78.691453516248));
#9717 = CARTESIAN_POINT('',(2.601735034053,-3.332075579987,
    79.49808262069));
#9718 = CARTESIAN_POINT('',(3.96034313371,-1.478428091853,
    80.302367251441));
#9719 = CARTESIAN_POINT('',(3.960488313801,0.704173483944,
    81.108999018788));
#9720 = CARTESIAN_POINT('',(2.878273085144,2.361190401348,
    81.913910771103));
#9721 = CARTESIAN_POINT('',(1.295237779129,3.112970760422,
    82.719726637537));
#9722 = CARTESIAN_POINT('',(-0.223224894642,3.000003597421,
    83.525218452151));
#9723 = CARTESIAN_POINT('',(-1.74167895439,2.887027577075,
    84.330751386372));
#9724 = CARTESIAN_POINT('',(-3.196034297395,1.909121761596,
    85.136496187361));
#9725 = CARTESIAN_POINT('',(-4.021042008949,0.110448256,85.941510315567)
  );
#9726 = CARTESIAN_POINT('',(-3.698053836624,-2.048436974667,
    86.748017302864));
#9727 = CARTESIAN_POINT('',(-2.079765094087,-3.680321791536,
    87.552432569228));
#9728 = CARTESIAN_POINT('',(7.595558662954E-02,-4.021873443095,
    88.358942219534));
#9729 = CARTESIAN_POINT('',(1.881849987285,-3.212216685845,
    89.163953301479));
#9730 = CARTESIAN_POINT('',(2.872032149308,-1.766262067961,
    89.969699765051));
#9731 = CARTESIAN_POINT('',(2.997984592546,-0.24882990223,
    90.775232303378));
#9732 = CARTESIAN_POINT('',(3.123949498555,1.268610082427,
    91.580726052719));
#9733 = CARTESIAN_POINT('',(2.385576638008,2.858026653752,
    92.386532384922));
#9734 = CARTESIAN_POINT('',(0.738130080508,3.95426605616,93.191469028386
    ));
#9735 = CARTESIAN_POINT('',(-1.444725291955,3.972963787082,
    93.998055097612));
#9736 = CARTESIAN_POINT('',(-3.30965593628,2.629894012201,
    94.802405043979));
#9737 = CARTESIAN_POINT('',(-3.984244114035,0.554136294934,
    95.608957733291));
#9738 = CARTESIAN_POINT('',(-3.467053312507,-1.35617871729,
    96.413946967751));
#9739 = CARTESIAN_POINT('',(-2.19380171376,-2.560368691496,
    97.21970130418));
#9740 = CARTESIAN_POINT('',(-0.714754509158,-2.9221488547,
    98.025232303379));
#9741 = CARTESIAN_POINT('',(0.764298018549,-3.28394283592,
    98.830726052701));
#9742 = CARTESIAN_POINT('',(2.449653197864,-2.803300101599,
    99.636532385024));
#9743 = CARTESIAN_POINT('',(3.790113494952,-1.347625969509,
    100.44146902811));
#9744 = CARTESIAN_POINT('',(4.15005483839,0.805429861619,101.24805509807
    ));
#9745 = CARTESIAN_POINT('',(3.115259908554,2.857502516674,
    102.05240504339));
#9746 = CARTESIAN_POINT('',(1.170587054348,3.848505442714,
    102.85895773385));
#9747 = CARTESIAN_POINT('',(-0.797115276764,3.636521225086,
    103.66394696731));
#9748 = CARTESIAN_POINT('',(-2.185660106632,2.56732228084,
    104.46970130444));
#9749 = CARTESIAN_POINT('',(-2.774360114036,1.163079487925,
    105.27523230326));
#9750 = CARTESIAN_POINT('',(-3.363074601711,-0.241166400859,
    106.08072605315));
#9751 = CARTESIAN_POINT('',(-3.151997013503,-1.980961150344,
    106.88653238393));
#9752 = CARTESIAN_POINT('',(-1.923938833886,-3.532635760899,
    107.69146902995));
#9753 = CARTESIAN_POINT('',(0.146302074129,-4.224957766069,
    108.49805509577));
#9754 = CARTESIAN_POINT('',(2.33498790237,-3.523917767439,
    109.30240504553));
#9755 = CARTESIAN_POINT('',(3.618003794469,-1.758214075101,
    110.10895773243));
#9756 = CARTESIAN_POINT('',(3.716445916374,0.218424212388,
    110.91394696791));
#9757 = CARTESIAN_POINT('',(2.87762685286,1.757133316237,111.71970130438
    ));
#9758 = CARTESIAN_POINT('',(1.582765589671,2.558257419797,
    112.52523230313));
#9759 = CARTESIAN_POINT('',(0.287904065774,3.359396276011,113.3307245145
    ));
#9760 = CARTESIAN_POINT('',(-1.463493453306,3.423081435453,
    114.13653871652));
#9761 = CARTESIAN_POINT('',(-3.188167449715,2.452877602406,
    114.94145351817));
#9762 = CARTESIAN_POINT('',(-4.195837722983,0.516428753296,
    115.74808261837));
#9763 = CARTESIAN_POINT('',(-3.845792015485,-1.75497895694,
    116.55236725359));
#9764 = CARTESIAN_POINT('',(-2.3025622974,-3.298413988874,
    117.35899901722));
#9765 = CARTESIAN_POINT('',(-0.365632672426,-3.704860161149,
    118.16391077197));
#9766 = CARTESIAN_POINT('',(1.285331317578,-3.117074151197,
    118.96972663717));
#9767 = CARTESIAN_POINT('',(2.279166724019,-1.963479050587,
    119.77521845224));
#9768 = CARTESIAN_POINT('',(3.272989776579,-0.809883777927,
    120.58075138618));
#9769 = CARTESIAN_POINT('',(3.609890468256,0.909984580859,
    121.38649618763));
#9770 = CARTESIAN_POINT('',(2.921404782815,2.765207361181,
    122.19151031524));
#9771 = CARTESIAN_POINT('',(1.166455269415,4.063382620675,
    122.99801730315));
#9772 = CARTESIAN_POINT('',(-1.131764494432,4.072996497067,
    123.80243256903));
#9773 = CARTESIAN_POINT('',(-2.89760269506,2.790185274298,
    124.60894221963));
#9774 = CARTESIAN_POINT('',(-3.602049088386,0.940711314018,
    125.41395330143));
#9775 = CARTESIAN_POINT('',(-3.27976929417,-0.781897522945,
    126.21969976508));
#9776 = CARTESIAN_POINT('',(-2.295844546513,-1.943945924064,
    127.02523230334));
#9777 = CARTESIAN_POINT('',(-1.311923082546,-3.106008666447,
    127.83072605276));
#9778 = CARTESIAN_POINT('',(0.334072609908,-3.707787445524,
    128.63653238489));
#9779 = CARTESIAN_POINT('',(2.274151557586,-3.318025128136,
    129.44146902832));
#9780 = CARTESIAN_POINT('',(3.830884686188,-1.787734584514,
    130.24805509781));
#9781 = CARTESIAN_POINT('',(4.199896045686,0.480664266267,
    131.05240504363));
#9782 = CARTESIAN_POINT('',(3.209119562904,2.425452498958,131.8589577337
    ));
#9783 = CARTESIAN_POINT('',(1.492613740386,3.410540075591,
    132.66394696734));
#9784 = CARTESIAN_POINT('',(-0.259201995615,3.361706132426,
    133.46970130448));
#9785 = CARTESIAN_POINT('',(-1.560863510546,2.571679031126,
    134.2752323032));
#9786 = CARTESIAN_POINT('',(-2.862538559852,1.781657936443,
    135.08072605335));
#9787 = CARTESIAN_POINT('',(-3.71439889977,0.250066124088,
    135.88653238351));
#9788 = CARTESIAN_POINT('',(-3.632930414639,-1.727099492842,
    136.69146903062));
#9789 = CARTESIAN_POINT('',(-2.365007002209,-3.504056834524,
    137.49805509492));
#9790 = CARTESIAN_POINT('',(-0.182261999355,-4.223380814244,
    138.30240504641));
#9791 = CARTESIAN_POINT('',(1.893574251811,-3.549034339377,
    139.10895773168));
#9792 = CARTESIAN_POINT('',(3.135054435717,-2.007763200954,
    139.91394696845));
#9793 = CARTESIAN_POINT('',(3.360866077088,-0.269875911396,
    140.71970130406));
#9794 = CARTESIAN_POINT('',(2.784190243054,1.139347457112,
    141.52523230328));
#9795 = CARTESIAN_POINT('',(2.207522459093,2.548583254021,
    142.33072605298));
#9796 = CARTESIAN_POINT('',(0.828047399754,3.629549524997,
    143.13653238442));
#9797 = CARTESIAN_POINT('',(-1.137520505745,3.858380898369,
    143.94146902906));
#9798 = CARTESIAN_POINT('',(-3.090947475659,2.884045097504,
    144.7480550969));
#9799 = CARTESIAN_POINT('',(-4.142871929129,0.840700370256,
    145.55240504451));
#9800 = CARTESIAN_POINT('',(-3.801560112904,-1.315069922329,
    146.358957733));
#9801 = CARTESIAN_POINT('',(-2.473474867592,-2.782373351038,
    147.16394696783));
#9802 = CARTESIAN_POINT('',(-0.792308577965,-3.277270344808,
    147.96970130418));
#9803 = CARTESIAN_POINT('',(0.689776888012,-2.928145450996,
    148.77523230335));
#9804 = CARTESIAN_POINT('',(2.17187297041,-2.579030804888,
    149.58072451377));
#9805 = CARTESIAN_POINT('',(3.455330240286,-1.385637950033,
    150.38653871812));
#9806 = CARTESIAN_POINT('',(3.988821209688,0.519928436341,
    151.19145351565));
#9807 = CARTESIAN_POINT('',(3.332075579947,2.601735034255,
    151.99808262137));
#9808 = CARTESIAN_POINT('',(1.478428091832,3.96034313355,152.80236725085
    ));
#9809 = CARTESIAN_POINT('',(-0.704173483897,3.960488313884,
    153.60899901914));
#9810 = CARTESIAN_POINT('',(-2.361190401381,2.87827308512,
    154.41391077096));
#9811 = CARTESIAN_POINT('',(-3.112970760417,1.295237779127,
    155.21972663754));
#9812 = CARTESIAN_POINT('',(-3.000003597412,-0.223224894636,
    156.02521845218));
#9813 = CARTESIAN_POINT('',(-2.887027576985,-1.741678954319,
    156.83075138662));
#9814 = CARTESIAN_POINT('',(-1.909121761935,-3.19603429757,
    157.63649618652));
#9815 = CARTESIAN_POINT('',(-0.110448255326,-4.021042008739,
    158.44151031707));
#9816 = CARTESIAN_POINT('',(2.048436973786,-3.698053836748,
    159.24801730097));
#9817 = CARTESIAN_POINT('',(3.680321792322,-2.079765094098,
    160.05243257093));
#9818 = CARTESIAN_POINT('',(4.021873442632,7.595558670095E-02,
    160.85894221847));
#9819 = CARTESIAN_POINT('',(3.212216685995,1.881849987252,
    161.66395330184));
#9820 = CARTESIAN_POINT('',(1.766262067969,2.872032149277,
    162.46969976511));
#9821 = CARTESIAN_POINT('',(0.248829902193,2.9979845926,163.27523230319)
  );
#9822 = CARTESIAN_POINT('',(-1.268610082331,3.123949498372,
    164.08072605326));
#9823 = CARTESIAN_POINT('',(-2.858026653887,2.385576638423,
    164.8865323838));
#9824 = CARTESIAN_POINT('',(-3.954266056075,0.738130079841,
    165.69146903009));
#9825 = CARTESIAN_POINT('',(-3.972963787023,-1.444725291186,
    166.49805509561));
#9826 = CARTESIAN_POINT('',(-2.629894012397,-3.309655936916,
    167.30240504579));
#9827 = CARTESIAN_POINT('',(-0.554136294706,-3.984244113665,
    168.10895773202));
#9828 = CARTESIAN_POINT('',(1.356178717135,-3.467053312653,
    168.9139469684));
#9829 = CARTESIAN_POINT('',(2.560368691558,-2.193801713725,
    169.71970130396));
#9830 = CARTESIAN_POINT('',(2.922148854693,-0.71475450916,
    170.52523230339));
#9831 = CARTESIAN_POINT('',(3.283942968515,0.764297502415,
    171.33072451356));
#9832 = CARTESIAN_POINT('',(2.80329955601,2.449655321888,172.13653871865
    ));
#9833 = CARTESIAN_POINT('',(1.347627305792,3.790108292296,172.9414535147
    ));
#9834 = CARTESIAN_POINT('',(-0.805432232426,4.150064069312,
    173.74808262264));
#9835 = CARTESIAN_POINT('',(-2.857499261415,3.115247233507,
    174.55236724953));
#9836 = CARTESIAN_POINT('',(-3.848508998732,1.170600900748,
    175.3589990202));
#9837 = CARTESIAN_POINT('',(-3.636518107439,-0.797127416351,
    176.16391077031));
#9838 = CARTESIAN_POINT('',(-2.567324462803,-2.185651610425,
    176.96972663782));
#9839 = CARTESIAN_POINT('',(-1.163078294922,-2.774364759379,
    177.77521845211));
#9840 = CARTESIAN_POINT('',(0.241164218889,-3.363066105416,
    178.58075138677));
#9841 = CARTESIAN_POINT('',(1.980964267925,-3.152009153355,
    179.3864961863));
#9842 = CARTESIAN_POINT('',(3.532632205159,-1.923924987038,
    180.19151031736));
#9843 = CARTESIAN_POINT('',(4.224961020782,0.146289398575,
    180.99801730066));
#9844 = CARTESIAN_POINT('',(3.523915397315,2.334997133688,
    181.80243257121));
#9845 = CARTESIAN_POINT('',(1.758215410791,3.617998591597,
    182.60894221824));
#9846 = CARTESIAN_POINT('',(-0.21842475761,3.716448040482,
    183.41395330199));
#9847 = CARTESIAN_POINT('',(-1.757133183802,2.877626336701,
    184.21969976503));
#9848 = CARTESIAN_POINT('',(-2.558257419761,1.582765589675,
    185.02523230323));
#9849 = CARTESIAN_POINT('',(-3.359396276166,0.28790406577,
    185.83072451407));
#9850 = CARTESIAN_POINT('',(-3.423081435086,-1.463493453362,
    186.63653871757));
#9851 = CARTESIAN_POINT('',(-2.452877602991,-3.188167449495,
    187.44145351636));
#9852 = CARTESIAN_POINT('',(-0.516428752641,-4.195837723422,
    188.24808262072));
#9853 = CARTESIAN_POINT('',(1.754978956425,-3.845792014917,
    189.05236725124));
#9854 = CARTESIAN_POINT('',(3.298413989146,-2.302562297914,
    189.85899901904));
#9855 = CARTESIAN_POINT('',(3.704860161066,-0.365632672092,
    190.66391077089));
#9856 = CARTESIAN_POINT('',(3.117074151203,1.285331317422,
    191.46972663765));
#9857 = CARTESIAN_POINT('',(1.963479050592,2.279166724068,
    192.27521845209));
#9858 = CARTESIAN_POINT('',(0.809883777956,3.27298977657,193.08075138619
    ));
#9859 = CARTESIAN_POINT('',(-0.909984581024,3.609890468159,
    193.8864961881));
#9860 = CARTESIAN_POINT('',(-2.765207360762,2.921404783008,
    194.69151031405));
#9861 = CARTESIAN_POINT('',(-4.063382621361,1.166455269245,
    195.49801730499));
#9862 = CARTESIAN_POINT('',(-4.072996496265,-1.131764494399,
    196.30243256693));
#9863 = CARTESIAN_POINT('',(-2.790185275008,-2.897602694964,
    197.10894222151));
#9864 = CARTESIAN_POINT('',(-0.940711313525,-3.602049088509,
    197.91395330008));
#9865 = CARTESIAN_POINT('',(0.781897522672,-3.279769294095,
    198.71969976585));
#9866 = CARTESIAN_POINT('',(1.943945924181,-2.295844546536,
    199.52523230301));
#9867 = CARTESIAN_POINT('',(3.106008469856,-1.311923577897,
    200.33072451504));
#9868 = CARTESIAN_POINT('',(3.707788253645,0.334074648448,
    201.13653871524));
#9869 = CARTESIAN_POINT('',(3.318023149703,2.274146564258,
    201.94145352031));
#9870 = CARTESIAN_POINT('',(1.787738093673,3.83089354594,202.74808261568
    ));
#9871 = CARTESIAN_POINT('',(-0.480669083728,4.199883879844,
    203.5523672562));
#9872 = CARTESIAN_POINT('',(-2.425447236933,3.209132853572,
    204.35899901527));
#9873 = CARTESIAN_POINT('',(-3.410544688719,1.492602087607,
    205.1639107731));
#9874 = CARTESIAN_POINT('',(-3.36170290385,-0.259193839882,
    205.96972663669));
#9875 = CARTESIAN_POINT('',(-2.571680796387,-1.560867969828,
    206.77521845238));
#9876 = CARTESIAN_POINT('',(-1.781654707824,-2.862530403963,
    207.58075138605));
#9877 = CARTESIAN_POINT('',(-0.250070737223,-3.714410553081,
    208.38649618765));
#9878 = CARTESIAN_POINT('',(1.727104754573,-3.632917122911,
    209.19151031542));
#9879 = CARTESIAN_POINT('',(3.50405201795,-2.365019169498,
    209.99801730286));
#9880 = CARTESIAN_POINT('',(4.223384321972,-0.182253138198,
    210.80243256924));
#9881 = CARTESIAN_POINT('',(3.549032362444,1.893569257512,
    211.60894221963));
#9882 = CARTESIAN_POINT('',(2.007764008002,3.135056474728,
    212.41395330125));
#9883 = CARTESIAN_POINT('',(0.26987571532,3.360865581579,213.2196997653)
  );
#9884 = CARTESIAN_POINT('',(-1.13934745714,2.78419024307,214.02523230319
    ));
#9885 = CARTESIAN_POINT('',(-2.54858325391,2.207522459038,
    214.83072605325));
#9886 = CARTESIAN_POINT('',(-3.629549525234,0.828047399886,
    215.63653238394));
#9887 = CARTESIAN_POINT('',(-3.858380898015,-1.137520505962,
    216.44146902958));
#9888 = CARTESIAN_POINT('',(-2.884045097914,-3.09094747543,
    217.24805509663));
#9889 = CARTESIAN_POINT('',(-0.840700369867,-4.142871929251,
    218.05240504435));
#9890 = CARTESIAN_POINT('',(1.315069922013,-3.801560112945,
    218.85895773353));
#9891 = CARTESIAN_POINT('',(2.782373351262,-2.473474867448,
    219.66394696717));
#9892 = CARTESIAN_POINT('',(3.277270344668,-0.792308578113,
    220.46970130473));
#9893 = CARTESIAN_POINT('',(2.92814545107,0.689776888106,221.27523230302
    ));
#9894 = CARTESIAN_POINT('',(2.579030804595,2.171872970109,
    222.08072451493));
#9895 = CARTESIAN_POINT('',(1.385637950774,3.455330240816,
    222.88653871562));
#9896 = CARTESIAN_POINT('',(-0.519928437634,3.988821209106,
    223.69145351953));
#9897 = CARTESIAN_POINT('',(-2.601735032647,3.332075580298,
    224.49808261683));
#9898 = CARTESIAN_POINT('',(-3.960343134995,1.478428091844,
    225.30236725496));
#9899 = CARTESIAN_POINT('',(-3.960488312942,-0.70417348414,
    226.10899901624));
#9900 = CARTESIAN_POINT('',(-2.878273085568,-2.361190401128,
    226.91391077256));
#9901 = CARTESIAN_POINT('',(-1.29523777897,-3.112970760564,
    227.71972663687));
#9902 = CARTESIAN_POINT('',(0.223224894594,-3.00000359736,
    228.52521845239));
#9903 = CARTESIAN_POINT('',(1.741678954325,-2.88702757697,
    229.33075138657));
#9904 = CARTESIAN_POINT('',(3.196034297623,-1.90912176217,
    230.13649618607));
#9905 = CARTESIAN_POINT('',(4.021042008693,-0.110448254769,
    230.94151031825));
#9906 = CARTESIAN_POINT('',(3.698053836673,2.048436973016,
    231.74801729923));
#9907 = CARTESIAN_POINT('',(2.079765094323,3.680321793029,
    232.55243257273));
#9908 = CARTESIAN_POINT('',(-7.595558697077E-02,4.021873442193,
    233.35894221712));
#9909 = CARTESIAN_POINT('',(-1.881849987069,3.212216686169,
    234.16395330254));
#9910 = CARTESIAN_POINT('',(-2.872032149338,1.766262067936,
    234.96969976492));
#9911 = CARTESIAN_POINT('',(-2.99798459261,0.248829902185,
    235.77523230316));
#9912 = CARTESIAN_POINT('',(-3.123949710036,-1.268609593271,
    236.58072451424));
#9913 = CARTESIAN_POINT('',(-2.385575767351,-2.858028666433,
    237.38653871727));
#9914 = CARTESIAN_POINT('',(-0.738132213463,-3.954261126509,
    238.19145351676));
#9915 = CARTESIAN_POINT('',(1.444729076775,-3.972972533428,
    238.99808262027));
#9916 = CARTESIAN_POINT('',(3.309650738935,-2.629882002594,
    239.80236725168));
#9917 = CARTESIAN_POINT('',(3.984249791982,-0.554149414427,
    240.60899901867));
#9918 = CARTESIAN_POINT('',(3.467048334303,1.356190219634,
    241.41391077114));
#9919 = CARTESIAN_POINT('',(2.193805197951,2.560360641234,
    242.21972663752));
#9920 = CARTESIAN_POINT('',(0.714752604141,2.922153256247,
    243.02521845215));
#9921 = PCURVE('',#8998,#9922);
#9922 = DEFINITIONAL_REPRESENTATION('',(#9923),#9927);
#9923 = LINE('',#9924,#9925);
#9924 = CARTESIAN_POINT('',(7.9,0.));
#9925 = VECTOR('',#9926,1.);
#9926 = DIRECTION('',(0.,1.));
#9927 = ( GEOMETRIC_REPRESENTATION_CONTEXT(2) 
PARAMETRIC_REPRESENTATION_CONTEXT() REPRESENTATION_CONTEXT('2D SPACE',''
  ) );
#9928 = PCURVE('',#7149,#9929);
#9929 = DEFINITIONAL_REPRESENTATION('',(#9930),#9933);
#9930 = B_SPLINE_CURVE_WITH_KNOTS('',1,(#9931,#9932),.UNSPECIFIED.,.F.,
  .F.,(2,2),(0.,273.99427638432),.PIECEWISE_BEZIER_KNOTS.);
#9931 = CARTESIAN_POINT('',(0.,0.));
#9932 = CARTESIAN_POINT('',(0.,273.99427638432));
#9933 = ( GEOMETRIC_REPRESENTATION_CONTEXT(2) 
PARAMETRIC_REPRESENTATION_CONTEXT() REPRESENTATION_CONTEXT('2D SPACE',''
  ) );
#9934 = ORIENTED_EDGE('',*,*,#9935,.F.);
#9935 = EDGE_CURVE('',#8697,#9628,#9936,.T.);
#9936 = SURFACE_CURVE('',#9937,(#9940,#9947),.PCURVE_S1.);
#9937 = B_SPLINE_CURVE_WITH_KNOTS('',1,(#9938,#9939),.UNSPECIFIED.,.F.,
  .F.,(2,2),(0.,7.9),.PIECEWISE_BEZIER_KNOTS.);
#9938 = CARTESIAN_POINT('',(3.155992893031,10.435497774578,
    243.02524615448));
#9939 = CARTESIAN_POINT('',(0.714752604141,2.922153256247,
    243.02521845215));
#9940 = PCURVE('',#8998,#9941);
#9941 = DEFINITIONAL_REPRESENTATION('',(#9942),#9946);
#9942 = LINE('',#9943,#9944);
#9943 = CARTESIAN_POINT('',(0.,273.99427638432));
#9944 = VECTOR('',#9945,1.);
#9945 = DIRECTION('',(1.,0.));
#9946 = ( GEOMETRIC_REPRESENTATION_CONTEXT(2) 
PARAMETRIC_REPRESENTATION_CONTEXT() REPRESENTATION_CONTEXT('2D SPACE',''
  ) );
#9947 = PCURVE('',#8660,#9948);
#9948 = DEFINITIONAL_REPRESENTATION('',(#9949),#9952);
#9949 = B_SPLINE_CURVE_WITH_KNOTS('',1,(#9950,#9951),.UNSPECIFIED.,.F.,
  .F.,(2,2),(0.,7.9),.PIECEWISE_BEZIER_KNOTS.);
#9950 = CARTESIAN_POINT('',(-3.950003597369,-0.999985790284));
#9951 = CARTESIAN_POINT('',(3.94999640258,-1.000014209703));
#9952 = ( GEOMETRIC_REPRESENTATION_CONTEXT(2) 
PARAMETRIC_REPRESENTATION_CONTEXT() REPRESENTATION_CONTEXT('2D SPACE',''
  ) );
#9953 = ADVANCED_FACE('',(#9954),#7149,.T.);
#9954 = FACE_BOUND('',#9955,.T.);
#9955 = EDGE_LOOP('',(#9956,#9957,#9976,#9977));
#9956 = ORIENTED_EDGE('',*,*,#9627,.F.);
#9957 = ORIENTED_EDGE('',*,*,#9958,.T.);
#9958 = EDGE_CURVE('',#9607,#6267,#9959,.T.);
#9959 = SURFACE_CURVE('',#9960,(#9963,#9970),.PCURVE_S1.);
#9960 = B_SPLINE_CURVE_WITH_KNOTS('',1,(#9961,#9962),.UNSPECIFIED.,.F.,
  .F.,(2,2),(0.,2.),.PIECEWISE_BEZIER_KNOTS.);
#9961 = CARTESIAN_POINT('',(3.,0.223221722725,11.025232303313));
#9962 = CARTESIAN_POINT('',(3.,-0.223221722725,12.974767696687));
#9963 = PCURVE('',#7149,#9964);
#9964 = DEFINITIONAL_REPRESENTATION('',(#9965),#9969);
#9965 = LINE('',#9966,#9967);
#9966 = CARTESIAN_POINT('',(0.,0.));
#9967 = VECTOR('',#9968,1.);
#9968 = DIRECTION('',(1.,0.));
#9969 = ( GEOMETRIC_REPRESENTATION_CONTEXT(2) 
PARAMETRIC_REPRESENTATION_CONTEXT() REPRESENTATION_CONTEXT('2D SPACE',''
  ) );
#9970 = PCURVE('',#7749,#9971);
#9971 = DEFINITIONAL_REPRESENTATION('',(#9972),#9975);
#9972 = B_SPLINE_CURVE_WITH_KNOTS('',1,(#9973,#9974),.UNSPECIFIED.,.F.,
  .F.,(2,2),(0.,2.),.PIECEWISE_BEZIER_KNOTS.);
#9973 = CARTESIAN_POINT('',(-1.,-3.95));
#9974 = CARTESIAN_POINT('',(1.,-3.95));
#9975 = ( GEOMETRIC_REPRESENTATION_CONTEXT(2) 
PARAMETRIC_REPRESENTATION_CONTEXT() REPRESENTATION_CONTEXT('2D SPACE',''
  ) );
#9976 = ORIENTED_EDGE('',*,*,#6266,.T.);
#9977 = ORIENTED_EDGE('',*,*,#9978,.F.);
#9978 = EDGE_CURVE('',#9628,#6269,#9979,.T.);
#9979 = SURFACE_CURVE('',#9980,(#9983,#9990),.PCURVE_S1.);
#9980 = B_SPLINE_CURVE_WITH_KNOTS('',1,(#9981,#9982),.UNSPECIFIED.,.F.,
  .F.,(2,2),(0.,2.),.PIECEWISE_BEZIER_KNOTS.);
#9981 = CARTESIAN_POINT('',(0.714752604141,2.922153256247,
    243.02521845215));
#9982 = CARTESIAN_POINT('',(1.139343328781,2.784187801925,
    244.97475384551));
#9983 = PCURVE('',#7149,#9984);
#9984 = DEFINITIONAL_REPRESENTATION('',(#9985),#9989);
#9985 = LINE('',#9986,#9987);
#9986 = CARTESIAN_POINT('',(0.,273.99427638432));
#9987 = VECTOR('',#9988,1.);
#9988 = DIRECTION('',(1.,0.));
#9989 = ( GEOMETRIC_REPRESENTATION_CONTEXT(2) 
PARAMETRIC_REPRESENTATION_CONTEXT() REPRESENTATION_CONTEXT('2D SPACE',''
  ) );
#9990 = PCURVE('',#8660,#9991);
#9991 = DEFINITIONAL_REPRESENTATION('',(#9992),#9995);
#9992 = B_SPLINE_CURVE_WITH_KNOTS('',1,(#9993,#9994),.UNSPECIFIED.,.F.,
  .F.,(2,2),(0.,2.),.PIECEWISE_BEZIER_KNOTS.);
#9993 = CARTESIAN_POINT('',(3.94999640258,-1.000014209703));
#9994 = CARTESIAN_POINT('',(3.950003597369,0.999985790284));
#9995 = ( GEOMETRIC_REPRESENTATION_CONTEXT(2) 
PARAMETRIC_REPRESENTATION_CONTEXT() REPRESENTATION_CONTEXT('2D SPACE',''
  ) );
#9996 = ADVANCED_FACE('',(#9997),#7749,.F.);
#9997 = FACE_BOUND('',#9998,.F.);
#9998 = EDGE_LOOP('',(#9999,#10000,#10001,#10002));
#9999 = ORIENTED_EDGE('',*,*,#7734,.T.);
#10000 = ORIENTED_EDGE('',*,*,#8675,.T.);
#10001 = ORIENTED_EDGE('',*,*,#9606,.T.);
#10002 = ORIENTED_EDGE('',*,*,#9958,.T.);
#10003 = ADVANCED_FACE('',(#10004),#8660,.T.);
#10004 = FACE_BOUND('',#10005,.T.);
#10005 = EDGE_LOOP('',(#10006,#10007,#10008,#10009));
#10006 = ORIENTED_EDGE('',*,*,#8647,.T.);
#10007 = ORIENTED_EDGE('',*,*,#9583,.T.);
#10008 = ORIENTED_EDGE('',*,*,#9935,.T.);
#10009 = ORIENTED_EDGE('',*,*,#9978,.T.);
#10010 = ( GEOMETRIC_REPRESENTATION_CONTEXT(3) 
GLOBAL_UNCERTAINTY_ASSIGNED_CONTEXT((#10014)) 
GLOBAL_UNIT_ASSIGNED_CONTEXT((#10011,#10012,#10013)) 
REPRESENTATION_CONTEXT('Context #1',
  '3D Context with UNIT and UNCERTAINTY') );
#10011 = ( LENGTH_UNIT() NAMED_UNIT(*) SI_UNIT(.MILLI.,.METRE.) );
#10012 = ( NAMED_UNIT(*) PLANE_ANGLE_UNIT() SI_UNIT($,.RADIAN.) );
#10013 = ( NAMED_UNIT(*) SI_UNIT($,.STERADIAN.) SOLID_ANGLE_UNIT() );
#10014 = UNCERTAINTY_MEASURE_WITH_UNIT(LENGTH_MEASURE(5.E-06),#10011,
  'distance_accuracy_value','confusion accuracy');
#10015 = CONTEXT_DEPENDENT_SHAPE_REPRESENTATION(#10016,#10018);
#10016 = ( REPRESENTATION_RELATIONSHIP('','',#4107,#10) 
REPRESENTATION_RELATIONSHIP_WITH_TRANSFORMATION(#10017) 
SHAPE_REPRESENTATION_RELATIONSHIP() );
#10017 = ITEM_DEFINED_TRANSFORMATION('','',#11,#19);
#10018 = PRODUCT_DEFINITION_SHAPE('Placement','Placement of an item',
  #10019);
#10019 = NEXT_ASSEMBLY_USAGE_OCCURRENCE('2','auger','',#5,#4102,$);
#10020 = PRODUCT_RELATED_PRODUCT_CATEGORY('part',$,(#4104));
#10021 = SHAPE_DEFINITION_REPRESENTATION(#10022,#10028);
#10022 = PRODUCT_DEFINITION_SHAPE('','',#10023);
#10023 = PRODUCT_DEFINITION('design','',#10024,#10027);
#10024 = PRODUCT_DEFINITION_FORMATION('','',#10025);
#10025 = PRODUCT('stepper','stepper','',(#10026));
#10026 = PRODUCT_CONTEXT('',#2,'mechanical');
#10027 = PRODUCT_DEFINITION_CONTEXT('part definition',#2,'design');
#10028 = ADVANCED_BREP_SHAPE_REPRESENTATION('',(#11,#10029),#10543);
#10029 = MANIFOLD_SOLID_BREP('',#10030);
#10030 = CLOSED_SHELL('',(#10031,#10151,#10227,#10276,#10325,#10383,
    #10390,#10445,#10484,#10539));
#10031 = ADVANCED_FACE('',(#10032),#10046,.F.);
#10032 = FACE_BOUND('',#10033,.F.);
#10033 = EDGE_LOOP('',(#10034,#10069,#10097,#10125));
#10034 = ORIENTED_EDGE('',*,*,#10035,.F.);
#10035 = EDGE_CURVE('',#10036,#10038,#10040,.T.);
#10036 = VERTEX_POINT('',#10037);
#10037 = CARTESIAN_POINT('',(-14.,-14.,0.));
#10038 = VERTEX_POINT('',#10039);
#10039 = CARTESIAN_POINT('',(-14.,-14.,45.));
#10040 = SURFACE_CURVE('',#10041,(#10045,#10057),.PCURVE_S1.);
#10041 = LINE('',#10042,#10043);
#10042 = CARTESIAN_POINT('',(-14.,-14.,0.));
#10043 = VECTOR('',#10044,1.);
#10044 = DIRECTION('',(0.,0.,1.));
#10045 = PCURVE('',#10046,#10051);
#10046 = PLANE('',#10047);
#10047 = AXIS2_PLACEMENT_3D('',#10048,#10049,#10050);
#10048 = CARTESIAN_POINT('',(-14.,-14.,0.));
#10049 = DIRECTION('',(1.,0.,0.));
#10050 = DIRECTION('',(0.,0.,1.));
#10051 = DEFINITIONAL_REPRESENTATION('',(#10052),#10056);
#10052 = LINE('',#10053,#10054);
#10053 = CARTESIAN_POINT('',(0.,0.));
#10054 = VECTOR('',#10055,1.);
#10055 = DIRECTION('',(1.,0.));
#10056 = ( GEOMETRIC_REPRESENTATION_CONTEXT(2) 
PARAMETRIC_REPRESENTATION_CONTEXT() REPRESENTATION_CONTEXT('2D SPACE',''
  ) );
#10057 = PCURVE('',#10058,#10063);
#10058 = PLANE('',#10059);
#10059 = AXIS2_PLACEMENT_3D('',#10060,#10061,#10062);
#10060 = CARTESIAN_POINT('',(-14.,-14.,0.));
#10061 = DIRECTION('',(0.,1.,0.));
#10062 = DIRECTION('',(0.,0.,1.));
#10063 = DEFINITIONAL_REPRESENTATION('',(#10064),#10068);
#10064 = LINE('',#10065,#10066);
#10065 = CARTESIAN_POINT('',(0.,0.));
#10066 = VECTOR('',#10067,1.);
#10067 = DIRECTION('',(1.,0.));
#10068 = ( GEOMETRIC_REPRESENTATION_CONTEXT(2) 
PARAMETRIC_REPRESENTATION_CONTEXT() REPRESENTATION_CONTEXT('2D SPACE',''
  ) );
#10069 = ORIENTED_EDGE('',*,*,#10070,.T.);
#10070 = EDGE_CURVE('',#10036,#10071,#10073,.T.);
#10071 = VERTEX_POINT('',#10072);
#10072 = CARTESIAN_POINT('',(-14.,14.,0.));
#10073 = SURFACE_CURVE('',#10074,(#10078,#10085),.PCURVE_S1.);
#10074 = LINE('',#10075,#10076);
#10075 = CARTESIAN_POINT('',(-14.,-14.,0.));
#10076 = VECTOR('',#10077,1.);
#10077 = DIRECTION('',(0.,1.,0.));
#10078 = PCURVE('',#10046,#10079);
#10079 = DEFINITIONAL_REPRESENTATION('',(#10080),#10084);
#10080 = LINE('',#10081,#10082);
#10081 = CARTESIAN_POINT('',(0.,0.));
#10082 = VECTOR('',#10083,1.);
#10083 = DIRECTION('',(0.,-1.));
#10084 = ( GEOMETRIC_REPRESENTATION_CONTEXT(2) 
PARAMETRIC_REPRESENTATION_CONTEXT() REPRESENTATION_CONTEXT('2D SPACE',''
  ) );
#10085 = PCURVE('',#10086,#10091);
#10086 = PLANE('',#10087);
#10087 = AXIS2_PLACEMENT_3D('',#10088,#10089,#10090);
#10088 = CARTESIAN_POINT('',(-14.,-14.,0.));
#10089 = DIRECTION('',(0.,0.,1.));
#10090 = DIRECTION('',(1.,0.,0.));
#10091 = DEFINITIONAL_REPRESENTATION('',(#10092),#10096);
#10092 = LINE('',#10093,#10094);
#10093 = CARTESIAN_POINT('',(0.,0.));
#10094 = VECTOR('',#10095,1.);
#10095 = DIRECTION('',(0.,1.));
#10096 = ( GEOMETRIC_REPRESENTATION_CONTEXT(2) 
PARAMETRIC_REPRESENTATION_CONTEXT() REPRESENTATION_CONTEXT('2D SPACE',''
  ) );
#10097 = ORIENTED_EDGE('',*,*,#10098,.T.);
#10098 = EDGE_CURVE('',#10071,#10099,#10101,.T.);
#10099 = VERTEX_POINT('',#10100);
#10100 = CARTESIAN_POINT('',(-14.,14.,45.));
#10101 = SURFACE_CURVE('',#10102,(#10106,#10113),.PCURVE_S1.);
#10102 = LINE('',#10103,#10104);
#10103 = CARTESIAN_POINT('',(-14.,14.,0.));
#10104 = VECTOR('',#10105,1.);
#10105 = DIRECTION('',(0.,0.,1.));
#10106 = PCURVE('',#10046,#10107);
#10107 = DEFINITIONAL_REPRESENTATION('',(#10108),#10112);
#10108 = LINE('',#10109,#10110);
#10109 = CARTESIAN_POINT('',(0.,-28.));
#10110 = VECTOR('',#10111,1.);
#10111 = DIRECTION('',(1.,0.));
#10112 = ( GEOMETRIC_REPRESENTATION_CONTEXT(2) 
PARAMETRIC_REPRESENTATION_CONTEXT() REPRESENTATION_CONTEXT('2D SPACE',''
  ) );
#10113 = PCURVE('',#10114,#10119);
#10114 = PLANE('',#10115);
#10115 = AXIS2_PLACEMENT_3D('',#10116,#10117,#10118);
#10116 = CARTESIAN_POINT('',(-14.,14.,0.));
#10117 = DIRECTION('',(0.,1.,0.));
#10118 = DIRECTION('',(0.,0.,1.));
#10119 = DEFINITIONAL_REPRESENTATION('',(#10120),#10124);
#10120 = LINE('',#10121,#10122);
#10121 = CARTESIAN_POINT('',(0.,0.));
#10122 = VECTOR('',#10123,1.);
#10123 = DIRECTION('',(1.,0.));
#10124 = ( GEOMETRIC_REPRESENTATION_CONTEXT(2) 
PARAMETRIC_REPRESENTATION_CONTEXT() REPRESENTATION_CONTEXT('2D SPACE',''
  ) );
#10125 = ORIENTED_EDGE('',*,*,#10126,.F.);
#10126 = EDGE_CURVE('',#10038,#10099,#10127,.T.);
#10127 = SURFACE_CURVE('',#10128,(#10132,#10139),.PCURVE_S1.);
#10128 = LINE('',#10129,#10130);
#10129 = CARTESIAN_POINT('',(-14.,-14.,45.));
#10130 = VECTOR('',#10131,1.);
#10131 = DIRECTION('',(0.,1.,0.));
#10132 = PCURVE('',#10046,#10133);
#10133 = DEFINITIONAL_REPRESENTATION('',(#10134),#10138);
#10134 = LINE('',#10135,#10136);
#10135 = CARTESIAN_POINT('',(45.,0.));
#10136 = VECTOR('',#10137,1.);
#10137 = DIRECTION('',(0.,-1.));
#10138 = ( GEOMETRIC_REPRESENTATION_CONTEXT(2) 
PARAMETRIC_REPRESENTATION_CONTEXT() REPRESENTATION_CONTEXT('2D SPACE',''
  ) );
#10139 = PCURVE('',#10140,#10145);
#10140 = PLANE('',#10141);
#10141 = AXIS2_PLACEMENT_3D('',#10142,#10143,#10144);
#10142 = CARTESIAN_POINT('',(-14.,-14.,45.));
#10143 = DIRECTION('',(0.,0.,1.));
#10144 = DIRECTION('',(1.,0.,0.));
#10145 = DEFINITIONAL_REPRESENTATION('',(#10146),#10150);
#10146 = LINE('',#10147,#10148);
#10147 = CARTESIAN_POINT('',(0.,0.));
#10148 = VECTOR('',#10149,1.);
#10149 = DIRECTION('',(0.,1.));
#10150 = ( GEOMETRIC_REPRESENTATION_CONTEXT(2) 
PARAMETRIC_REPRESENTATION_CONTEXT() REPRESENTATION_CONTEXT('2D SPACE',''
  ) );
#10151 = ADVANCED_FACE('',(#10152),#10058,.F.);
#10152 = FACE_BOUND('',#10153,.F.);
#10153 = EDGE_LOOP('',(#10154,#10177,#10178,#10201));
#10154 = ORIENTED_EDGE('',*,*,#10155,.F.);
#10155 = EDGE_CURVE('',#10036,#10156,#10158,.T.);
#10156 = VERTEX_POINT('',#10157);
#10157 = CARTESIAN_POINT('',(14.,-14.,0.));
#10158 = SURFACE_CURVE('',#10159,(#10163,#10170),.PCURVE_S1.);
#10159 = LINE('',#10160,#10161);
#10160 = CARTESIAN_POINT('',(-14.,-14.,0.));
#10161 = VECTOR('',#10162,1.);
#10162 = DIRECTION('',(1.,0.,0.));
#10163 = PCURVE('',#10058,#10164);
#10164 = DEFINITIONAL_REPRESENTATION('',(#10165),#10169);
#10165 = LINE('',#10166,#10167);
#10166 = CARTESIAN_POINT('',(0.,0.));
#10167 = VECTOR('',#10168,1.);
#10168 = DIRECTION('',(0.,1.));
#10169 = ( GEOMETRIC_REPRESENTATION_CONTEXT(2) 
PARAMETRIC_REPRESENTATION_CONTEXT() REPRESENTATION_CONTEXT('2D SPACE',''
  ) );
#10170 = PCURVE('',#10086,#10171);
#10171 = DEFINITIONAL_REPRESENTATION('',(#10172),#10176);
#10172 = LINE('',#10173,#10174);
#10173 = CARTESIAN_POINT('',(0.,0.));
#10174 = VECTOR('',#10175,1.);
#10175 = DIRECTION('',(1.,0.));
#10176 = ( GEOMETRIC_REPRESENTATION_CONTEXT(2) 
PARAMETRIC_REPRESENTATION_CONTEXT() REPRESENTATION_CONTEXT('2D SPACE',''
  ) );
#10177 = ORIENTED_EDGE('',*,*,#10035,.T.);
#10178 = ORIENTED_EDGE('',*,*,#10179,.T.);
#10179 = EDGE_CURVE('',#10038,#10180,#10182,.T.);
#10180 = VERTEX_POINT('',#10181);
#10181 = CARTESIAN_POINT('',(14.,-14.,45.));
#10182 = SURFACE_CURVE('',#10183,(#10187,#10194),.PCURVE_S1.);
#10183 = LINE('',#10184,#10185);
#10184 = CARTESIAN_POINT('',(-14.,-14.,45.));
#10185 = VECTOR('',#10186,1.);
#10186 = DIRECTION('',(1.,0.,0.));
#10187 = PCURVE('',#10058,#10188);
#10188 = DEFINITIONAL_REPRESENTATION('',(#10189),#10193);
#10189 = LINE('',#10190,#10191);
#10190 = CARTESIAN_POINT('',(45.,0.));
#10191 = VECTOR('',#10192,1.);
#10192 = DIRECTION('',(0.,1.));
#10193 = ( GEOMETRIC_REPRESENTATION_CONTEXT(2) 
PARAMETRIC_REPRESENTATION_CONTEXT() REPRESENTATION_CONTEXT('2D SPACE',''
  ) );
#10194 = PCURVE('',#10140,#10195);
#10195 = DEFINITIONAL_REPRESENTATION('',(#10196),#10200);
#10196 = LINE('',#10197,#10198);
#10197 = CARTESIAN_POINT('',(0.,0.));
#10198 = VECTOR('',#10199,1.);
#10199 = DIRECTION('',(1.,0.));
#10200 = ( GEOMETRIC_REPRESENTATION_CONTEXT(2) 
PARAMETRIC_REPRESENTATION_CONTEXT() REPRESENTATION_CONTEXT('2D SPACE',''
  ) );
#10201 = ORIENTED_EDGE('',*,*,#10202,.F.);
#10202 = EDGE_CURVE('',#10156,#10180,#10203,.T.);
#10203 = SURFACE_CURVE('',#10204,(#10208,#10215),.PCURVE_S1.);
#10204 = LINE('',#10205,#10206);
#10205 = CARTESIAN_POINT('',(14.,-14.,0.));
#10206 = VECTOR('',#10207,1.);
#10207 = DIRECTION('',(0.,0.,1.));
#10208 = PCURVE('',#10058,#10209);
#10209 = DEFINITIONAL_REPRESENTATION('',(#10210),#10214);
#10210 = LINE('',#10211,#10212);
#10211 = CARTESIAN_POINT('',(0.,28.));
#10212 = VECTOR('',#10213,1.);
#10213 = DIRECTION('',(1.,0.));
#10214 = ( GEOMETRIC_REPRESENTATION_CONTEXT(2) 
PARAMETRIC_REPRESENTATION_CONTEXT() REPRESENTATION_CONTEXT('2D SPACE',''
  ) );
#10215 = PCURVE('',#10216,#10221);
#10216 = PLANE('',#10217);
#10217 = AXIS2_PLACEMENT_3D('',#10218,#10219,#10220);
#10218 = CARTESIAN_POINT('',(14.,-14.,0.));
#10219 = DIRECTION('',(1.,0.,0.));
#10220 = DIRECTION('',(0.,0.,1.));
#10221 = DEFINITIONAL_REPRESENTATION('',(#10222),#10226);
#10222 = LINE('',#10223,#10224);
#10223 = CARTESIAN_POINT('',(0.,0.));
#10224 = VECTOR('',#10225,1.);
#10225 = DIRECTION('',(1.,0.));
#10226 = ( GEOMETRIC_REPRESENTATION_CONTEXT(2) 
PARAMETRIC_REPRESENTATION_CONTEXT() REPRESENTATION_CONTEXT('2D SPACE',''
  ) );
#10227 = ADVANCED_FACE('',(#10228),#10140,.T.);
#10228 = FACE_BOUND('',#10229,.T.);
#10229 = EDGE_LOOP('',(#10230,#10231,#10232,#10255));
#10230 = ORIENTED_EDGE('',*,*,#10126,.F.);
#10231 = ORIENTED_EDGE('',*,*,#10179,.T.);
#10232 = ORIENTED_EDGE('',*,*,#10233,.T.);
#10233 = EDGE_CURVE('',#10180,#10234,#10236,.T.);
#10234 = VERTEX_POINT('',#10235);
#10235 = CARTESIAN_POINT('',(14.,14.,45.));
#10236 = SURFACE_CURVE('',#10237,(#10241,#10248),.PCURVE_S1.);
#10237 = LINE('',#10238,#10239);
#10238 = CARTESIAN_POINT('',(14.,-14.,45.));
#10239 = VECTOR('',#10240,1.);
#10240 = DIRECTION('',(0.,1.,0.));
#10241 = PCURVE('',#10140,#10242);
#10242 = DEFINITIONAL_REPRESENTATION('',(#10243),#10247);
#10243 = LINE('',#10244,#10245);
#10244 = CARTESIAN_POINT('',(28.,0.));
#10245 = VECTOR('',#10246,1.);
#10246 = DIRECTION('',(0.,1.));
#10247 = ( GEOMETRIC_REPRESENTATION_CONTEXT(2) 
PARAMETRIC_REPRESENTATION_CONTEXT() REPRESENTATION_CONTEXT('2D SPACE',''
  ) );
#10248 = PCURVE('',#10216,#10249);
#10249 = DEFINITIONAL_REPRESENTATION('',(#10250),#10254);
#10250 = LINE('',#10251,#10252);
#10251 = CARTESIAN_POINT('',(45.,0.));
#10252 = VECTOR('',#10253,1.);
#10253 = DIRECTION('',(0.,-1.));
#10254 = ( GEOMETRIC_REPRESENTATION_CONTEXT(2) 
PARAMETRIC_REPRESENTATION_CONTEXT() REPRESENTATION_CONTEXT('2D SPACE',''
  ) );
#10255 = ORIENTED_EDGE('',*,*,#10256,.F.);
#10256 = EDGE_CURVE('',#10099,#10234,#10257,.T.);
#10257 = SURFACE_CURVE('',#10258,(#10262,#10269),.PCURVE_S1.);
#10258 = LINE('',#10259,#10260);
#10259 = CARTESIAN_POINT('',(-14.,14.,45.));
#10260 = VECTOR('',#10261,1.);
#10261 = DIRECTION('',(1.,0.,0.));
#10262 = PCURVE('',#10140,#10263);
#10263 = DEFINITIONAL_REPRESENTATION('',(#10264),#10268);
#10264 = LINE('',#10265,#10266);
#10265 = CARTESIAN_POINT('',(0.,28.));
#10266 = VECTOR('',#10267,1.);
#10267 = DIRECTION('',(1.,0.));
#10268 = ( GEOMETRIC_REPRESENTATION_CONTEXT(2) 
PARAMETRIC_REPRESENTATION_CONTEXT() REPRESENTATION_CONTEXT('2D SPACE',''
  ) );
#10269 = PCURVE('',#10114,#10270);
#10270 = DEFINITIONAL_REPRESENTATION('',(#10271),#10275);
#10271 = LINE('',#10272,#10273);
#10272 = CARTESIAN_POINT('',(45.,0.));
#10273 = VECTOR('',#10274,1.);
#10274 = DIRECTION('',(0.,1.));
#10275 = ( GEOMETRIC_REPRESENTATION_CONTEXT(2) 
PARAMETRIC_REPRESENTATION_CONTEXT() REPRESENTATION_CONTEXT('2D SPACE',''
  ) );
#10276 = ADVANCED_FACE('',(#10277),#10114,.T.);
#10277 = FACE_BOUND('',#10278,.T.);
#10278 = EDGE_LOOP('',(#10279,#10302,#10303,#10304));
#10279 = ORIENTED_EDGE('',*,*,#10280,.F.);
#10280 = EDGE_CURVE('',#10071,#10281,#10283,.T.);
#10281 = VERTEX_POINT('',#10282);
#10282 = CARTESIAN_POINT('',(14.,14.,0.));
#10283 = SURFACE_CURVE('',#10284,(#10288,#10295),.PCURVE_S1.);
#10284 = LINE('',#10285,#10286);
#10285 = CARTESIAN_POINT('',(-14.,14.,0.));
#10286 = VECTOR('',#10287,1.);
#10287 = DIRECTION('',(1.,0.,0.));
#10288 = PCURVE('',#10114,#10289);
#10289 = DEFINITIONAL_REPRESENTATION('',(#10290),#10294);
#10290 = LINE('',#10291,#10292);
#10291 = CARTESIAN_POINT('',(0.,0.));
#10292 = VECTOR('',#10293,1.);
#10293 = DIRECTION('',(0.,1.));
#10294 = ( GEOMETRIC_REPRESENTATION_CONTEXT(2) 
PARAMETRIC_REPRESENTATION_CONTEXT() REPRESENTATION_CONTEXT('2D SPACE',''
  ) );
#10295 = PCURVE('',#10086,#10296);
#10296 = DEFINITIONAL_REPRESENTATION('',(#10297),#10301);
#10297 = LINE('',#10298,#10299);
#10298 = CARTESIAN_POINT('',(0.,28.));
#10299 = VECTOR('',#10300,1.);
#10300 = DIRECTION('',(1.,0.));
#10301 = ( GEOMETRIC_REPRESENTATION_CONTEXT(2) 
PARAMETRIC_REPRESENTATION_CONTEXT() REPRESENTATION_CONTEXT('2D SPACE',''
  ) );
#10302 = ORIENTED_EDGE('',*,*,#10098,.T.);
#10303 = ORIENTED_EDGE('',*,*,#10256,.T.);
#10304 = ORIENTED_EDGE('',*,*,#10305,.F.);
#10305 = EDGE_CURVE('',#10281,#10234,#10306,.T.);
#10306 = SURFACE_CURVE('',#10307,(#10311,#10318),.PCURVE_S1.);
#10307 = LINE('',#10308,#10309);
#10308 = CARTESIAN_POINT('',(14.,14.,0.));
#10309 = VECTOR('',#10310,1.);
#10310 = DIRECTION('',(0.,0.,1.));
#10311 = PCURVE('',#10114,#10312);
#10312 = DEFINITIONAL_REPRESENTATION('',(#10313),#10317);
#10313 = LINE('',#10314,#10315);
#10314 = CARTESIAN_POINT('',(0.,28.));
#10315 = VECTOR('',#10316,1.);
#10316 = DIRECTION('',(1.,0.));
#10317 = ( GEOMETRIC_REPRESENTATION_CONTEXT(2) 
PARAMETRIC_REPRESENTATION_CONTEXT() REPRESENTATION_CONTEXT('2D SPACE',''
  ) );
#10318 = PCURVE('',#10216,#10319);
#10319 = DEFINITIONAL_REPRESENTATION('',(#10320),#10324);
#10320 = LINE('',#10321,#10322);
#10321 = CARTESIAN_POINT('',(0.,-28.));
#10322 = VECTOR('',#10323,1.);
#10323 = DIRECTION('',(1.,0.));
#10324 = ( GEOMETRIC_REPRESENTATION_CONTEXT(2) 
PARAMETRIC_REPRESENTATION_CONTEXT() REPRESENTATION_CONTEXT('2D SPACE',''
  ) );
#10325 = ADVANCED_FACE('',(#10326,#10352),#10086,.F.);
#10326 = FACE_BOUND('',#10327,.F.);
#10327 = EDGE_LOOP('',(#10328,#10329,#10330,#10351));
#10328 = ORIENTED_EDGE('',*,*,#10070,.F.);
#10329 = ORIENTED_EDGE('',*,*,#10155,.T.);
#10330 = ORIENTED_EDGE('',*,*,#10331,.T.);
#10331 = EDGE_CURVE('',#10156,#10281,#10332,.T.);
#10332 = SURFACE_CURVE('',#10333,(#10337,#10344),.PCURVE_S1.);
#10333 = LINE('',#10334,#10335);
#10334 = CARTESIAN_POINT('',(14.,-14.,0.));
#10335 = VECTOR('',#10336,1.);
#10336 = DIRECTION('',(0.,1.,0.));
#10337 = PCURVE('',#10086,#10338);
#10338 = DEFINITIONAL_REPRESENTATION('',(#10339),#10343);
#10339 = LINE('',#10340,#10341);
#10340 = CARTESIAN_POINT('',(28.,0.));
#10341 = VECTOR('',#10342,1.);
#10342 = DIRECTION('',(0.,1.));
#10343 = ( GEOMETRIC_REPRESENTATION_CONTEXT(2) 
PARAMETRIC_REPRESENTATION_CONTEXT() REPRESENTATION_CONTEXT('2D SPACE',''
  ) );
#10344 = PCURVE('',#10216,#10345);
#10345 = DEFINITIONAL_REPRESENTATION('',(#10346),#10350);
#10346 = LINE('',#10347,#10348);
#10347 = CARTESIAN_POINT('',(0.,0.));
#10348 = VECTOR('',#10349,1.);
#10349 = DIRECTION('',(0.,-1.));
#10350 = ( GEOMETRIC_REPRESENTATION_CONTEXT(2) 
PARAMETRIC_REPRESENTATION_CONTEXT() REPRESENTATION_CONTEXT('2D SPACE',''
  ) );
#10351 = ORIENTED_EDGE('',*,*,#10280,.F.);
#10352 = FACE_BOUND('',#10353,.F.);
#10353 = EDGE_LOOP('',(#10354));
#10354 = ORIENTED_EDGE('',*,*,#10355,.F.);
#10355 = EDGE_CURVE('',#10356,#10356,#10358,.T.);
#10356 = VERTEX_POINT('',#10357);
#10357 = CARTESIAN_POINT('',(11.,0.,0.));
#10358 = SURFACE_CURVE('',#10359,(#10364,#10371),.PCURVE_S1.);
#10359 = CIRCLE('',#10360,11.);
#10360 = AXIS2_PLACEMENT_3D('',#10361,#10362,#10363);
#10361 = CARTESIAN_POINT('',(0.,0.,0.));
#10362 = DIRECTION('',(0.,0.,1.));
#10363 = DIRECTION('',(1.,0.,0.));
#10364 = PCURVE('',#10086,#10365);
#10365 = DEFINITIONAL_REPRESENTATION('',(#10366),#10370);
#10366 = CIRCLE('',#10367,11.);
#10367 = AXIS2_PLACEMENT_2D('',#10368,#10369);
#10368 = CARTESIAN_POINT('',(14.,14.));
#10369 = DIRECTION('',(1.,0.));
#10370 = ( GEOMETRIC_REPRESENTATION_CONTEXT(2) 
PARAMETRIC_REPRESENTATION_CONTEXT() REPRESENTATION_CONTEXT('2D SPACE',''
  ) );
#10371 = PCURVE('',#10372,#10377);
#10372 = CYLINDRICAL_SURFACE('',#10373,11.);
#10373 = AXIS2_PLACEMENT_3D('',#10374,#10375,#10376);
#10374 = CARTESIAN_POINT('',(0.,0.,-2.));
#10375 = DIRECTION('',(-0.,-0.,-1.));
#10376 = DIRECTION('',(1.,0.,0.));
#10377 = DEFINITIONAL_REPRESENTATION('',(#10378),#10382);
#10378 = LINE('',#10379,#10380);
#10379 = CARTESIAN_POINT('',(-0.,-2.));
#10380 = VECTOR('',#10381,1.);
#10381 = DIRECTION('',(-1.,0.));
#10382 = ( GEOMETRIC_REPRESENTATION_CONTEXT(2) 
PARAMETRIC_REPRESENTATION_CONTEXT() REPRESENTATION_CONTEXT('2D SPACE',''
  ) );
#10383 = ADVANCED_FACE('',(#10384),#10216,.T.);
#10384 = FACE_BOUND('',#10385,.T.);
#10385 = EDGE_LOOP('',(#10386,#10387,#10388,#10389));
#10386 = ORIENTED_EDGE('',*,*,#10202,.F.);
#10387 = ORIENTED_EDGE('',*,*,#10331,.T.);
#10388 = ORIENTED_EDGE('',*,*,#10305,.T.);
#10389 = ORIENTED_EDGE('',*,*,#10233,.F.);
#10390 = ADVANCED_FACE('',(#10391),#10372,.T.);
#10391 = FACE_BOUND('',#10392,.F.);
#10392 = EDGE_LOOP('',(#10393,#10416,#10417,#10418));
#10393 = ORIENTED_EDGE('',*,*,#10394,.T.);
#10394 = EDGE_CURVE('',#10395,#10356,#10397,.T.);
#10395 = VERTEX_POINT('',#10396);
#10396 = CARTESIAN_POINT('',(11.,0.,-2.));
#10397 = SEAM_CURVE('',#10398,(#10402,#10409),.PCURVE_S1.);
#10398 = LINE('',#10399,#10400);
#10399 = CARTESIAN_POINT('',(11.,0.,-2.));
#10400 = VECTOR('',#10401,1.);
#10401 = DIRECTION('',(0.,0.,1.));
#10402 = PCURVE('',#10372,#10403);
#10403 = DEFINITIONAL_REPRESENTATION('',(#10404),#10408);
#10404 = LINE('',#10405,#10406);
#10405 = CARTESIAN_POINT('',(-0.,0.));
#10406 = VECTOR('',#10407,1.);
#10407 = DIRECTION('',(-0.,-1.));
#10408 = ( GEOMETRIC_REPRESENTATION_CONTEXT(2) 
PARAMETRIC_REPRESENTATION_CONTEXT() REPRESENTATION_CONTEXT('2D SPACE',''
  ) );
#10409 = PCURVE('',#10372,#10410);
#10410 = DEFINITIONAL_REPRESENTATION('',(#10411),#10415);
#10411 = LINE('',#10412,#10413);
#10412 = CARTESIAN_POINT('',(-6.28318530718,0.));
#10413 = VECTOR('',#10414,1.);
#10414 = DIRECTION('',(-0.,-1.));
#10415 = ( GEOMETRIC_REPRESENTATION_CONTEXT(2) 
PARAMETRIC_REPRESENTATION_CONTEXT() REPRESENTATION_CONTEXT('2D SPACE',''
  ) );
#10416 = ORIENTED_EDGE('',*,*,#10355,.T.);
#10417 = ORIENTED_EDGE('',*,*,#10394,.F.);
#10418 = ORIENTED_EDGE('',*,*,#10419,.F.);
#10419 = EDGE_CURVE('',#10395,#10395,#10420,.T.);
#10420 = SURFACE_CURVE('',#10421,(#10426,#10433),.PCURVE_S1.);
#10421 = CIRCLE('',#10422,11.);
#10422 = AXIS2_PLACEMENT_3D('',#10423,#10424,#10425);
#10423 = CARTESIAN_POINT('',(0.,0.,-2.));
#10424 = DIRECTION('',(0.,0.,1.));
#10425 = DIRECTION('',(1.,0.,0.));
#10426 = PCURVE('',#10372,#10427);
#10427 = DEFINITIONAL_REPRESENTATION('',(#10428),#10432);
#10428 = LINE('',#10429,#10430);
#10429 = CARTESIAN_POINT('',(-0.,0.));
#10430 = VECTOR('',#10431,1.);
#10431 = DIRECTION('',(-1.,0.));
#10432 = ( GEOMETRIC_REPRESENTATION_CONTEXT(2) 
PARAMETRIC_REPRESENTATION_CONTEXT() REPRESENTATION_CONTEXT('2D SPACE',''
  ) );
#10433 = PCURVE('',#10434,#10439);
#10434 = PLANE('',#10435);
#10435 = AXIS2_PLACEMENT_3D('',#10436,#10437,#10438);
#10436 = CARTESIAN_POINT('',(-7.458764359306E-16,-4.490371596874E-16,-2.
    ));
#10437 = DIRECTION('',(0.,0.,1.));
#10438 = DIRECTION('',(1.,0.,-0.));
#10439 = DEFINITIONAL_REPRESENTATION('',(#10440),#10444);
#10440 = CIRCLE('',#10441,11.);
#10441 = AXIS2_PLACEMENT_2D('',#10442,#10443);
#10442 = CARTESIAN_POINT('',(7.458764359306E-16,4.490371596874E-16));
#10443 = DIRECTION('',(1.,0.));
#10444 = ( GEOMETRIC_REPRESENTATION_CONTEXT(2) 
PARAMETRIC_REPRESENTATION_CONTEXT() REPRESENTATION_CONTEXT('2D SPACE',''
  ) );
#10445 = ADVANCED_FACE('',(#10446,#10449),#10434,.F.);
#10446 = FACE_BOUND('',#10447,.F.);
#10447 = EDGE_LOOP('',(#10448));
#10448 = ORIENTED_EDGE('',*,*,#10419,.T.);
#10449 = FACE_BOUND('',#10450,.F.);
#10450 = EDGE_LOOP('',(#10451));
#10451 = ORIENTED_EDGE('',*,*,#10452,.T.);
#10452 = EDGE_CURVE('',#10453,#10453,#10455,.T.);
#10453 = VERTEX_POINT('',#10454);
#10454 = CARTESIAN_POINT('',(2.5,0.,-2.));
#10455 = SURFACE_CURVE('',#10456,(#10461,#10472),.PCURVE_S1.);
#10456 = CIRCLE('',#10457,2.5);
#10457 = AXIS2_PLACEMENT_3D('',#10458,#10459,#10460);
#10458 = CARTESIAN_POINT('',(0.,0.,-2.));
#10459 = DIRECTION('',(0.,0.,-1.));
#10460 = DIRECTION('',(1.,0.,0.));
#10461 = PCURVE('',#10434,#10462);
#10462 = DEFINITIONAL_REPRESENTATION('',(#10463),#10471);
#10463 = ( BOUNDED_CURVE() B_SPLINE_CURVE(2,(#10464,#10465,#10466,#10467
    ,#10468,#10469,#10470),.UNSPECIFIED.,.T.,.F.) 
B_SPLINE_CURVE_WITH_KNOTS((1,2,2,2,2,1),(-2.094395102393,0.,
    2.094395102393,4.188790204786,6.28318530718,8.377580409573),
.UNSPECIFIED.) CURVE() GEOMETRIC_REPRESENTATION_ITEM() 
RATIONAL_B_SPLINE_CURVE((1.,0.5,1.,0.5,1.,0.5,1.)) REPRESENTATION_ITEM(
  '') );
#10464 = CARTESIAN_POINT('',(2.5,4.490371596874E-16));
#10465 = CARTESIAN_POINT('',(2.5,-4.330127018922));
#10466 = CARTESIAN_POINT('',(-1.25,-2.165063509461));
#10467 = CARTESIAN_POINT('',(-5.,-1.632862398863E-16));
#10468 = CARTESIAN_POINT('',(-1.25,2.165063509461));
#10469 = CARTESIAN_POINT('',(2.5,4.330127018922));
#10470 = CARTESIAN_POINT('',(2.5,4.490371596874E-16));
#10471 = ( GEOMETRIC_REPRESENTATION_CONTEXT(2) 
PARAMETRIC_REPRESENTATION_CONTEXT() REPRESENTATION_CONTEXT('2D SPACE',''
  ) );
#10472 = PCURVE('',#10473,#10478);
#10473 = CYLINDRICAL_SURFACE('',#10474,2.5);
#10474 = AXIS2_PLACEMENT_3D('',#10475,#10476,#10477);
#10475 = CARTESIAN_POINT('',(0.,0.,-20.));
#10476 = DIRECTION('',(-0.,-0.,-1.));
#10477 = DIRECTION('',(1.,0.,0.));
#10478 = DEFINITIONAL_REPRESENTATION('',(#10479),#10483);
#10479 = LINE('',#10480,#10481);
#10480 = CARTESIAN_POINT('',(-6.28318530718,-18.));
#10481 = VECTOR('',#10482,1.);
#10482 = DIRECTION('',(1.,-0.));
#10483 = ( GEOMETRIC_REPRESENTATION_CONTEXT(2) 
PARAMETRIC_REPRESENTATION_CONTEXT() REPRESENTATION_CONTEXT('2D SPACE',''
  ) );
#10484 = ADVANCED_FACE('',(#10485),#10473,.T.);
#10485 = FACE_BOUND('',#10486,.F.);
#10486 = EDGE_LOOP('',(#10487,#10516,#10537,#10538));
#10487 = ORIENTED_EDGE('',*,*,#10488,.F.);
#10488 = EDGE_CURVE('',#10489,#10489,#10491,.T.);
#10489 = VERTEX_POINT('',#10490);
#10490 = CARTESIAN_POINT('',(2.5,0.,-20.));
#10491 = SURFACE_CURVE('',#10492,(#10497,#10504),.PCURVE_S1.);
#10492 = CIRCLE('',#10493,2.5);
#10493 = AXIS2_PLACEMENT_3D('',#10494,#10495,#10496);
#10494 = CARTESIAN_POINT('',(0.,0.,-20.));
#10495 = DIRECTION('',(0.,0.,1.));
#10496 = DIRECTION('',(1.,0.,0.));
#10497 = PCURVE('',#10473,#10498);
#10498 = DEFINITIONAL_REPRESENTATION('',(#10499),#10503);
#10499 = LINE('',#10500,#10501);
#10500 = CARTESIAN_POINT('',(-0.,0.));
#10501 = VECTOR('',#10502,1.);
#10502 = DIRECTION('',(-1.,0.));
#10503 = ( GEOMETRIC_REPRESENTATION_CONTEXT(2) 
PARAMETRIC_REPRESENTATION_CONTEXT() REPRESENTATION_CONTEXT('2D SPACE',''
  ) );
#10504 = PCURVE('',#10505,#10510);
#10505 = PLANE('',#10506);
#10506 = AXIS2_PLACEMENT_3D('',#10507,#10508,#10509);
#10507 = CARTESIAN_POINT('',(-1.367440132539E-16,1.714341265789E-16,-20.
    ));
#10508 = DIRECTION('',(0.,0.,1.));
#10509 = DIRECTION('',(1.,0.,-0.));
#10510 = DEFINITIONAL_REPRESENTATION('',(#10511),#10515);
#10511 = CIRCLE('',#10512,2.5);
#10512 = AXIS2_PLACEMENT_2D('',#10513,#10514);
#10513 = CARTESIAN_POINT('',(1.367440132539E-16,-1.714341265789E-16));
#10514 = DIRECTION('',(1.,0.));
#10515 = ( GEOMETRIC_REPRESENTATION_CONTEXT(2) 
PARAMETRIC_REPRESENTATION_CONTEXT() REPRESENTATION_CONTEXT('2D SPACE',''
  ) );
#10516 = ORIENTED_EDGE('',*,*,#10517,.T.);
#10517 = EDGE_CURVE('',#10489,#10453,#10518,.T.);
#10518 = SEAM_CURVE('',#10519,(#10523,#10530),.PCURVE_S1.);
#10519 = LINE('',#10520,#10521);
#10520 = CARTESIAN_POINT('',(2.5,0.,-20.));
#10521 = VECTOR('',#10522,1.);
#10522 = DIRECTION('',(0.,0.,1.));
#10523 = PCURVE('',#10473,#10524);
#10524 = DEFINITIONAL_REPRESENTATION('',(#10525),#10529);
#10525 = LINE('',#10526,#10527);
#10526 = CARTESIAN_POINT('',(-6.28318530718,0.));
#10527 = VECTOR('',#10528,1.);
#10528 = DIRECTION('',(-0.,-1.));
#10529 = ( GEOMETRIC_REPRESENTATION_CONTEXT(2) 
PARAMETRIC_REPRESENTATION_CONTEXT() REPRESENTATION_CONTEXT('2D SPACE',''
  ) );
#10530 = PCURVE('',#10473,#10531);
#10531 = DEFINITIONAL_REPRESENTATION('',(#10532),#10536);
#10532 = LINE('',#10533,#10534);
#10533 = CARTESIAN_POINT('',(-0.,0.));
#10534 = VECTOR('',#10535,1.);
#10535 = DIRECTION('',(-0.,-1.));
#10536 = ( GEOMETRIC_REPRESENTATION_CONTEXT(2) 
PARAMETRIC_REPRESENTATION_CONTEXT() REPRESENTATION_CONTEXT('2D SPACE',''
  ) );
#10537 = ORIENTED_EDGE('',*,*,#10452,.F.);
#10538 = ORIENTED_EDGE('',*,*,#10517,.F.);
#10539 = ADVANCED_FACE('',(#10540),#10505,.F.);
#10540 = FACE_BOUND('',#10541,.F.);
#10541 = EDGE_LOOP('',(#10542));
#10542 = ORIENTED_EDGE('',*,*,#10488,.T.);
#10543 = ( GEOMETRIC_REPRESENTATION_CONTEXT(3) 
GLOBAL_UNCERTAINTY_ASSIGNED_CONTEXT((#10547)) 
GLOBAL_UNIT_ASSIGNED_CONTEXT((#10544,#10545,#10546)) 
REPRESENTATION_CONTEXT('Context #1',
  '3D Context with UNIT and UNCERTAINTY') );
#10544 = ( LENGTH_UNIT() NAMED_UNIT(*) SI_UNIT(.MILLI.,.METRE.) );
#10545 = ( NAMED_UNIT(*) PLANE_ANGLE_UNIT() SI_UNIT($,.RADIAN.) );
#10546 = ( NAMED_UNIT(*) SI_UNIT($,.STERADIAN.) SOLID_ANGLE_UNIT() );
#10547 = UNCERTAINTY_MEASURE_WITH_UNIT(LENGTH_MEASURE(1.E-07),#10544,
  'distance_accuracy_value','confusion accuracy');
#10548 = CONTEXT_DEPENDENT_SHAPE_REPRESENTATION(#10549,#10551);
#10549 = ( REPRESENTATION_RELATIONSHIP('','',#10028,#10) 
REPRESENTATION_RELATIONSHIP_WITH_TRANSFORMATION(#10550) 
SHAPE_REPRESENTATION_RELATIONSHIP() );
#10550 = ITEM_DEFINED_TRANSFORMATION('','',#11,#23);
#10551 = PRODUCT_DEFINITION_SHAPE('Placement','Placement of an item',
  #10552);
#10552 = NEXT_ASSEMBLY_USAGE_OCCURRENCE('3','stepper','',#5,#10023,$);
#10553 = PRODUCT_RELATED_PRODUCT_CATEGORY('part',$,(#10025));
#10554 = SHAPE_DEFINITION_REPRESENTATION(#10555,#10561);
#10555 = PRODUCT_DEFINITION_SHAPE('','',#10556);
#10556 = PRODUCT_DEFINITION('design','',#10557,#10560);
#10557 = PRODUCT_DEFINITION_FORMATION('','',#10558);
#10558 = PRODUCT('coupler','coupler','',(#10559));
#10559 = PRODUCT_CONTEXT('',#2,'mechanical');
#10560 = PRODUCT_DEFINITION_CONTEXT('part definition',#2,'design');
#10561 = ADVANCED_BREP_SHAPE_REPRESENTATION('',(#11,#10562),#10660);
#10562 = MANIFOLD_SOLID_BREP('',#10563);
#10563 = CLOSED_SHELL('',(#10564,#10652,#10656));
#10564 = ADVANCED_FACE('',(#10565),#10579,.T.);
#10565 = FACE_BOUND('',#10566,.F.);
#10566 = EDGE_LOOP('',(#10567,#10597,#10624,#10625));
#10567 = ORIENTED_EDGE('',*,*,#10568,.T.);
#10568 = EDGE_CURVE('',#10569,#10571,#10573,.T.);
#10569 = VERTEX_POINT('',#10570);
#10570 = CARTESIAN_POINT('',(9.,0.,0.));
#10571 = VERTEX_POINT('',#10572);
#10572 = CARTESIAN_POINT('',(9.,0.,25.));
#10573 = SEAM_CURVE('',#10574,(#10578,#10590),.PCURVE_S1.);
#10574 = LINE('',#10575,#10576);
#10575 = CARTESIAN_POINT('',(9.,0.,0.));
#10576 = VECTOR('',#10577,1.);
#10577 = DIRECTION('',(0.,0.,1.));
#10578 = PCURVE('',#10579,#10584);
#10579 = CYLINDRICAL_SURFACE('',#10580,9.);
#10580 = AXIS2_PLACEMENT_3D('',#10581,#10582,#10583);
#10581 = CARTESIAN_POINT('',(0.,0.,0.));
#10582 = DIRECTION('',(-0.,-0.,-1.));
#10583 = DIRECTION('',(1.,0.,0.));
#10584 = DEFINITIONAL_REPRESENTATION('',(#10585),#10589);
#10585 = LINE('',#10586,#10587);
#10586 = CARTESIAN_POINT('',(-0.,0.));
#10587 = VECTOR('',#10588,1.);
#10588 = DIRECTION('',(-0.,-1.));
#10589 = ( GEOMETRIC_REPRESENTATION_CONTEXT(2) 
PARAMETRIC_REPRESENTATION_CONTEXT() REPRESENTATION_CONTEXT('2D SPACE',''
  ) );
#10590 = PCURVE('',#10579,#10591);
#10591 = DEFINITIONAL_REPRESENTATION('',(#10592),#10596);
#10592 = LINE('',#10593,#10594);
#10593 = CARTESIAN_POINT('',(-6.28318530718,0.));
#10594 = VECTOR('',#10595,1.);
#10595 = DIRECTION('',(-0.,-1.));
#10596 = ( GEOMETRIC_REPRESENTATION_CONTEXT(2) 
PARAMETRIC_REPRESENTATION_CONTEXT() REPRESENTATION_CONTEXT('2D SPACE',''
  ) );
#10597 = ORIENTED_EDGE('',*,*,#10598,.T.);
#10598 = EDGE_CURVE('',#10571,#10571,#10599,.T.);
#10599 = SURFACE_CURVE('',#10600,(#10605,#10612),.PCURVE_S1.);
#10600 = CIRCLE('',#10601,9.);
#10601 = AXIS2_PLACEMENT_3D('',#10602,#10603,#10604);
#10602 = CARTESIAN_POINT('',(0.,0.,25.));
#10603 = DIRECTION('',(0.,0.,1.));
#10604 = DIRECTION('',(1.,0.,0.));
#10605 = PCURVE('',#10579,#10606);
#10606 = DEFINITIONAL_REPRESENTATION('',(#10607),#10611);
#10607 = LINE('',#10608,#10609);
#10608 = CARTESIAN_POINT('',(-0.,-25.));
#10609 = VECTOR('',#10610,1.);
#10610 = DIRECTION('',(-1.,0.));
#10611 = ( GEOMETRIC_REPRESENTATION_CONTEXT(2) 
PARAMETRIC_REPRESENTATION_CONTEXT() REPRESENTATION_CONTEXT('2D SPACE',''
  ) );
#10612 = PCURVE('',#10613,#10618);
#10613 = PLANE('',#10614);
#10614 = AXIS2_PLACEMENT_3D('',#10615,#10616,#10617);
#10615 = CARTESIAN_POINT('',(-3.038755850088E-16,2.403571302733E-16,25.)
  );
#10616 = DIRECTION('',(0.,0.,1.));
#10617 = DIRECTION('',(1.,0.,-0.));
#10618 = DEFINITIONAL_REPRESENTATION('',(#10619),#10623);
#10619 = CIRCLE('',#10620,9.);
#10620 = AXIS2_PLACEMENT_2D('',#10621,#10622);
#10621 = CARTESIAN_POINT('',(3.038755850088E-16,-2.403571302733E-16));
#10622 = DIRECTION('',(1.,0.));
#10623 = ( GEOMETRIC_REPRESENTATION_CONTEXT(2) 
PARAMETRIC_REPRESENTATION_CONTEXT() REPRESENTATION_CONTEXT('2D SPACE',''
  ) );
#10624 = ORIENTED_EDGE('',*,*,#10568,.F.);
#10625 = ORIENTED_EDGE('',*,*,#10626,.F.);
#10626 = EDGE_CURVE('',#10569,#10569,#10627,.T.);
#10627 = SURFACE_CURVE('',#10628,(#10633,#10640),.PCURVE_S1.);
#10628 = CIRCLE('',#10629,9.);
#10629 = AXIS2_PLACEMENT_3D('',#10630,#10631,#10632);
#10630 = CARTESIAN_POINT('',(0.,0.,0.));
#10631 = DIRECTION('',(0.,0.,1.));
#10632 = DIRECTION('',(1.,0.,0.));
#10633 = PCURVE('',#10579,#10634);
#10634 = DEFINITIONAL_REPRESENTATION('',(#10635),#10639);
#10635 = LINE('',#10636,#10637);
#10636 = CARTESIAN_POINT('',(-0.,0.));
#10637 = VECTOR('',#10638,1.);
#10638 = DIRECTION('',(-1.,0.));
#10639 = ( GEOMETRIC_REPRESENTATION_CONTEXT(2) 
PARAMETRIC_REPRESENTATION_CONTEXT() REPRESENTATION_CONTEXT('2D SPACE',''
  ) );
#10640 = PCURVE('',#10641,#10646);
#10641 = PLANE('',#10642);
#10642 = AXIS2_PLACEMENT_3D('',#10643,#10644,#10645);
#10643 = CARTESIAN_POINT('',(-3.038755850088E-16,2.403571302733E-16,0.)
  );
#10644 = DIRECTION('',(0.,0.,1.));
#10645 = DIRECTION('',(1.,0.,-0.));
#10646 = DEFINITIONAL_REPRESENTATION('',(#10647),#10651);
#10647 = CIRCLE('',#10648,9.);
#10648 = AXIS2_PLACEMENT_2D('',#10649,#10650);
#10649 = CARTESIAN_POINT('',(3.038755850088E-16,-2.403571302733E-16));
#10650 = DIRECTION('',(1.,0.));
#10651 = ( GEOMETRIC_REPRESENTATION_CONTEXT(2) 
PARAMETRIC_REPRESENTATION_CONTEXT() REPRESENTATION_CONTEXT('2D SPACE',''
  ) );
#10652 = ADVANCED_FACE('',(#10653),#10641,.F.);
#10653 = FACE_BOUND('',#10654,.F.);
#10654 = EDGE_LOOP('',(#10655));
#10655 = ORIENTED_EDGE('',*,*,#10626,.T.);
#10656 = ADVANCED_FACE('',(#10657),#10613,.T.);
#10657 = FACE_BOUND('',#10658,.T.);
#10658 = EDGE_LOOP('',(#10659));
#10659 = ORIENTED_EDGE('',*,*,#10598,.T.);
#10660 = ( GEOMETRIC_REPRESENTATION_CONTEXT(3) 
GLOBAL_UNCERTAINTY_ASSIGNED_CONTEXT((#10664)) 
GLOBAL_UNIT_ASSIGNED_CONTEXT((#10661,#10662,#10663)) 
REPRESENTATION_CONTEXT('Context #1',
  '3D Context with UNIT and UNCERTAINTY') );
#10661 = ( LENGTH_UNIT() NAMED_UNIT(*) SI_UNIT(.MILLI.,.METRE.) );
#10662 = ( NAMED_UNIT(*) PLANE_ANGLE_UNIT() SI_UNIT($,.RADIAN.) );
#10663 = ( NAMED_UNIT(*) SI_UNIT($,.STERADIAN.) SOLID_ANGLE_UNIT() );
#10664 = UNCERTAINTY_MEASURE_WITH_UNIT(LENGTH_MEASURE(1.E-07),#10661,
  'distance_accuracy_value','confusion accuracy');
#10665 = CONTEXT_DEPENDENT_SHAPE_REPRESENTATION(#10666,#10668);
#10666 = ( REPRESENTATION_RELATIONSHIP('','',#10561,#10) 
REPRESENTATION_RELATIONSHIP_WITH_TRANSFORMATION(#10667) 
SHAPE_REPRESENTATION_RELATIONSHIP() );
#10667 = ITEM_DEFINED_TRANSFORMATION('','',#11,#27);
#10668 = PRODUCT_DEFINITION_SHAPE('Placement','Placement of an item',
  #10669);
#10669 = NEXT_ASSEMBLY_USAGE_OCCURRENCE('4','coupler','',#5,#10556,$);
#10670 = PRODUCT_RELATED_PRODUCT_CATEGORY('part',$,(#10558));
#10671 = SHAPE_DEFINITION_REPRESENTATION(#10672,#10678);
#10672 = PRODUCT_DEFINITION_SHAPE('','',#10673);
#10673 = PRODUCT_DEFINITION('design','',#10674,#10677);
#10674 = PRODUCT_DEFINITION_FORMATION('','',#10675);
#10675 = PRODUCT('erm','erm','',(#10676));
#10676 = PRODUCT_CONTEXT('',#2,'mechanical');
#10677 = PRODUCT_DEFINITION_CONTEXT('part definition',#2,'design');
#10678 = ADVANCED_BREP_SHAPE_REPRESENTATION('',(#11,#10679),#10777);
#10679 = MANIFOLD_SOLID_BREP('',#10680);
#10680 = CLOSED_SHELL('',(#10681,#10769,#10773));
#10681 = ADVANCED_FACE('',(#10682),#10696,.T.);
#10682 = FACE_BOUND('',#10683,.F.);
#10683 = EDGE_LOOP('',(#10684,#10714,#10741,#10742));
#10684 = ORIENTED_EDGE('',*,*,#10685,.T.);
#10685 = EDGE_CURVE('',#10686,#10688,#10690,.T.);
#10686 = VERTEX_POINT('',#10687);
#10687 = CARTESIAN_POINT('',(5.,0.,0.));
#10688 = VERTEX_POINT('',#10689);
#10689 = CARTESIAN_POINT('',(5.,0.,2.7));
#10690 = SEAM_CURVE('',#10691,(#10695,#10707),.PCURVE_S1.);
#10691 = LINE('',#10692,#10693);
#10692 = CARTESIAN_POINT('',(5.,0.,0.));
#10693 = VECTOR('',#10694,1.);
#10694 = DIRECTION('',(0.,0.,1.));
#10695 = PCURVE('',#10696,#10701);
#10696 = CYLINDRICAL_SURFACE('',#10697,5.);
#10697 = AXIS2_PLACEMENT_3D('',#10698,#10699,#10700);
#10698 = CARTESIAN_POINT('',(0.,0.,0.));
#10699 = DIRECTION('',(-0.,-0.,-1.));
#10700 = DIRECTION('',(1.,0.,0.));
#10701 = DEFINITIONAL_REPRESENTATION('',(#10702),#10706);
#10702 = LINE('',#10703,#10704);
#10703 = CARTESIAN_POINT('',(-0.,0.));
#10704 = VECTOR('',#10705,1.);
#10705 = DIRECTION('',(-0.,-1.));
#10706 = ( GEOMETRIC_REPRESENTATION_CONTEXT(2) 
PARAMETRIC_REPRESENTATION_CONTEXT() REPRESENTATION_CONTEXT('2D SPACE',''
  ) );
#10707 = PCURVE('',#10696,#10708);
#10708 = DEFINITIONAL_REPRESENTATION('',(#10709),#10713);
#10709 = LINE('',#10710,#10711);
#10710 = CARTESIAN_POINT('',(-6.28318530718,0.));
#10711 = VECTOR('',#10712,1.);
#10712 = DIRECTION('',(-0.,-1.));
#10713 = ( GEOMETRIC_REPRESENTATION_CONTEXT(2) 
PARAMETRIC_REPRESENTATION_CONTEXT() REPRESENTATION_CONTEXT('2D SPACE',''
  ) );
#10714 = ORIENTED_EDGE('',*,*,#10715,.T.);
#10715 = EDGE_CURVE('',#10688,#10688,#10716,.T.);
#10716 = SURFACE_CURVE('',#10717,(#10722,#10729),.PCURVE_S1.);
#10717 = CIRCLE('',#10718,5.);
#10718 = AXIS2_PLACEMENT_3D('',#10719,#10720,#10721);
#10719 = CARTESIAN_POINT('',(0.,0.,2.7));
#10720 = DIRECTION('',(0.,0.,1.));
#10721 = DIRECTION('',(1.,0.,0.));
#10722 = PCURVE('',#10696,#10723);
#10723 = DEFINITIONAL_REPRESENTATION('',(#10724),#10728);
#10724 = LINE('',#10725,#10726);
#10725 = CARTESIAN_POINT('',(-0.,-2.7));
#10726 = VECTOR('',#10727,1.);
#10727 = DIRECTION('',(-1.,0.));
#10728 = ( GEOMETRIC_REPRESENTATION_CONTEXT(2) 
PARAMETRIC_REPRESENTATION_CONTEXT() REPRESENTATION_CONTEXT('2D SPACE',''
  ) );
#10729 = PCURVE('',#10730,#10735);
#10730 = PLANE('',#10731);
#10731 = AXIS2_PLACEMENT_3D('',#10732,#10733,#10734);
#10732 = CARTESIAN_POINT('',(-2.734880265079E-16,3.428682531579E-16,2.7)
  );
#10733 = DIRECTION('',(0.,0.,1.));
#10734 = DIRECTION('',(1.,0.,-0.));
#10735 = DEFINITIONAL_REPRESENTATION('',(#10736),#10740);
#10736 = CIRCLE('',#10737,5.);
#10737 = AXIS2_PLACEMENT_2D('',#10738,#10739);
#10738 = CARTESIAN_POINT('',(2.734880265079E-16,-3.428682531579E-16));
#10739 = DIRECTION('',(1.,0.));
#10740 = ( GEOMETRIC_REPRESENTATION_CONTEXT(2) 
PARAMETRIC_REPRESENTATION_CONTEXT() REPRESENTATION_CONTEXT('2D SPACE',''
  ) );
#10741 = ORIENTED_EDGE('',*,*,#10685,.F.);
#10742 = ORIENTED_EDGE('',*,*,#10743,.F.);
#10743 = EDGE_CURVE('',#10686,#10686,#10744,.T.);
#10744 = SURFACE_CURVE('',#10745,(#10750,#10757),.PCURVE_S1.);
#10745 = CIRCLE('',#10746,5.);
#10746 = AXIS2_PLACEMENT_3D('',#10747,#10748,#10749);
#10747 = CARTESIAN_POINT('',(0.,0.,0.));
#10748 = DIRECTION('',(0.,0.,1.));
#10749 = DIRECTION('',(1.,0.,0.));
#10750 = PCURVE('',#10696,#10751);
#10751 = DEFINITIONAL_REPRESENTATION('',(#10752),#10756);
#10752 = LINE('',#10753,#10754);
#10753 = CARTESIAN_POINT('',(-0.,0.));
#10754 = VECTOR('',#10755,1.);
#10755 = DIRECTION('',(-1.,0.));
#10756 = ( GEOMETRIC_REPRESENTATION_CONTEXT(2) 
PARAMETRIC_REPRESENTATION_CONTEXT() REPRESENTATION_CONTEXT('2D SPACE',''
  ) );
#10757 = PCURVE('',#10758,#10763);
#10758 = PLANE('',#10759);
#10759 = AXIS2_PLACEMENT_3D('',#10760,#10761,#10762);
#10760 = CARTESIAN_POINT('',(-2.734880265079E-16,3.428682531579E-16,0.)
  );
#10761 = DIRECTION('',(0.,0.,1.));
#10762 = DIRECTION('',(1.,0.,-0.));
#10763 = DEFINITIONAL_REPRESENTATION('',(#10764),#10768);
#10764 = CIRCLE('',#10765,5.);
#10765 = AXIS2_PLACEMENT_2D('',#10766,#10767);
#10766 = CARTESIAN_POINT('',(2.734880265079E-16,-3.428682531579E-16));
#10767 = DIRECTION('',(1.,0.));
#10768 = ( GEOMETRIC_REPRESENTATION_CONTEXT(2) 
PARAMETRIC_REPRESENTATION_CONTEXT() REPRESENTATION_CONTEXT('2D SPACE',''
  ) );
#10769 = ADVANCED_FACE('',(#10770),#10758,.F.);
#10770 = FACE_BOUND('',#10771,.F.);
#10771 = EDGE_LOOP('',(#10772));
#10772 = ORIENTED_EDGE('',*,*,#10743,.T.);
#10773 = ADVANCED_FACE('',(#10774),#10730,.T.);
#10774 = FACE_BOUND('',#10775,.T.);
#10775 = EDGE_LOOP('',(#10776));
#10776 = ORIENTED_EDGE('',*,*,#10715,.T.);
#10777 = ( GEOMETRIC_REPRESENTATION_CONTEXT(3) 
GLOBAL_UNCERTAINTY_ASSIGNED_CONTEXT((#10781)) 
GLOBAL_UNIT_ASSIGNED_CONTEXT((#10778,#10779,#10780)) 
REPRESENTATION_CONTEXT('Context #1',
  '3D Context with UNIT and UNCERTAINTY') );
#10778 = ( LENGTH_UNIT() NAMED_UNIT(*) SI_UNIT(.MILLI.,.METRE.) );
#10779 = ( NAMED_UNIT(*) PLANE_ANGLE_UNIT() SI_UNIT($,.RADIAN.) );
#10780 = ( NAMED_UNIT(*) SI_UNIT($,.STERADIAN.) SOLID_ANGLE_UNIT() );
#10781 = UNCERTAINTY_MEASURE_WITH_UNIT(LENGTH_MEASURE(1.E-07),#10778,
  'distance_accuracy_value','confusion accuracy');
#10782 = CONTEXT_DEPENDENT_SHAPE_REPRESENTATION(#10783,#10785);
#10783 = ( REPRESENTATION_RELATIONSHIP('','',#10678,#10) 
REPRESENTATION_RELATIONSHIP_WITH_TRANSFORMATION(#10784) 
SHAPE_REPRESENTATION_RELATIONSHIP() );
#10784 = ITEM_DEFINED_TRANSFORMATION('','',#11,#31);
#10785 = PRODUCT_DEFINITION_SHAPE('Placement','Placement of an item',
  #10786);
#10786 = NEXT_ASSEMBLY_USAGE_OCCURRENCE('5','erm','',#5,#10673,$);
#10787 = PRODUCT_RELATED_PRODUCT_CATEGORY('part',$,(#10675));
#10788 = SHAPE_DEFINITION_REPRESENTATION(#10789,#10795);
#10789 = PRODUCT_DEFINITION_SHAPE('','',#10790);
#10790 = PRODUCT_DEFINITION('design','',#10791,#10794);
#10791 = PRODUCT_DEFINITION_FORMATION('','',#10792);
#10792 = PRODUCT('solenoid','solenoid','',(#10793));
#10793 = PRODUCT_CONTEXT('',#2,'mechanical');
#10794 = PRODUCT_DEFINITION_CONTEXT('part definition',#2,'design');
#10795 = ADVANCED_BREP_SHAPE_REPRESENTATION('',(#11,#10796),#11126);
#10796 = MANIFOLD_SOLID_BREP('',#10797);
#10797 = CLOSED_SHELL('',(#10798,#10918,#11018,#11065,#11112,#11119));
#10798 = ADVANCED_FACE('',(#10799),#10813,.F.);
#10799 = FACE_BOUND('',#10800,.F.);
#10800 = EDGE_LOOP('',(#10801,#10836,#10864,#10892));
#10801 = ORIENTED_EDGE('',*,*,#10802,.F.);
#10802 = EDGE_CURVE('',#10803,#10805,#10807,.T.);
#10803 = VERTEX_POINT('',#10804);
#10804 = CARTESIAN_POINT('',(-4.8,-9.5,0.));
#10805 = VERTEX_POINT('',#10806);
#10806 = CARTESIAN_POINT('',(-4.8,-9.5,22.));
#10807 = SURFACE_CURVE('',#10808,(#10812,#10824),.PCURVE_S1.);
#10808 = LINE('',#10809,#10810);
#10809 = CARTESIAN_POINT('',(-4.8,-9.5,0.));
#10810 = VECTOR('',#10811,1.);
#10811 = DIRECTION('',(0.,0.,1.));
#10812 = PCURVE('',#10813,#10818);
#10813 = PLANE('',#10814);
#10814 = AXIS2_PLACEMENT_3D('',#10815,#10816,#10817);
#10815 = CARTESIAN_POINT('',(-4.8,-9.5,0.));
#10816 = DIRECTION('',(1.,0.,0.));
#10817 = DIRECTION('',(0.,0.,1.));
#10818 = DEFINITIONAL_REPRESENTATION('',(#10819),#10823);
#10819 = LINE('',#10820,#10821);
#10820 = CARTESIAN_POINT('',(0.,0.));
#10821 = VECTOR('',#10822,1.);
#10822 = DIRECTION('',(1.,0.));
#10823 = ( GEOMETRIC_REPRESENTATION_CONTEXT(2) 
PARAMETRIC_REPRESENTATION_CONTEXT() REPRESENTATION_CONTEXT('2D SPACE',''
  ) );
#10824 = PCURVE('',#10825,#10830);
#10825 = PLANE('',#10826);
#10826 = AXIS2_PLACEMENT_3D('',#10827,#10828,#10829);
#10827 = CARTESIAN_POINT('',(-4.8,-9.5,0.));
#10828 = DIRECTION('',(0.,1.,0.));
#10829 = DIRECTION('',(0.,0.,1.));
#10830 = DEFINITIONAL_REPRESENTATION('',(#10831),#10835);
#10831 = LINE('',#10832,#10833);
#10832 = CARTESIAN_POINT('',(0.,0.));
#10833 = VECTOR('',#10834,1.);
#10834 = DIRECTION('',(1.,0.));
#10835 = ( GEOMETRIC_REPRESENTATION_CONTEXT(2) 
PARAMETRIC_REPRESENTATION_CONTEXT() REPRESENTATION_CONTEXT('2D SPACE',''
  ) );
#10836 = ORIENTED_EDGE('',*,*,#10837,.T.);
#10837 = EDGE_CURVE('',#10803,#10838,#10840,.T.);
#10838 = VERTEX_POINT('',#10839);
#10839 = CARTESIAN_POINT('',(-4.8,9.5,0.));
#10840 = SURFACE_CURVE('',#10841,(#10845,#10852),.PCURVE_S1.);
#10841 = LINE('',#10842,#10843);
#10842 = CARTESIAN_POINT('',(-4.8,-9.5,0.));
#10843 = VECTOR('',#10844,1.);
#10844 = DIRECTION('',(0.,1.,0.));
#10845 = PCURVE('',#10813,#10846);
#10846 = DEFINITIONAL_REPRESENTATION('',(#10847),#10851);
#10847 = LINE('',#10848,#10849);
#10848 = CARTESIAN_POINT('',(0.,0.));
#10849 = VECTOR('',#10850,1.);
#10850 = DIRECTION('',(0.,-1.));
#10851 = ( GEOMETRIC_REPRESENTATION_CONTEXT(2) 
PARAMETRIC_REPRESENTATION_CONTEXT() REPRESENTATION_CONTEXT('2D SPACE',''
  ) );
#10852 = PCURVE('',#10853,#10858);
#10853 = PLANE('',#10854);
#10854 = AXIS2_PLACEMENT_3D('',#10855,#10856,#10857);
#10855 = CARTESIAN_POINT('',(-4.8,-9.5,0.));
#10856 = DIRECTION('',(0.,0.,1.));
#10857 = DIRECTION('',(1.,0.,0.));
#10858 = DEFINITIONAL_REPRESENTATION('',(#10859),#10863);
#10859 = LINE('',#10860,#10861);
#10860 = CARTESIAN_POINT('',(0.,0.));
#10861 = VECTOR('',#10862,1.);
#10862 = DIRECTION('',(0.,1.));
#10863 = ( GEOMETRIC_REPRESENTATION_CONTEXT(2) 
PARAMETRIC_REPRESENTATION_CONTEXT() REPRESENTATION_CONTEXT('2D SPACE',''
  ) );
#10864 = ORIENTED_EDGE('',*,*,#10865,.T.);
#10865 = EDGE_CURVE('',#10838,#10866,#10868,.T.);
#10866 = VERTEX_POINT('',#10867);
#10867 = CARTESIAN_POINT('',(-4.8,9.5,22.));
#10868 = SURFACE_CURVE('',#10869,(#10873,#10880),.PCURVE_S1.);
#10869 = LINE('',#10870,#10871);
#10870 = CARTESIAN_POINT('',(-4.8,9.5,0.));
#10871 = VECTOR('',#10872,1.);
#10872 = DIRECTION('',(0.,0.,1.));
#10873 = PCURVE('',#10813,#10874);
#10874 = DEFINITIONAL_REPRESENTATION('',(#10875),#10879);
#10875 = LINE('',#10876,#10877);
#10876 = CARTESIAN_POINT('',(0.,-19.));
#10877 = VECTOR('',#10878,1.);
#10878 = DIRECTION('',(1.,0.));
#10879 = ( GEOMETRIC_REPRESENTATION_CONTEXT(2) 
PARAMETRIC_REPRESENTATION_CONTEXT() REPRESENTATION_CONTEXT('2D SPACE',''
  ) );
#10880 = PCURVE('',#10881,#10886);
#10881 = PLANE('',#10882);
#10882 = AXIS2_PLACEMENT_3D('',#10883,#10884,#10885);
#10883 = CARTESIAN_POINT('',(-4.8,9.5,0.));
#10884 = DIRECTION('',(0.,1.,0.));
#10885 = DIRECTION('',(0.,0.,1.));
#10886 = DEFINITIONAL_REPRESENTATION('',(#10887),#10891);
#10887 = LINE('',#10888,#10889);
#10888 = CARTESIAN_POINT('',(0.,0.));
#10889 = VECTOR('',#10890,1.);
#10890 = DIRECTION('',(1.,0.));
#10891 = ( GEOMETRIC_REPRESENTATION_CONTEXT(2) 
PARAMETRIC_REPRESENTATION_CONTEXT() REPRESENTATION_CONTEXT('2D SPACE',''
  ) );
#10892 = ORIENTED_EDGE('',*,*,#10893,.F.);
#10893 = EDGE_CURVE('',#10805,#10866,#10894,.T.);
#10894 = SURFACE_CURVE('',#10895,(#10899,#10906),.PCURVE_S1.);
#10895 = LINE('',#10896,#10897);
#10896 = CARTESIAN_POINT('',(-4.8,-9.5,22.));
#10897 = VECTOR('',#10898,1.);
#10898 = DIRECTION('',(0.,1.,0.));
#10899 = PCURVE('',#10813,#10900);
#10900 = DEFINITIONAL_REPRESENTATION('',(#10901),#10905);
#10901 = LINE('',#10902,#10903);
#10902 = CARTESIAN_POINT('',(22.,0.));
#10903 = VECTOR('',#10904,1.);
#10904 = DIRECTION('',(0.,-1.));
#10905 = ( GEOMETRIC_REPRESENTATION_CONTEXT(2) 
PARAMETRIC_REPRESENTATION_CONTEXT() REPRESENTATION_CONTEXT('2D SPACE',''
  ) );
#10906 = PCURVE('',#10907,#10912);
#10907 = PLANE('',#10908);
#10908 = AXIS2_PLACEMENT_3D('',#10909,#10910,#10911);
#10909 = CARTESIAN_POINT('',(-4.8,-9.5,22.));
#10910 = DIRECTION('',(0.,0.,1.));
#10911 = DIRECTION('',(1.,0.,0.));
#10912 = DEFINITIONAL_REPRESENTATION('',(#10913),#10917);
#10913 = LINE('',#10914,#10915);
#10914 = CARTESIAN_POINT('',(0.,0.));
#10915 = VECTOR('',#10916,1.);
#10916 = DIRECTION('',(0.,1.));
#10917 = ( GEOMETRIC_REPRESENTATION_CONTEXT(2) 
PARAMETRIC_REPRESENTATION_CONTEXT() REPRESENTATION_CONTEXT('2D SPACE',''
  ) );
#10918 = ADVANCED_FACE('',(#10919),#10933,.T.);
#10919 = FACE_BOUND('',#10920,.T.);
#10920 = EDGE_LOOP('',(#10921,#10951,#10974,#10997));
#10921 = ORIENTED_EDGE('',*,*,#10922,.F.);
#10922 = EDGE_CURVE('',#10923,#10925,#10927,.T.);
#10923 = VERTEX_POINT('',#10924);
#10924 = CARTESIAN_POINT('',(4.8,-9.5,0.));
#10925 = VERTEX_POINT('',#10926);
#10926 = CARTESIAN_POINT('',(4.8,-9.5,22.));
#10927 = SURFACE_CURVE('',#10928,(#10932,#10944),.PCURVE_S1.);
#10928 = LINE('',#10929,#10930);
#10929 = CARTESIAN_POINT('',(4.8,-9.5,0.));
#10930 = VECTOR('',#10931,1.);
#10931 = DIRECTION('',(0.,0.,1.));
#10932 = PCURVE('',#10933,#10938);
#10933 = PLANE('',#10934);
#10934 = AXIS2_PLACEMENT_3D('',#10935,#10936,#10937);
#10935 = CARTESIAN_POINT('',(4.8,-9.5,0.));
#10936 = DIRECTION('',(1.,0.,0.));
#10937 = DIRECTION('',(0.,0.,1.));
#10938 = DEFINITIONAL_REPRESENTATION('',(#10939),#10943);
#10939 = LINE('',#10940,#10941);
#10940 = CARTESIAN_POINT('',(0.,0.));
#10941 = VECTOR('',#10942,1.);
#10942 = DIRECTION('',(1.,0.));
#10943 = ( GEOMETRIC_REPRESENTATION_CONTEXT(2) 
PARAMETRIC_REPRESENTATION_CONTEXT() REPRESENTATION_CONTEXT('2D SPACE',''
  ) );
#10944 = PCURVE('',#10825,#10945);
#10945 = DEFINITIONAL_REPRESENTATION('',(#10946),#10950);
#10946 = LINE('',#10947,#10948);
#10947 = CARTESIAN_POINT('',(0.,9.6));
#10948 = VECTOR('',#10949,1.);
#10949 = DIRECTION('',(1.,0.));
#10950 = ( GEOMETRIC_REPRESENTATION_CONTEXT(2) 
PARAMETRIC_REPRESENTATION_CONTEXT() REPRESENTATION_CONTEXT('2D SPACE',''
  ) );
#10951 = ORIENTED_EDGE('',*,*,#10952,.T.);
#10952 = EDGE_CURVE('',#10923,#10953,#10955,.T.);
#10953 = VERTEX_POINT('',#10954);
#10954 = CARTESIAN_POINT('',(4.8,9.5,0.));
#10955 = SURFACE_CURVE('',#10956,(#10960,#10967),.PCURVE_S1.);
#10956 = LINE('',#10957,#10958);
#10957 = CARTESIAN_POINT('',(4.8,-9.5,0.));
#10958 = VECTOR('',#10959,1.);
#10959 = DIRECTION('',(0.,1.,0.));
#10960 = PCURVE('',#10933,#10961);
#10961 = DEFINITIONAL_REPRESENTATION('',(#10962),#10966);
#10962 = LINE('',#10963,#10964);
#10963 = CARTESIAN_POINT('',(0.,0.));
#10964 = VECTOR('',#10965,1.);
#10965 = DIRECTION('',(0.,-1.));
#10966 = ( GEOMETRIC_REPRESENTATION_CONTEXT(2) 
PARAMETRIC_REPRESENTATION_CONTEXT() REPRESENTATION_CONTEXT('2D SPACE',''
  ) );
#10967 = PCURVE('',#10853,#10968);
#10968 = DEFINITIONAL_REPRESENTATION('',(#10969),#10973);
#10969 = LINE('',#10970,#10971);
#10970 = CARTESIAN_POINT('',(9.6,0.));
#10971 = VECTOR('',#10972,1.);
#10972 = DIRECTION('',(0.,1.));
#10973 = ( GEOMETRIC_REPRESENTATION_CONTEXT(2) 
PARAMETRIC_REPRESENTATION_CONTEXT() REPRESENTATION_CONTEXT('2D SPACE',''
  ) );
#10974 = ORIENTED_EDGE('',*,*,#10975,.T.);
#10975 = EDGE_CURVE('',#10953,#10976,#10978,.T.);
#10976 = VERTEX_POINT('',#10977);
#10977 = CARTESIAN_POINT('',(4.8,9.5,22.));
#10978 = SURFACE_CURVE('',#10979,(#10983,#10990),.PCURVE_S1.);
#10979 = LINE('',#10980,#10981);
#10980 = CARTESIAN_POINT('',(4.8,9.5,0.));
#10981 = VECTOR('',#10982,1.);
#10982 = DIRECTION('',(0.,0.,1.));
#10983 = PCURVE('',#10933,#10984);
#10984 = DEFINITIONAL_REPRESENTATION('',(#10985),#10989);
#10985 = LINE('',#10986,#10987);
#10986 = CARTESIAN_POINT('',(0.,-19.));
#10987 = VECTOR('',#10988,1.);
#10988 = DIRECTION('',(1.,0.));
#10989 = ( GEOMETRIC_REPRESENTATION_CONTEXT(2) 
PARAMETRIC_REPRESENTATION_CONTEXT() REPRESENTATION_CONTEXT('2D SPACE',''
  ) );
#10990 = PCURVE('',#10881,#10991);
#10991 = DEFINITIONAL_REPRESENTATION('',(#10992),#10996);
#10992 = LINE('',#10993,#10994);
#10993 = CARTESIAN_POINT('',(0.,9.6));
#10994 = VECTOR('',#10995,1.);
#10995 = DIRECTION('',(1.,0.));
#10996 = ( GEOMETRIC_REPRESENTATION_CONTEXT(2) 
PARAMETRIC_REPRESENTATION_CONTEXT() REPRESENTATION_CONTEXT('2D SPACE',''
  ) );
#10997 = ORIENTED_EDGE('',*,*,#10998,.F.);
#10998 = EDGE_CURVE('',#10925,#10976,#10999,.T.);
#10999 = SURFACE_CURVE('',#11000,(#11004,#11011),.PCURVE_S1.);
#11000 = LINE('',#11001,#11002);
#11001 = CARTESIAN_POINT('',(4.8,-9.5,22.));
#11002 = VECTOR('',#11003,1.);
#11003 = DIRECTION('',(0.,1.,0.));
#11004 = PCURVE('',#10933,#11005);
#11005 = DEFINITIONAL_REPRESENTATION('',(#11006),#11010);
#11006 = LINE('',#11007,#11008);
#11007 = CARTESIAN_POINT('',(22.,0.));
#11008 = VECTOR('',#11009,1.);
#11009 = DIRECTION('',(0.,-1.));
#11010 = ( GEOMETRIC_REPRESENTATION_CONTEXT(2) 
PARAMETRIC_REPRESENTATION_CONTEXT() REPRESENTATION_CONTEXT('2D SPACE',''
  ) );
#11011 = PCURVE('',#10907,#11012);
#11012 = DEFINITIONAL_REPRESENTATION('',(#11013),#11017);
#11013 = LINE('',#11014,#11015);
#11014 = CARTESIAN_POINT('',(9.6,0.));
#11015 = VECTOR('',#11016,1.);
#11016 = DIRECTION('',(0.,1.));
#11017 = ( GEOMETRIC_REPRESENTATION_CONTEXT(2) 
PARAMETRIC_REPRESENTATION_CONTEXT() REPRESENTATION_CONTEXT('2D SPACE',''
  ) );
#11018 = ADVANCED_FACE('',(#11019),#10825,.F.);
#11019 = FACE_BOUND('',#11020,.F.);
#11020 = EDGE_LOOP('',(#11021,#11042,#11043,#11064));
#11021 = ORIENTED_EDGE('',*,*,#11022,.F.);
#11022 = EDGE_CURVE('',#10803,#10923,#11023,.T.);
#11023 = SURFACE_CURVE('',#11024,(#11028,#11035),.PCURVE_S1.);
#11024 = LINE('',#11025,#11026);
#11025 = CARTESIAN_POINT('',(-4.8,-9.5,0.));
#11026 = VECTOR('',#11027,1.);
#11027 = DIRECTION('',(1.,0.,0.));
#11028 = PCURVE('',#10825,#11029);
#11029 = DEFINITIONAL_REPRESENTATION('',(#11030),#11034);
#11030 = LINE('',#11031,#11032);
#11031 = CARTESIAN_POINT('',(0.,0.));
#11032 = VECTOR('',#11033,1.);
#11033 = DIRECTION('',(0.,1.));
#11034 = ( GEOMETRIC_REPRESENTATION_CONTEXT(2) 
PARAMETRIC_REPRESENTATION_CONTEXT() REPRESENTATION_CONTEXT('2D SPACE',''
  ) );
#11035 = PCURVE('',#10853,#11036);
#11036 = DEFINITIONAL_REPRESENTATION('',(#11037),#11041);
#11037 = LINE('',#11038,#11039);
#11038 = CARTESIAN_POINT('',(0.,0.));
#11039 = VECTOR('',#11040,1.);
#11040 = DIRECTION('',(1.,0.));
#11041 = ( GEOMETRIC_REPRESENTATION_CONTEXT(2) 
PARAMETRIC_REPRESENTATION_CONTEXT() REPRESENTATION_CONTEXT('2D SPACE',''
  ) );
#11042 = ORIENTED_EDGE('',*,*,#10802,.T.);
#11043 = ORIENTED_EDGE('',*,*,#11044,.T.);
#11044 = EDGE_CURVE('',#10805,#10925,#11045,.T.);
#11045 = SURFACE_CURVE('',#11046,(#11050,#11057),.PCURVE_S1.);
#11046 = LINE('',#11047,#11048);
#11047 = CARTESIAN_POINT('',(-4.8,-9.5,22.));
#11048 = VECTOR('',#11049,1.);
#11049 = DIRECTION('',(1.,0.,0.));
#11050 = PCURVE('',#10825,#11051);
#11051 = DEFINITIONAL_REPRESENTATION('',(#11052),#11056);
#11052 = LINE('',#11053,#11054);
#11053 = CARTESIAN_POINT('',(22.,0.));
#11054 = VECTOR('',#11055,1.);
#11055 = DIRECTION('',(0.,1.));
#11056 = ( GEOMETRIC_REPRESENTATION_CONTEXT(2) 
PARAMETRIC_REPRESENTATION_CONTEXT() REPRESENTATION_CONTEXT('2D SPACE',''
  ) );
#11057 = PCURVE('',#10907,#11058);
#11058 = DEFINITIONAL_REPRESENTATION('',(#11059),#11063);
#11059 = LINE('',#11060,#11061);
#11060 = CARTESIAN_POINT('',(0.,0.));
#11061 = VECTOR('',#11062,1.);
#11062 = DIRECTION('',(1.,0.));
#11063 = ( GEOMETRIC_REPRESENTATION_CONTEXT(2) 
PARAMETRIC_REPRESENTATION_CONTEXT() REPRESENTATION_CONTEXT('2D SPACE',''
  ) );
#11064 = ORIENTED_EDGE('',*,*,#10922,.F.);
#11065 = ADVANCED_FACE('',(#11066),#10881,.T.);
#11066 = FACE_BOUND('',#11067,.T.);
#11067 = EDGE_LOOP('',(#11068,#11089,#11090,#11111));
#11068 = ORIENTED_EDGE('',*,*,#11069,.F.);
#11069 = EDGE_CURVE('',#10838,#10953,#11070,.T.);
#11070 = SURFACE_CURVE('',#11071,(#11075,#11082),.PCURVE_S1.);
#11071 = LINE('',#11072,#11073);
#11072 = CARTESIAN_POINT('',(-4.8,9.5,0.));
#11073 = VECTOR('',#11074,1.);
#11074 = DIRECTION('',(1.,0.,0.));
#11075 = PCURVE('',#10881,#11076);
#11076 = DEFINITIONAL_REPRESENTATION('',(#11077),#11081);
#11077 = LINE('',#11078,#11079);
#11078 = CARTESIAN_POINT('',(0.,0.));
#11079 = VECTOR('',#11080,1.);
#11080 = DIRECTION('',(0.,1.));
#11081 = ( GEOMETRIC_REPRESENTATION_CONTEXT(2) 
PARAMETRIC_REPRESENTATION_CONTEXT() REPRESENTATION_CONTEXT('2D SPACE',''
  ) );
#11082 = PCURVE('',#10853,#11083);
#11083 = DEFINITIONAL_REPRESENTATION('',(#11084),#11088);
#11084 = LINE('',#11085,#11086);
#11085 = CARTESIAN_POINT('',(0.,19.));
#11086 = VECTOR('',#11087,1.);
#11087 = DIRECTION('',(1.,0.));
#11088 = ( GEOMETRIC_REPRESENTATION_CONTEXT(2) 
PARAMETRIC_REPRESENTATION_CONTEXT() REPRESENTATION_CONTEXT('2D SPACE',''
  ) );
#11089 = ORIENTED_EDGE('',*,*,#10865,.T.);
#11090 = ORIENTED_EDGE('',*,*,#11091,.T.);
#11091 = EDGE_CURVE('',#10866,#10976,#11092,.T.);
#11092 = SURFACE_CURVE('',#11093,(#11097,#11104),.PCURVE_S1.);
#11093 = LINE('',#11094,#11095);
#11094 = CARTESIAN_POINT('',(-4.8,9.5,22.));
#11095 = VECTOR('',#11096,1.);
#11096 = DIRECTION('',(1.,0.,0.));
#11097 = PCURVE('',#10881,#11098);
#11098 = DEFINITIONAL_REPRESENTATION('',(#11099),#11103);
#11099 = LINE('',#11100,#11101);
#11100 = CARTESIAN_POINT('',(22.,0.));
#11101 = VECTOR('',#11102,1.);
#11102 = DIRECTION('',(0.,1.));
#11103 = ( GEOMETRIC_REPRESENTATION_CONTEXT(2) 
PARAMETRIC_REPRESENTATION_CONTEXT() REPRESENTATION_CONTEXT('2D SPACE',''
  ) );
#11104 = PCURVE('',#10907,#11105);
#11105 = DEFINITIONAL_REPRESENTATION('',(#11106),#11110);
#11106 = LINE('',#11107,#11108);
#11107 = CARTESIAN_POINT('',(0.,19.));
#11108 = VECTOR('',#11109,1.);
#11109 = DIRECTION('',(1.,0.));
#11110 = ( GEOMETRIC_REPRESENTATION_CONTEXT(2) 
PARAMETRIC_REPRESENTATION_CONTEXT() REPRESENTATION_CONTEXT('2D SPACE',''
  ) );
#11111 = ORIENTED_EDGE('',*,*,#10975,.F.);
#11112 = ADVANCED_FACE('',(#11113),#10853,.F.);
#11113 = FACE_BOUND('',#11114,.F.);
#11114 = EDGE_LOOP('',(#11115,#11116,#11117,#11118));
#11115 = ORIENTED_EDGE('',*,*,#10837,.F.);
#11116 = ORIENTED_EDGE('',*,*,#11022,.T.);
#11117 = ORIENTED_EDGE('',*,*,#10952,.T.);
#11118 = ORIENTED_EDGE('',*,*,#11069,.F.);
#11119 = ADVANCED_FACE('',(#11120),#10907,.T.);
#11120 = FACE_BOUND('',#11121,.T.);
#11121 = EDGE_LOOP('',(#11122,#11123,#11124,#11125));
#11122 = ORIENTED_EDGE('',*,*,#10893,.F.);
#11123 = ORIENTED_EDGE('',*,*,#11044,.T.);
#11124 = ORIENTED_EDGE('',*,*,#10998,.T.);
#11125 = ORIENTED_EDGE('',*,*,#11091,.F.);
#11126 = ( GEOMETRIC_REPRESENTATION_CONTEXT(3) 
GLOBAL_UNCERTAINTY_ASSIGNED_CONTEXT((#11130)) 
GLOBAL_UNIT_ASSIGNED_CONTEXT((#11127,#11128,#11129)) 
REPRESENTATION_CONTEXT('Context #1',
  '3D Context with UNIT and UNCERTAINTY') );
#11127 = ( LENGTH_UNIT() NAMED_UNIT(*) SI_UNIT(.MILLI.,.METRE.) );
#11128 = ( NAMED_UNIT(*) PLANE_ANGLE_UNIT() SI_UNIT($,.RADIAN.) );
#11129 = ( NAMED_UNIT(*) SI_UNIT($,.STERADIAN.) SOLID_ANGLE_UNIT() );
#11130 = UNCERTAINTY_MEASURE_WITH_UNIT(LENGTH_MEASURE(1.E-07),#11127,
  'distance_accuracy_value','confusion accuracy');
#11131 = CONTEXT_DEPENDENT_SHAPE_REPRESENTATION(#11132,#11134);
#11132 = ( REPRESENTATION_RELATIONSHIP('','',#10795,#10) 
REPRESENTATION_RELATIONSHIP_WITH_TRANSFORMATION(#11133) 
SHAPE_REPRESENTATION_RELATIONSHIP() );
#11133 = ITEM_DEFINED_TRANSFORMATION('','',#11,#35);
#11134 = PRODUCT_DEFINITION_SHAPE('Placement','Placement of an item',
  #11135);
#11135 = NEXT_ASSEMBLY_USAGE_OCCURRENCE('6','solenoid','',#5,#10790,$);
#11136 = PRODUCT_RELATED_PRODUCT_CATEGORY('part',$,(#10792));
#11137 = SHAPE_DEFINITION_REPRESENTATION(#11138,#11144);
#11138 = PRODUCT_DEFINITION_SHAPE('','',#11139);
#11139 = PRODUCT_DEFINITION('design','',#11140,#11143);
#11140 = PRODUCT_DEFINITION_FORMATION('','',#11141);
#11141 = PRODUCT('servo','servo','',(#11142));
#11142 = PRODUCT_CONTEXT('',#2,'mechanical');
#11143 = PRODUCT_DEFINITION_CONTEXT('part definition',#2,'design');
#11144 = ADVANCED_BREP_SHAPE_REPRESENTATION('',(#11,#11145),#11475);
#11145 = MANIFOLD_SOLID_BREP('',#11146);
#11146 = CLOSED_SHELL('',(#11147,#11267,#11367,#11414,#11461,#11468));
#11147 = ADVANCED_FACE('',(#11148),#11162,.F.);
#11148 = FACE_BOUND('',#11149,.F.);
#11149 = EDGE_LOOP('',(#11150,#11185,#11213,#11241));
#11150 = ORIENTED_EDGE('',*,*,#11151,.F.);
#11151 = EDGE_CURVE('',#11152,#11154,#11156,.T.);
#11152 = VERTEX_POINT('',#11153);
#11153 = CARTESIAN_POINT('',(-20.35,-9.85,0.));
#11154 = VERTEX_POINT('',#11155);
#11155 = CARTESIAN_POINT('',(-20.35,-9.85,42.9));
#11156 = SURFACE_CURVE('',#11157,(#11161,#11173),.PCURVE_S1.);
#11157 = LINE('',#11158,#11159);
#11158 = CARTESIAN_POINT('',(-20.35,-9.85,0.));
#11159 = VECTOR('',#11160,1.);
#11160 = DIRECTION('',(0.,0.,1.));
#11161 = PCURVE('',#11162,#11167);
#11162 = PLANE('',#11163);
#11163 = AXIS2_PLACEMENT_3D('',#11164,#11165,#11166);
#11164 = CARTESIAN_POINT('',(-20.35,-9.85,0.));
#11165 = DIRECTION('',(1.,0.,0.));
#11166 = DIRECTION('',(0.,0.,1.));
#11167 = DEFINITIONAL_REPRESENTATION('',(#11168),#11172);
#11168 = LINE('',#11169,#11170);
#11169 = CARTESIAN_POINT('',(0.,0.));
#11170 = VECTOR('',#11171,1.);
#11171 = DIRECTION('',(1.,0.));
#11172 = ( GEOMETRIC_REPRESENTATION_CONTEXT(2) 
PARAMETRIC_REPRESENTATION_CONTEXT() REPRESENTATION_CONTEXT('2D SPACE',''
  ) );
#11173 = PCURVE('',#11174,#11179);
#11174 = PLANE('',#11175);
#11175 = AXIS2_PLACEMENT_3D('',#11176,#11177,#11178);
#11176 = CARTESIAN_POINT('',(-20.35,-9.85,0.));
#11177 = DIRECTION('',(0.,1.,0.));
#11178 = DIRECTION('',(0.,0.,1.));
#11179 = DEFINITIONAL_REPRESENTATION('',(#11180),#11184);
#11180 = LINE('',#11181,#11182);
#11181 = CARTESIAN_POINT('',(0.,0.));
#11182 = VECTOR('',#11183,1.);
#11183 = DIRECTION('',(1.,0.));
#11184 = ( GEOMETRIC_REPRESENTATION_CONTEXT(2) 
PARAMETRIC_REPRESENTATION_CONTEXT() REPRESENTATION_CONTEXT('2D SPACE',''
  ) );
#11185 = ORIENTED_EDGE('',*,*,#11186,.T.);
#11186 = EDGE_CURVE('',#11152,#11187,#11189,.T.);
#11187 = VERTEX_POINT('',#11188);
#11188 = CARTESIAN_POINT('',(-20.35,9.85,0.));
#11189 = SURFACE_CURVE('',#11190,(#11194,#11201),.PCURVE_S1.);
#11190 = LINE('',#11191,#11192);
#11191 = CARTESIAN_POINT('',(-20.35,-9.85,0.));
#11192 = VECTOR('',#11193,1.);
#11193 = DIRECTION('',(0.,1.,0.));
#11194 = PCURVE('',#11162,#11195);
#11195 = DEFINITIONAL_REPRESENTATION('',(#11196),#11200);
#11196 = LINE('',#11197,#11198);
#11197 = CARTESIAN_POINT('',(0.,0.));
#11198 = VECTOR('',#11199,1.);
#11199 = DIRECTION('',(0.,-1.));
#11200 = ( GEOMETRIC_REPRESENTATION_CONTEXT(2) 
PARAMETRIC_REPRESENTATION_CONTEXT() REPRESENTATION_CONTEXT('2D SPACE',''
  ) );
#11201 = PCURVE('',#11202,#11207);
#11202 = PLANE('',#11203);
#11203 = AXIS2_PLACEMENT_3D('',#11204,#11205,#11206);
#11204 = CARTESIAN_POINT('',(-20.35,-9.85,0.));
#11205 = DIRECTION('',(0.,0.,1.));
#11206 = DIRECTION('',(1.,0.,0.));
#11207 = DEFINITIONAL_REPRESENTATION('',(#11208),#11212);
#11208 = LINE('',#11209,#11210);
#11209 = CARTESIAN_POINT('',(0.,0.));
#11210 = VECTOR('',#11211,1.);
#11211 = DIRECTION('',(0.,1.));
#11212 = ( GEOMETRIC_REPRESENTATION_CONTEXT(2) 
PARAMETRIC_REPRESENTATION_CONTEXT() REPRESENTATION_CONTEXT('2D SPACE',''
  ) );
#11213 = ORIENTED_EDGE('',*,*,#11214,.T.);
#11214 = EDGE_CURVE('',#11187,#11215,#11217,.T.);
#11215 = VERTEX_POINT('',#11216);
#11216 = CARTESIAN_POINT('',(-20.35,9.85,42.9));
#11217 = SURFACE_CURVE('',#11218,(#11222,#11229),.PCURVE_S1.);
#11218 = LINE('',#11219,#11220);
#11219 = CARTESIAN_POINT('',(-20.35,9.85,0.));
#11220 = VECTOR('',#11221,1.);
#11221 = DIRECTION('',(0.,0.,1.));
#11222 = PCURVE('',#11162,#11223);
#11223 = DEFINITIONAL_REPRESENTATION('',(#11224),#11228);
#11224 = LINE('',#11225,#11226);
#11225 = CARTESIAN_POINT('',(0.,-19.7));
#11226 = VECTOR('',#11227,1.);
#11227 = DIRECTION('',(1.,0.));
#11228 = ( GEOMETRIC_REPRESENTATION_CONTEXT(2) 
PARAMETRIC_REPRESENTATION_CONTEXT() REPRESENTATION_CONTEXT('2D SPACE',''
  ) );
#11229 = PCURVE('',#11230,#11235);
#11230 = PLANE('',#11231);
#11231 = AXIS2_PLACEMENT_3D('',#11232,#11233,#11234);
#11232 = CARTESIAN_POINT('',(-20.35,9.85,0.));
#11233 = DIRECTION('',(0.,1.,0.));
#11234 = DIRECTION('',(0.,0.,1.));
#11235 = DEFINITIONAL_REPRESENTATION('',(#11236),#11240);
#11236 = LINE('',#11237,#11238);
#11237 = CARTESIAN_POINT('',(0.,0.));
#11238 = VECTOR('',#11239,1.);
#11239 = DIRECTION('',(1.,0.));
#11240 = ( GEOMETRIC_REPRESENTATION_CONTEXT(2) 
PARAMETRIC_REPRESENTATION_CONTEXT() REPRESENTATION_CONTEXT('2D SPACE',''
  ) );
#11241 = ORIENTED_EDGE('',*,*,#11242,.F.);
#11242 = EDGE_CURVE('',#11154,#11215,#11243,.T.);
#11243 = SURFACE_CURVE('',#11244,(#11248,#11255),.PCURVE_S1.);
#11244 = LINE('',#11245,#11246);
#11245 = CARTESIAN_POINT('',(-20.35,-9.85,42.9));
#11246 = VECTOR('',#11247,1.);
#11247 = DIRECTION('',(0.,1.,0.));
#11248 = PCURVE('',#11162,#11249);
#11249 = DEFINITIONAL_REPRESENTATION('',(#11250),#11254);
#11250 = LINE('',#11251,#11252);
#11251 = CARTESIAN_POINT('',(42.9,0.));
#11252 = VECTOR('',#11253,1.);
#11253 = DIRECTION('',(0.,-1.));
#11254 = ( GEOMETRIC_REPRESENTATION_CONTEXT(2) 
PARAMETRIC_REPRESENTATION_CONTEXT() REPRESENTATION_CONTEXT('2D SPACE',''
  ) );
#11255 = PCURVE('',#11256,#11261);
#11256 = PLANE('',#11257);
#11257 = AXIS2_PLACEMENT_3D('',#11258,#11259,#11260);
#11258 = CARTESIAN_POINT('',(-20.35,-9.85,42.9));
#11259 = DIRECTION('',(0.,0.,1.));
#11260 = DIRECTION('',(1.,0.,0.));
#11261 = DEFINITIONAL_REPRESENTATION('',(#11262),#11266);
#11262 = LINE('',#11263,#11264);
#11263 = CARTESIAN_POINT('',(0.,0.));
#11264 = VECTOR('',#11265,1.);
#11265 = DIRECTION('',(0.,1.));
#11266 = ( GEOMETRIC_REPRESENTATION_CONTEXT(2) 
PARAMETRIC_REPRESENTATION_CONTEXT() REPRESENTATION_CONTEXT('2D SPACE',''
  ) );
#11267 = ADVANCED_FACE('',(#11268),#11282,.T.);
#11268 = FACE_BOUND('',#11269,.T.);
#11269 = EDGE_LOOP('',(#11270,#11300,#11323,#11346));
#11270 = ORIENTED_EDGE('',*,*,#11271,.F.);
#11271 = EDGE_CURVE('',#11272,#11274,#11276,.T.);
#11272 = VERTEX_POINT('',#11273);
#11273 = CARTESIAN_POINT('',(20.35,-9.85,0.));
#11274 = VERTEX_POINT('',#11275);
#11275 = CARTESIAN_POINT('',(20.35,-9.85,42.9));
#11276 = SURFACE_CURVE('',#11277,(#11281,#11293),.PCURVE_S1.);
#11277 = LINE('',#11278,#11279);
#11278 = CARTESIAN_POINT('',(20.35,-9.85,0.));
#11279 = VECTOR('',#11280,1.);
#11280 = DIRECTION('',(0.,0.,1.));
#11281 = PCURVE('',#11282,#11287);
#11282 = PLANE('',#11283);
#11283 = AXIS2_PLACEMENT_3D('',#11284,#11285,#11286);
#11284 = CARTESIAN_POINT('',(20.35,-9.85,0.));
#11285 = DIRECTION('',(1.,0.,0.));
#11286 = DIRECTION('',(0.,0.,1.));
#11287 = DEFINITIONAL_REPRESENTATION('',(#11288),#11292);
#11288 = LINE('',#11289,#11290);
#11289 = CARTESIAN_POINT('',(0.,0.));
#11290 = VECTOR('',#11291,1.);
#11291 = DIRECTION('',(1.,0.));
#11292 = ( GEOMETRIC_REPRESENTATION_CONTEXT(2) 
PARAMETRIC_REPRESENTATION_CONTEXT() REPRESENTATION_CONTEXT('2D SPACE',''
  ) );
#11293 = PCURVE('',#11174,#11294);
#11294 = DEFINITIONAL_REPRESENTATION('',(#11295),#11299);
#11295 = LINE('',#11296,#11297);
#11296 = CARTESIAN_POINT('',(0.,40.7));
#11297 = VECTOR('',#11298,1.);
#11298 = DIRECTION('',(1.,0.));
#11299 = ( GEOMETRIC_REPRESENTATION_CONTEXT(2) 
PARAMETRIC_REPRESENTATION_CONTEXT() REPRESENTATION_CONTEXT('2D SPACE',''
  ) );
#11300 = ORIENTED_EDGE('',*,*,#11301,.T.);
#11301 = EDGE_CURVE('',#11272,#11302,#11304,.T.);
#11302 = VERTEX_POINT('',#11303);
#11303 = CARTESIAN_POINT('',(20.35,9.85,0.));
#11304 = SURFACE_CURVE('',#11305,(#11309,#11316),.PCURVE_S1.);
#11305 = LINE('',#11306,#11307);
#11306 = CARTESIAN_POINT('',(20.35,-9.85,0.));
#11307 = VECTOR('',#11308,1.);
#11308 = DIRECTION('',(0.,1.,0.));
#11309 = PCURVE('',#11282,#11310);
#11310 = DEFINITIONAL_REPRESENTATION('',(#11311),#11315);
#11311 = LINE('',#11312,#11313);
#11312 = CARTESIAN_POINT('',(0.,0.));
#11313 = VECTOR('',#11314,1.);
#11314 = DIRECTION('',(0.,-1.));
#11315 = ( GEOMETRIC_REPRESENTATION_CONTEXT(2) 
PARAMETRIC_REPRESENTATION_CONTEXT() REPRESENTATION_CONTEXT('2D SPACE',''
  ) );
#11316 = PCURVE('',#11202,#11317);
#11317 = DEFINITIONAL_REPRESENTATION('',(#11318),#11322);
#11318 = LINE('',#11319,#11320);
#11319 = CARTESIAN_POINT('',(40.7,0.));
#11320 = VECTOR('',#11321,1.);
#11321 = DIRECTION('',(0.,1.));
#11322 = ( GEOMETRIC_REPRESENTATION_CONTEXT(2) 
PARAMETRIC_REPRESENTATION_CONTEXT() REPRESENTATION_CONTEXT('2D SPACE',''
  ) );
#11323 = ORIENTED_EDGE('',*,*,#11324,.T.);
#11324 = EDGE_CURVE('',#11302,#11325,#11327,.T.);
#11325 = VERTEX_POINT('',#11326);
#11326 = CARTESIAN_POINT('',(20.35,9.85,42.9));
#11327 = SURFACE_CURVE('',#11328,(#11332,#11339),.PCURVE_S1.);
#11328 = LINE('',#11329,#11330);
#11329 = CARTESIAN_POINT('',(20.35,9.85,0.));
#11330 = VECTOR('',#11331,1.);
#11331 = DIRECTION('',(0.,0.,1.));
#11332 = PCURVE('',#11282,#11333);
#11333 = DEFINITIONAL_REPRESENTATION('',(#11334),#11338);
#11334 = LINE('',#11335,#11336);
#11335 = CARTESIAN_POINT('',(0.,-19.7));
#11336 = VECTOR('',#11337,1.);
#11337 = DIRECTION('',(1.,0.));
#11338 = ( GEOMETRIC_REPRESENTATION_CONTEXT(2) 
PARAMETRIC_REPRESENTATION_CONTEXT() REPRESENTATION_CONTEXT('2D SPACE',''
  ) );
#11339 = PCURVE('',#11230,#11340);
#11340 = DEFINITIONAL_REPRESENTATION('',(#11341),#11345);
#11341 = LINE('',#11342,#11343);
#11342 = CARTESIAN_POINT('',(0.,40.7));
#11343 = VECTOR('',#11344,1.);
#11344 = DIRECTION('',(1.,0.));
#11345 = ( GEOMETRIC_REPRESENTATION_CONTEXT(2) 
PARAMETRIC_REPRESENTATION_CONTEXT() REPRESENTATION_CONTEXT('2D SPACE',''
  ) );
#11346 = ORIENTED_EDGE('',*,*,#11347,.F.);
#11347 = EDGE_CURVE('',#11274,#11325,#11348,.T.);
#11348 = SURFACE_CURVE('',#11349,(#11353,#11360),.PCURVE_S1.);
#11349 = LINE('',#11350,#11351);
#11350 = CARTESIAN_POINT('',(20.35,-9.85,42.9));
#11351 = VECTOR('',#11352,1.);
#11352 = DIRECTION('',(0.,1.,0.));
#11353 = PCURVE('',#11282,#11354);
#11354 = DEFINITIONAL_REPRESENTATION('',(#11355),#11359);
#11355 = LINE('',#11356,#11357);
#11356 = CARTESIAN_POINT('',(42.9,0.));
#11357 = VECTOR('',#11358,1.);
#11358 = DIRECTION('',(0.,-1.));
#11359 = ( GEOMETRIC_REPRESENTATION_CONTEXT(2) 
PARAMETRIC_REPRESENTATION_CONTEXT() REPRESENTATION_CONTEXT('2D SPACE',''
  ) );
#11360 = PCURVE('',#11256,#11361);
#11361 = DEFINITIONAL_REPRESENTATION('',(#11362),#11366);
#11362 = LINE('',#11363,#11364);
#11363 = CARTESIAN_POINT('',(40.7,0.));
#11364 = VECTOR('',#11365,1.);
#11365 = DIRECTION('',(0.,1.));
#11366 = ( GEOMETRIC_REPRESENTATION_CONTEXT(2) 
PARAMETRIC_REPRESENTATION_CONTEXT() REPRESENTATION_CONTEXT('2D SPACE',''
  ) );
#11367 = ADVANCED_FACE('',(#11368),#11174,.F.);
#11368 = FACE_BOUND('',#11369,.F.);
#11369 = EDGE_LOOP('',(#11370,#11391,#11392,#11413));
#11370 = ORIENTED_EDGE('',*,*,#11371,.F.);
#11371 = EDGE_CURVE('',#11152,#11272,#11372,.T.);
#11372 = SURFACE_CURVE('',#11373,(#11377,#11384),.PCURVE_S1.);
#11373 = LINE('',#11374,#11375);
#11374 = CARTESIAN_POINT('',(-20.35,-9.85,0.));
#11375 = VECTOR('',#11376,1.);
#11376 = DIRECTION('',(1.,0.,0.));
#11377 = PCURVE('',#11174,#11378);
#11378 = DEFINITIONAL_REPRESENTATION('',(#11379),#11383);
#11379 = LINE('',#11380,#11381);
#11380 = CARTESIAN_POINT('',(0.,0.));
#11381 = VECTOR('',#11382,1.);
#11382 = DIRECTION('',(0.,1.));
#11383 = ( GEOMETRIC_REPRESENTATION_CONTEXT(2) 
PARAMETRIC_REPRESENTATION_CONTEXT() REPRESENTATION_CONTEXT('2D SPACE',''
  ) );
#11384 = PCURVE('',#11202,#11385);
#11385 = DEFINITIONAL_REPRESENTATION('',(#11386),#11390);
#11386 = LINE('',#11387,#11388);
#11387 = CARTESIAN_POINT('',(0.,0.));
#11388 = VECTOR('',#11389,1.);
#11389 = DIRECTION('',(1.,0.));
#11390 = ( GEOMETRIC_REPRESENTATION_CONTEXT(2) 
PARAMETRIC_REPRESENTATION_CONTEXT() REPRESENTATION_CONTEXT('2D SPACE',''
  ) );
#11391 = ORIENTED_EDGE('',*,*,#11151,.T.);
#11392 = ORIENTED_EDGE('',*,*,#11393,.T.);
#11393 = EDGE_CURVE('',#11154,#11274,#11394,.T.);
#11394 = SURFACE_CURVE('',#11395,(#11399,#11406),.PCURVE_S1.);
#11395 = LINE('',#11396,#11397);
#11396 = CARTESIAN_POINT('',(-20.35,-9.85,42.9));
#11397 = VECTOR('',#11398,1.);
#11398 = DIRECTION('',(1.,0.,0.));
#11399 = PCURVE('',#11174,#11400);
#11400 = DEFINITIONAL_REPRESENTATION('',(#11401),#11405);
#11401 = LINE('',#11402,#11403);
#11402 = CARTESIAN_POINT('',(42.9,0.));
#11403 = VECTOR('',#11404,1.);
#11404 = DIRECTION('',(0.,1.));
#11405 = ( GEOMETRIC_REPRESENTATION_CONTEXT(2) 
PARAMETRIC_REPRESENTATION_CONTEXT() REPRESENTATION_CONTEXT('2D SPACE',''
  ) );
#11406 = PCURVE('',#11256,#11407);
#11407 = DEFINITIONAL_REPRESENTATION('',(#11408),#11412);
#11408 = LINE('',#11409,#11410);
#11409 = CARTESIAN_POINT('',(0.,0.));
#11410 = VECTOR('',#11411,1.);
#11411 = DIRECTION('',(1.,0.));
#11412 = ( GEOMETRIC_REPRESENTATION_CONTEXT(2) 
PARAMETRIC_REPRESENTATION_CONTEXT() REPRESENTATION_CONTEXT('2D SPACE',''
  ) );
#11413 = ORIENTED_EDGE('',*,*,#11271,.F.);
#11414 = ADVANCED_FACE('',(#11415),#11230,.T.);
#11415 = FACE_BOUND('',#11416,.T.);
#11416 = EDGE_LOOP('',(#11417,#11438,#11439,#11460));
#11417 = ORIENTED_EDGE('',*,*,#11418,.F.);
#11418 = EDGE_CURVE('',#11187,#11302,#11419,.T.);
#11419 = SURFACE_CURVE('',#11420,(#11424,#11431),.PCURVE_S1.);
#11420 = LINE('',#11421,#11422);
#11421 = CARTESIAN_POINT('',(-20.35,9.85,0.));
#11422 = VECTOR('',#11423,1.);
#11423 = DIRECTION('',(1.,0.,0.));
#11424 = PCURVE('',#11230,#11425);
#11425 = DEFINITIONAL_REPRESENTATION('',(#11426),#11430);
#11426 = LINE('',#11427,#11428);
#11427 = CARTESIAN_POINT('',(0.,0.));
#11428 = VECTOR('',#11429,1.);
#11429 = DIRECTION('',(0.,1.));
#11430 = ( GEOMETRIC_REPRESENTATION_CONTEXT(2) 
PARAMETRIC_REPRESENTATION_CONTEXT() REPRESENTATION_CONTEXT('2D SPACE',''
  ) );
#11431 = PCURVE('',#11202,#11432);
#11432 = DEFINITIONAL_REPRESENTATION('',(#11433),#11437);
#11433 = LINE('',#11434,#11435);
#11434 = CARTESIAN_POINT('',(0.,19.7));
#11435 = VECTOR('',#11436,1.);
#11436 = DIRECTION('',(1.,0.));
#11437 = ( GEOMETRIC_REPRESENTATION_CONTEXT(2) 
PARAMETRIC_REPRESENTATION_CONTEXT() REPRESENTATION_CONTEXT('2D SPACE',''
  ) );
#11438 = ORIENTED_EDGE('',*,*,#11214,.T.);
#11439 = ORIENTED_EDGE('',*,*,#11440,.T.);
#11440 = EDGE_CURVE('',#11215,#11325,#11441,.T.);
#11441 = SURFACE_CURVE('',#11442,(#11446,#11453),.PCURVE_S1.);
#11442 = LINE('',#11443,#11444);
#11443 = CARTESIAN_POINT('',(-20.35,9.85,42.9));
#11444 = VECTOR('',#11445,1.);
#11445 = DIRECTION('',(1.,0.,0.));
#11446 = PCURVE('',#11230,#11447);
#11447 = DEFINITIONAL_REPRESENTATION('',(#11448),#11452);
#11448 = LINE('',#11449,#11450);
#11449 = CARTESIAN_POINT('',(42.9,0.));
#11450 = VECTOR('',#11451,1.);
#11451 = DIRECTION('',(0.,1.));
#11452 = ( GEOMETRIC_REPRESENTATION_CONTEXT(2) 
PARAMETRIC_REPRESENTATION_CONTEXT() REPRESENTATION_CONTEXT('2D SPACE',''
  ) );
#11453 = PCURVE('',#11256,#11454);
#11454 = DEFINITIONAL_REPRESENTATION('',(#11455),#11459);
#11455 = LINE('',#11456,#11457);
#11456 = CARTESIAN_POINT('',(0.,19.7));
#11457 = VECTOR('',#11458,1.);
#11458 = DIRECTION('',(1.,0.));
#11459 = ( GEOMETRIC_REPRESENTATION_CONTEXT(2) 
PARAMETRIC_REPRESENTATION_CONTEXT() REPRESENTATION_CONTEXT('2D SPACE',''
  ) );
#11460 = ORIENTED_EDGE('',*,*,#11324,.F.);
#11461 = ADVANCED_FACE('',(#11462),#11202,.F.);
#11462 = FACE_BOUND('',#11463,.F.);
#11463 = EDGE_LOOP('',(#11464,#11465,#11466,#11467));
#11464 = ORIENTED_EDGE('',*,*,#11186,.F.);
#11465 = ORIENTED_EDGE('',*,*,#11371,.T.);
#11466 = ORIENTED_EDGE('',*,*,#11301,.T.);
#11467 = ORIENTED_EDGE('',*,*,#11418,.F.);
#11468 = ADVANCED_FACE('',(#11469),#11256,.T.);
#11469 = FACE_BOUND('',#11470,.T.);
#11470 = EDGE_LOOP('',(#11471,#11472,#11473,#11474));
#11471 = ORIENTED_EDGE('',*,*,#11242,.F.);
#11472 = ORIENTED_EDGE('',*,*,#11393,.T.);
#11473 = ORIENTED_EDGE('',*,*,#11347,.T.);
#11474 = ORIENTED_EDGE('',*,*,#11440,.F.);
#11475 = ( GEOMETRIC_REPRESENTATION_CONTEXT(3) 
GLOBAL_UNCERTAINTY_ASSIGNED_CONTEXT((#11479)) 
GLOBAL_UNIT_ASSIGNED_CONTEXT((#11476,#11477,#11478)) 
REPRESENTATION_CONTEXT('Context #1',
  '3D Context with UNIT and UNCERTAINTY') );
#11476 = ( LENGTH_UNIT() NAMED_UNIT(*) SI_UNIT(.MILLI.,.METRE.) );
#11477 = ( NAMED_UNIT(*) PLANE_ANGLE_UNIT() SI_UNIT($,.RADIAN.) );
#11478 = ( NAMED_UNIT(*) SI_UNIT($,.STERADIAN.) SOLID_ANGLE_UNIT() );
#11479 = UNCERTAINTY_MEASURE_WITH_UNIT(LENGTH_MEASURE(1.E-07),#11476,
  'distance_accuracy_value','confusion accuracy');
#11480 = CONTEXT_DEPENDENT_SHAPE_REPRESENTATION(#11481,#11483);
#11481 = ( REPRESENTATION_RELATIONSHIP('','',#11144,#10) 
REPRESENTATION_RELATIONSHIP_WITH_TRANSFORMATION(#11482) 
SHAPE_REPRESENTATION_RELATIONSHIP() );
#11482 = ITEM_DEFINED_TRANSFORMATION('','',#11,#39);
#11483 = PRODUCT_DEFINITION_SHAPE('Placement','Placement of an item',
  #11484);
#11484 = NEXT_ASSEMBLY_USAGE_OCCURRENCE('7','servo','',#5,#11139,$);
#11485 = PRODUCT_RELATED_PRODUCT_CATEGORY('part',$,(#11141));
#11486 = SHAPE_DEFINITION_REPRESENTATION(#11487,#11493);
#11487 = PRODUCT_DEFINITION_SHAPE('','',#11488);
#11488 = PRODUCT_DEFINITION('design','',#11489,#11492);
#11489 = PRODUCT_DEFINITION_FORMATION('','',#11490);
#11490 = PRODUCT('pi','pi','',(#11491));
#11491 = PRODUCT_CONTEXT('',#2,'mechanical');
#11492 = PRODUCT_DEFINITION_CONTEXT('part definition',#2,'design');
#11493 = ADVANCED_BREP_SHAPE_REPRESENTATION('',(#11,#11494),#11824);
#11494 = MANIFOLD_SOLID_BREP('',#11495);
#11495 = CLOSED_SHELL('',(#11496,#11616,#11716,#11763,#11810,#11817));
#11496 = ADVANCED_FACE('',(#11497),#11511,.F.);
#11497 = FACE_BOUND('',#11498,.F.);
#11498 = EDGE_LOOP('',(#11499,#11534,#11562,#11590));
#11499 = ORIENTED_EDGE('',*,*,#11500,.F.);
#11500 = EDGE_CURVE('',#11501,#11503,#11505,.T.);
#11501 = VERTEX_POINT('',#11502);
#11502 = CARTESIAN_POINT('',(-32.5,-15.,0.));
#11503 = VERTEX_POINT('',#11504);
#11504 = CARTESIAN_POINT('',(-32.5,-15.,5.));
#11505 = SURFACE_CURVE('',#11506,(#11510,#11522),.PCURVE_S1.);
#11506 = LINE('',#11507,#11508);
#11507 = CARTESIAN_POINT('',(-32.5,-15.,0.));
#11508 = VECTOR('',#11509,1.);
#11509 = DIRECTION('',(0.,0.,1.));
#11510 = PCURVE('',#11511,#11516);
#11511 = PLANE('',#11512);
#11512 = AXIS2_PLACEMENT_3D('',#11513,#11514,#11515);
#11513 = CARTESIAN_POINT('',(-32.5,-15.,0.));
#11514 = DIRECTION('',(1.,0.,0.));
#11515 = DIRECTION('',(0.,0.,1.));
#11516 = DEFINITIONAL_REPRESENTATION('',(#11517),#11521);
#11517 = LINE('',#11518,#11519);
#11518 = CARTESIAN_POINT('',(0.,0.));
#11519 = VECTOR('',#11520,1.);
#11520 = DIRECTION('',(1.,0.));
#11521 = ( GEOMETRIC_REPRESENTATION_CONTEXT(2) 
PARAMETRIC_REPRESENTATION_CONTEXT() REPRESENTATION_CONTEXT('2D SPACE',''
  ) );
#11522 = PCURVE('',#11523,#11528);
#11523 = PLANE('',#11524);
#11524 = AXIS2_PLACEMENT_3D('',#11525,#11526,#11527);
#11525 = CARTESIAN_POINT('',(-32.5,-15.,0.));
#11526 = DIRECTION('',(0.,1.,0.));
#11527 = DIRECTION('',(0.,0.,1.));
#11528 = DEFINITIONAL_REPRESENTATION('',(#11529),#11533);
#11529 = LINE('',#11530,#11531);
#11530 = CARTESIAN_POINT('',(0.,0.));
#11531 = VECTOR('',#11532,1.);
#11532 = DIRECTION('',(1.,0.));
#11533 = ( GEOMETRIC_REPRESENTATION_CONTEXT(2) 
PARAMETRIC_REPRESENTATION_CONTEXT() REPRESENTATION_CONTEXT('2D SPACE',''
  ) );
#11534 = ORIENTED_EDGE('',*,*,#11535,.T.);
#11535 = EDGE_CURVE('',#11501,#11536,#11538,.T.);
#11536 = VERTEX_POINT('',#11537);
#11537 = CARTESIAN_POINT('',(-32.5,15.,0.));
#11538 = SURFACE_CURVE('',#11539,(#11543,#11550),.PCURVE_S1.);
#11539 = LINE('',#11540,#11541);
#11540 = CARTESIAN_POINT('',(-32.5,-15.,0.));
#11541 = VECTOR('',#11542,1.);
#11542 = DIRECTION('',(0.,1.,0.));
#11543 = PCURVE('',#11511,#11544);
#11544 = DEFINITIONAL_REPRESENTATION('',(#11545),#11549);
#11545 = LINE('',#11546,#11547);
#11546 = CARTESIAN_POINT('',(0.,0.));
#11547 = VECTOR('',#11548,1.);
#11548 = DIRECTION('',(0.,-1.));
#11549 = ( GEOMETRIC_REPRESENTATION_CONTEXT(2) 
PARAMETRIC_REPRESENTATION_CONTEXT() REPRESENTATION_CONTEXT('2D SPACE',''
  ) );
#11550 = PCURVE('',#11551,#11556);
#11551 = PLANE('',#11552);
#11552 = AXIS2_PLACEMENT_3D('',#11553,#11554,#11555);
#11553 = CARTESIAN_POINT('',(-32.5,-15.,0.));
#11554 = DIRECTION('',(0.,0.,1.));
#11555 = DIRECTION('',(1.,0.,0.));
#11556 = DEFINITIONAL_REPRESENTATION('',(#11557),#11561);
#11557 = LINE('',#11558,#11559);
#11558 = CARTESIAN_POINT('',(0.,0.));
#11559 = VECTOR('',#11560,1.);
#11560 = DIRECTION('',(0.,1.));
#11561 = ( GEOMETRIC_REPRESENTATION_CONTEXT(2) 
PARAMETRIC_REPRESENTATION_CONTEXT() REPRESENTATION_CONTEXT('2D SPACE',''
  ) );
#11562 = ORIENTED_EDGE('',*,*,#11563,.T.);
#11563 = EDGE_CURVE('',#11536,#11564,#11566,.T.);
#11564 = VERTEX_POINT('',#11565);
#11565 = CARTESIAN_POINT('',(-32.5,15.,5.));
#11566 = SURFACE_CURVE('',#11567,(#11571,#11578),.PCURVE_S1.);
#11567 = LINE('',#11568,#11569);
#11568 = CARTESIAN_POINT('',(-32.5,15.,0.));
#11569 = VECTOR('',#11570,1.);
#11570 = DIRECTION('',(0.,0.,1.));
#11571 = PCURVE('',#11511,#11572);
#11572 = DEFINITIONAL_REPRESENTATION('',(#11573),#11577);
#11573 = LINE('',#11574,#11575);
#11574 = CARTESIAN_POINT('',(0.,-30.));
#11575 = VECTOR('',#11576,1.);
#11576 = DIRECTION('',(1.,0.));
#11577 = ( GEOMETRIC_REPRESENTATION_CONTEXT(2) 
PARAMETRIC_REPRESENTATION_CONTEXT() REPRESENTATION_CONTEXT('2D SPACE',''
  ) );
#11578 = PCURVE('',#11579,#11584);
#11579 = PLANE('',#11580);
#11580 = AXIS2_PLACEMENT_3D('',#11581,#11582,#11583);
#11581 = CARTESIAN_POINT('',(-32.5,15.,0.));
#11582 = DIRECTION('',(0.,1.,0.));
#11583 = DIRECTION('',(0.,0.,1.));
#11584 = DEFINITIONAL_REPRESENTATION('',(#11585),#11589);
#11585 = LINE('',#11586,#11587);
#11586 = CARTESIAN_POINT('',(0.,0.));
#11587 = VECTOR('',#11588,1.);
#11588 = DIRECTION('',(1.,0.));
#11589 = ( GEOMETRIC_REPRESENTATION_CONTEXT(2) 
PARAMETRIC_REPRESENTATION_CONTEXT() REPRESENTATION_CONTEXT('2D SPACE',''
  ) );
#11590 = ORIENTED_EDGE('',*,*,#11591,.F.);
#11591 = EDGE_CURVE('',#11503,#11564,#11592,.T.);
#11592 = SURFACE_CURVE('',#11593,(#11597,#11604),.PCURVE_S1.);
#11593 = LINE('',#11594,#11595);
#11594 = CARTESIAN_POINT('',(-32.5,-15.,5.));
#11595 = VECTOR('',#11596,1.);
#11596 = DIRECTION('',(0.,1.,0.));
#11597 = PCURVE('',#11511,#11598);
#11598 = DEFINITIONAL_REPRESENTATION('',(#11599),#11603);
#11599 = LINE('',#11600,#11601);
#11600 = CARTESIAN_POINT('',(5.,0.));
#11601 = VECTOR('',#11602,1.);
#11602 = DIRECTION('',(0.,-1.));
#11603 = ( GEOMETRIC_REPRESENTATION_CONTEXT(2) 
PARAMETRIC_REPRESENTATION_CONTEXT() REPRESENTATION_CONTEXT('2D SPACE',''
  ) );
#11604 = PCURVE('',#11605,#11610);
#11605 = PLANE('',#11606);
#11606 = AXIS2_PLACEMENT_3D('',#11607,#11608,#11609);
#11607 = CARTESIAN_POINT('',(-32.5,-15.,5.));
#11608 = DIRECTION('',(0.,0.,1.));
#11609 = DIRECTION('',(1.,0.,0.));
#11610 = DEFINITIONAL_REPRESENTATION('',(#11611),#11615);
#11611 = LINE('',#11612,#11613);
#11612 = CARTESIAN_POINT('',(0.,0.));
#11613 = VECTOR('',#11614,1.);
#11614 = DIRECTION('',(0.,1.));
#11615 = ( GEOMETRIC_REPRESENTATION_CONTEXT(2) 
PARAMETRIC_REPRESENTATION_CONTEXT() REPRESENTATION_CONTEXT('2D SPACE',''
  ) );
#11616 = ADVANCED_FACE('',(#11617),#11631,.T.);
#11617 = FACE_BOUND('',#11618,.T.);
#11618 = EDGE_LOOP('',(#11619,#11649,#11672,#11695));
#11619 = ORIENTED_EDGE('',*,*,#11620,.F.);
#11620 = EDGE_CURVE('',#11621,#11623,#11625,.T.);
#11621 = VERTEX_POINT('',#11622);
#11622 = CARTESIAN_POINT('',(32.5,-15.,0.));
#11623 = VERTEX_POINT('',#11624);
#11624 = CARTESIAN_POINT('',(32.5,-15.,5.));
#11625 = SURFACE_CURVE('',#11626,(#11630,#11642),.PCURVE_S1.);
#11626 = LINE('',#11627,#11628);
#11627 = CARTESIAN_POINT('',(32.5,-15.,0.));
#11628 = VECTOR('',#11629,1.);
#11629 = DIRECTION('',(0.,0.,1.));
#11630 = PCURVE('',#11631,#11636);
#11631 = PLANE('',#11632);
#11632 = AXIS2_PLACEMENT_3D('',#11633,#11634,#11635);
#11633 = CARTESIAN_POINT('',(32.5,-15.,0.));
#11634 = DIRECTION('',(1.,0.,0.));
#11635 = DIRECTION('',(0.,0.,1.));
#11636 = DEFINITIONAL_REPRESENTATION('',(#11637),#11641);
#11637 = LINE('',#11638,#11639);
#11638 = CARTESIAN_POINT('',(0.,0.));
#11639 = VECTOR('',#11640,1.);
#11640 = DIRECTION('',(1.,0.));
#11641 = ( GEOMETRIC_REPRESENTATION_CONTEXT(2) 
PARAMETRIC_REPRESENTATION_CONTEXT() REPRESENTATION_CONTEXT('2D SPACE',''
  ) );
#11642 = PCURVE('',#11523,#11643);
#11643 = DEFINITIONAL_REPRESENTATION('',(#11644),#11648);
#11644 = LINE('',#11645,#11646);
#11645 = CARTESIAN_POINT('',(0.,65.));
#11646 = VECTOR('',#11647,1.);
#11647 = DIRECTION('',(1.,0.));
#11648 = ( GEOMETRIC_REPRESENTATION_CONTEXT(2) 
PARAMETRIC_REPRESENTATION_CONTEXT() REPRESENTATION_CONTEXT('2D SPACE',''
  ) );
#11649 = ORIENTED_EDGE('',*,*,#11650,.T.);
#11650 = EDGE_CURVE('',#11621,#11651,#11653,.T.);
#11651 = VERTEX_POINT('',#11652);
#11652 = CARTESIAN_POINT('',(32.5,15.,0.));
#11653 = SURFACE_CURVE('',#11654,(#11658,#11665),.PCURVE_S1.);
#11654 = LINE('',#11655,#11656);
#11655 = CARTESIAN_POINT('',(32.5,-15.,0.));
#11656 = VECTOR('',#11657,1.);
#11657 = DIRECTION('',(0.,1.,0.));
#11658 = PCURVE('',#11631,#11659);
#11659 = DEFINITIONAL_REPRESENTATION('',(#11660),#11664);
#11660 = LINE('',#11661,#11662);
#11661 = CARTESIAN_POINT('',(0.,0.));
#11662 = VECTOR('',#11663,1.);
#11663 = DIRECTION('',(0.,-1.));
#11664 = ( GEOMETRIC_REPRESENTATION_CONTEXT(2) 
PARAMETRIC_REPRESENTATION_CONTEXT() REPRESENTATION_CONTEXT('2D SPACE',''
  ) );
#11665 = PCURVE('',#11551,#11666);
#11666 = DEFINITIONAL_REPRESENTATION('',(#11667),#11671);
#11667 = LINE('',#11668,#11669);
#11668 = CARTESIAN_POINT('',(65.,0.));
#11669 = VECTOR('',#11670,1.);
#11670 = DIRECTION('',(0.,1.));
#11671 = ( GEOMETRIC_REPRESENTATION_CONTEXT(2) 
PARAMETRIC_REPRESENTATION_CONTEXT() REPRESENTATION_CONTEXT('2D SPACE',''
  ) );
#11672 = ORIENTED_EDGE('',*,*,#11673,.T.);
#11673 = EDGE_CURVE('',#11651,#11674,#11676,.T.);
#11674 = VERTEX_POINT('',#11675);
#11675 = CARTESIAN_POINT('',(32.5,15.,5.));
#11676 = SURFACE_CURVE('',#11677,(#11681,#11688),.PCURVE_S1.);
#11677 = LINE('',#11678,#11679);
#11678 = CARTESIAN_POINT('',(32.5,15.,0.));
#11679 = VECTOR('',#11680,1.);
#11680 = DIRECTION('',(0.,0.,1.));
#11681 = PCURVE('',#11631,#11682);
#11682 = DEFINITIONAL_REPRESENTATION('',(#11683),#11687);
#11683 = LINE('',#11684,#11685);
#11684 = CARTESIAN_POINT('',(0.,-30.));
#11685 = VECTOR('',#11686,1.);
#11686 = DIRECTION('',(1.,0.));
#11687 = ( GEOMETRIC_REPRESENTATION_CONTEXT(2) 
PARAMETRIC_REPRESENTATION_CONTEXT() REPRESENTATION_CONTEXT('2D SPACE',''
  ) );
#11688 = PCURVE('',#11579,#11689);
#11689 = DEFINITIONAL_REPRESENTATION('',(#11690),#11694);
#11690 = LINE('',#11691,#11692);
#11691 = CARTESIAN_POINT('',(0.,65.));
#11692 = VECTOR('',#11693,1.);
#11693 = DIRECTION('',(1.,0.));
#11694 = ( GEOMETRIC_REPRESENTATION_CONTEXT(2) 
PARAMETRIC_REPRESENTATION_CONTEXT() REPRESENTATION_CONTEXT('2D SPACE',''
  ) );
#11695 = ORIENTED_EDGE('',*,*,#11696,.F.);
#11696 = EDGE_CURVE('',#11623,#11674,#11697,.T.);
#11697 = SURFACE_CURVE('',#11698,(#11702,#11709),.PCURVE_S1.);
#11698 = LINE('',#11699,#11700);
#11699 = CARTESIAN_POINT('',(32.5,-15.,5.));
#11700 = VECTOR('',#11701,1.);
#11701 = DIRECTION('',(0.,1.,0.));
#11702 = PCURVE('',#11631,#11703);
#11703 = DEFINITIONAL_REPRESENTATION('',(#11704),#11708);
#11704 = LINE('',#11705,#11706);
#11705 = CARTESIAN_POINT('',(5.,0.));
#11706 = VECTOR('',#11707,1.);
#11707 = DIRECTION('',(0.,-1.));
#11708 = ( GEOMETRIC_REPRESENTATION_CONTEXT(2) 
PARAMETRIC_REPRESENTATION_CONTEXT() REPRESENTATION_CONTEXT('2D SPACE',''
  ) );
#11709 = PCURVE('',#11605,#11710);
#11710 = DEFINITIONAL_REPRESENTATION('',(#11711),#11715);
#11711 = LINE('',#11712,#11713);
#11712 = CARTESIAN_POINT('',(65.,0.));
#11713 = VECTOR('',#11714,1.);
#11714 = DIRECTION('',(0.,1.));
#11715 = ( GEOMETRIC_REPRESENTATION_CONTEXT(2) 
PARAMETRIC_REPRESENTATION_CONTEXT() REPRESENTATION_CONTEXT('2D SPACE',''
  ) );
#11716 = ADVANCED_FACE('',(#11717),#11523,.F.);
#11717 = FACE_BOUND('',#11718,.F.);
#11718 = EDGE_LOOP('',(#11719,#11740,#11741,#11762));
#11719 = ORIENTED_EDGE('',*,*,#11720,.F.);
#11720 = EDGE_CURVE('',#11501,#11621,#11721,.T.);
#11721 = SURFACE_CURVE('',#11722,(#11726,#11733),.PCURVE_S1.);
#11722 = LINE('',#11723,#11724);
#11723 = CARTESIAN_POINT('',(-32.5,-15.,0.));
#11724 = VECTOR('',#11725,1.);
#11725 = DIRECTION('',(1.,0.,0.));
#11726 = PCURVE('',#11523,#11727);
#11727 = DEFINITIONAL_REPRESENTATION('',(#11728),#11732);
#11728 = LINE('',#11729,#11730);
#11729 = CARTESIAN_POINT('',(0.,0.));
#11730 = VECTOR('',#11731,1.);
#11731 = DIRECTION('',(0.,1.));
#11732 = ( GEOMETRIC_REPRESENTATION_CONTEXT(2) 
PARAMETRIC_REPRESENTATION_CONTEXT() REPRESENTATION_CONTEXT('2D SPACE',''
  ) );
#11733 = PCURVE('',#11551,#11734);
#11734 = DEFINITIONAL_REPRESENTATION('',(#11735),#11739);
#11735 = LINE('',#11736,#11737);
#11736 = CARTESIAN_POINT('',(0.,0.));
#11737 = VECTOR('',#11738,1.);
#11738 = DIRECTION('',(1.,0.));
#11739 = ( GEOMETRIC_REPRESENTATION_CONTEXT(2) 
PARAMETRIC_REPRESENTATION_CONTEXT() REPRESENTATION_CONTEXT('2D SPACE',''
  ) );
#11740 = ORIENTED_EDGE('',*,*,#11500,.T.);
#11741 = ORIENTED_EDGE('',*,*,#11742,.T.);
#11742 = EDGE_CURVE('',#11503,#11623,#11743,.T.);
#11743 = SURFACE_CURVE('',#11744,(#11748,#11755),.PCURVE_S1.);
#11744 = LINE('',#11745,#11746);
#11745 = CARTESIAN_POINT('',(-32.5,-15.,5.));
#11746 = VECTOR('',#11747,1.);
#11747 = DIRECTION('',(1.,0.,0.));
#11748 = PCURVE('',#11523,#11749);
#11749 = DEFINITIONAL_REPRESENTATION('',(#11750),#11754);
#11750 = LINE('',#11751,#11752);
#11751 = CARTESIAN_POINT('',(5.,0.));
#11752 = VECTOR('',#11753,1.);
#11753 = DIRECTION('',(0.,1.));
#11754 = ( GEOMETRIC_REPRESENTATION_CONTEXT(2) 
PARAMETRIC_REPRESENTATION_CONTEXT() REPRESENTATION_CONTEXT('2D SPACE',''
  ) );
#11755 = PCURVE('',#11605,#11756);
#11756 = DEFINITIONAL_REPRESENTATION('',(#11757),#11761);
#11757 = LINE('',#11758,#11759);
#11758 = CARTESIAN_POINT('',(0.,0.));
#11759 = VECTOR('',#11760,1.);
#11760 = DIRECTION('',(1.,0.));
#11761 = ( GEOMETRIC_REPRESENTATION_CONTEXT(2) 
PARAMETRIC_REPRESENTATION_CONTEXT() REPRESENTATION_CONTEXT('2D SPACE',''
  ) );
#11762 = ORIENTED_EDGE('',*,*,#11620,.F.);
#11763 = ADVANCED_FACE('',(#11764),#11579,.T.);
#11764 = FACE_BOUND('',#11765,.T.);
#11765 = EDGE_LOOP('',(#11766,#11787,#11788,#11809));
#11766 = ORIENTED_EDGE('',*,*,#11767,.F.);
#11767 = EDGE_CURVE('',#11536,#11651,#11768,.T.);
#11768 = SURFACE_CURVE('',#11769,(#11773,#11780),.PCURVE_S1.);
#11769 = LINE('',#11770,#11771);
#11770 = CARTESIAN_POINT('',(-32.5,15.,0.));
#11771 = VECTOR('',#11772,1.);
#11772 = DIRECTION('',(1.,0.,0.));
#11773 = PCURVE('',#11579,#11774);
#11774 = DEFINITIONAL_REPRESENTATION('',(#11775),#11779);
#11775 = LINE('',#11776,#11777);
#11776 = CARTESIAN_POINT('',(0.,0.));
#11777 = VECTOR('',#11778,1.);
#11778 = DIRECTION('',(0.,1.));
#11779 = ( GEOMETRIC_REPRESENTATION_CONTEXT(2) 
PARAMETRIC_REPRESENTATION_CONTEXT() REPRESENTATION_CONTEXT('2D SPACE',''
  ) );
#11780 = PCURVE('',#11551,#11781);
#11781 = DEFINITIONAL_REPRESENTATION('',(#11782),#11786);
#11782 = LINE('',#11783,#11784);
#11783 = CARTESIAN_POINT('',(0.,30.));
#11784 = VECTOR('',#11785,1.);
#11785 = DIRECTION('',(1.,0.));
#11786 = ( GEOMETRIC_REPRESENTATION_CONTEXT(2) 
PARAMETRIC_REPRESENTATION_CONTEXT() REPRESENTATION_CONTEXT('2D SPACE',''
  ) );
#11787 = ORIENTED_EDGE('',*,*,#11563,.T.);
#11788 = ORIENTED_EDGE('',*,*,#11789,.T.);
#11789 = EDGE_CURVE('',#11564,#11674,#11790,.T.);
#11790 = SURFACE_CURVE('',#11791,(#11795,#11802),.PCURVE_S1.);
#11791 = LINE('',#11792,#11793);
#11792 = CARTESIAN_POINT('',(-32.5,15.,5.));
#11793 = VECTOR('',#11794,1.);
#11794 = DIRECTION('',(1.,0.,0.));
#11795 = PCURVE('',#11579,#11796);
#11796 = DEFINITIONAL_REPRESENTATION('',(#11797),#11801);
#11797 = LINE('',#11798,#11799);
#11798 = CARTESIAN_POINT('',(5.,0.));
#11799 = VECTOR('',#11800,1.);
#11800 = DIRECTION('',(0.,1.));
#11801 = ( GEOMETRIC_REPRESENTATION_CONTEXT(2) 
PARAMETRIC_REPRESENTATION_CONTEXT() REPRESENTATION_CONTEXT('2D SPACE',''
  ) );
#11802 = PCURVE('',#11605,#11803);
#11803 = DEFINITIONAL_REPRESENTATION('',(#11804),#11808);
#11804 = LINE('',#11805,#11806);
#11805 = CARTESIAN_POINT('',(0.,30.));
#11806 = VECTOR('',#11807,1.);
#11807 = DIRECTION('',(1.,0.));
#11808 = ( GEOMETRIC_REPRESENTATION_CONTEXT(2) 
PARAMETRIC_REPRESENTATION_CONTEXT() REPRESENTATION_CONTEXT('2D SPACE',''
  ) );
#11809 = ORIENTED_EDGE('',*,*,#11673,.F.);
#11810 = ADVANCED_FACE('',(#11811),#11551,.F.);
#11811 = FACE_BOUND('',#11812,.F.);
#11812 = EDGE_LOOP('',(#11813,#11814,#11815,#11816));
#11813 = ORIENTED_EDGE('',*,*,#11535,.F.);
#11814 = ORIENTED_EDGE('',*,*,#11720,.T.);
#11815 = ORIENTED_EDGE('',*,*,#11650,.T.);
#11816 = ORIENTED_EDGE('',*,*,#11767,.F.);
#11817 = ADVANCED_FACE('',(#11818),#11605,.T.);
#11818 = FACE_BOUND('',#11819,.T.);
#11819 = EDGE_LOOP('',(#11820,#11821,#11822,#11823));
#11820 = ORIENTED_EDGE('',*,*,#11591,.F.);
#11821 = ORIENTED_EDGE('',*,*,#11742,.T.);
#11822 = ORIENTED_EDGE('',*,*,#11696,.T.);
#11823 = ORIENTED_EDGE('',*,*,#11789,.F.);
#11824 = ( GEOMETRIC_REPRESENTATION_CONTEXT(3) 
GLOBAL_UNCERTAINTY_ASSIGNED_CONTEXT((#11828)) 
GLOBAL_UNIT_ASSIGNED_CONTEXT((#11825,#11826,#11827)) 
REPRESENTATION_CONTEXT('Context #1',
  '3D Context with UNIT and UNCERTAINTY') );
#11825 = ( LENGTH_UNIT() NAMED_UNIT(*) SI_UNIT(.MILLI.,.METRE.) );
#11826 = ( NAMED_UNIT(*) PLANE_ANGLE_UNIT() SI_UNIT($,.RADIAN.) );
#11827 = ( NAMED_UNIT(*) SI_UNIT($,.STERADIAN.) SOLID_ANGLE_UNIT() );
#11828 = UNCERTAINTY_MEASURE_WITH_UNIT(LENGTH_MEASURE(1.E-07),#11825,
  'distance_accuracy_value','confusion accuracy');
#11829 = CONTEXT_DEPENDENT_SHAPE_REPRESENTATION(#11830,#11832);
#11830 = ( REPRESENTATION_RELATIONSHIP('','',#11493,#10) 
REPRESENTATION_RELATIONSHIP_WITH_TRANSFORMATION(#11831) 
SHAPE_REPRESENTATION_RELATIONSHIP() );
#11831 = ITEM_DEFINED_TRANSFORMATION('','',#11,#43);
#11832 = PRODUCT_DEFINITION_SHAPE('Placement','Placement of an item',
  #11833);
#11833 = NEXT_ASSEMBLY_USAGE_OCCURRENCE('8','pi','',#5,#11488,$);
#11834 = PRODUCT_RELATED_PRODUCT_CATEGORY('part',$,(#11490));
#11835 = MECHANICAL_DESIGN_GEOMETRIC_PRESENTATION_REPRESENTATION('',(
    #11836),#10543);
#11836 = STYLED_ITEM('color',(#11837),#10029);
#11837 = PRESENTATION_STYLE_ASSIGNMENT((#11838));
#11838 = SURFACE_STYLE_USAGE(.BOTH.,#11839);
#11839 = SURFACE_SIDE_STYLE('',(#11840));
#11840 = SURFACE_STYLE_FILL_AREA(#11841);
#11841 = FILL_AREA_STYLE('',(#11842));
#11842 = FILL_AREA_STYLE_COLOUR('',#11843);
#11843 = COLOUR_RGB('',0.299999996101,0.299999996101,0.319999999843);
#11844 = MECHANICAL_DESIGN_GEOMETRIC_PRESENTATION_REPRESENTATION('',(
    #11845),#11475);
#11845 = STYLED_ITEM('color',(#11846),#11145);
#11846 = PRESENTATION_STYLE_ASSIGNMENT((#11847));
#11847 = SURFACE_STYLE_USAGE(.BOTH.,#11848);
#11848 = SURFACE_SIDE_STYLE('',(#11849));
#11849 = SURFACE_STYLE_FILL_AREA(#11850);
#11850 = FILL_AREA_STYLE('',(#11851));
#11851 = FILL_AREA_STYLE_COLOUR('',#11852);
#11852 = COLOUR_RGB('',0.199999998682,0.700000005816,0.299999996101);
#11853 = MECHANICAL_DESIGN_GEOMETRIC_PRESENTATION_REPRESENTATION('',(
    #11854),#4089);
#11854 = STYLED_ITEM('color',(#11855),#61);
#11855 = PRESENTATION_STYLE_ASSIGNMENT((#11856));
#11856 = SURFACE_STYLE_USAGE(.BOTH.,#11857);
#11857 = SURFACE_SIDE_STYLE('',(#11858));
#11858 = SURFACE_STYLE_FILL_AREA(#11859);
#11859 = FILL_AREA_STYLE('',(#11860));
#11860 = FILL_AREA_STYLE_COLOUR('',#11861);
#11861 = COLOUR_RGB('',0.45000000386,0.679999990811,0.950000001282);
#11862 = MECHANICAL_DESIGN_GEOMETRIC_PRESENTATION_REPRESENTATION('',(
    #11863,#11871),#10010);
#11863 = STYLED_ITEM('color',(#11864),#4108);
#11864 = PRESENTATION_STYLE_ASSIGNMENT((#11865));
#11865 = SURFACE_STYLE_USAGE(.BOTH.,#11866);
#11866 = SURFACE_SIDE_STYLE('',(#11867));
#11867 = SURFACE_STYLE_FILL_AREA(#11868);
#11868 = FILL_AREA_STYLE('',(#11869));
#11869 = FILL_AREA_STYLE_COLOUR('',#11870);
#11870 = COLOUR_RGB('',0.199999998682,0.399999997426,0.850000012718);
#11871 = STYLED_ITEM('color',(#11872),#6260);
#11872 = PRESENTATION_STYLE_ASSIGNMENT((#11873));
#11873 = SURFACE_STYLE_USAGE(.BOTH.,#11874);
#11874 = SURFACE_SIDE_STYLE('',(#11875));
#11875 = SURFACE_STYLE_FILL_AREA(#11876);
#11876 = FILL_AREA_STYLE('',(#11877));
#11877 = FILL_AREA_STYLE_COLOUR('',#11870);
#11878 = MECHANICAL_DESIGN_GEOMETRIC_PRESENTATION_REPRESENTATION('',(
    #11879),#11824);
#11879 = STYLED_ITEM('color',(#11880),#11494);
#11880 = PRESENTATION_STYLE_ASSIGNMENT((#11881));
#11881 = SURFACE_STYLE_USAGE(.BOTH.,#11882);
#11882 = SURFACE_SIDE_STYLE('',(#11883));
#11883 = SURFACE_STYLE_FILL_AREA(#11884);
#11884 = FILL_AREA_STYLE('',(#11885));
#11885 = FILL_AREA_STYLE_COLOUR('',#11886);
#11886 = COLOUR_RGB('',0.55000000909,0.199999998682,0.55000000909);
#11887 = MECHANICAL_DESIGN_GEOMETRIC_PRESENTATION_REPRESENTATION('',(
    #11888),#10660);
#11888 = STYLED_ITEM('color',(#11889),#10562);
#11889 = PRESENTATION_STYLE_ASSIGNMENT((#11890));
#11890 = SURFACE_STYLE_USAGE(.BOTH.,#11891);
#11891 = SURFACE_SIDE_STYLE('',(#11892));
#11892 = SURFACE_STYLE_FILL_AREA(#11893);
#11893 = FILL_AREA_STYLE('',(#11894));
#11894 = FILL_AREA_STYLE_COLOUR('',#11895);
#11895 = COLOUR_RGB('',0.750000000934,0.750000000934,0.78000000177);
#11896 = MECHANICAL_DESIGN_GEOMETRIC_PRESENTATION_REPRESENTATION('',(
    #11897),#11126);
#11897 = STYLED_ITEM('color',(#11898),#10796);
#11898 = PRESENTATION_STYLE_ASSIGNMENT((#11899));
#11899 = SURFACE_STYLE_USAGE(.BOTH.,#11900);
#11900 = SURFACE_SIDE_STYLE('',(#11901));
#11901 = SURFACE_STYLE_FILL_AREA(#11902);
#11902 = FILL_AREA_STYLE('',(#11903));
#11903 = FILL_AREA_STYLE_COLOUR('',#11904);
#11904 = COLOUR_RGB('',0.850000012718,0.199999998682,0.199999998682);
#11905 = MECHANICAL_DESIGN_GEOMETRIC_PRESENTATION_REPRESENTATION('',(
    #11906),#10777);
#11906 = STYLED_ITEM('color',(#11907),#10679);
#11907 = PRESENTATION_STYLE_ASSIGNMENT((#11908));
#11908 = SURFACE_STYLE_USAGE(.BOTH.,#11909);
#11909 = SURFACE_SIDE_STYLE('',(#11910));
#11910 = SURFACE_STYLE_FILL_AREA(#11911);
#11911 = FILL_AREA_STYLE('',(#11912));
#11912 = FILL_AREA_STYLE_COLOUR('',#11913);
#11913 = COLOUR_RGB('',0.950000001282,0.850000012718,0.199999998682);
ENDSEC;
END-ISO-10303-21;
