ISO-10303-21;
HEADER;
FILE_DESCRIPTION(('Open CASCADE Model'),'2;1');
FILE_NAME('Open CASCADE Shape Model','2026-05-16T02:24:29',('Author'),(
    'Open CASCADE'),'Open CASCADE STEP processor 7.8','Open CASCADE 7.8'
  ,'Unknown');
FILE_SCHEMA(('AUTOMOTIVE_DESIGN { 1 0 10303 214 1 1 1 1 }'));
ENDSEC;
DATA;
#1 = APPLICATION_PROTOCOL_DEFINITION('international standard',
  'automotive_design',2000,#2);
#2 = APPLICATION_CONTEXT(
  'core data for automotive mechanical design processes');
#3 = SHAPE_DEFINITION_REPRESENTATION(#4,#10);
#4 = PRODUCT_DEFINITION_SHAPE('','',#5);
#5 = PRODUCT_DEFINITION('design','',#6,#9);
#6 = PRODUCT_DEFINITION_FORMATION('','',#7);
#7 = PRODUCT('Open CASCADE STEP translator 7.8 2',
  'Open CASCADE STEP translator 7.8 2','',(#8));
#8 = PRODUCT_CONTEXT('',#2,'mechanical');
#9 = PRODUCT_DEFINITION_CONTEXT('part definition',#2,'design');
#10 = ADVANCED_BREP_SHAPE_REPRESENTATION('',(#11,#15),#6416);
#11 = AXIS2_PLACEMENT_3D('',#12,#13,#14);
#12 = CARTESIAN_POINT('',(0.,0.,0.));
#13 = DIRECTION('',(0.,0.,1.));
#14 = DIRECTION('',(1.,0.,-0.));
#15 = MANIFOLD_SOLID_BREP('',#16);
#16 = CLOSED_SHELL('',(#17,#363,#1061,#1141,#1258,#1482,#1531,#1801,
    #1850,#1877,#1953,#2002,#2051,#2078,#2224,#2271,#2320,#2369,#2418,
    #2493,#2540,#2567,#2622,#2698,#2747,#2796,#2823,#2878,#2933,#2988,
    #3064,#3113,#3162,#3189,#3244,#3804,#3815,#3870,#3925,#3952,#4007,
    #4062,#4111,#4222,#4249,#4325,#4374,#4423,#4450,#4551,#4558,#4613,
    #4640,#4644,#4651,#4655,#4685,#4689,#4696,#4700,#4735,#4762,#4809,
    #4836,#4863,#4870,#4905,#4940,#4975,#5010,#5263,#5511,#5693,#5697,
    #5752,#5807,#5862,#5917,#5972,#6100,#6155,#6210,#6265,#6315,#6370,
    #6377,#6381,#6385,#6389,#6393,#6400,#6404,#6408,#6412));
#17 = ADVANCED_FACE('',(#18,#249),#32,.F.);
#18 = FACE_BOUND('',#19,.F.);
#19 = EDGE_LOOP('',(#20,#55,#83,#111,#139,#167,#195,#223));
#20 = ORIENTED_EDGE('',*,*,#21,.F.);
#21 = EDGE_CURVE('',#22,#24,#26,.T.);
#22 = VERTEX_POINT('',#23);
#23 = CARTESIAN_POINT('',(-35.,-30.,0.));
#24 = VERTEX_POINT('',#25);
#25 = CARTESIAN_POINT('',(-35.,-30.,80.));
#26 = SURFACE_CURVE('',#27,(#31,#43),.PCURVE_S1.);
#27 = LINE('',#28,#29);
#28 = CARTESIAN_POINT('',(-35.,-30.,0.));
#29 = VECTOR('',#30,1.);
#30 = DIRECTION('',(0.,0.,1.));
#31 = PCURVE('',#32,#37);
#32 = PLANE('',#33);
#33 = AXIS2_PLACEMENT_3D('',#34,#35,#36);
#34 = CARTESIAN_POINT('',(-35.,-30.,0.));
#35 = DIRECTION('',(1.,0.,0.));
#36 = DIRECTION('',(0.,0.,1.));
#37 = DEFINITIONAL_REPRESENTATION('',(#38),#42);
#38 = LINE('',#39,#40);
#39 = CARTESIAN_POINT('',(0.,0.));
#40 = VECTOR('',#41,1.);
#41 = DIRECTION('',(1.,0.));
#42 = ( GEOMETRIC_REPRESENTATION_CONTEXT(2) 
PARAMETRIC_REPRESENTATION_CONTEXT() REPRESENTATION_CONTEXT('2D SPACE',''
  ) );
#43 = PCURVE('',#44,#49);
#44 = PLANE('',#45);
#45 = AXIS2_PLACEMENT_3D('',#46,#47,#48);
#46 = CARTESIAN_POINT('',(-35.,-30.,0.));
#47 = DIRECTION('',(0.,1.,0.));
#48 = DIRECTION('',(0.,0.,1.));
#49 = DEFINITIONAL_REPRESENTATION('',(#50),#54);
#50 = LINE('',#51,#52);
#51 = CARTESIAN_POINT('',(0.,0.));
#52 = VECTOR('',#53,1.);
#53 = DIRECTION('',(1.,0.));
#54 = ( GEOMETRIC_REPRESENTATION_CONTEXT(2) 
PARAMETRIC_REPRESENTATION_CONTEXT() REPRESENTATION_CONTEXT('2D SPACE',''
  ) );
#55 = ORIENTED_EDGE('',*,*,#56,.T.);
#56 = EDGE_CURVE('',#22,#57,#59,.T.);
#57 = VERTEX_POINT('',#58);
#58 = CARTESIAN_POINT('',(-35.,30.,0.));
#59 = SURFACE_CURVE('',#60,(#64,#71),.PCURVE_S1.);
#60 = LINE('',#61,#62);
#61 = CARTESIAN_POINT('',(-35.,-30.,0.));
#62 = VECTOR('',#63,1.);
#63 = DIRECTION('',(0.,1.,0.));
#64 = PCURVE('',#32,#65);
#65 = DEFINITIONAL_REPRESENTATION('',(#66),#70);
#66 = LINE('',#67,#68);
#67 = CARTESIAN_POINT('',(0.,0.));
#68 = VECTOR('',#69,1.);
#69 = DIRECTION('',(0.,-1.));
#70 = ( GEOMETRIC_REPRESENTATION_CONTEXT(2) 
PARAMETRIC_REPRESENTATION_CONTEXT() REPRESENTATION_CONTEXT('2D SPACE',''
  ) );
#71 = PCURVE('',#72,#77);
#72 = PLANE('',#73);
#73 = AXIS2_PLACEMENT_3D('',#74,#75,#76);
#74 = CARTESIAN_POINT('',(-35.,-30.,0.));
#75 = DIRECTION('',(0.,0.,1.));
#76 = DIRECTION('',(1.,0.,0.));
#77 = DEFINITIONAL_REPRESENTATION('',(#78),#82);
#78 = LINE('',#79,#80);
#79 = CARTESIAN_POINT('',(0.,0.));
#80 = VECTOR('',#81,1.);
#81 = DIRECTION('',(0.,1.));
#82 = ( GEOMETRIC_REPRESENTATION_CONTEXT(2) 
PARAMETRIC_REPRESENTATION_CONTEXT() REPRESENTATION_CONTEXT('2D SPACE',''
  ) );
#83 = ORIENTED_EDGE('',*,*,#84,.T.);
#84 = EDGE_CURVE('',#57,#85,#87,.T.);
#85 = VERTEX_POINT('',#86);
#86 = CARTESIAN_POINT('',(-35.,30.,300.));
#87 = SURFACE_CURVE('',#88,(#92,#99),.PCURVE_S1.);
#88 = LINE('',#89,#90);
#89 = CARTESIAN_POINT('',(-35.,30.,0.));
#90 = VECTOR('',#91,1.);
#91 = DIRECTION('',(0.,0.,1.));
#92 = PCURVE('',#32,#93);
#93 = DEFINITIONAL_REPRESENTATION('',(#94),#98);
#94 = LINE('',#95,#96);
#95 = CARTESIAN_POINT('',(0.,-60.));
#96 = VECTOR('',#97,1.);
#97 = DIRECTION('',(1.,0.));
#98 = ( GEOMETRIC_REPRESENTATION_CONTEXT(2) 
PARAMETRIC_REPRESENTATION_CONTEXT() REPRESENTATION_CONTEXT('2D SPACE',''
  ) );
#99 = PCURVE('',#100,#105);
#100 = PLANE('',#101);
#101 = AXIS2_PLACEMENT_3D('',#102,#103,#104);
#102 = CARTESIAN_POINT('',(-35.,30.,0.));
#103 = DIRECTION('',(0.,1.,0.));
#104 = DIRECTION('',(0.,0.,1.));
#105 = DEFINITIONAL_REPRESENTATION('',(#106),#110);
#106 = LINE('',#107,#108);
#107 = CARTESIAN_POINT('',(0.,0.));
#108 = VECTOR('',#109,1.);
#109 = DIRECTION('',(1.,0.));
#110 = ( GEOMETRIC_REPRESENTATION_CONTEXT(2) 
PARAMETRIC_REPRESENTATION_CONTEXT() REPRESENTATION_CONTEXT('2D SPACE',''
  ) );
#111 = ORIENTED_EDGE('',*,*,#112,.F.);
#112 = EDGE_CURVE('',#113,#85,#115,.T.);
#113 = VERTEX_POINT('',#114);
#114 = CARTESIAN_POINT('',(-35.,-30.,300.));
#115 = SURFACE_CURVE('',#116,(#120,#127),.PCURVE_S1.);
#116 = LINE('',#117,#118);
#117 = CARTESIAN_POINT('',(-35.,-30.,300.));
#118 = VECTOR('',#119,1.);
#119 = DIRECTION('',(0.,1.,0.));
#120 = PCURVE('',#32,#121);
#121 = DEFINITIONAL_REPRESENTATION('',(#122),#126);
#122 = LINE('',#123,#124);
#123 = CARTESIAN_POINT('',(300.,0.));
#124 = VECTOR('',#125,1.);
#125 = DIRECTION('',(0.,-1.));
#126 = ( GEOMETRIC_REPRESENTATION_CONTEXT(2) 
PARAMETRIC_REPRESENTATION_CONTEXT() REPRESENTATION_CONTEXT('2D SPACE',''
  ) );
#127 = PCURVE('',#128,#133);
#128 = PLANE('',#129);
#129 = AXIS2_PLACEMENT_3D('',#130,#131,#132);
#130 = CARTESIAN_POINT('',(-35.,-30.,300.));
#131 = DIRECTION('',(0.,0.,1.));
#132 = DIRECTION('',(1.,0.,0.));
#133 = DEFINITIONAL_REPRESENTATION('',(#134),#138);
#134 = LINE('',#135,#136);
#135 = CARTESIAN_POINT('',(0.,0.));
#136 = VECTOR('',#137,1.);
#137 = DIRECTION('',(0.,1.));
#138 = ( GEOMETRIC_REPRESENTATION_CONTEXT(2) 
PARAMETRIC_REPRESENTATION_CONTEXT() REPRESENTATION_CONTEXT('2D SPACE',''
  ) );
#139 = ORIENTED_EDGE('',*,*,#140,.F.);
#140 = EDGE_CURVE('',#141,#113,#143,.T.);
#141 = VERTEX_POINT('',#142);
#142 = CARTESIAN_POINT('',(-35.,-30.,160.));
#143 = SURFACE_CURVE('',#144,(#148,#155),.PCURVE_S1.);
#144 = LINE('',#145,#146);
#145 = CARTESIAN_POINT('',(-35.,-30.,0.));
#146 = VECTOR('',#147,1.);
#147 = DIRECTION('',(0.,0.,1.));
#148 = PCURVE('',#32,#149);
#149 = DEFINITIONAL_REPRESENTATION('',(#150),#154);
#150 = LINE('',#151,#152);
#151 = CARTESIAN_POINT('',(0.,0.));
#152 = VECTOR('',#153,1.);
#153 = DIRECTION('',(1.,0.));
#154 = ( GEOMETRIC_REPRESENTATION_CONTEXT(2) 
PARAMETRIC_REPRESENTATION_CONTEXT() REPRESENTATION_CONTEXT('2D SPACE',''
  ) );
#155 = PCURVE('',#156,#161);
#156 = PLANE('',#157);
#157 = AXIS2_PLACEMENT_3D('',#158,#159,#160);
#158 = CARTESIAN_POINT('',(-35.,-30.,0.));
#159 = DIRECTION('',(0.,1.,0.));
#160 = DIRECTION('',(0.,0.,1.));
#161 = DEFINITIONAL_REPRESENTATION('',(#162),#166);
#162 = LINE('',#163,#164);
#163 = CARTESIAN_POINT('',(0.,0.));
#164 = VECTOR('',#165,1.);
#165 = DIRECTION('',(1.,0.));
#166 = ( GEOMETRIC_REPRESENTATION_CONTEXT(2) 
PARAMETRIC_REPRESENTATION_CONTEXT() REPRESENTATION_CONTEXT('2D SPACE',''
  ) );
#167 = ORIENTED_EDGE('',*,*,#168,.F.);
#168 = EDGE_CURVE('',#169,#141,#171,.T.);
#169 = VERTEX_POINT('',#170);
#170 = CARTESIAN_POINT('',(-35.,-65.,160.));
#171 = SURFACE_CURVE('',#172,(#176,#183),.PCURVE_S1.);
#172 = LINE('',#173,#174);
#173 = CARTESIAN_POINT('',(-35.,-65.,160.));
#174 = VECTOR('',#175,1.);
#175 = DIRECTION('',(0.,1.,0.));
#176 = PCURVE('',#32,#177);
#177 = DEFINITIONAL_REPRESENTATION('',(#178),#182);
#178 = LINE('',#179,#180);
#179 = CARTESIAN_POINT('',(160.,35.));
#180 = VECTOR('',#181,1.);
#181 = DIRECTION('',(0.,-1.));
#182 = ( GEOMETRIC_REPRESENTATION_CONTEXT(2) 
PARAMETRIC_REPRESENTATION_CONTEXT() REPRESENTATION_CONTEXT('2D SPACE',''
  ) );
#183 = PCURVE('',#184,#189);
#184 = PLANE('',#185);
#185 = AXIS2_PLACEMENT_3D('',#186,#187,#188);
#186 = CARTESIAN_POINT('',(-35.,-65.,160.));
#187 = DIRECTION('',(0.,0.,1.));
#188 = DIRECTION('',(1.,0.,0.));
#189 = DEFINITIONAL_REPRESENTATION('',(#190),#194);
#190 = LINE('',#191,#192);
#191 = CARTESIAN_POINT('',(0.,0.));
#192 = VECTOR('',#193,1.);
#193 = DIRECTION('',(0.,1.));
#194 = ( GEOMETRIC_REPRESENTATION_CONTEXT(2) 
PARAMETRIC_REPRESENTATION_CONTEXT() REPRESENTATION_CONTEXT('2D SPACE',''
  ) );
#195 = ORIENTED_EDGE('',*,*,#196,.F.);
#196 = EDGE_CURVE('',#197,#169,#199,.T.);
#197 = VERTEX_POINT('',#198);
#198 = CARTESIAN_POINT('',(-35.,-65.,80.));
#199 = SURFACE_CURVE('',#200,(#204,#211),.PCURVE_S1.);
#200 = LINE('',#201,#202);
#201 = CARTESIAN_POINT('',(-35.,-65.,80.));
#202 = VECTOR('',#203,1.);
#203 = DIRECTION('',(0.,0.,1.));
#204 = PCURVE('',#32,#205);
#205 = DEFINITIONAL_REPRESENTATION('',(#206),#210);
#206 = LINE('',#207,#208);
#207 = CARTESIAN_POINT('',(80.,35.));
#208 = VECTOR('',#209,1.);
#209 = DIRECTION('',(1.,0.));
#210 = ( GEOMETRIC_REPRESENTATION_CONTEXT(2) 
PARAMETRIC_REPRESENTATION_CONTEXT() REPRESENTATION_CONTEXT('2D SPACE',''
  ) );
#211 = PCURVE('',#212,#217);
#212 = PLANE('',#213);
#213 = AXIS2_PLACEMENT_3D('',#214,#215,#216);
#214 = CARTESIAN_POINT('',(-35.,-65.,80.));
#215 = DIRECTION('',(0.,1.,0.));
#216 = DIRECTION('',(0.,0.,1.));
#217 = DEFINITIONAL_REPRESENTATION('',(#218),#222);
#218 = LINE('',#219,#220);
#219 = CARTESIAN_POINT('',(0.,0.));
#220 = VECTOR('',#221,1.);
#221 = DIRECTION('',(1.,0.));
#222 = ( GEOMETRIC_REPRESENTATION_CONTEXT(2) 
PARAMETRIC_REPRESENTATION_CONTEXT() REPRESENTATION_CONTEXT('2D SPACE',''
  ) );
#223 = ORIENTED_EDGE('',*,*,#224,.T.);
#224 = EDGE_CURVE('',#197,#24,#225,.T.);
#225 = SURFACE_CURVE('',#226,(#230,#237),.PCURVE_S1.);
#226 = LINE('',#227,#228);
#227 = CARTESIAN_POINT('',(-35.,-65.,80.));
#228 = VECTOR('',#229,1.);
#229 = DIRECTION('',(0.,1.,0.));
#230 = PCURVE('',#32,#231);
#231 = DEFINITIONAL_REPRESENTATION('',(#232),#236);
#232 = LINE('',#233,#234);
#233 = CARTESIAN_POINT('',(80.,35.));
#234 = VECTOR('',#235,1.);
#235 = DIRECTION('',(0.,-1.));
#236 = ( GEOMETRIC_REPRESENTATION_CONTEXT(2) 
PARAMETRIC_REPRESENTATION_CONTEXT() REPRESENTATION_CONTEXT('2D SPACE',''
  ) );
#237 = PCURVE('',#238,#243);
#238 = PLANE('',#239);
#239 = AXIS2_PLACEMENT_3D('',#240,#241,#242);
#240 = CARTESIAN_POINT('',(-35.,-65.,80.));
#241 = DIRECTION('',(0.,0.,1.));
#242 = DIRECTION('',(1.,0.,0.));
#243 = DEFINITIONAL_REPRESENTATION('',(#244),#248);
#244 = LINE('',#245,#246);
#245 = CARTESIAN_POINT('',(0.,0.));
#246 = VECTOR('',#247,1.);
#247 = DIRECTION('',(0.,1.));
#248 = ( GEOMETRIC_REPRESENTATION_CONTEXT(2) 
PARAMETRIC_REPRESENTATION_CONTEXT() REPRESENTATION_CONTEXT('2D SPACE',''
  ) );
#249 = FACE_BOUND('',#250,.F.);
#250 = EDGE_LOOP('',(#251,#281,#309,#337));
#251 = ORIENTED_EDGE('',*,*,#252,.T.);
#252 = EDGE_CURVE('',#253,#255,#257,.T.);
#253 = VERTEX_POINT('',#254);
#254 = CARTESIAN_POINT('',(-35.,-9.6,10.1));
#255 = VERTEX_POINT('',#256);
#256 = CARTESIAN_POINT('',(-35.,-9.6,19.9));
#257 = SURFACE_CURVE('',#258,(#262,#269),.PCURVE_S1.);
#258 = LINE('',#259,#260);
#259 = CARTESIAN_POINT('',(-35.,-9.6,10.1));
#260 = VECTOR('',#261,1.);
#261 = DIRECTION('',(0.,0.,1.));
#262 = PCURVE('',#32,#263);
#263 = DEFINITIONAL_REPRESENTATION('',(#264),#268);
#264 = LINE('',#265,#266);
#265 = CARTESIAN_POINT('',(10.1,-20.4));
#266 = VECTOR('',#267,1.);
#267 = DIRECTION('',(1.,0.));
#268 = ( GEOMETRIC_REPRESENTATION_CONTEXT(2) 
PARAMETRIC_REPRESENTATION_CONTEXT() REPRESENTATION_CONTEXT('2D SPACE',''
  ) );
#269 = PCURVE('',#270,#275);
#270 = PLANE('',#271);
#271 = AXIS2_PLACEMENT_3D('',#272,#273,#274);
#272 = CARTESIAN_POINT('',(-35.,-9.6,10.1));
#273 = DIRECTION('',(0.,1.,0.));
#274 = DIRECTION('',(0.,0.,1.));
#275 = DEFINITIONAL_REPRESENTATION('',(#276),#280);
#276 = LINE('',#277,#278);
#277 = CARTESIAN_POINT('',(0.,0.));
#278 = VECTOR('',#279,1.);
#279 = DIRECTION('',(1.,0.));
#280 = ( GEOMETRIC_REPRESENTATION_CONTEXT(2) 
PARAMETRIC_REPRESENTATION_CONTEXT() REPRESENTATION_CONTEXT('2D SPACE',''
  ) );
#281 = ORIENTED_EDGE('',*,*,#282,.T.);
#282 = EDGE_CURVE('',#255,#283,#285,.T.);
#283 = VERTEX_POINT('',#284);
#284 = CARTESIAN_POINT('',(-35.,9.6,19.9));
#285 = SURFACE_CURVE('',#286,(#290,#297),.PCURVE_S1.);
#286 = LINE('',#287,#288);
#287 = CARTESIAN_POINT('',(-35.,-9.6,19.9));
#288 = VECTOR('',#289,1.);
#289 = DIRECTION('',(0.,1.,0.));
#290 = PCURVE('',#32,#291);
#291 = DEFINITIONAL_REPRESENTATION('',(#292),#296);
#292 = LINE('',#293,#294);
#293 = CARTESIAN_POINT('',(19.9,-20.4));
#294 = VECTOR('',#295,1.);
#295 = DIRECTION('',(0.,-1.));
#296 = ( GEOMETRIC_REPRESENTATION_CONTEXT(2) 
PARAMETRIC_REPRESENTATION_CONTEXT() REPRESENTATION_CONTEXT('2D SPACE',''
  ) );
#297 = PCURVE('',#298,#303);
#298 = PLANE('',#299);
#299 = AXIS2_PLACEMENT_3D('',#300,#301,#302);
#300 = CARTESIAN_POINT('',(-35.,-9.6,19.9));
#301 = DIRECTION('',(0.,0.,1.));
#302 = DIRECTION('',(1.,0.,0.));
#303 = DEFINITIONAL_REPRESENTATION('',(#304),#308);
#304 = LINE('',#305,#306);
#305 = CARTESIAN_POINT('',(0.,0.));
#306 = VECTOR('',#307,1.);
#307 = DIRECTION('',(0.,1.));
#308 = ( GEOMETRIC_REPRESENTATION_CONTEXT(2) 
PARAMETRIC_REPRESENTATION_CONTEXT() REPRESENTATION_CONTEXT('2D SPACE',''
  ) );
#309 = ORIENTED_EDGE('',*,*,#310,.F.);
#310 = EDGE_CURVE('',#311,#283,#313,.T.);
#311 = VERTEX_POINT('',#312);
#312 = CARTESIAN_POINT('',(-35.,9.6,10.1));
#313 = SURFACE_CURVE('',#314,(#318,#325),.PCURVE_S1.);
#314 = LINE('',#315,#316);
#315 = CARTESIAN_POINT('',(-35.,9.6,10.1));
#316 = VECTOR('',#317,1.);
#317 = DIRECTION('',(0.,0.,1.));
#318 = PCURVE('',#32,#319);
#319 = DEFINITIONAL_REPRESENTATION('',(#320),#324);
#320 = LINE('',#321,#322);
#321 = CARTESIAN_POINT('',(10.1,-39.6));
#322 = VECTOR('',#323,1.);
#323 = DIRECTION('',(1.,0.));
#324 = ( GEOMETRIC_REPRESENTATION_CONTEXT(2) 
PARAMETRIC_REPRESENTATION_CONTEXT() REPRESENTATION_CONTEXT('2D SPACE',''
  ) );
#325 = PCURVE('',#326,#331);
#326 = PLANE('',#327);
#327 = AXIS2_PLACEMENT_3D('',#328,#329,#330);
#328 = CARTESIAN_POINT('',(-35.,9.6,10.1));
#329 = DIRECTION('',(0.,1.,0.));
#330 = DIRECTION('',(0.,0.,1.));
#331 = DEFINITIONAL_REPRESENTATION('',(#332),#336);
#332 = LINE('',#333,#334);
#333 = CARTESIAN_POINT('',(0.,0.));
#334 = VECTOR('',#335,1.);
#335 = DIRECTION('',(1.,0.));
#336 = ( GEOMETRIC_REPRESENTATION_CONTEXT(2) 
PARAMETRIC_REPRESENTATION_CONTEXT() REPRESENTATION_CONTEXT('2D SPACE',''
  ) );
#337 = ORIENTED_EDGE('',*,*,#338,.F.);
#338 = EDGE_CURVE('',#253,#311,#339,.T.);
#339 = SURFACE_CURVE('',#340,(#344,#351),.PCURVE_S1.);
#340 = LINE('',#341,#342);
#341 = CARTESIAN_POINT('',(-35.,-9.6,10.1));
#342 = VECTOR('',#343,1.);
#343 = DIRECTION('',(0.,1.,0.));
#344 = PCURVE('',#32,#345);
#345 = DEFINITIONAL_REPRESENTATION('',(#346),#350);
#346 = LINE('',#347,#348);
#347 = CARTESIAN_POINT('',(10.1,-20.4));
#348 = VECTOR('',#349,1.);
#349 = DIRECTION('',(0.,-1.));
#350 = ( GEOMETRIC_REPRESENTATION_CONTEXT(2) 
PARAMETRIC_REPRESENTATION_CONTEXT() REPRESENTATION_CONTEXT('2D SPACE',''
  ) );
#351 = PCURVE('',#352,#357);
#352 = PLANE('',#353);
#353 = AXIS2_PLACEMENT_3D('',#354,#355,#356);
#354 = CARTESIAN_POINT('',(-35.,-9.6,10.1));
#355 = DIRECTION('',(0.,0.,1.));
#356 = DIRECTION('',(1.,0.,0.));
#357 = DEFINITIONAL_REPRESENTATION('',(#358),#362);
#358 = LINE('',#359,#360);
#359 = CARTESIAN_POINT('',(0.,0.));
#360 = VECTOR('',#361,1.);
#361 = DIRECTION('',(0.,1.));
#362 = ( GEOMETRIC_REPRESENTATION_CONTEXT(2) 
PARAMETRIC_REPRESENTATION_CONTEXT() REPRESENTATION_CONTEXT('2D SPACE',''
  ) );
#363 = ADVANCED_FACE('',(#364,#658,#693,#807,#842,#877,#912,#1026),#44,
  .F.);
#364 = FACE_BOUND('',#365,.F.);
#365 = EDGE_LOOP('',(#366,#396,#417,#418,#441,#469,#497,#525,#553,#581,
    #609,#637));
#366 = ORIENTED_EDGE('',*,*,#367,.F.);
#367 = EDGE_CURVE('',#368,#370,#372,.T.);
#368 = VERTEX_POINT('',#369);
#369 = CARTESIAN_POINT('',(35.,-30.,0.));
#370 = VERTEX_POINT('',#371);
#371 = CARTESIAN_POINT('',(35.,-30.,80.));
#372 = SURFACE_CURVE('',#373,(#377,#384),.PCURVE_S1.);
#373 = LINE('',#374,#375);
#374 = CARTESIAN_POINT('',(35.,-30.,0.));
#375 = VECTOR('',#376,1.);
#376 = DIRECTION('',(0.,0.,1.));
#377 = PCURVE('',#44,#378);
#378 = DEFINITIONAL_REPRESENTATION('',(#379),#383);
#379 = LINE('',#380,#381);
#380 = CARTESIAN_POINT('',(0.,70.));
#381 = VECTOR('',#382,1.);
#382 = DIRECTION('',(1.,0.));
#383 = ( GEOMETRIC_REPRESENTATION_CONTEXT(2) 
PARAMETRIC_REPRESENTATION_CONTEXT() REPRESENTATION_CONTEXT('2D SPACE',''
  ) );
#384 = PCURVE('',#385,#390);
#385 = PLANE('',#386);
#386 = AXIS2_PLACEMENT_3D('',#387,#388,#389);
#387 = CARTESIAN_POINT('',(35.,-30.,0.));
#388 = DIRECTION('',(1.,0.,0.));
#389 = DIRECTION('',(0.,0.,1.));
#390 = DEFINITIONAL_REPRESENTATION('',(#391),#395);
#391 = LINE('',#392,#393);
#392 = CARTESIAN_POINT('',(0.,0.));
#393 = VECTOR('',#394,1.);
#394 = DIRECTION('',(1.,0.));
#395 = ( GEOMETRIC_REPRESENTATION_CONTEXT(2) 
PARAMETRIC_REPRESENTATION_CONTEXT() REPRESENTATION_CONTEXT('2D SPACE',''
  ) );
#396 = ORIENTED_EDGE('',*,*,#397,.F.);
#397 = EDGE_CURVE('',#22,#368,#398,.T.);
#398 = SURFACE_CURVE('',#399,(#403,#410),.PCURVE_S1.);
#399 = LINE('',#400,#401);
#400 = CARTESIAN_POINT('',(-35.,-30.,0.));
#401 = VECTOR('',#402,1.);
#402 = DIRECTION('',(1.,0.,0.));
#403 = PCURVE('',#44,#404);
#404 = DEFINITIONAL_REPRESENTATION('',(#405),#409);
#405 = LINE('',#406,#407);
#406 = CARTESIAN_POINT('',(0.,0.));
#407 = VECTOR('',#408,1.);
#408 = DIRECTION('',(0.,1.));
#409 = ( GEOMETRIC_REPRESENTATION_CONTEXT(2) 
PARAMETRIC_REPRESENTATION_CONTEXT() REPRESENTATION_CONTEXT('2D SPACE',''
  ) );
#410 = PCURVE('',#72,#411);
#411 = DEFINITIONAL_REPRESENTATION('',(#412),#416);
#412 = LINE('',#413,#414);
#413 = CARTESIAN_POINT('',(0.,0.));
#414 = VECTOR('',#415,1.);
#415 = DIRECTION('',(1.,0.));
#416 = ( GEOMETRIC_REPRESENTATION_CONTEXT(2) 
PARAMETRIC_REPRESENTATION_CONTEXT() REPRESENTATION_CONTEXT('2D SPACE',''
  ) );
#417 = ORIENTED_EDGE('',*,*,#21,.T.);
#418 = ORIENTED_EDGE('',*,*,#419,.T.);
#419 = EDGE_CURVE('',#24,#420,#422,.T.);
#420 = VERTEX_POINT('',#421);
#421 = CARTESIAN_POINT('',(-25.,-30.,80.));
#422 = SURFACE_CURVE('',#423,(#427,#434),.PCURVE_S1.);
#423 = LINE('',#424,#425);
#424 = CARTESIAN_POINT('',(-35.,-30.,80.));
#425 = VECTOR('',#426,1.);
#426 = DIRECTION('',(1.,0.,0.));
#427 = PCURVE('',#44,#428);
#428 = DEFINITIONAL_REPRESENTATION('',(#429),#433);
#429 = LINE('',#430,#431);
#430 = CARTESIAN_POINT('',(80.,0.));
#431 = VECTOR('',#432,1.);
#432 = DIRECTION('',(0.,1.));
#433 = ( GEOMETRIC_REPRESENTATION_CONTEXT(2) 
PARAMETRIC_REPRESENTATION_CONTEXT() REPRESENTATION_CONTEXT('2D SPACE',''
  ) );
#434 = PCURVE('',#238,#435);
#435 = DEFINITIONAL_REPRESENTATION('',(#436),#440);
#436 = LINE('',#437,#438);
#437 = CARTESIAN_POINT('',(0.,35.));
#438 = VECTOR('',#439,1.);
#439 = DIRECTION('',(1.,0.));
#440 = ( GEOMETRIC_REPRESENTATION_CONTEXT(2) 
PARAMETRIC_REPRESENTATION_CONTEXT() REPRESENTATION_CONTEXT('2D SPACE',''
  ) );
#441 = ORIENTED_EDGE('',*,*,#442,.T.);
#442 = EDGE_CURVE('',#420,#443,#445,.T.);
#443 = VERTEX_POINT('',#444);
#444 = CARTESIAN_POINT('',(-25.,-30.,82.5));
#445 = SURFACE_CURVE('',#446,(#450,#457),.PCURVE_S1.);
#446 = LINE('',#447,#448);
#447 = CARTESIAN_POINT('',(-25.,-30.,79.9));
#448 = VECTOR('',#449,1.);
#449 = DIRECTION('',(0.,0.,1.));
#450 = PCURVE('',#44,#451);
#451 = DEFINITIONAL_REPRESENTATION('',(#452),#456);
#452 = LINE('',#453,#454);
#453 = CARTESIAN_POINT('',(79.9,10.));
#454 = VECTOR('',#455,1.);
#455 = DIRECTION('',(1.,0.));
#456 = ( GEOMETRIC_REPRESENTATION_CONTEXT(2) 
PARAMETRIC_REPRESENTATION_CONTEXT() REPRESENTATION_CONTEXT('2D SPACE',''
  ) );
#457 = PCURVE('',#458,#463);
#458 = PLANE('',#459);
#459 = AXIS2_PLACEMENT_3D('',#460,#461,#462);
#460 = CARTESIAN_POINT('',(-25.,-62.5,79.9));
#461 = DIRECTION('',(1.,0.,0.));
#462 = DIRECTION('',(0.,0.,1.));
#463 = DEFINITIONAL_REPRESENTATION('',(#464),#468);
#464 = LINE('',#465,#466);
#465 = CARTESIAN_POINT('',(0.,-32.5));
#466 = VECTOR('',#467,1.);
#467 = DIRECTION('',(1.,0.));
#468 = ( GEOMETRIC_REPRESENTATION_CONTEXT(2) 
PARAMETRIC_REPRESENTATION_CONTEXT() REPRESENTATION_CONTEXT('2D SPACE',''
  ) );
#469 = ORIENTED_EDGE('',*,*,#470,.F.);
#470 = EDGE_CURVE('',#471,#443,#473,.T.);
#471 = VERTEX_POINT('',#472);
#472 = CARTESIAN_POINT('',(-32.5,-30.,82.5));
#473 = SURFACE_CURVE('',#474,(#478,#485),.PCURVE_S1.);
#474 = LINE('',#475,#476);
#475 = CARTESIAN_POINT('',(-32.5,-30.,82.5));
#476 = VECTOR('',#477,1.);
#477 = DIRECTION('',(1.,0.,0.));
#478 = PCURVE('',#44,#479);
#479 = DEFINITIONAL_REPRESENTATION('',(#480),#484);
#480 = LINE('',#481,#482);
#481 = CARTESIAN_POINT('',(82.5,2.5));
#482 = VECTOR('',#483,1.);
#483 = DIRECTION('',(0.,1.));
#484 = ( GEOMETRIC_REPRESENTATION_CONTEXT(2) 
PARAMETRIC_REPRESENTATION_CONTEXT() REPRESENTATION_CONTEXT('2D SPACE',''
  ) );
#485 = PCURVE('',#486,#491);
#486 = PLANE('',#487);
#487 = AXIS2_PLACEMENT_3D('',#488,#489,#490);
#488 = CARTESIAN_POINT('',(-32.5,-62.5,82.5));
#489 = DIRECTION('',(0.,0.,1.));
#490 = DIRECTION('',(1.,0.,0.));
#491 = DEFINITIONAL_REPRESENTATION('',(#492),#496);
#492 = LINE('',#493,#494);
#493 = CARTESIAN_POINT('',(0.,32.5));
#494 = VECTOR('',#495,1.);
#495 = DIRECTION('',(1.,0.));
#496 = ( GEOMETRIC_REPRESENTATION_CONTEXT(2) 
PARAMETRIC_REPRESENTATION_CONTEXT() REPRESENTATION_CONTEXT('2D SPACE',''
  ) );
#497 = ORIENTED_EDGE('',*,*,#498,.T.);
#498 = EDGE_CURVE('',#471,#499,#501,.T.);
#499 = VERTEX_POINT('',#500);
#500 = CARTESIAN_POINT('',(-32.5,-30.,157.5));
#501 = SURFACE_CURVE('',#502,(#506,#513),.PCURVE_S1.);
#502 = LINE('',#503,#504);
#503 = CARTESIAN_POINT('',(-32.5,-30.,82.5));
#504 = VECTOR('',#505,1.);
#505 = DIRECTION('',(0.,0.,1.));
#506 = PCURVE('',#44,#507);
#507 = DEFINITIONAL_REPRESENTATION('',(#508),#512);
#508 = LINE('',#509,#510);
#509 = CARTESIAN_POINT('',(82.5,2.5));
#510 = VECTOR('',#511,1.);
#511 = DIRECTION('',(1.,0.));
#512 = ( GEOMETRIC_REPRESENTATION_CONTEXT(2) 
PARAMETRIC_REPRESENTATION_CONTEXT() REPRESENTATION_CONTEXT('2D SPACE',''
  ) );
#513 = PCURVE('',#514,#519);
#514 = PLANE('',#515);
#515 = AXIS2_PLACEMENT_3D('',#516,#517,#518);
#516 = CARTESIAN_POINT('',(-32.5,-62.5,82.5));
#517 = DIRECTION('',(1.,0.,0.));
#518 = DIRECTION('',(0.,0.,1.));
#519 = DEFINITIONAL_REPRESENTATION('',(#520),#524);
#520 = LINE('',#521,#522);
#521 = CARTESIAN_POINT('',(0.,-32.5));
#522 = VECTOR('',#523,1.);
#523 = DIRECTION('',(1.,0.));
#524 = ( GEOMETRIC_REPRESENTATION_CONTEXT(2) 
PARAMETRIC_REPRESENTATION_CONTEXT() REPRESENTATION_CONTEXT('2D SPACE',''
  ) );
#525 = ORIENTED_EDGE('',*,*,#526,.T.);
#526 = EDGE_CURVE('',#499,#527,#529,.T.);
#527 = VERTEX_POINT('',#528);
#528 = CARTESIAN_POINT('',(32.5,-30.,157.5));
#529 = SURFACE_CURVE('',#530,(#534,#541),.PCURVE_S1.);
#530 = LINE('',#531,#532);
#531 = CARTESIAN_POINT('',(-32.5,-30.,157.5));
#532 = VECTOR('',#533,1.);
#533 = DIRECTION('',(1.,0.,0.));
#534 = PCURVE('',#44,#535);
#535 = DEFINITIONAL_REPRESENTATION('',(#536),#540);
#536 = LINE('',#537,#538);
#537 = CARTESIAN_POINT('',(157.5,2.5));
#538 = VECTOR('',#539,1.);
#539 = DIRECTION('',(0.,1.));
#540 = ( GEOMETRIC_REPRESENTATION_CONTEXT(2) 
PARAMETRIC_REPRESENTATION_CONTEXT() REPRESENTATION_CONTEXT('2D SPACE',''
  ) );
#541 = PCURVE('',#542,#547);
#542 = PLANE('',#543);
#543 = AXIS2_PLACEMENT_3D('',#544,#545,#546);
#544 = CARTESIAN_POINT('',(-32.5,-62.5,157.5));
#545 = DIRECTION('',(0.,0.,1.));
#546 = DIRECTION('',(1.,0.,0.));
#547 = DEFINITIONAL_REPRESENTATION('',(#548),#552);
#548 = LINE('',#549,#550);
#549 = CARTESIAN_POINT('',(0.,32.5));
#550 = VECTOR('',#551,1.);
#551 = DIRECTION('',(1.,0.));
#552 = ( GEOMETRIC_REPRESENTATION_CONTEXT(2) 
PARAMETRIC_REPRESENTATION_CONTEXT() REPRESENTATION_CONTEXT('2D SPACE',''
  ) );
#553 = ORIENTED_EDGE('',*,*,#554,.F.);
#554 = EDGE_CURVE('',#555,#527,#557,.T.);
#555 = VERTEX_POINT('',#556);
#556 = CARTESIAN_POINT('',(32.5,-30.,82.5));
#557 = SURFACE_CURVE('',#558,(#562,#569),.PCURVE_S1.);
#558 = LINE('',#559,#560);
#559 = CARTESIAN_POINT('',(32.5,-30.,82.5));
#560 = VECTOR('',#561,1.);
#561 = DIRECTION('',(0.,0.,1.));
#562 = PCURVE('',#44,#563);
#563 = DEFINITIONAL_REPRESENTATION('',(#564),#568);
#564 = LINE('',#565,#566);
#565 = CARTESIAN_POINT('',(82.5,67.5));
#566 = VECTOR('',#567,1.);
#567 = DIRECTION('',(1.,0.));
#568 = ( GEOMETRIC_REPRESENTATION_CONTEXT(2) 
PARAMETRIC_REPRESENTATION_CONTEXT() REPRESENTATION_CONTEXT('2D SPACE',''
  ) );
#569 = PCURVE('',#570,#575);
#570 = PLANE('',#571);
#571 = AXIS2_PLACEMENT_3D('',#572,#573,#574);
#572 = CARTESIAN_POINT('',(32.5,-62.5,82.5));
#573 = DIRECTION('',(1.,0.,0.));
#574 = DIRECTION('',(0.,0.,1.));
#575 = DEFINITIONAL_REPRESENTATION('',(#576),#580);
#576 = LINE('',#577,#578);
#577 = CARTESIAN_POINT('',(0.,-32.5));
#578 = VECTOR('',#579,1.);
#579 = DIRECTION('',(1.,0.));
#580 = ( GEOMETRIC_REPRESENTATION_CONTEXT(2) 
PARAMETRIC_REPRESENTATION_CONTEXT() REPRESENTATION_CONTEXT('2D SPACE',''
  ) );
#581 = ORIENTED_EDGE('',*,*,#582,.F.);
#582 = EDGE_CURVE('',#583,#555,#585,.T.);
#583 = VERTEX_POINT('',#584);
#584 = CARTESIAN_POINT('',(25.,-30.,82.5));
#585 = SURFACE_CURVE('',#586,(#590,#597),.PCURVE_S1.);
#586 = LINE('',#587,#588);
#587 = CARTESIAN_POINT('',(-32.5,-30.,82.5));
#588 = VECTOR('',#589,1.);
#589 = DIRECTION('',(1.,0.,0.));
#590 = PCURVE('',#44,#591);
#591 = DEFINITIONAL_REPRESENTATION('',(#592),#596);
#592 = LINE('',#593,#594);
#593 = CARTESIAN_POINT('',(82.5,2.5));
#594 = VECTOR('',#595,1.);
#595 = DIRECTION('',(0.,1.));
#596 = ( GEOMETRIC_REPRESENTATION_CONTEXT(2) 
PARAMETRIC_REPRESENTATION_CONTEXT() REPRESENTATION_CONTEXT('2D SPACE',''
  ) );
#597 = PCURVE('',#598,#603);
#598 = PLANE('',#599);
#599 = AXIS2_PLACEMENT_3D('',#600,#601,#602);
#600 = CARTESIAN_POINT('',(-32.5,-62.5,82.5));
#601 = DIRECTION('',(0.,0.,1.));
#602 = DIRECTION('',(1.,0.,0.));
#603 = DEFINITIONAL_REPRESENTATION('',(#604),#608);
#604 = LINE('',#605,#606);
#605 = CARTESIAN_POINT('',(0.,32.5));
#606 = VECTOR('',#607,1.);
#607 = DIRECTION('',(1.,0.));
#608 = ( GEOMETRIC_REPRESENTATION_CONTEXT(2) 
PARAMETRIC_REPRESENTATION_CONTEXT() REPRESENTATION_CONTEXT('2D SPACE',''
  ) );
#609 = ORIENTED_EDGE('',*,*,#610,.F.);
#610 = EDGE_CURVE('',#611,#583,#613,.T.);
#611 = VERTEX_POINT('',#612);
#612 = CARTESIAN_POINT('',(25.,-30.,80.));
#613 = SURFACE_CURVE('',#614,(#618,#625),.PCURVE_S1.);
#614 = LINE('',#615,#616);
#615 = CARTESIAN_POINT('',(25.,-30.,79.9));
#616 = VECTOR('',#617,1.);
#617 = DIRECTION('',(0.,0.,1.));
#618 = PCURVE('',#44,#619);
#619 = DEFINITIONAL_REPRESENTATION('',(#620),#624);
#620 = LINE('',#621,#622);
#621 = CARTESIAN_POINT('',(79.9,60.));
#622 = VECTOR('',#623,1.);
#623 = DIRECTION('',(1.,0.));
#624 = ( GEOMETRIC_REPRESENTATION_CONTEXT(2) 
PARAMETRIC_REPRESENTATION_CONTEXT() REPRESENTATION_CONTEXT('2D SPACE',''
  ) );
#625 = PCURVE('',#626,#631);
#626 = PLANE('',#627);
#627 = AXIS2_PLACEMENT_3D('',#628,#629,#630);
#628 = CARTESIAN_POINT('',(25.,-62.5,79.9));
#629 = DIRECTION('',(1.,0.,0.));
#630 = DIRECTION('',(0.,0.,1.));
#631 = DEFINITIONAL_REPRESENTATION('',(#632),#636);
#632 = LINE('',#633,#634);
#633 = CARTESIAN_POINT('',(0.,-32.5));
#634 = VECTOR('',#635,1.);
#635 = DIRECTION('',(1.,0.));
#636 = ( GEOMETRIC_REPRESENTATION_CONTEXT(2) 
PARAMETRIC_REPRESENTATION_CONTEXT() REPRESENTATION_CONTEXT('2D SPACE',''
  ) );
#637 = ORIENTED_EDGE('',*,*,#638,.T.);
#638 = EDGE_CURVE('',#611,#370,#639,.T.);
#639 = SURFACE_CURVE('',#640,(#644,#651),.PCURVE_S1.);
#640 = LINE('',#641,#642);
#641 = CARTESIAN_POINT('',(-35.,-30.,80.));
#642 = VECTOR('',#643,1.);
#643 = DIRECTION('',(1.,0.,0.));
#644 = PCURVE('',#44,#645);
#645 = DEFINITIONAL_REPRESENTATION('',(#646),#650);
#646 = LINE('',#647,#648);
#647 = CARTESIAN_POINT('',(80.,0.));
#648 = VECTOR('',#649,1.);
#649 = DIRECTION('',(0.,1.));
#650 = ( GEOMETRIC_REPRESENTATION_CONTEXT(2) 
PARAMETRIC_REPRESENTATION_CONTEXT() REPRESENTATION_CONTEXT('2D SPACE',''
  ) );
#651 = PCURVE('',#238,#652);
#652 = DEFINITIONAL_REPRESENTATION('',(#653),#657);
#653 = LINE('',#654,#655);
#654 = CARTESIAN_POINT('',(0.,35.));
#655 = VECTOR('',#656,1.);
#656 = DIRECTION('',(1.,0.));
#657 = ( GEOMETRIC_REPRESENTATION_CONTEXT(2) 
PARAMETRIC_REPRESENTATION_CONTEXT() REPRESENTATION_CONTEXT('2D SPACE',''
  ) );
#658 = FACE_BOUND('',#659,.F.);
#659 = EDGE_LOOP('',(#660));
#660 = ORIENTED_EDGE('',*,*,#661,.T.);
#661 = EDGE_CURVE('',#662,#662,#664,.T.);
#662 = VERTEX_POINT('',#663);
#663 = CARTESIAN_POINT('',(-22.75,-30.,31.55));
#664 = SURFACE_CURVE('',#665,(#670,#681),.PCURVE_S1.);
#665 = CIRCLE('',#666,2.);
#666 = AXIS2_PLACEMENT_3D('',#667,#668,#669);
#667 = CARTESIAN_POINT('',(-24.75,-30.,31.55));
#668 = DIRECTION('',(0.,-1.,0.));
#669 = DIRECTION('',(1.,0.,0.));
#670 = PCURVE('',#44,#671);
#671 = DEFINITIONAL_REPRESENTATION('',(#672),#680);
#672 = ( BOUNDED_CURVE() B_SPLINE_CURVE(2,(#673,#674,#675,#676,#677,#678
,#679),.UNSPECIFIED.,.T.,.F.) B_SPLINE_CURVE_WITH_KNOTS((1,2,2,2,2,1),(
    -2.094395102393,0.,2.094395102393,4.188790204786,6.28318530718,
8.377580409573),.UNSPECIFIED.) CURVE() GEOMETRIC_REPRESENTATION_ITEM() 
RATIONAL_B_SPLINE_CURVE((1.,0.5,1.,0.5,1.,0.5,1.)) REPRESENTATION_ITEM(
  '') );
#673 = CARTESIAN_POINT('',(31.55,12.25));
#674 = CARTESIAN_POINT('',(35.014101615138,12.25));
#675 = CARTESIAN_POINT('',(33.282050807569,9.25));
#676 = CARTESIAN_POINT('',(31.55,6.25));
#677 = CARTESIAN_POINT('',(29.817949192431,9.25));
#678 = CARTESIAN_POINT('',(28.085898384862,12.25));
#679 = CARTESIAN_POINT('',(31.55,12.25));
#680 = ( GEOMETRIC_REPRESENTATION_CONTEXT(2) 
PARAMETRIC_REPRESENTATION_CONTEXT() REPRESENTATION_CONTEXT('2D SPACE',''
  ) );
#681 = PCURVE('',#682,#687);
#682 = CYLINDRICAL_SURFACE('',#683,2.);
#683 = AXIS2_PLACEMENT_3D('',#684,#685,#686);
#684 = CARTESIAN_POINT('',(-24.75,-35.5,31.55));
#685 = DIRECTION('',(0.,-1.,0.));
#686 = DIRECTION('',(1.,0.,0.));
#687 = DEFINITIONAL_REPRESENTATION('',(#688),#692);
#688 = LINE('',#689,#690);
#689 = CARTESIAN_POINT('',(0.,-5.5));
#690 = VECTOR('',#691,1.);
#691 = DIRECTION('',(1.,0.));
#692 = ( GEOMETRIC_REPRESENTATION_CONTEXT(2) 
PARAMETRIC_REPRESENTATION_CONTEXT() REPRESENTATION_CONTEXT('2D SPACE',''
  ) );
#693 = FACE_BOUND('',#694,.F.);
#694 = EDGE_LOOP('',(#695,#725,#753,#781));
#695 = ORIENTED_EDGE('',*,*,#696,.T.);
#696 = EDGE_CURVE('',#697,#699,#701,.T.);
#697 = VERTEX_POINT('',#698);
#698 = CARTESIAN_POINT('',(-27.,-30.,53.));
#699 = VERTEX_POINT('',#700);
#700 = CARTESIAN_POINT('',(-27.,-30.,47.));
#701 = SURFACE_CURVE('',#702,(#706,#713),.PCURVE_S1.);
#702 = LINE('',#703,#704);
#703 = CARTESIAN_POINT('',(-27.,-30.,53.));
#704 = VECTOR('',#705,1.);
#705 = DIRECTION('',(0.,0.,-1.));
#706 = PCURVE('',#44,#707);
#707 = DEFINITIONAL_REPRESENTATION('',(#708),#712);
#708 = LINE('',#709,#710);
#709 = CARTESIAN_POINT('',(53.,8.));
#710 = VECTOR('',#711,1.);
#711 = DIRECTION('',(-1.,0.));
#712 = ( GEOMETRIC_REPRESENTATION_CONTEXT(2) 
PARAMETRIC_REPRESENTATION_CONTEXT() REPRESENTATION_CONTEXT('2D SPACE',''
  ) );
#713 = PCURVE('',#714,#719);
#714 = PLANE('',#715);
#715 = AXIS2_PLACEMENT_3D('',#716,#717,#718);
#716 = CARTESIAN_POINT('',(-27.,-30.,53.));
#717 = DIRECTION('',(-1.,-0.,-0.));
#718 = DIRECTION('',(0.,0.,-1.));
#719 = DEFINITIONAL_REPRESENTATION('',(#720),#724);
#720 = LINE('',#721,#722);
#721 = CARTESIAN_POINT('',(0.,0.));
#722 = VECTOR('',#723,1.);
#723 = DIRECTION('',(1.,0.));
#724 = ( GEOMETRIC_REPRESENTATION_CONTEXT(2) 
PARAMETRIC_REPRESENTATION_CONTEXT() REPRESENTATION_CONTEXT('2D SPACE',''
  ) );
#725 = ORIENTED_EDGE('',*,*,#726,.T.);
#726 = EDGE_CURVE('',#699,#727,#729,.T.);
#727 = VERTEX_POINT('',#728);
#728 = CARTESIAN_POINT('',(-25.,-30.,47.));
#729 = SURFACE_CURVE('',#730,(#734,#741),.PCURVE_S1.);
#730 = LINE('',#731,#732);
#731 = CARTESIAN_POINT('',(-27.,-30.,47.));
#732 = VECTOR('',#733,1.);
#733 = DIRECTION('',(1.,0.,0.));
#734 = PCURVE('',#44,#735);
#735 = DEFINITIONAL_REPRESENTATION('',(#736),#740);
#736 = LINE('',#737,#738);
#737 = CARTESIAN_POINT('',(47.,8.));
#738 = VECTOR('',#739,1.);
#739 = DIRECTION('',(0.,1.));
#740 = ( GEOMETRIC_REPRESENTATION_CONTEXT(2) 
PARAMETRIC_REPRESENTATION_CONTEXT() REPRESENTATION_CONTEXT('2D SPACE',''
  ) );
#741 = PCURVE('',#742,#747);
#742 = PLANE('',#743);
#743 = AXIS2_PLACEMENT_3D('',#744,#745,#746);
#744 = CARTESIAN_POINT('',(-27.,-30.,47.));
#745 = DIRECTION('',(0.,0.,-1.));
#746 = DIRECTION('',(1.,0.,0.));
#747 = DEFINITIONAL_REPRESENTATION('',(#748),#752);
#748 = LINE('',#749,#750);
#749 = CARTESIAN_POINT('',(0.,0.));
#750 = VECTOR('',#751,1.);
#751 = DIRECTION('',(1.,0.));
#752 = ( GEOMETRIC_REPRESENTATION_CONTEXT(2) 
PARAMETRIC_REPRESENTATION_CONTEXT() REPRESENTATION_CONTEXT('2D SPACE',''
  ) );
#753 = ORIENTED_EDGE('',*,*,#754,.T.);
#754 = EDGE_CURVE('',#727,#755,#757,.T.);
#755 = VERTEX_POINT('',#756);
#756 = CARTESIAN_POINT('',(-25.,-30.,53.));
#757 = SURFACE_CURVE('',#758,(#762,#769),.PCURVE_S1.);
#758 = LINE('',#759,#760);
#759 = CARTESIAN_POINT('',(-25.,-30.,47.));
#760 = VECTOR('',#761,1.);
#761 = DIRECTION('',(0.,0.,1.));
#762 = PCURVE('',#44,#763);
#763 = DEFINITIONAL_REPRESENTATION('',(#764),#768);
#764 = LINE('',#765,#766);
#765 = CARTESIAN_POINT('',(47.,10.));
#766 = VECTOR('',#767,1.);
#767 = DIRECTION('',(1.,0.));
#768 = ( GEOMETRIC_REPRESENTATION_CONTEXT(2) 
PARAMETRIC_REPRESENTATION_CONTEXT() REPRESENTATION_CONTEXT('2D SPACE',''
  ) );
#769 = PCURVE('',#770,#775);
#770 = PLANE('',#771);
#771 = AXIS2_PLACEMENT_3D('',#772,#773,#774);
#772 = CARTESIAN_POINT('',(-25.,-30.,47.));
#773 = DIRECTION('',(1.,0.,-0.));
#774 = DIRECTION('',(0.,0.,1.));
#775 = DEFINITIONAL_REPRESENTATION('',(#776),#780);
#776 = LINE('',#777,#778);
#777 = CARTESIAN_POINT('',(0.,0.));
#778 = VECTOR('',#779,1.);
#779 = DIRECTION('',(1.,0.));
#780 = ( GEOMETRIC_REPRESENTATION_CONTEXT(2) 
PARAMETRIC_REPRESENTATION_CONTEXT() REPRESENTATION_CONTEXT('2D SPACE',''
  ) );
#781 = ORIENTED_EDGE('',*,*,#782,.T.);
#782 = EDGE_CURVE('',#755,#697,#783,.T.);
#783 = SURFACE_CURVE('',#784,(#788,#795),.PCURVE_S1.);
#784 = LINE('',#785,#786);
#785 = CARTESIAN_POINT('',(-25.,-30.,53.));
#786 = VECTOR('',#787,1.);
#787 = DIRECTION('',(-1.,0.,0.));
#788 = PCURVE('',#44,#789);
#789 = DEFINITIONAL_REPRESENTATION('',(#790),#794);
#790 = LINE('',#791,#792);
#791 = CARTESIAN_POINT('',(53.,10.));
#792 = VECTOR('',#793,1.);
#793 = DIRECTION('',(0.,-1.));
#794 = ( GEOMETRIC_REPRESENTATION_CONTEXT(2) 
PARAMETRIC_REPRESENTATION_CONTEXT() REPRESENTATION_CONTEXT('2D SPACE',''
  ) );
#795 = PCURVE('',#796,#801);
#796 = PLANE('',#797);
#797 = AXIS2_PLACEMENT_3D('',#798,#799,#800);
#798 = CARTESIAN_POINT('',(-25.,-30.,53.));
#799 = DIRECTION('',(0.,0.,1.));
#800 = DIRECTION('',(-1.,0.,0.));
#801 = DEFINITIONAL_REPRESENTATION('',(#802),#806);
#802 = LINE('',#803,#804);
#803 = CARTESIAN_POINT('',(0.,0.));
#804 = VECTOR('',#805,1.);
#805 = DIRECTION('',(1.,0.));
#806 = ( GEOMETRIC_REPRESENTATION_CONTEXT(2) 
PARAMETRIC_REPRESENTATION_CONTEXT() REPRESENTATION_CONTEXT('2D SPACE',''
  ) );
#807 = FACE_BOUND('',#808,.F.);
#808 = EDGE_LOOP('',(#809));
#809 = ORIENTED_EDGE('',*,*,#810,.T.);
#810 = EDGE_CURVE('',#811,#811,#813,.T.);
#811 = VERTEX_POINT('',#812);
#812 = CARTESIAN_POINT('',(-22.75,-30.,68.45));
#813 = SURFACE_CURVE('',#814,(#819,#830),.PCURVE_S1.);
#814 = CIRCLE('',#815,2.);
#815 = AXIS2_PLACEMENT_3D('',#816,#817,#818);
#816 = CARTESIAN_POINT('',(-24.75,-30.,68.45));
#817 = DIRECTION('',(0.,-1.,0.));
#818 = DIRECTION('',(1.,0.,0.));
#819 = PCURVE('',#44,#820);
#820 = DEFINITIONAL_REPRESENTATION('',(#821),#829);
#821 = ( BOUNDED_CURVE() B_SPLINE_CURVE(2,(#822,#823,#824,#825,#826,#827
,#828),.UNSPECIFIED.,.T.,.F.) B_SPLINE_CURVE_WITH_KNOTS((1,2,2,2,2,1),(
    -2.094395102393,0.,2.094395102393,4.188790204786,6.28318530718,
8.377580409573),.UNSPECIFIED.) CURVE() GEOMETRIC_REPRESENTATION_ITEM() 
RATIONAL_B_SPLINE_CURVE((1.,0.5,1.,0.5,1.,0.5,1.)) REPRESENTATION_ITEM(
  '') );
#822 = CARTESIAN_POINT('',(68.45,12.25));
#823 = CARTESIAN_POINT('',(71.914101615138,12.25));
#824 = CARTESIAN_POINT('',(70.182050807569,9.25));
#825 = CARTESIAN_POINT('',(68.45,6.25));
#826 = CARTESIAN_POINT('',(66.717949192431,9.25));
#827 = CARTESIAN_POINT('',(64.985898384862,12.25));
#828 = CARTESIAN_POINT('',(68.45,12.25));
#829 = ( GEOMETRIC_REPRESENTATION_CONTEXT(2) 
PARAMETRIC_REPRESENTATION_CONTEXT() REPRESENTATION_CONTEXT('2D SPACE',''
  ) );
#830 = PCURVE('',#831,#836);
#831 = CYLINDRICAL_SURFACE('',#832,2.);
#832 = AXIS2_PLACEMENT_3D('',#833,#834,#835);
#833 = CARTESIAN_POINT('',(-24.75,-35.5,68.45));
#834 = DIRECTION('',(0.,-1.,0.));
#835 = DIRECTION('',(1.,0.,0.));
#836 = DEFINITIONAL_REPRESENTATION('',(#837),#841);
#837 = LINE('',#838,#839);
#838 = CARTESIAN_POINT('',(0.,-5.5));
#839 = VECTOR('',#840,1.);
#840 = DIRECTION('',(1.,0.));
#841 = ( GEOMETRIC_REPRESENTATION_CONTEXT(2) 
PARAMETRIC_REPRESENTATION_CONTEXT() REPRESENTATION_CONTEXT('2D SPACE',''
  ) );
#842 = FACE_BOUND('',#843,.F.);
#843 = EDGE_LOOP('',(#844));
#844 = ORIENTED_EDGE('',*,*,#845,.T.);
#845 = EDGE_CURVE('',#846,#846,#848,.T.);
#846 = VERTEX_POINT('',#847);
#847 = CARTESIAN_POINT('',(8.,-30.,50.));
#848 = SURFACE_CURVE('',#849,(#854,#865),.PCURVE_S1.);
#849 = CIRCLE('',#850,8.);
#850 = AXIS2_PLACEMENT_3D('',#851,#852,#853);
#851 = CARTESIAN_POINT('',(0.,-30.,50.));
#852 = DIRECTION('',(0.,-1.,0.));
#853 = DIRECTION('',(1.,0.,0.));
#854 = PCURVE('',#44,#855);
#855 = DEFINITIONAL_REPRESENTATION('',(#856),#864);
#856 = ( BOUNDED_CURVE() B_SPLINE_CURVE(2,(#857,#858,#859,#860,#861,#862
,#863),.UNSPECIFIED.,.T.,.F.) B_SPLINE_CURVE_WITH_KNOTS((1,2,2,2,2,1),(
    -2.094395102393,0.,2.094395102393,4.188790204786,6.28318530718,
8.377580409573),.UNSPECIFIED.) CURVE() GEOMETRIC_REPRESENTATION_ITEM() 
RATIONAL_B_SPLINE_CURVE((1.,0.5,1.,0.5,1.,0.5,1.)) REPRESENTATION_ITEM(
  '') );
#857 = CARTESIAN_POINT('',(50.,43.));
#858 = CARTESIAN_POINT('',(63.856406460551,43.));
#859 = CARTESIAN_POINT('',(56.928203230276,31.));
#860 = CARTESIAN_POINT('',(50.,19.));
#861 = CARTESIAN_POINT('',(43.071796769724,31.));
#862 = CARTESIAN_POINT('',(36.143593539449,43.));
#863 = CARTESIAN_POINT('',(50.,43.));
#864 = ( GEOMETRIC_REPRESENTATION_CONTEXT(2) 
PARAMETRIC_REPRESENTATION_CONTEXT() REPRESENTATION_CONTEXT('2D SPACE',''
  ) );
#865 = PCURVE('',#866,#871);
#866 = CYLINDRICAL_SURFACE('',#867,8.);
#867 = AXIS2_PLACEMENT_3D('',#868,#869,#870);
#868 = CARTESIAN_POINT('',(0.,-30.,50.));
#869 = DIRECTION('',(-0.,1.,-0.));
#870 = DIRECTION('',(1.,0.,0.));
#871 = DEFINITIONAL_REPRESENTATION('',(#872),#876);
#872 = LINE('',#873,#874);
#873 = CARTESIAN_POINT('',(-0.,0.));
#874 = VECTOR('',#875,1.);
#875 = DIRECTION('',(-1.,0.));
#876 = ( GEOMETRIC_REPRESENTATION_CONTEXT(2) 
PARAMETRIC_REPRESENTATION_CONTEXT() REPRESENTATION_CONTEXT('2D SPACE',''
  ) );
#877 = FACE_BOUND('',#878,.F.);
#878 = EDGE_LOOP('',(#879));
#879 = ORIENTED_EDGE('',*,*,#880,.T.);
#880 = EDGE_CURVE('',#881,#881,#883,.T.);
#881 = VERTEX_POINT('',#882);
#882 = CARTESIAN_POINT('',(26.75,-30.,31.55));
#883 = SURFACE_CURVE('',#884,(#889,#900),.PCURVE_S1.);
#884 = CIRCLE('',#885,2.);
#885 = AXIS2_PLACEMENT_3D('',#886,#887,#888);
#886 = CARTESIAN_POINT('',(24.75,-30.,31.55));
#887 = DIRECTION('',(0.,-1.,0.));
#888 = DIRECTION('',(1.,0.,0.));
#889 = PCURVE('',#44,#890);
#890 = DEFINITIONAL_REPRESENTATION('',(#891),#899);
#891 = ( BOUNDED_CURVE() B_SPLINE_CURVE(2,(#892,#893,#894,#895,#896,#897
,#898),.UNSPECIFIED.,.T.,.F.) B_SPLINE_CURVE_WITH_KNOTS((1,2,2,2,2,1),(
    -2.094395102393,0.,2.094395102393,4.188790204786,6.28318530718,
8.377580409573),.UNSPECIFIED.) CURVE() GEOMETRIC_REPRESENTATION_ITEM() 
RATIONAL_B_SPLINE_CURVE((1.,0.5,1.,0.5,1.,0.5,1.)) REPRESENTATION_ITEM(
  '') );
#892 = CARTESIAN_POINT('',(31.55,61.75));
#893 = CARTESIAN_POINT('',(35.014101615138,61.75));
#894 = CARTESIAN_POINT('',(33.282050807569,58.75));
#895 = CARTESIAN_POINT('',(31.55,55.75));
#896 = CARTESIAN_POINT('',(29.817949192431,58.75));
#897 = CARTESIAN_POINT('',(28.085898384862,61.75));
#898 = CARTESIAN_POINT('',(31.55,61.75));
#899 = ( GEOMETRIC_REPRESENTATION_CONTEXT(2) 
PARAMETRIC_REPRESENTATION_CONTEXT() REPRESENTATION_CONTEXT('2D SPACE',''
  ) );
#900 = PCURVE('',#901,#906);
#901 = CYLINDRICAL_SURFACE('',#902,2.);
#902 = AXIS2_PLACEMENT_3D('',#903,#904,#905);
#903 = CARTESIAN_POINT('',(24.75,-35.5,31.55));
#904 = DIRECTION('',(0.,-1.,0.));
#905 = DIRECTION('',(1.,0.,0.));
#906 = DEFINITIONAL_REPRESENTATION('',(#907),#911);
#907 = LINE('',#908,#909);
#908 = CARTESIAN_POINT('',(0.,-5.5));
#909 = VECTOR('',#910,1.);
#910 = DIRECTION('',(1.,0.));
#911 = ( GEOMETRIC_REPRESENTATION_CONTEXT(2) 
PARAMETRIC_REPRESENTATION_CONTEXT() REPRESENTATION_CONTEXT('2D SPACE',''
  ) );
#912 = FACE_BOUND('',#913,.F.);
#913 = EDGE_LOOP('',(#914,#944,#972,#1000));
#914 = ORIENTED_EDGE('',*,*,#915,.T.);
#915 = EDGE_CURVE('',#916,#918,#920,.T.);
#916 = VERTEX_POINT('',#917);
#917 = CARTESIAN_POINT('',(25.,-30.,53.));
#918 = VERTEX_POINT('',#919);
#919 = CARTESIAN_POINT('',(25.,-30.,47.));
#920 = SURFACE_CURVE('',#921,(#925,#932),.PCURVE_S1.);
#921 = LINE('',#922,#923);
#922 = CARTESIAN_POINT('',(25.,-30.,53.));
#923 = VECTOR('',#924,1.);
#924 = DIRECTION('',(0.,0.,-1.));
#925 = PCURVE('',#44,#926);
#926 = DEFINITIONAL_REPRESENTATION('',(#927),#931);
#927 = LINE('',#928,#929);
#928 = CARTESIAN_POINT('',(53.,60.));
#929 = VECTOR('',#930,1.);
#930 = DIRECTION('',(-1.,0.));
#931 = ( GEOMETRIC_REPRESENTATION_CONTEXT(2) 
PARAMETRIC_REPRESENTATION_CONTEXT() REPRESENTATION_CONTEXT('2D SPACE',''
  ) );
#932 = PCURVE('',#933,#938);
#933 = PLANE('',#934);
#934 = AXIS2_PLACEMENT_3D('',#935,#936,#937);
#935 = CARTESIAN_POINT('',(25.,-30.,53.));
#936 = DIRECTION('',(-1.,-0.,-0.));
#937 = DIRECTION('',(0.,0.,-1.));
#938 = DEFINITIONAL_REPRESENTATION('',(#939),#943);
#939 = LINE('',#940,#941);
#940 = CARTESIAN_POINT('',(0.,0.));
#941 = VECTOR('',#942,1.);
#942 = DIRECTION('',(1.,0.));
#943 = ( GEOMETRIC_REPRESENTATION_CONTEXT(2) 
PARAMETRIC_REPRESENTATION_CONTEXT() REPRESENTATION_CONTEXT('2D SPACE',''
  ) );
#944 = ORIENTED_EDGE('',*,*,#945,.T.);
#945 = EDGE_CURVE('',#918,#946,#948,.T.);
#946 = VERTEX_POINT('',#947);
#947 = CARTESIAN_POINT('',(27.,-30.,47.));
#948 = SURFACE_CURVE('',#949,(#953,#960),.PCURVE_S1.);
#949 = LINE('',#950,#951);
#950 = CARTESIAN_POINT('',(25.,-30.,47.));
#951 = VECTOR('',#952,1.);
#952 = DIRECTION('',(1.,0.,0.));
#953 = PCURVE('',#44,#954);
#954 = DEFINITIONAL_REPRESENTATION('',(#955),#959);
#955 = LINE('',#956,#957);
#956 = CARTESIAN_POINT('',(47.,60.));
#957 = VECTOR('',#958,1.);
#958 = DIRECTION('',(0.,1.));
#959 = ( GEOMETRIC_REPRESENTATION_CONTEXT(2) 
PARAMETRIC_REPRESENTATION_CONTEXT() REPRESENTATION_CONTEXT('2D SPACE',''
  ) );
#960 = PCURVE('',#961,#966);
#961 = PLANE('',#962);
#962 = AXIS2_PLACEMENT_3D('',#963,#964,#965);
#963 = CARTESIAN_POINT('',(25.,-30.,47.));
#964 = DIRECTION('',(0.,0.,-1.));
#965 = DIRECTION('',(1.,0.,0.));
#966 = DEFINITIONAL_REPRESENTATION('',(#967),#971);
#967 = LINE('',#968,#969);
#968 = CARTESIAN_POINT('',(0.,0.));
#969 = VECTOR('',#970,1.);
#970 = DIRECTION('',(1.,0.));
#971 = ( GEOMETRIC_REPRESENTATION_CONTEXT(2) 
PARAMETRIC_REPRESENTATION_CONTEXT() REPRESENTATION_CONTEXT('2D SPACE',''
  ) );
#972 = ORIENTED_EDGE('',*,*,#973,.T.);
#973 = EDGE_CURVE('',#946,#974,#976,.T.);
#974 = VERTEX_POINT('',#975);
#975 = CARTESIAN_POINT('',(27.,-30.,53.));
#976 = SURFACE_CURVE('',#977,(#981,#988),.PCURVE_S1.);
#977 = LINE('',#978,#979);
#978 = CARTESIAN_POINT('',(27.,-30.,47.));
#979 = VECTOR('',#980,1.);
#980 = DIRECTION('',(0.,0.,1.));
#981 = PCURVE('',#44,#982);
#982 = DEFINITIONAL_REPRESENTATION('',(#983),#987);
#983 = LINE('',#984,#985);
#984 = CARTESIAN_POINT('',(47.,62.));
#985 = VECTOR('',#986,1.);
#986 = DIRECTION('',(1.,0.));
#987 = ( GEOMETRIC_REPRESENTATION_CONTEXT(2) 
PARAMETRIC_REPRESENTATION_CONTEXT() REPRESENTATION_CONTEXT('2D SPACE',''
  ) );
#988 = PCURVE('',#989,#994);
#989 = PLANE('',#990);
#990 = AXIS2_PLACEMENT_3D('',#991,#992,#993);
#991 = CARTESIAN_POINT('',(27.,-30.,47.));
#992 = DIRECTION('',(1.,0.,-0.));
#993 = DIRECTION('',(0.,0.,1.));
#994 = DEFINITIONAL_REPRESENTATION('',(#995),#999);
#995 = LINE('',#996,#997);
#996 = CARTESIAN_POINT('',(0.,0.));
#997 = VECTOR('',#998,1.);
#998 = DIRECTION('',(1.,0.));
#999 = ( GEOMETRIC_REPRESENTATION_CONTEXT(2) 
PARAMETRIC_REPRESENTATION_CONTEXT() REPRESENTATION_CONTEXT('2D SPACE',''
  ) );
#1000 = ORIENTED_EDGE('',*,*,#1001,.T.);
#1001 = EDGE_CURVE('',#974,#916,#1002,.T.);
#1002 = SURFACE_CURVE('',#1003,(#1007,#1014),.PCURVE_S1.);
#1003 = LINE('',#1004,#1005);
#1004 = CARTESIAN_POINT('',(27.,-30.,53.));
#1005 = VECTOR('',#1006,1.);
#1006 = DIRECTION('',(-1.,0.,0.));
#1007 = PCURVE('',#44,#1008);
#1008 = DEFINITIONAL_REPRESENTATION('',(#1009),#1013);
#1009 = LINE('',#1010,#1011);
#1010 = CARTESIAN_POINT('',(53.,62.));
#1011 = VECTOR('',#1012,1.);
#1012 = DIRECTION('',(0.,-1.));
#1013 = ( GEOMETRIC_REPRESENTATION_CONTEXT(2) 
PARAMETRIC_REPRESENTATION_CONTEXT() REPRESENTATION_CONTEXT('2D SPACE',''
  ) );
#1014 = PCURVE('',#1015,#1020);
#1015 = PLANE('',#1016);
#1016 = AXIS2_PLACEMENT_3D('',#1017,#1018,#1019);
#1017 = CARTESIAN_POINT('',(27.,-30.,53.));
#1018 = DIRECTION('',(0.,0.,1.));
#1019 = DIRECTION('',(-1.,0.,0.));
#1020 = DEFINITIONAL_REPRESENTATION('',(#1021),#1025);
#1021 = LINE('',#1022,#1023);
#1022 = CARTESIAN_POINT('',(0.,0.));
#1023 = VECTOR('',#1024,1.);
#1024 = DIRECTION('',(1.,0.));
#1025 = ( GEOMETRIC_REPRESENTATION_CONTEXT(2) 
PARAMETRIC_REPRESENTATION_CONTEXT() REPRESENTATION_CONTEXT('2D SPACE',''
  ) );
#1026 = FACE_BOUND('',#1027,.F.);
#1027 = EDGE_LOOP('',(#1028));
#1028 = ORIENTED_EDGE('',*,*,#1029,.T.);
#1029 = EDGE_CURVE('',#1030,#1030,#1032,.T.);
#1030 = VERTEX_POINT('',#1031);
#1031 = CARTESIAN_POINT('',(26.75,-30.,68.45));
#1032 = SURFACE_CURVE('',#1033,(#1038,#1049),.PCURVE_S1.);
#1033 = CIRCLE('',#1034,2.);
#1034 = AXIS2_PLACEMENT_3D('',#1035,#1036,#1037);
#1035 = CARTESIAN_POINT('',(24.75,-30.,68.45));
#1036 = DIRECTION('',(0.,-1.,0.));
#1037 = DIRECTION('',(1.,0.,0.));
#1038 = PCURVE('',#44,#1039);
#1039 = DEFINITIONAL_REPRESENTATION('',(#1040),#1048);
#1040 = ( BOUNDED_CURVE() B_SPLINE_CURVE(2,(#1041,#1042,#1043,#1044,
#1045,#1046,#1047),.UNSPECIFIED.,.T.,.F.) B_SPLINE_CURVE_WITH_KNOTS((1,2
    ,2,2,2,1),(-2.094395102393,0.,2.094395102393,4.188790204786,
6.28318530718,8.377580409573),.UNSPECIFIED.) CURVE() 
GEOMETRIC_REPRESENTATION_ITEM() RATIONAL_B_SPLINE_CURVE((1.,0.5,1.,0.5,
1.,0.5,1.)) REPRESENTATION_ITEM('') );
#1041 = CARTESIAN_POINT('',(68.45,61.75));
#1042 = CARTESIAN_POINT('',(71.914101615138,61.75));
#1043 = CARTESIAN_POINT('',(70.182050807569,58.75));
#1044 = CARTESIAN_POINT('',(68.45,55.75));
#1045 = CARTESIAN_POINT('',(66.717949192431,58.75));
#1046 = CARTESIAN_POINT('',(64.985898384862,61.75));
#1047 = CARTESIAN_POINT('',(68.45,61.75));
#1048 = ( GEOMETRIC_REPRESENTATION_CONTEXT(2) 
PARAMETRIC_REPRESENTATION_CONTEXT() REPRESENTATION_CONTEXT('2D SPACE',''
  ) );
#1049 = PCURVE('',#1050,#1055);
#1050 = CYLINDRICAL_SURFACE('',#1051,2.);
#1051 = AXIS2_PLACEMENT_3D('',#1052,#1053,#1054);
#1052 = CARTESIAN_POINT('',(24.75,-35.5,68.45));
#1053 = DIRECTION('',(0.,-1.,0.));
#1054 = DIRECTION('',(1.,0.,0.));
#1055 = DEFINITIONAL_REPRESENTATION('',(#1056),#1060);
#1056 = LINE('',#1057,#1058);
#1057 = CARTESIAN_POINT('',(0.,-5.5));
#1058 = VECTOR('',#1059,1.);
#1059 = DIRECTION('',(1.,0.));
#1060 = ( GEOMETRIC_REPRESENTATION_CONTEXT(2) 
PARAMETRIC_REPRESENTATION_CONTEXT() REPRESENTATION_CONTEXT('2D SPACE',''
  ) );
#1061 = ADVANCED_FACE('',(#1062,#1110),#72,.F.);
#1062 = FACE_BOUND('',#1063,.F.);
#1063 = EDGE_LOOP('',(#1064,#1065,#1066,#1089));
#1064 = ORIENTED_EDGE('',*,*,#56,.F.);
#1065 = ORIENTED_EDGE('',*,*,#397,.T.);
#1066 = ORIENTED_EDGE('',*,*,#1067,.T.);
#1067 = EDGE_CURVE('',#368,#1068,#1070,.T.);
#1068 = VERTEX_POINT('',#1069);
#1069 = CARTESIAN_POINT('',(35.,30.,0.));
#1070 = SURFACE_CURVE('',#1071,(#1075,#1082),.PCURVE_S1.);
#1071 = LINE('',#1072,#1073);
#1072 = CARTESIAN_POINT('',(35.,-30.,0.));
#1073 = VECTOR('',#1074,1.);
#1074 = DIRECTION('',(0.,1.,0.));
#1075 = PCURVE('',#72,#1076);
#1076 = DEFINITIONAL_REPRESENTATION('',(#1077),#1081);
#1077 = LINE('',#1078,#1079);
#1078 = CARTESIAN_POINT('',(70.,0.));
#1079 = VECTOR('',#1080,1.);
#1080 = DIRECTION('',(0.,1.));
#1081 = ( GEOMETRIC_REPRESENTATION_CONTEXT(2) 
PARAMETRIC_REPRESENTATION_CONTEXT() REPRESENTATION_CONTEXT('2D SPACE',''
  ) );
#1082 = PCURVE('',#385,#1083);
#1083 = DEFINITIONAL_REPRESENTATION('',(#1084),#1088);
#1084 = LINE('',#1085,#1086);
#1085 = CARTESIAN_POINT('',(0.,0.));
#1086 = VECTOR('',#1087,1.);
#1087 = DIRECTION('',(0.,-1.));
#1088 = ( GEOMETRIC_REPRESENTATION_CONTEXT(2) 
PARAMETRIC_REPRESENTATION_CONTEXT() REPRESENTATION_CONTEXT('2D SPACE',''
  ) );
#1089 = ORIENTED_EDGE('',*,*,#1090,.F.);
#1090 = EDGE_CURVE('',#57,#1068,#1091,.T.);
#1091 = SURFACE_CURVE('',#1092,(#1096,#1103),.PCURVE_S1.);
#1092 = LINE('',#1093,#1094);
#1093 = CARTESIAN_POINT('',(-35.,30.,0.));
#1094 = VECTOR('',#1095,1.);
#1095 = DIRECTION('',(1.,0.,0.));
#1096 = PCURVE('',#72,#1097);
#1097 = DEFINITIONAL_REPRESENTATION('',(#1098),#1102);
#1098 = LINE('',#1099,#1100);
#1099 = CARTESIAN_POINT('',(0.,60.));
#1100 = VECTOR('',#1101,1.);
#1101 = DIRECTION('',(1.,0.));
#1102 = ( GEOMETRIC_REPRESENTATION_CONTEXT(2) 
PARAMETRIC_REPRESENTATION_CONTEXT() REPRESENTATION_CONTEXT('2D SPACE',''
  ) );
#1103 = PCURVE('',#100,#1104);
#1104 = DEFINITIONAL_REPRESENTATION('',(#1105),#1109);
#1105 = LINE('',#1106,#1107);
#1106 = CARTESIAN_POINT('',(0.,0.));
#1107 = VECTOR('',#1108,1.);
#1108 = DIRECTION('',(0.,1.));
#1109 = ( GEOMETRIC_REPRESENTATION_CONTEXT(2) 
PARAMETRIC_REPRESENTATION_CONTEXT() REPRESENTATION_CONTEXT('2D SPACE',''
  ) );
#1110 = FACE_BOUND('',#1111,.F.);
#1111 = EDGE_LOOP('',(#1112));
#1112 = ORIENTED_EDGE('',*,*,#1113,.F.);
#1113 = EDGE_CURVE('',#1114,#1114,#1116,.T.);
#1114 = VERTEX_POINT('',#1115);
#1115 = CARTESIAN_POINT('',(12.7,0.,0.));
#1116 = SURFACE_CURVE('',#1117,(#1122,#1129),.PCURVE_S1.);
#1117 = CIRCLE('',#1118,12.7);
#1118 = AXIS2_PLACEMENT_3D('',#1119,#1120,#1121);
#1119 = CARTESIAN_POINT('',(0.,0.,0.));
#1120 = DIRECTION('',(0.,0.,1.));
#1121 = DIRECTION('',(1.,0.,0.));
#1122 = PCURVE('',#72,#1123);
#1123 = DEFINITIONAL_REPRESENTATION('',(#1124),#1128);
#1124 = CIRCLE('',#1125,12.7);
#1125 = AXIS2_PLACEMENT_2D('',#1126,#1127);
#1126 = CARTESIAN_POINT('',(35.,30.));
#1127 = DIRECTION('',(1.,0.));
#1128 = ( GEOMETRIC_REPRESENTATION_CONTEXT(2) 
PARAMETRIC_REPRESENTATION_CONTEXT() REPRESENTATION_CONTEXT('2D SPACE',''
  ) );
#1129 = PCURVE('',#1130,#1135);
#1130 = CYLINDRICAL_SURFACE('',#1131,12.7);
#1131 = AXIS2_PLACEMENT_3D('',#1132,#1133,#1134);
#1132 = CARTESIAN_POINT('',(0.,0.,0.));
#1133 = DIRECTION('',(-0.,-0.,-1.));
#1134 = DIRECTION('',(1.,0.,0.));
#1135 = DEFINITIONAL_REPRESENTATION('',(#1136),#1140);
#1136 = LINE('',#1137,#1138);
#1137 = CARTESIAN_POINT('',(-0.,0.));
#1138 = VECTOR('',#1139,1.);
#1139 = DIRECTION('',(-1.,0.));
#1140 = ( GEOMETRIC_REPRESENTATION_CONTEXT(2) 
PARAMETRIC_REPRESENTATION_CONTEXT() REPRESENTATION_CONTEXT('2D SPACE',''
  ) );
#1141 = ADVANCED_FACE('',(#1142),#238,.F.);
#1142 = FACE_BOUND('',#1143,.F.);
#1143 = EDGE_LOOP('',(#1144,#1145,#1146,#1169,#1190,#1191,#1212,#1239));
#1144 = ORIENTED_EDGE('',*,*,#419,.F.);
#1145 = ORIENTED_EDGE('',*,*,#224,.F.);
#1146 = ORIENTED_EDGE('',*,*,#1147,.T.);
#1147 = EDGE_CURVE('',#197,#1148,#1150,.T.);
#1148 = VERTEX_POINT('',#1149);
#1149 = CARTESIAN_POINT('',(35.,-65.,80.));
#1150 = SURFACE_CURVE('',#1151,(#1155,#1162),.PCURVE_S1.);
#1151 = LINE('',#1152,#1153);
#1152 = CARTESIAN_POINT('',(-35.,-65.,80.));
#1153 = VECTOR('',#1154,1.);
#1154 = DIRECTION('',(1.,0.,0.));
#1155 = PCURVE('',#238,#1156);
#1156 = DEFINITIONAL_REPRESENTATION('',(#1157),#1161);
#1157 = LINE('',#1158,#1159);
#1158 = CARTESIAN_POINT('',(0.,0.));
#1159 = VECTOR('',#1160,1.);
#1160 = DIRECTION('',(1.,0.));
#1161 = ( GEOMETRIC_REPRESENTATION_CONTEXT(2) 
PARAMETRIC_REPRESENTATION_CONTEXT() REPRESENTATION_CONTEXT('2D SPACE',''
  ) );
#1162 = PCURVE('',#212,#1163);
#1163 = DEFINITIONAL_REPRESENTATION('',(#1164),#1168);
#1164 = LINE('',#1165,#1166);
#1165 = CARTESIAN_POINT('',(0.,0.));
#1166 = VECTOR('',#1167,1.);
#1167 = DIRECTION('',(0.,1.));
#1168 = ( GEOMETRIC_REPRESENTATION_CONTEXT(2) 
PARAMETRIC_REPRESENTATION_CONTEXT() REPRESENTATION_CONTEXT('2D SPACE',''
  ) );
#1169 = ORIENTED_EDGE('',*,*,#1170,.T.);
#1170 = EDGE_CURVE('',#1148,#370,#1171,.T.);
#1171 = SURFACE_CURVE('',#1172,(#1176,#1183),.PCURVE_S1.);
#1172 = LINE('',#1173,#1174);
#1173 = CARTESIAN_POINT('',(35.,-65.,80.));
#1174 = VECTOR('',#1175,1.);
#1175 = DIRECTION('',(0.,1.,0.));
#1176 = PCURVE('',#238,#1177);
#1177 = DEFINITIONAL_REPRESENTATION('',(#1178),#1182);
#1178 = LINE('',#1179,#1180);
#1179 = CARTESIAN_POINT('',(70.,0.));
#1180 = VECTOR('',#1181,1.);
#1181 = DIRECTION('',(0.,1.));
#1182 = ( GEOMETRIC_REPRESENTATION_CONTEXT(2) 
PARAMETRIC_REPRESENTATION_CONTEXT() REPRESENTATION_CONTEXT('2D SPACE',''
  ) );
#1183 = PCURVE('',#385,#1184);
#1184 = DEFINITIONAL_REPRESENTATION('',(#1185),#1189);
#1185 = LINE('',#1186,#1187);
#1186 = CARTESIAN_POINT('',(80.,35.));
#1187 = VECTOR('',#1188,1.);
#1188 = DIRECTION('',(0.,-1.));
#1189 = ( GEOMETRIC_REPRESENTATION_CONTEXT(2) 
PARAMETRIC_REPRESENTATION_CONTEXT() REPRESENTATION_CONTEXT('2D SPACE',''
  ) );
#1190 = ORIENTED_EDGE('',*,*,#638,.F.);
#1191 = ORIENTED_EDGE('',*,*,#1192,.F.);
#1192 = EDGE_CURVE('',#1193,#611,#1195,.T.);
#1193 = VERTEX_POINT('',#1194);
#1194 = CARTESIAN_POINT('',(25.,-62.5,80.));
#1195 = SURFACE_CURVE('',#1196,(#1200,#1206),.PCURVE_S1.);
#1196 = LINE('',#1197,#1198);
#1197 = CARTESIAN_POINT('',(25.,-63.75,80.));
#1198 = VECTOR('',#1199,1.);
#1199 = DIRECTION('',(0.,1.,0.));
#1200 = PCURVE('',#238,#1201);
#1201 = DEFINITIONAL_REPRESENTATION('',(#1202),#1205);
#1202 = B_SPLINE_CURVE_WITH_KNOTS('',1,(#1203,#1204),.UNSPECIFIED.,.F.,
  .F.,(2,2),(1.25,33.75),.PIECEWISE_BEZIER_KNOTS.);
#1203 = CARTESIAN_POINT('',(60.,2.5));
#1204 = CARTESIAN_POINT('',(60.,35.));
#1205 = ( GEOMETRIC_REPRESENTATION_CONTEXT(2) 
PARAMETRIC_REPRESENTATION_CONTEXT() REPRESENTATION_CONTEXT('2D SPACE',''
  ) );
#1206 = PCURVE('',#626,#1207);
#1207 = DEFINITIONAL_REPRESENTATION('',(#1208),#1211);
#1208 = B_SPLINE_CURVE_WITH_KNOTS('',1,(#1209,#1210),.UNSPECIFIED.,.F.,
  .F.,(2,2),(1.25,33.75),.PIECEWISE_BEZIER_KNOTS.);
#1209 = CARTESIAN_POINT('',(9.999999999999E-02,0.));
#1210 = CARTESIAN_POINT('',(9.999999999999E-02,-32.5));
#1211 = ( GEOMETRIC_REPRESENTATION_CONTEXT(2) 
PARAMETRIC_REPRESENTATION_CONTEXT() REPRESENTATION_CONTEXT('2D SPACE',''
  ) );
#1212 = ORIENTED_EDGE('',*,*,#1213,.T.);
#1213 = EDGE_CURVE('',#1193,#1214,#1216,.T.);
#1214 = VERTEX_POINT('',#1215);
#1215 = CARTESIAN_POINT('',(-25.,-62.5,80.));
#1216 = SURFACE_CURVE('',#1217,(#1221,#1227),.PCURVE_S1.);
#1217 = LINE('',#1218,#1219);
#1218 = CARTESIAN_POINT('',(-30.,-62.5,80.));
#1219 = VECTOR('',#1220,1.);
#1220 = DIRECTION('',(-1.,0.,0.));
#1221 = PCURVE('',#238,#1222);
#1222 = DEFINITIONAL_REPRESENTATION('',(#1223),#1226);
#1223 = B_SPLINE_CURVE_WITH_KNOTS('',1,(#1224,#1225),.UNSPECIFIED.,.F.,
  .F.,(2,2),(-55.,-5.),.PIECEWISE_BEZIER_KNOTS.);
#1224 = CARTESIAN_POINT('',(60.,2.5));
#1225 = CARTESIAN_POINT('',(10.,2.5));
#1226 = ( GEOMETRIC_REPRESENTATION_CONTEXT(2) 
PARAMETRIC_REPRESENTATION_CONTEXT() REPRESENTATION_CONTEXT('2D SPACE',''
  ) );
#1227 = PCURVE('',#1228,#1233);
#1228 = PLANE('',#1229);
#1229 = AXIS2_PLACEMENT_3D('',#1230,#1231,#1232);
#1230 = CARTESIAN_POINT('',(-25.,-62.5,79.9));
#1231 = DIRECTION('',(0.,1.,0.));
#1232 = DIRECTION('',(0.,0.,1.));
#1233 = DEFINITIONAL_REPRESENTATION('',(#1234),#1238);
#1234 = LINE('',#1235,#1236);
#1235 = CARTESIAN_POINT('',(9.999999999999E-02,-5.));
#1236 = VECTOR('',#1237,1.);
#1237 = DIRECTION('',(0.,-1.));
#1238 = ( GEOMETRIC_REPRESENTATION_CONTEXT(2) 
PARAMETRIC_REPRESENTATION_CONTEXT() REPRESENTATION_CONTEXT('2D SPACE',''
  ) );
#1239 = ORIENTED_EDGE('',*,*,#1240,.T.);
#1240 = EDGE_CURVE('',#1214,#420,#1241,.T.);
#1241 = SURFACE_CURVE('',#1242,(#1246,#1252),.PCURVE_S1.);
#1242 = LINE('',#1243,#1244);
#1243 = CARTESIAN_POINT('',(-25.,-63.75,80.));
#1244 = VECTOR('',#1245,1.);
#1245 = DIRECTION('',(0.,1.,0.));
#1246 = PCURVE('',#238,#1247);
#1247 = DEFINITIONAL_REPRESENTATION('',(#1248),#1251);
#1248 = B_SPLINE_CURVE_WITH_KNOTS('',1,(#1249,#1250),.UNSPECIFIED.,.F.,
  .F.,(2,2),(1.25,33.75),.PIECEWISE_BEZIER_KNOTS.);
#1249 = CARTESIAN_POINT('',(10.,2.5));
#1250 = CARTESIAN_POINT('',(10.,35.));
#1251 = ( GEOMETRIC_REPRESENTATION_CONTEXT(2) 
PARAMETRIC_REPRESENTATION_CONTEXT() REPRESENTATION_CONTEXT('2D SPACE',''
  ) );
#1252 = PCURVE('',#458,#1253);
#1253 = DEFINITIONAL_REPRESENTATION('',(#1254),#1257);
#1254 = B_SPLINE_CURVE_WITH_KNOTS('',1,(#1255,#1256),.UNSPECIFIED.,.F.,
  .F.,(2,2),(1.25,33.75),.PIECEWISE_BEZIER_KNOTS.);
#1255 = CARTESIAN_POINT('',(9.999999999999E-02,0.));
#1256 = CARTESIAN_POINT('',(9.999999999999E-02,-32.5));
#1257 = ( GEOMETRIC_REPRESENTATION_CONTEXT(2) 
PARAMETRIC_REPRESENTATION_CONTEXT() REPRESENTATION_CONTEXT('2D SPACE',''
  ) );
#1258 = ADVANCED_FACE('',(#1259,#1307,#1342,#1377,#1412,#1447),#100,.T.
  );
#1259 = FACE_BOUND('',#1260,.T.);
#1260 = EDGE_LOOP('',(#1261,#1262,#1263,#1286));
#1261 = ORIENTED_EDGE('',*,*,#1090,.F.);
#1262 = ORIENTED_EDGE('',*,*,#84,.T.);
#1263 = ORIENTED_EDGE('',*,*,#1264,.T.);
#1264 = EDGE_CURVE('',#85,#1265,#1267,.T.);
#1265 = VERTEX_POINT('',#1266);
#1266 = CARTESIAN_POINT('',(35.,30.,300.));
#1267 = SURFACE_CURVE('',#1268,(#1272,#1279),.PCURVE_S1.);
#1268 = LINE('',#1269,#1270);
#1269 = CARTESIAN_POINT('',(-35.,30.,300.));
#1270 = VECTOR('',#1271,1.);
#1271 = DIRECTION('',(1.,0.,0.));
#1272 = PCURVE('',#100,#1273);
#1273 = DEFINITIONAL_REPRESENTATION('',(#1274),#1278);
#1274 = LINE('',#1275,#1276);
#1275 = CARTESIAN_POINT('',(300.,0.));
#1276 = VECTOR('',#1277,1.);
#1277 = DIRECTION('',(0.,1.));
#1278 = ( GEOMETRIC_REPRESENTATION_CONTEXT(2) 
PARAMETRIC_REPRESENTATION_CONTEXT() REPRESENTATION_CONTEXT('2D SPACE',''
  ) );
#1279 = PCURVE('',#128,#1280);
#1280 = DEFINITIONAL_REPRESENTATION('',(#1281),#1285);
#1281 = LINE('',#1282,#1283);
#1282 = CARTESIAN_POINT('',(0.,60.));
#1283 = VECTOR('',#1284,1.);
#1284 = DIRECTION('',(1.,0.));
#1285 = ( GEOMETRIC_REPRESENTATION_CONTEXT(2) 
PARAMETRIC_REPRESENTATION_CONTEXT() REPRESENTATION_CONTEXT('2D SPACE',''
  ) );
#1286 = ORIENTED_EDGE('',*,*,#1287,.F.);
#1287 = EDGE_CURVE('',#1068,#1265,#1288,.T.);
#1288 = SURFACE_CURVE('',#1289,(#1293,#1300),.PCURVE_S1.);
#1289 = LINE('',#1290,#1291);
#1290 = CARTESIAN_POINT('',(35.,30.,0.));
#1291 = VECTOR('',#1292,1.);
#1292 = DIRECTION('',(0.,0.,1.));
#1293 = PCURVE('',#100,#1294);
#1294 = DEFINITIONAL_REPRESENTATION('',(#1295),#1299);
#1295 = LINE('',#1296,#1297);
#1296 = CARTESIAN_POINT('',(0.,70.));
#1297 = VECTOR('',#1298,1.);
#1298 = DIRECTION('',(1.,0.));
#1299 = ( GEOMETRIC_REPRESENTATION_CONTEXT(2) 
PARAMETRIC_REPRESENTATION_CONTEXT() REPRESENTATION_CONTEXT('2D SPACE',''
  ) );
#1300 = PCURVE('',#385,#1301);
#1301 = DEFINITIONAL_REPRESENTATION('',(#1302),#1306);
#1302 = LINE('',#1303,#1304);
#1303 = CARTESIAN_POINT('',(0.,-60.));
#1304 = VECTOR('',#1305,1.);
#1305 = DIRECTION('',(1.,0.));
#1306 = ( GEOMETRIC_REPRESENTATION_CONTEXT(2) 
PARAMETRIC_REPRESENTATION_CONTEXT() REPRESENTATION_CONTEXT('2D SPACE',''
  ) );
#1307 = FACE_BOUND('',#1308,.T.);
#1308 = EDGE_LOOP('',(#1309));
#1309 = ORIENTED_EDGE('',*,*,#1310,.T.);
#1310 = EDGE_CURVE('',#1311,#1311,#1313,.T.);
#1311 = VERTEX_POINT('',#1312);
#1312 = CARTESIAN_POINT('',(-26.,30.,108.5));
#1313 = SURFACE_CURVE('',#1314,(#1319,#1330),.PCURVE_S1.);
#1314 = CIRCLE('',#1315,3.);
#1315 = AXIS2_PLACEMENT_3D('',#1316,#1317,#1318);
#1316 = CARTESIAN_POINT('',(-29.,30.,108.5));
#1317 = DIRECTION('',(0.,-1.,0.));
#1318 = DIRECTION('',(1.,0.,0.));
#1319 = PCURVE('',#100,#1320);
#1320 = DEFINITIONAL_REPRESENTATION('',(#1321),#1329);
#1321 = ( BOUNDED_CURVE() B_SPLINE_CURVE(2,(#1322,#1323,#1324,#1325,
#1326,#1327,#1328),.UNSPECIFIED.,.T.,.F.) B_SPLINE_CURVE_WITH_KNOTS((1,2
    ,2,2,2,1),(-2.094395102393,0.,2.094395102393,4.188790204786,
6.28318530718,8.377580409573),.UNSPECIFIED.) CURVE() 
GEOMETRIC_REPRESENTATION_ITEM() RATIONAL_B_SPLINE_CURVE((1.,0.5,1.,0.5,
1.,0.5,1.)) REPRESENTATION_ITEM('') );
#1322 = CARTESIAN_POINT('',(108.5,9.));
#1323 = CARTESIAN_POINT('',(113.6961524227,9.));
#1324 = CARTESIAN_POINT('',(111.09807621135,4.5));
#1325 = CARTESIAN_POINT('',(108.5,1.7763568394E-15));
#1326 = CARTESIAN_POINT('',(105.90192378864,4.5));
#1327 = CARTESIAN_POINT('',(103.30384757729,9.));
#1328 = CARTESIAN_POINT('',(108.5,9.));
#1329 = ( GEOMETRIC_REPRESENTATION_CONTEXT(2) 
PARAMETRIC_REPRESENTATION_CONTEXT() REPRESENTATION_CONTEXT('2D SPACE',''
  ) );
#1330 = PCURVE('',#1331,#1336);
#1331 = CYLINDRICAL_SURFACE('',#1332,3.);
#1332 = AXIS2_PLACEMENT_3D('',#1333,#1334,#1335);
#1333 = CARTESIAN_POINT('',(-29.,30.,108.5));
#1334 = DIRECTION('',(0.,-1.,0.));
#1335 = DIRECTION('',(1.,0.,0.));
#1336 = DEFINITIONAL_REPRESENTATION('',(#1337),#1341);
#1337 = LINE('',#1338,#1339);
#1338 = CARTESIAN_POINT('',(0.,0.));
#1339 = VECTOR('',#1340,1.);
#1340 = DIRECTION('',(1.,0.));
#1341 = ( GEOMETRIC_REPRESENTATION_CONTEXT(2) 
PARAMETRIC_REPRESENTATION_CONTEXT() REPRESENTATION_CONTEXT('2D SPACE',''
  ) );
#1342 = FACE_BOUND('',#1343,.T.);
#1343 = EDGE_LOOP('',(#1344));
#1344 = ORIENTED_EDGE('',*,*,#1345,.T.);
#1345 = EDGE_CURVE('',#1346,#1346,#1348,.T.);
#1346 = VERTEX_POINT('',#1347);
#1347 = CARTESIAN_POINT('',(-26.,30.,131.5));
#1348 = SURFACE_CURVE('',#1349,(#1354,#1365),.PCURVE_S1.);
#1349 = CIRCLE('',#1350,3.);
#1350 = AXIS2_PLACEMENT_3D('',#1351,#1352,#1353);
#1351 = CARTESIAN_POINT('',(-29.,30.,131.5));
#1352 = DIRECTION('',(0.,-1.,0.));
#1353 = DIRECTION('',(1.,0.,0.));
#1354 = PCURVE('',#100,#1355);
#1355 = DEFINITIONAL_REPRESENTATION('',(#1356),#1364);
#1356 = ( BOUNDED_CURVE() B_SPLINE_CURVE(2,(#1357,#1358,#1359,#1360,
#1361,#1362,#1363),.UNSPECIFIED.,.T.,.F.) B_SPLINE_CURVE_WITH_KNOTS((1,2
    ,2,2,2,1),(-2.094395102393,0.,2.094395102393,4.188790204786,
6.28318530718,8.377580409573),.UNSPECIFIED.) CURVE() 
GEOMETRIC_REPRESENTATION_ITEM() RATIONAL_B_SPLINE_CURVE((1.,0.5,1.,0.5,
1.,0.5,1.)) REPRESENTATION_ITEM('') );
#1357 = CARTESIAN_POINT('',(131.5,9.));
#1358 = CARTESIAN_POINT('',(136.6961524227,9.));
#1359 = CARTESIAN_POINT('',(134.09807621135,4.5));
#1360 = CARTESIAN_POINT('',(131.5,1.7763568394E-15));
#1361 = CARTESIAN_POINT('',(128.90192378864,4.5));
#1362 = CARTESIAN_POINT('',(126.30384757729,9.));
#1363 = CARTESIAN_POINT('',(131.5,9.));
#1364 = ( GEOMETRIC_REPRESENTATION_CONTEXT(2) 
PARAMETRIC_REPRESENTATION_CONTEXT() REPRESENTATION_CONTEXT('2D SPACE',''
  ) );
#1365 = PCURVE('',#1366,#1371);
#1366 = CYLINDRICAL_SURFACE('',#1367,3.);
#1367 = AXIS2_PLACEMENT_3D('',#1368,#1369,#1370);
#1368 = CARTESIAN_POINT('',(-29.,30.,131.5));
#1369 = DIRECTION('',(0.,-1.,0.));
#1370 = DIRECTION('',(1.,0.,0.));
#1371 = DEFINITIONAL_REPRESENTATION('',(#1372),#1376);
#1372 = LINE('',#1373,#1374);
#1373 = CARTESIAN_POINT('',(0.,0.));
#1374 = VECTOR('',#1375,1.);
#1375 = DIRECTION('',(1.,0.));
#1376 = ( GEOMETRIC_REPRESENTATION_CONTEXT(2) 
PARAMETRIC_REPRESENTATION_CONTEXT() REPRESENTATION_CONTEXT('2D SPACE',''
  ) );
#1377 = FACE_BOUND('',#1378,.T.);
#1378 = EDGE_LOOP('',(#1379));
#1379 = ORIENTED_EDGE('',*,*,#1380,.T.);
#1380 = EDGE_CURVE('',#1381,#1381,#1383,.T.);
#1381 = VERTEX_POINT('',#1382);
#1382 = CARTESIAN_POINT('',(4.,30.,50.));
#1383 = SURFACE_CURVE('',#1384,(#1389,#1400),.PCURVE_S1.);
#1384 = CIRCLE('',#1385,4.);
#1385 = AXIS2_PLACEMENT_3D('',#1386,#1387,#1388);
#1386 = CARTESIAN_POINT('',(0.,30.,50.));
#1387 = DIRECTION('',(0.,-1.,0.));
#1388 = DIRECTION('',(1.,0.,0.));
#1389 = PCURVE('',#100,#1390);
#1390 = DEFINITIONAL_REPRESENTATION('',(#1391),#1399);
#1391 = ( BOUNDED_CURVE() B_SPLINE_CURVE(2,(#1392,#1393,#1394,#1395,
#1396,#1397,#1398),.UNSPECIFIED.,.T.,.F.) B_SPLINE_CURVE_WITH_KNOTS((1,2
    ,2,2,2,1),(-2.094395102393,0.,2.094395102393,4.188790204786,
6.28318530718,8.377580409573),.UNSPECIFIED.) CURVE() 
GEOMETRIC_REPRESENTATION_ITEM() RATIONAL_B_SPLINE_CURVE((1.,0.5,1.,0.5,
1.,0.5,1.)) REPRESENTATION_ITEM('') );
#1392 = CARTESIAN_POINT('',(50.,39.));
#1393 = CARTESIAN_POINT('',(56.928203230276,39.));
#1394 = CARTESIAN_POINT('',(53.464101615138,33.));
#1395 = CARTESIAN_POINT('',(50.,27.));
#1396 = CARTESIAN_POINT('',(46.535898384862,33.));
#1397 = CARTESIAN_POINT('',(43.071796769724,39.));
#1398 = CARTESIAN_POINT('',(50.,39.));
#1399 = ( GEOMETRIC_REPRESENTATION_CONTEXT(2) 
PARAMETRIC_REPRESENTATION_CONTEXT() REPRESENTATION_CONTEXT('2D SPACE',''
  ) );
#1400 = PCURVE('',#1401,#1406);
#1401 = CYLINDRICAL_SURFACE('',#1402,4.);
#1402 = AXIS2_PLACEMENT_3D('',#1403,#1404,#1405);
#1403 = CARTESIAN_POINT('',(0.,-30.,50.));
#1404 = DIRECTION('',(0.,-1.,0.));
#1405 = DIRECTION('',(1.,0.,0.));
#1406 = DEFINITIONAL_REPRESENTATION('',(#1407),#1411);
#1407 = LINE('',#1408,#1409);
#1408 = CARTESIAN_POINT('',(0.,-60.));
#1409 = VECTOR('',#1410,1.);
#1410 = DIRECTION('',(1.,0.));
#1411 = ( GEOMETRIC_REPRESENTATION_CONTEXT(2) 
PARAMETRIC_REPRESENTATION_CONTEXT() REPRESENTATION_CONTEXT('2D SPACE',''
  ) );
#1412 = FACE_BOUND('',#1413,.T.);
#1413 = EDGE_LOOP('',(#1414));
#1414 = ORIENTED_EDGE('',*,*,#1415,.T.);
#1415 = EDGE_CURVE('',#1416,#1416,#1418,.T.);
#1416 = VERTEX_POINT('',#1417);
#1417 = CARTESIAN_POINT('',(32.,30.,108.5));
#1418 = SURFACE_CURVE('',#1419,(#1424,#1435),.PCURVE_S1.);
#1419 = CIRCLE('',#1420,3.);
#1420 = AXIS2_PLACEMENT_3D('',#1421,#1422,#1423);
#1421 = CARTESIAN_POINT('',(29.,30.,108.5));
#1422 = DIRECTION('',(0.,-1.,0.));
#1423 = DIRECTION('',(1.,0.,0.));
#1424 = PCURVE('',#100,#1425);
#1425 = DEFINITIONAL_REPRESENTATION('',(#1426),#1434);
#1426 = ( BOUNDED_CURVE() B_SPLINE_CURVE(2,(#1427,#1428,#1429,#1430,
#1431,#1432,#1433),.UNSPECIFIED.,.T.,.F.) B_SPLINE_CURVE_WITH_KNOTS((1,2
    ,2,2,2,1),(-2.094395102393,0.,2.094395102393,4.188790204786,
6.28318530718,8.377580409573),.UNSPECIFIED.) CURVE() 
GEOMETRIC_REPRESENTATION_ITEM() RATIONAL_B_SPLINE_CURVE((1.,0.5,1.,0.5,
1.,0.5,1.)) REPRESENTATION_ITEM('') );
#1427 = CARTESIAN_POINT('',(108.5,67.));
#1428 = CARTESIAN_POINT('',(113.6961524227,67.));
#1429 = CARTESIAN_POINT('',(111.09807621135,62.5));
#1430 = CARTESIAN_POINT('',(108.5,58.));
#1431 = CARTESIAN_POINT('',(105.90192378864,62.5));
#1432 = CARTESIAN_POINT('',(103.30384757729,67.));
#1433 = CARTESIAN_POINT('',(108.5,67.));
#1434 = ( GEOMETRIC_REPRESENTATION_CONTEXT(2) 
PARAMETRIC_REPRESENTATION_CONTEXT() REPRESENTATION_CONTEXT('2D SPACE',''
  ) );
#1435 = PCURVE('',#1436,#1441);
#1436 = CYLINDRICAL_SURFACE('',#1437,3.);
#1437 = AXIS2_PLACEMENT_3D('',#1438,#1439,#1440);
#1438 = CARTESIAN_POINT('',(29.,30.,108.5));
#1439 = DIRECTION('',(0.,-1.,0.));
#1440 = DIRECTION('',(1.,0.,0.));
#1441 = DEFINITIONAL_REPRESENTATION('',(#1442),#1446);
#1442 = LINE('',#1443,#1444);
#1443 = CARTESIAN_POINT('',(0.,0.));
#1444 = VECTOR('',#1445,1.);
#1445 = DIRECTION('',(1.,0.));
#1446 = ( GEOMETRIC_REPRESENTATION_CONTEXT(2) 
PARAMETRIC_REPRESENTATION_CONTEXT() REPRESENTATION_CONTEXT('2D SPACE',''
  ) );
#1447 = FACE_BOUND('',#1448,.T.);
#1448 = EDGE_LOOP('',(#1449));
#1449 = ORIENTED_EDGE('',*,*,#1450,.T.);
#1450 = EDGE_CURVE('',#1451,#1451,#1453,.T.);
#1451 = VERTEX_POINT('',#1452);
#1452 = CARTESIAN_POINT('',(32.,30.,131.5));
#1453 = SURFACE_CURVE('',#1454,(#1459,#1470),.PCURVE_S1.);
#1454 = CIRCLE('',#1455,3.);
#1455 = AXIS2_PLACEMENT_3D('',#1456,#1457,#1458);
#1456 = CARTESIAN_POINT('',(29.,30.,131.5));
#1457 = DIRECTION('',(0.,-1.,0.));
#1458 = DIRECTION('',(1.,0.,0.));
#1459 = PCURVE('',#100,#1460);
#1460 = DEFINITIONAL_REPRESENTATION('',(#1461),#1469);
#1461 = ( BOUNDED_CURVE() B_SPLINE_CURVE(2,(#1462,#1463,#1464,#1465,
#1466,#1467,#1468),.UNSPECIFIED.,.T.,.F.) B_SPLINE_CURVE_WITH_KNOTS((1,2
    ,2,2,2,1),(-2.094395102393,0.,2.094395102393,4.188790204786,
6.28318530718,8.377580409573),.UNSPECIFIED.) CURVE() 
GEOMETRIC_REPRESENTATION_ITEM() RATIONAL_B_SPLINE_CURVE((1.,0.5,1.,0.5,
1.,0.5,1.)) REPRESENTATION_ITEM('') );
#1462 = CARTESIAN_POINT('',(131.5,67.));
#1463 = CARTESIAN_POINT('',(136.6961524227,67.));
#1464 = CARTESIAN_POINT('',(134.09807621135,62.5));
#1465 = CARTESIAN_POINT('',(131.5,58.));
#1466 = CARTESIAN_POINT('',(128.90192378864,62.5));
#1467 = CARTESIAN_POINT('',(126.30384757729,67.));
#1468 = CARTESIAN_POINT('',(131.5,67.));
#1469 = ( GEOMETRIC_REPRESENTATION_CONTEXT(2) 
PARAMETRIC_REPRESENTATION_CONTEXT() REPRESENTATION_CONTEXT('2D SPACE',''
  ) );
#1470 = PCURVE('',#1471,#1476);
#1471 = CYLINDRICAL_SURFACE('',#1472,3.);
#1472 = AXIS2_PLACEMENT_3D('',#1473,#1474,#1475);
#1473 = CARTESIAN_POINT('',(29.,30.,131.5));
#1474 = DIRECTION('',(0.,-1.,0.));
#1475 = DIRECTION('',(1.,0.,0.));
#1476 = DEFINITIONAL_REPRESENTATION('',(#1477),#1481);
#1477 = LINE('',#1478,#1479);
#1478 = CARTESIAN_POINT('',(0.,0.));
#1479 = VECTOR('',#1480,1.);
#1480 = DIRECTION('',(1.,0.));
#1481 = ( GEOMETRIC_REPRESENTATION_CONTEXT(2) 
PARAMETRIC_REPRESENTATION_CONTEXT() REPRESENTATION_CONTEXT('2D SPACE',''
  ) );
#1482 = ADVANCED_FACE('',(#1483),#212,.F.);
#1483 = FACE_BOUND('',#1484,.F.);
#1484 = EDGE_LOOP('',(#1485,#1486,#1487,#1510));
#1485 = ORIENTED_EDGE('',*,*,#1147,.F.);
#1486 = ORIENTED_EDGE('',*,*,#196,.T.);
#1487 = ORIENTED_EDGE('',*,*,#1488,.T.);
#1488 = EDGE_CURVE('',#169,#1489,#1491,.T.);
#1489 = VERTEX_POINT('',#1490);
#1490 = CARTESIAN_POINT('',(35.,-65.,160.));
#1491 = SURFACE_CURVE('',#1492,(#1496,#1503),.PCURVE_S1.);
#1492 = LINE('',#1493,#1494);
#1493 = CARTESIAN_POINT('',(-35.,-65.,160.));
#1494 = VECTOR('',#1495,1.);
#1495 = DIRECTION('',(1.,0.,0.));
#1496 = PCURVE('',#212,#1497);
#1497 = DEFINITIONAL_REPRESENTATION('',(#1498),#1502);
#1498 = LINE('',#1499,#1500);
#1499 = CARTESIAN_POINT('',(80.,0.));
#1500 = VECTOR('',#1501,1.);
#1501 = DIRECTION('',(0.,1.));
#1502 = ( GEOMETRIC_REPRESENTATION_CONTEXT(2) 
PARAMETRIC_REPRESENTATION_CONTEXT() REPRESENTATION_CONTEXT('2D SPACE',''
  ) );
#1503 = PCURVE('',#184,#1504);
#1504 = DEFINITIONAL_REPRESENTATION('',(#1505),#1509);
#1505 = LINE('',#1506,#1507);
#1506 = CARTESIAN_POINT('',(0.,0.));
#1507 = VECTOR('',#1508,1.);
#1508 = DIRECTION('',(1.,0.));
#1509 = ( GEOMETRIC_REPRESENTATION_CONTEXT(2) 
PARAMETRIC_REPRESENTATION_CONTEXT() REPRESENTATION_CONTEXT('2D SPACE',''
  ) );
#1510 = ORIENTED_EDGE('',*,*,#1511,.F.);
#1511 = EDGE_CURVE('',#1148,#1489,#1512,.T.);
#1512 = SURFACE_CURVE('',#1513,(#1517,#1524),.PCURVE_S1.);
#1513 = LINE('',#1514,#1515);
#1514 = CARTESIAN_POINT('',(35.,-65.,80.));
#1515 = VECTOR('',#1516,1.);
#1516 = DIRECTION('',(0.,0.,1.));
#1517 = PCURVE('',#212,#1518);
#1518 = DEFINITIONAL_REPRESENTATION('',(#1519),#1523);
#1519 = LINE('',#1520,#1521);
#1520 = CARTESIAN_POINT('',(0.,70.));
#1521 = VECTOR('',#1522,1.);
#1522 = DIRECTION('',(1.,0.));
#1523 = ( GEOMETRIC_REPRESENTATION_CONTEXT(2) 
PARAMETRIC_REPRESENTATION_CONTEXT() REPRESENTATION_CONTEXT('2D SPACE',''
  ) );
#1524 = PCURVE('',#385,#1525);
#1525 = DEFINITIONAL_REPRESENTATION('',(#1526),#1530);
#1526 = LINE('',#1527,#1528);
#1527 = CARTESIAN_POINT('',(80.,35.));
#1528 = VECTOR('',#1529,1.);
#1529 = DIRECTION('',(1.,0.));
#1530 = ( GEOMETRIC_REPRESENTATION_CONTEXT(2) 
PARAMETRIC_REPRESENTATION_CONTEXT() REPRESENTATION_CONTEXT('2D SPACE',''
  ) );
#1531 = ADVANCED_FACE('',(#1532,#1687),#128,.T.);
#1532 = FACE_BOUND('',#1533,.T.);
#1533 = EDGE_LOOP('',(#1534,#1535,#1536,#1559,#1582,#1610,#1638,#1666));
#1534 = ORIENTED_EDGE('',*,*,#1264,.F.);
#1535 = ORIENTED_EDGE('',*,*,#112,.F.);
#1536 = ORIENTED_EDGE('',*,*,#1537,.T.);
#1537 = EDGE_CURVE('',#113,#1538,#1540,.T.);
#1538 = VERTEX_POINT('',#1539);
#1539 = CARTESIAN_POINT('',(35.,-30.,300.));
#1540 = SURFACE_CURVE('',#1541,(#1545,#1552),.PCURVE_S1.);
#1541 = LINE('',#1542,#1543);
#1542 = CARTESIAN_POINT('',(-35.,-30.,300.));
#1543 = VECTOR('',#1544,1.);
#1544 = DIRECTION('',(1.,0.,0.));
#1545 = PCURVE('',#128,#1546);
#1546 = DEFINITIONAL_REPRESENTATION('',(#1547),#1551);
#1547 = LINE('',#1548,#1549);
#1548 = CARTESIAN_POINT('',(0.,0.));
#1549 = VECTOR('',#1550,1.);
#1550 = DIRECTION('',(1.,0.));
#1551 = ( GEOMETRIC_REPRESENTATION_CONTEXT(2) 
PARAMETRIC_REPRESENTATION_CONTEXT() REPRESENTATION_CONTEXT('2D SPACE',''
  ) );
#1552 = PCURVE('',#156,#1553);
#1553 = DEFINITIONAL_REPRESENTATION('',(#1554),#1558);
#1554 = LINE('',#1555,#1556);
#1555 = CARTESIAN_POINT('',(300.,0.));
#1556 = VECTOR('',#1557,1.);
#1557 = DIRECTION('',(0.,1.));
#1558 = ( GEOMETRIC_REPRESENTATION_CONTEXT(2) 
PARAMETRIC_REPRESENTATION_CONTEXT() REPRESENTATION_CONTEXT('2D SPACE',''
  ) );
#1559 = ORIENTED_EDGE('',*,*,#1560,.T.);
#1560 = EDGE_CURVE('',#1538,#1561,#1563,.T.);
#1561 = VERTEX_POINT('',#1562);
#1562 = CARTESIAN_POINT('',(35.,-2.,300.));
#1563 = SURFACE_CURVE('',#1564,(#1568,#1575),.PCURVE_S1.);
#1564 = LINE('',#1565,#1566);
#1565 = CARTESIAN_POINT('',(35.,-30.,300.));
#1566 = VECTOR('',#1567,1.);
#1567 = DIRECTION('',(0.,1.,0.));
#1568 = PCURVE('',#128,#1569);
#1569 = DEFINITIONAL_REPRESENTATION('',(#1570),#1574);
#1570 = LINE('',#1571,#1572);
#1571 = CARTESIAN_POINT('',(70.,0.));
#1572 = VECTOR('',#1573,1.);
#1573 = DIRECTION('',(0.,1.));
#1574 = ( GEOMETRIC_REPRESENTATION_CONTEXT(2) 
PARAMETRIC_REPRESENTATION_CONTEXT() REPRESENTATION_CONTEXT('2D SPACE',''
  ) );
#1575 = PCURVE('',#385,#1576);
#1576 = DEFINITIONAL_REPRESENTATION('',(#1577),#1581);
#1577 = LINE('',#1578,#1579);
#1578 = CARTESIAN_POINT('',(300.,0.));
#1579 = VECTOR('',#1580,1.);
#1580 = DIRECTION('',(0.,-1.));
#1581 = ( GEOMETRIC_REPRESENTATION_CONTEXT(2) 
PARAMETRIC_REPRESENTATION_CONTEXT() REPRESENTATION_CONTEXT('2D SPACE',''
  ) );
#1582 = ORIENTED_EDGE('',*,*,#1583,.F.);
#1583 = EDGE_CURVE('',#1584,#1561,#1586,.T.);
#1584 = VERTEX_POINT('',#1585);
#1585 = CARTESIAN_POINT('',(32.,-2.,300.));
#1586 = SURFACE_CURVE('',#1587,(#1591,#1598),.PCURVE_S1.);
#1587 = LINE('',#1588,#1589);
#1588 = CARTESIAN_POINT('',(32.,-2.,300.));
#1589 = VECTOR('',#1590,1.);
#1590 = DIRECTION('',(1.,0.,0.));
#1591 = PCURVE('',#128,#1592);
#1592 = DEFINITIONAL_REPRESENTATION('',(#1593),#1597);
#1593 = LINE('',#1594,#1595);
#1594 = CARTESIAN_POINT('',(67.,28.));
#1595 = VECTOR('',#1596,1.);
#1596 = DIRECTION('',(1.,0.));
#1597 = ( GEOMETRIC_REPRESENTATION_CONTEXT(2) 
PARAMETRIC_REPRESENTATION_CONTEXT() REPRESENTATION_CONTEXT('2D SPACE',''
  ) );
#1598 = PCURVE('',#1599,#1604);
#1599 = PLANE('',#1600);
#1600 = AXIS2_PLACEMENT_3D('',#1601,#1602,#1603);
#1601 = CARTESIAN_POINT('',(32.,-2.,147.));
#1602 = DIRECTION('',(0.,1.,0.));
#1603 = DIRECTION('',(0.,0.,1.));
#1604 = DEFINITIONAL_REPRESENTATION('',(#1605),#1609);
#1605 = LINE('',#1606,#1607);
#1606 = CARTESIAN_POINT('',(153.,0.));
#1607 = VECTOR('',#1608,1.);
#1608 = DIRECTION('',(0.,1.));
#1609 = ( GEOMETRIC_REPRESENTATION_CONTEXT(2) 
PARAMETRIC_REPRESENTATION_CONTEXT() REPRESENTATION_CONTEXT('2D SPACE',''
  ) );
#1610 = ORIENTED_EDGE('',*,*,#1611,.T.);
#1611 = EDGE_CURVE('',#1584,#1612,#1614,.T.);
#1612 = VERTEX_POINT('',#1613);
#1613 = CARTESIAN_POINT('',(32.,2.,300.));
#1614 = SURFACE_CURVE('',#1615,(#1619,#1626),.PCURVE_S1.);
#1615 = LINE('',#1616,#1617);
#1616 = CARTESIAN_POINT('',(32.,-2.,300.));
#1617 = VECTOR('',#1618,1.);
#1618 = DIRECTION('',(0.,1.,0.));
#1619 = PCURVE('',#128,#1620);
#1620 = DEFINITIONAL_REPRESENTATION('',(#1621),#1625);
#1621 = LINE('',#1622,#1623);
#1622 = CARTESIAN_POINT('',(67.,28.));
#1623 = VECTOR('',#1624,1.);
#1624 = DIRECTION('',(0.,1.));
#1625 = ( GEOMETRIC_REPRESENTATION_CONTEXT(2) 
PARAMETRIC_REPRESENTATION_CONTEXT() REPRESENTATION_CONTEXT('2D SPACE',''
  ) );
#1626 = PCURVE('',#1627,#1632);
#1627 = PLANE('',#1628);
#1628 = AXIS2_PLACEMENT_3D('',#1629,#1630,#1631);
#1629 = CARTESIAN_POINT('',(32.,-2.,147.));
#1630 = DIRECTION('',(1.,0.,0.));
#1631 = DIRECTION('',(0.,0.,1.));
#1632 = DEFINITIONAL_REPRESENTATION('',(#1633),#1637);
#1633 = LINE('',#1634,#1635);
#1634 = CARTESIAN_POINT('',(153.,0.));
#1635 = VECTOR('',#1636,1.);
#1636 = DIRECTION('',(0.,-1.));
#1637 = ( GEOMETRIC_REPRESENTATION_CONTEXT(2) 
PARAMETRIC_REPRESENTATION_CONTEXT() REPRESENTATION_CONTEXT('2D SPACE',''
  ) );
#1638 = ORIENTED_EDGE('',*,*,#1639,.T.);
#1639 = EDGE_CURVE('',#1612,#1640,#1642,.T.);
#1640 = VERTEX_POINT('',#1641);
#1641 = CARTESIAN_POINT('',(35.,2.,300.));
#1642 = SURFACE_CURVE('',#1643,(#1647,#1654),.PCURVE_S1.);
#1643 = LINE('',#1644,#1645);
#1644 = CARTESIAN_POINT('',(32.,2.,300.));
#1645 = VECTOR('',#1646,1.);
#1646 = DIRECTION('',(1.,0.,0.));
#1647 = PCURVE('',#128,#1648);
#1648 = DEFINITIONAL_REPRESENTATION('',(#1649),#1653);
#1649 = LINE('',#1650,#1651);
#1650 = CARTESIAN_POINT('',(67.,32.));
#1651 = VECTOR('',#1652,1.);
#1652 = DIRECTION('',(1.,0.));
#1653 = ( GEOMETRIC_REPRESENTATION_CONTEXT(2) 
PARAMETRIC_REPRESENTATION_CONTEXT() REPRESENTATION_CONTEXT('2D SPACE',''
  ) );
#1654 = PCURVE('',#1655,#1660);
#1655 = PLANE('',#1656);
#1656 = AXIS2_PLACEMENT_3D('',#1657,#1658,#1659);
#1657 = CARTESIAN_POINT('',(32.,2.,147.));
#1658 = DIRECTION('',(0.,1.,0.));
#1659 = DIRECTION('',(0.,0.,1.));
#1660 = DEFINITIONAL_REPRESENTATION('',(#1661),#1665);
#1661 = LINE('',#1662,#1663);
#1662 = CARTESIAN_POINT('',(153.,0.));
#1663 = VECTOR('',#1664,1.);
#1664 = DIRECTION('',(0.,1.));
#1665 = ( GEOMETRIC_REPRESENTATION_CONTEXT(2) 
PARAMETRIC_REPRESENTATION_CONTEXT() REPRESENTATION_CONTEXT('2D SPACE',''
  ) );
#1666 = ORIENTED_EDGE('',*,*,#1667,.T.);
#1667 = EDGE_CURVE('',#1640,#1265,#1668,.T.);
#1668 = SURFACE_CURVE('',#1669,(#1673,#1680),.PCURVE_S1.);
#1669 = LINE('',#1670,#1671);
#1670 = CARTESIAN_POINT('',(35.,-30.,300.));
#1671 = VECTOR('',#1672,1.);
#1672 = DIRECTION('',(0.,1.,0.));
#1673 = PCURVE('',#128,#1674);
#1674 = DEFINITIONAL_REPRESENTATION('',(#1675),#1679);
#1675 = LINE('',#1676,#1677);
#1676 = CARTESIAN_POINT('',(70.,0.));
#1677 = VECTOR('',#1678,1.);
#1678 = DIRECTION('',(0.,1.));
#1679 = ( GEOMETRIC_REPRESENTATION_CONTEXT(2) 
PARAMETRIC_REPRESENTATION_CONTEXT() REPRESENTATION_CONTEXT('2D SPACE',''
  ) );
#1680 = PCURVE('',#385,#1681);
#1681 = DEFINITIONAL_REPRESENTATION('',(#1682),#1686);
#1682 = LINE('',#1683,#1684);
#1683 = CARTESIAN_POINT('',(300.,0.));
#1684 = VECTOR('',#1685,1.);
#1685 = DIRECTION('',(0.,-1.));
#1686 = ( GEOMETRIC_REPRESENTATION_CONTEXT(2) 
PARAMETRIC_REPRESENTATION_CONTEXT() REPRESENTATION_CONTEXT('2D SPACE',''
  ) );
#1687 = FACE_BOUND('',#1688,.T.);
#1688 = EDGE_LOOP('',(#1689,#1719,#1747,#1775));
#1689 = ORIENTED_EDGE('',*,*,#1690,.T.);
#1690 = EDGE_CURVE('',#1691,#1693,#1695,.T.);
#1691 = VERTEX_POINT('',#1692);
#1692 = CARTESIAN_POINT('',(-22.,-22.,300.));
#1693 = VERTEX_POINT('',#1694);
#1694 = CARTESIAN_POINT('',(-22.,22.,300.));
#1695 = SURFACE_CURVE('',#1696,(#1700,#1707),.PCURVE_S1.);
#1696 = LINE('',#1697,#1698);
#1697 = CARTESIAN_POINT('',(-22.,-22.,300.));
#1698 = VECTOR('',#1699,1.);
#1699 = DIRECTION('',(0.,1.,0.));
#1700 = PCURVE('',#128,#1701);
#1701 = DEFINITIONAL_REPRESENTATION('',(#1702),#1706);
#1702 = LINE('',#1703,#1704);
#1703 = CARTESIAN_POINT('',(13.,8.));
#1704 = VECTOR('',#1705,1.);
#1705 = DIRECTION('',(0.,1.));
#1706 = ( GEOMETRIC_REPRESENTATION_CONTEXT(2) 
PARAMETRIC_REPRESENTATION_CONTEXT() REPRESENTATION_CONTEXT('2D SPACE',''
  ) );
#1707 = PCURVE('',#1708,#1713);
#1708 = PLANE('',#1709);
#1709 = AXIS2_PLACEMENT_3D('',#1710,#1711,#1712);
#1710 = CARTESIAN_POINT('',(-22.,-22.,300.));
#1711 = DIRECTION('',(1.,0.,0.));
#1712 = DIRECTION('',(0.,0.,1.));
#1713 = DEFINITIONAL_REPRESENTATION('',(#1714),#1718);
#1714 = LINE('',#1715,#1716);
#1715 = CARTESIAN_POINT('',(0.,0.));
#1716 = VECTOR('',#1717,1.);
#1717 = DIRECTION('',(0.,-1.));
#1718 = ( GEOMETRIC_REPRESENTATION_CONTEXT(2) 
PARAMETRIC_REPRESENTATION_CONTEXT() REPRESENTATION_CONTEXT('2D SPACE',''
  ) );
#1719 = ORIENTED_EDGE('',*,*,#1720,.T.);
#1720 = EDGE_CURVE('',#1693,#1721,#1723,.T.);
#1721 = VERTEX_POINT('',#1722);
#1722 = CARTESIAN_POINT('',(22.,22.,300.));
#1723 = SURFACE_CURVE('',#1724,(#1728,#1735),.PCURVE_S1.);
#1724 = LINE('',#1725,#1726);
#1725 = CARTESIAN_POINT('',(-22.,22.,300.));
#1726 = VECTOR('',#1727,1.);
#1727 = DIRECTION('',(1.,0.,0.));
#1728 = PCURVE('',#128,#1729);
#1729 = DEFINITIONAL_REPRESENTATION('',(#1730),#1734);
#1730 = LINE('',#1731,#1732);
#1731 = CARTESIAN_POINT('',(13.,52.));
#1732 = VECTOR('',#1733,1.);
#1733 = DIRECTION('',(1.,0.));
#1734 = ( GEOMETRIC_REPRESENTATION_CONTEXT(2) 
PARAMETRIC_REPRESENTATION_CONTEXT() REPRESENTATION_CONTEXT('2D SPACE',''
  ) );
#1735 = PCURVE('',#1736,#1741);
#1736 = PLANE('',#1737);
#1737 = AXIS2_PLACEMENT_3D('',#1738,#1739,#1740);
#1738 = CARTESIAN_POINT('',(-22.,22.,300.));
#1739 = DIRECTION('',(0.,1.,0.));
#1740 = DIRECTION('',(0.,0.,1.));
#1741 = DEFINITIONAL_REPRESENTATION('',(#1742),#1746);
#1742 = LINE('',#1743,#1744);
#1743 = CARTESIAN_POINT('',(0.,0.));
#1744 = VECTOR('',#1745,1.);
#1745 = DIRECTION('',(0.,1.));
#1746 = ( GEOMETRIC_REPRESENTATION_CONTEXT(2) 
PARAMETRIC_REPRESENTATION_CONTEXT() REPRESENTATION_CONTEXT('2D SPACE',''
  ) );
#1747 = ORIENTED_EDGE('',*,*,#1748,.F.);
#1748 = EDGE_CURVE('',#1749,#1721,#1751,.T.);
#1749 = VERTEX_POINT('',#1750);
#1750 = CARTESIAN_POINT('',(22.,-22.,300.));
#1751 = SURFACE_CURVE('',#1752,(#1756,#1763),.PCURVE_S1.);
#1752 = LINE('',#1753,#1754);
#1753 = CARTESIAN_POINT('',(22.,-22.,300.));
#1754 = VECTOR('',#1755,1.);
#1755 = DIRECTION('',(0.,1.,0.));
#1756 = PCURVE('',#128,#1757);
#1757 = DEFINITIONAL_REPRESENTATION('',(#1758),#1762);
#1758 = LINE('',#1759,#1760);
#1759 = CARTESIAN_POINT('',(57.,8.));
#1760 = VECTOR('',#1761,1.);
#1761 = DIRECTION('',(0.,1.));
#1762 = ( GEOMETRIC_REPRESENTATION_CONTEXT(2) 
PARAMETRIC_REPRESENTATION_CONTEXT() REPRESENTATION_CONTEXT('2D SPACE',''
  ) );
#1763 = PCURVE('',#1764,#1769);
#1764 = PLANE('',#1765);
#1765 = AXIS2_PLACEMENT_3D('',#1766,#1767,#1768);
#1766 = CARTESIAN_POINT('',(22.,-22.,300.));
#1767 = DIRECTION('',(1.,0.,0.));
#1768 = DIRECTION('',(0.,0.,1.));
#1769 = DEFINITIONAL_REPRESENTATION('',(#1770),#1774);
#1770 = LINE('',#1771,#1772);
#1771 = CARTESIAN_POINT('',(0.,0.));
#1772 = VECTOR('',#1773,1.);
#1773 = DIRECTION('',(0.,-1.));
#1774 = ( GEOMETRIC_REPRESENTATION_CONTEXT(2) 
PARAMETRIC_REPRESENTATION_CONTEXT() REPRESENTATION_CONTEXT('2D SPACE',''
  ) );
#1775 = ORIENTED_EDGE('',*,*,#1776,.F.);
#1776 = EDGE_CURVE('',#1691,#1749,#1777,.T.);
#1777 = SURFACE_CURVE('',#1778,(#1782,#1789),.PCURVE_S1.);
#1778 = LINE('',#1779,#1780);
#1779 = CARTESIAN_POINT('',(-22.,-22.,300.));
#1780 = VECTOR('',#1781,1.);
#1781 = DIRECTION('',(1.,0.,0.));
#1782 = PCURVE('',#128,#1783);
#1783 = DEFINITIONAL_REPRESENTATION('',(#1784),#1788);
#1784 = LINE('',#1785,#1786);
#1785 = CARTESIAN_POINT('',(13.,8.));
#1786 = VECTOR('',#1787,1.);
#1787 = DIRECTION('',(1.,0.));
#1788 = ( GEOMETRIC_REPRESENTATION_CONTEXT(2) 
PARAMETRIC_REPRESENTATION_CONTEXT() REPRESENTATION_CONTEXT('2D SPACE',''
  ) );
#1789 = PCURVE('',#1790,#1795);
#1790 = PLANE('',#1791);
#1791 = AXIS2_PLACEMENT_3D('',#1792,#1793,#1794);
#1792 = CARTESIAN_POINT('',(-22.,-22.,300.));
#1793 = DIRECTION('',(0.,1.,0.));
#1794 = DIRECTION('',(0.,0.,1.));
#1795 = DEFINITIONAL_REPRESENTATION('',(#1796),#1800);
#1796 = LINE('',#1797,#1798);
#1797 = CARTESIAN_POINT('',(0.,0.));
#1798 = VECTOR('',#1799,1.);
#1799 = DIRECTION('',(0.,1.));
#1800 = ( GEOMETRIC_REPRESENTATION_CONTEXT(2) 
PARAMETRIC_REPRESENTATION_CONTEXT() REPRESENTATION_CONTEXT('2D SPACE',''
  ) );
#1801 = ADVANCED_FACE('',(#1802),#184,.T.);
#1802 = FACE_BOUND('',#1803,.T.);
#1803 = EDGE_LOOP('',(#1804,#1805,#1806,#1829));
#1804 = ORIENTED_EDGE('',*,*,#168,.F.);
#1805 = ORIENTED_EDGE('',*,*,#1488,.T.);
#1806 = ORIENTED_EDGE('',*,*,#1807,.T.);
#1807 = EDGE_CURVE('',#1489,#1808,#1810,.T.);
#1808 = VERTEX_POINT('',#1809);
#1809 = CARTESIAN_POINT('',(35.,-30.,160.));
#1810 = SURFACE_CURVE('',#1811,(#1815,#1822),.PCURVE_S1.);
#1811 = LINE('',#1812,#1813);
#1812 = CARTESIAN_POINT('',(35.,-65.,160.));
#1813 = VECTOR('',#1814,1.);
#1814 = DIRECTION('',(0.,1.,0.));
#1815 = PCURVE('',#184,#1816);
#1816 = DEFINITIONAL_REPRESENTATION('',(#1817),#1821);
#1817 = LINE('',#1818,#1819);
#1818 = CARTESIAN_POINT('',(70.,0.));
#1819 = VECTOR('',#1820,1.);
#1820 = DIRECTION('',(0.,1.));
#1821 = ( GEOMETRIC_REPRESENTATION_CONTEXT(2) 
PARAMETRIC_REPRESENTATION_CONTEXT() REPRESENTATION_CONTEXT('2D SPACE',''
  ) );
#1822 = PCURVE('',#385,#1823);
#1823 = DEFINITIONAL_REPRESENTATION('',(#1824),#1828);
#1824 = LINE('',#1825,#1826);
#1825 = CARTESIAN_POINT('',(160.,35.));
#1826 = VECTOR('',#1827,1.);
#1827 = DIRECTION('',(0.,-1.));
#1828 = ( GEOMETRIC_REPRESENTATION_CONTEXT(2) 
PARAMETRIC_REPRESENTATION_CONTEXT() REPRESENTATION_CONTEXT('2D SPACE',''
  ) );
#1829 = ORIENTED_EDGE('',*,*,#1830,.F.);
#1830 = EDGE_CURVE('',#141,#1808,#1831,.T.);
#1831 = SURFACE_CURVE('',#1832,(#1836,#1843),.PCURVE_S1.);
#1832 = LINE('',#1833,#1834);
#1833 = CARTESIAN_POINT('',(-35.,-30.,160.));
#1834 = VECTOR('',#1835,1.);
#1835 = DIRECTION('',(1.,0.,0.));
#1836 = PCURVE('',#184,#1837);
#1837 = DEFINITIONAL_REPRESENTATION('',(#1838),#1842);
#1838 = LINE('',#1839,#1840);
#1839 = CARTESIAN_POINT('',(0.,35.));
#1840 = VECTOR('',#1841,1.);
#1841 = DIRECTION('',(1.,0.));
#1842 = ( GEOMETRIC_REPRESENTATION_CONTEXT(2) 
PARAMETRIC_REPRESENTATION_CONTEXT() REPRESENTATION_CONTEXT('2D SPACE',''
  ) );
#1843 = PCURVE('',#156,#1844);
#1844 = DEFINITIONAL_REPRESENTATION('',(#1845),#1849);
#1845 = LINE('',#1846,#1847);
#1846 = CARTESIAN_POINT('',(160.,0.));
#1847 = VECTOR('',#1848,1.);
#1848 = DIRECTION('',(0.,1.));
#1849 = ( GEOMETRIC_REPRESENTATION_CONTEXT(2) 
PARAMETRIC_REPRESENTATION_CONTEXT() REPRESENTATION_CONTEXT('2D SPACE',''
  ) );
#1850 = ADVANCED_FACE('',(#1851),#156,.F.);
#1851 = FACE_BOUND('',#1852,.F.);
#1852 = EDGE_LOOP('',(#1853,#1874,#1875,#1876));
#1853 = ORIENTED_EDGE('',*,*,#1854,.F.);
#1854 = EDGE_CURVE('',#1808,#1538,#1855,.T.);
#1855 = SURFACE_CURVE('',#1856,(#1860,#1867),.PCURVE_S1.);
#1856 = LINE('',#1857,#1858);
#1857 = CARTESIAN_POINT('',(35.,-30.,0.));
#1858 = VECTOR('',#1859,1.);
#1859 = DIRECTION('',(0.,0.,1.));
#1860 = PCURVE('',#156,#1861);
#1861 = DEFINITIONAL_REPRESENTATION('',(#1862),#1866);
#1862 = LINE('',#1863,#1864);
#1863 = CARTESIAN_POINT('',(0.,70.));
#1864 = VECTOR('',#1865,1.);
#1865 = DIRECTION('',(1.,0.));
#1866 = ( GEOMETRIC_REPRESENTATION_CONTEXT(2) 
PARAMETRIC_REPRESENTATION_CONTEXT() REPRESENTATION_CONTEXT('2D SPACE',''
  ) );
#1867 = PCURVE('',#385,#1868);
#1868 = DEFINITIONAL_REPRESENTATION('',(#1869),#1873);
#1869 = LINE('',#1870,#1871);
#1870 = CARTESIAN_POINT('',(0.,0.));
#1871 = VECTOR('',#1872,1.);
#1872 = DIRECTION('',(1.,0.));
#1873 = ( GEOMETRIC_REPRESENTATION_CONTEXT(2) 
PARAMETRIC_REPRESENTATION_CONTEXT() REPRESENTATION_CONTEXT('2D SPACE',''
  ) );
#1874 = ORIENTED_EDGE('',*,*,#1830,.F.);
#1875 = ORIENTED_EDGE('',*,*,#140,.T.);
#1876 = ORIENTED_EDGE('',*,*,#1537,.T.);
#1877 = ADVANCED_FACE('',(#1878),#270,.T.);
#1878 = FACE_BOUND('',#1879,.T.);
#1879 = EDGE_LOOP('',(#1880,#1903,#1904,#1927));
#1880 = ORIENTED_EDGE('',*,*,#1881,.F.);
#1881 = EDGE_CURVE('',#253,#1882,#1884,.T.);
#1882 = VERTEX_POINT('',#1883);
#1883 = CARTESIAN_POINT('',(-12.8,-9.6,10.1));
#1884 = SURFACE_CURVE('',#1885,(#1889,#1896),.PCURVE_S1.);
#1885 = LINE('',#1886,#1887);
#1886 = CARTESIAN_POINT('',(-35.,-9.6,10.1));
#1887 = VECTOR('',#1888,1.);
#1888 = DIRECTION('',(1.,0.,0.));
#1889 = PCURVE('',#270,#1890);
#1890 = DEFINITIONAL_REPRESENTATION('',(#1891),#1895);
#1891 = LINE('',#1892,#1893);
#1892 = CARTESIAN_POINT('',(0.,0.));
#1893 = VECTOR('',#1894,1.);
#1894 = DIRECTION('',(0.,1.));
#1895 = ( GEOMETRIC_REPRESENTATION_CONTEXT(2) 
PARAMETRIC_REPRESENTATION_CONTEXT() REPRESENTATION_CONTEXT('2D SPACE',''
  ) );
#1896 = PCURVE('',#352,#1897);
#1897 = DEFINITIONAL_REPRESENTATION('',(#1898),#1902);
#1898 = LINE('',#1899,#1900);
#1899 = CARTESIAN_POINT('',(0.,0.));
#1900 = VECTOR('',#1901,1.);
#1901 = DIRECTION('',(1.,0.));
#1902 = ( GEOMETRIC_REPRESENTATION_CONTEXT(2) 
PARAMETRIC_REPRESENTATION_CONTEXT() REPRESENTATION_CONTEXT('2D SPACE',''
  ) );
#1903 = ORIENTED_EDGE('',*,*,#252,.T.);
#1904 = ORIENTED_EDGE('',*,*,#1905,.T.);
#1905 = EDGE_CURVE('',#255,#1906,#1908,.T.);
#1906 = VERTEX_POINT('',#1907);
#1907 = CARTESIAN_POINT('',(-12.8,-9.6,19.9));
#1908 = SURFACE_CURVE('',#1909,(#1913,#1920),.PCURVE_S1.);
#1909 = LINE('',#1910,#1911);
#1910 = CARTESIAN_POINT('',(-35.,-9.6,19.9));
#1911 = VECTOR('',#1912,1.);
#1912 = DIRECTION('',(1.,0.,0.));
#1913 = PCURVE('',#270,#1914);
#1914 = DEFINITIONAL_REPRESENTATION('',(#1915),#1919);
#1915 = LINE('',#1916,#1917);
#1916 = CARTESIAN_POINT('',(9.8,0.));
#1917 = VECTOR('',#1918,1.);
#1918 = DIRECTION('',(0.,1.));
#1919 = ( GEOMETRIC_REPRESENTATION_CONTEXT(2) 
PARAMETRIC_REPRESENTATION_CONTEXT() REPRESENTATION_CONTEXT('2D SPACE',''
  ) );
#1920 = PCURVE('',#298,#1921);
#1921 = DEFINITIONAL_REPRESENTATION('',(#1922),#1926);
#1922 = LINE('',#1923,#1924);
#1923 = CARTESIAN_POINT('',(0.,0.));
#1924 = VECTOR('',#1925,1.);
#1925 = DIRECTION('',(1.,0.));
#1926 = ( GEOMETRIC_REPRESENTATION_CONTEXT(2) 
PARAMETRIC_REPRESENTATION_CONTEXT() REPRESENTATION_CONTEXT('2D SPACE',''
  ) );
#1927 = ORIENTED_EDGE('',*,*,#1928,.F.);
#1928 = EDGE_CURVE('',#1882,#1906,#1929,.T.);
#1929 = SURFACE_CURVE('',#1930,(#1934,#1941),.PCURVE_S1.);
#1930 = LINE('',#1931,#1932);
#1931 = CARTESIAN_POINT('',(-12.8,-9.6,10.1));
#1932 = VECTOR('',#1933,1.);
#1933 = DIRECTION('',(0.,0.,1.));
#1934 = PCURVE('',#270,#1935);
#1935 = DEFINITIONAL_REPRESENTATION('',(#1936),#1940);
#1936 = LINE('',#1937,#1938);
#1937 = CARTESIAN_POINT('',(0.,22.2));
#1938 = VECTOR('',#1939,1.);
#1939 = DIRECTION('',(1.,0.));
#1940 = ( GEOMETRIC_REPRESENTATION_CONTEXT(2) 
PARAMETRIC_REPRESENTATION_CONTEXT() REPRESENTATION_CONTEXT('2D SPACE',''
  ) );
#1941 = PCURVE('',#1942,#1947);
#1942 = PLANE('',#1943);
#1943 = AXIS2_PLACEMENT_3D('',#1944,#1945,#1946);
#1944 = CARTESIAN_POINT('',(-12.8,-9.6,10.1));
#1945 = DIRECTION('',(1.,0.,0.));
#1946 = DIRECTION('',(0.,0.,1.));
#1947 = DEFINITIONAL_REPRESENTATION('',(#1948),#1952);
#1948 = LINE('',#1949,#1950);
#1949 = CARTESIAN_POINT('',(0.,0.));
#1950 = VECTOR('',#1951,1.);
#1951 = DIRECTION('',(1.,0.));
#1952 = ( GEOMETRIC_REPRESENTATION_CONTEXT(2) 
PARAMETRIC_REPRESENTATION_CONTEXT() REPRESENTATION_CONTEXT('2D SPACE',''
  ) );
#1953 = ADVANCED_FACE('',(#1954),#352,.T.);
#1954 = FACE_BOUND('',#1955,.T.);
#1955 = EDGE_LOOP('',(#1956,#1957,#1958,#1981));
#1956 = ORIENTED_EDGE('',*,*,#338,.F.);
#1957 = ORIENTED_EDGE('',*,*,#1881,.T.);
#1958 = ORIENTED_EDGE('',*,*,#1959,.T.);
#1959 = EDGE_CURVE('',#1882,#1960,#1962,.T.);
#1960 = VERTEX_POINT('',#1961);
#1961 = CARTESIAN_POINT('',(-12.8,9.6,10.1));
#1962 = SURFACE_CURVE('',#1963,(#1967,#1974),.PCURVE_S1.);
#1963 = LINE('',#1964,#1965);
#1964 = CARTESIAN_POINT('',(-12.8,-9.6,10.1));
#1965 = VECTOR('',#1966,1.);
#1966 = DIRECTION('',(0.,1.,0.));
#1967 = PCURVE('',#352,#1968);
#1968 = DEFINITIONAL_REPRESENTATION('',(#1969),#1973);
#1969 = LINE('',#1970,#1971);
#1970 = CARTESIAN_POINT('',(22.2,0.));
#1971 = VECTOR('',#1972,1.);
#1972 = DIRECTION('',(0.,1.));
#1973 = ( GEOMETRIC_REPRESENTATION_CONTEXT(2) 
PARAMETRIC_REPRESENTATION_CONTEXT() REPRESENTATION_CONTEXT('2D SPACE',''
  ) );
#1974 = PCURVE('',#1942,#1975);
#1975 = DEFINITIONAL_REPRESENTATION('',(#1976),#1980);
#1976 = LINE('',#1977,#1978);
#1977 = CARTESIAN_POINT('',(0.,0.));
#1978 = VECTOR('',#1979,1.);
#1979 = DIRECTION('',(0.,-1.));
#1980 = ( GEOMETRIC_REPRESENTATION_CONTEXT(2) 
PARAMETRIC_REPRESENTATION_CONTEXT() REPRESENTATION_CONTEXT('2D SPACE',''
  ) );
#1981 = ORIENTED_EDGE('',*,*,#1982,.F.);
#1982 = EDGE_CURVE('',#311,#1960,#1983,.T.);
#1983 = SURFACE_CURVE('',#1984,(#1988,#1995),.PCURVE_S1.);
#1984 = LINE('',#1985,#1986);
#1985 = CARTESIAN_POINT('',(-35.,9.6,10.1));
#1986 = VECTOR('',#1987,1.);
#1987 = DIRECTION('',(1.,0.,0.));
#1988 = PCURVE('',#352,#1989);
#1989 = DEFINITIONAL_REPRESENTATION('',(#1990),#1994);
#1990 = LINE('',#1991,#1992);
#1991 = CARTESIAN_POINT('',(0.,19.2));
#1992 = VECTOR('',#1993,1.);
#1993 = DIRECTION('',(1.,0.));
#1994 = ( GEOMETRIC_REPRESENTATION_CONTEXT(2) 
PARAMETRIC_REPRESENTATION_CONTEXT() REPRESENTATION_CONTEXT('2D SPACE',''
  ) );
#1995 = PCURVE('',#326,#1996);
#1996 = DEFINITIONAL_REPRESENTATION('',(#1997),#2001);
#1997 = LINE('',#1998,#1999);
#1998 = CARTESIAN_POINT('',(0.,0.));
#1999 = VECTOR('',#2000,1.);
#2000 = DIRECTION('',(0.,1.));
#2001 = ( GEOMETRIC_REPRESENTATION_CONTEXT(2) 
PARAMETRIC_REPRESENTATION_CONTEXT() REPRESENTATION_CONTEXT('2D SPACE',''
  ) );
#2002 = ADVANCED_FACE('',(#2003),#326,.F.);
#2003 = FACE_BOUND('',#2004,.F.);
#2004 = EDGE_LOOP('',(#2005,#2006,#2007,#2030));
#2005 = ORIENTED_EDGE('',*,*,#1982,.F.);
#2006 = ORIENTED_EDGE('',*,*,#310,.T.);
#2007 = ORIENTED_EDGE('',*,*,#2008,.T.);
#2008 = EDGE_CURVE('',#283,#2009,#2011,.T.);
#2009 = VERTEX_POINT('',#2010);
#2010 = CARTESIAN_POINT('',(-12.8,9.6,19.9));
#2011 = SURFACE_CURVE('',#2012,(#2016,#2023),.PCURVE_S1.);
#2012 = LINE('',#2013,#2014);
#2013 = CARTESIAN_POINT('',(-35.,9.6,19.9));
#2014 = VECTOR('',#2015,1.);
#2015 = DIRECTION('',(1.,0.,0.));
#2016 = PCURVE('',#326,#2017);
#2017 = DEFINITIONAL_REPRESENTATION('',(#2018),#2022);
#2018 = LINE('',#2019,#2020);
#2019 = CARTESIAN_POINT('',(9.8,0.));
#2020 = VECTOR('',#2021,1.);
#2021 = DIRECTION('',(0.,1.));
#2022 = ( GEOMETRIC_REPRESENTATION_CONTEXT(2) 
PARAMETRIC_REPRESENTATION_CONTEXT() REPRESENTATION_CONTEXT('2D SPACE',''
  ) );
#2023 = PCURVE('',#298,#2024);
#2024 = DEFINITIONAL_REPRESENTATION('',(#2025),#2029);
#2025 = LINE('',#2026,#2027);
#2026 = CARTESIAN_POINT('',(0.,19.2));
#2027 = VECTOR('',#2028,1.);
#2028 = DIRECTION('',(1.,0.));
#2029 = ( GEOMETRIC_REPRESENTATION_CONTEXT(2) 
PARAMETRIC_REPRESENTATION_CONTEXT() REPRESENTATION_CONTEXT('2D SPACE',''
  ) );
#2030 = ORIENTED_EDGE('',*,*,#2031,.F.);
#2031 = EDGE_CURVE('',#1960,#2009,#2032,.T.);
#2032 = SURFACE_CURVE('',#2033,(#2037,#2044),.PCURVE_S1.);
#2033 = LINE('',#2034,#2035);
#2034 = CARTESIAN_POINT('',(-12.8,9.6,10.1));
#2035 = VECTOR('',#2036,1.);
#2036 = DIRECTION('',(0.,0.,1.));
#2037 = PCURVE('',#326,#2038);
#2038 = DEFINITIONAL_REPRESENTATION('',(#2039),#2043);
#2039 = LINE('',#2040,#2041);
#2040 = CARTESIAN_POINT('',(0.,22.2));
#2041 = VECTOR('',#2042,1.);
#2042 = DIRECTION('',(1.,0.));
#2043 = ( GEOMETRIC_REPRESENTATION_CONTEXT(2) 
PARAMETRIC_REPRESENTATION_CONTEXT() REPRESENTATION_CONTEXT('2D SPACE',''
  ) );
#2044 = PCURVE('',#1942,#2045);
#2045 = DEFINITIONAL_REPRESENTATION('',(#2046),#2050);
#2046 = LINE('',#2047,#2048);
#2047 = CARTESIAN_POINT('',(0.,-19.2));
#2048 = VECTOR('',#2049,1.);
#2049 = DIRECTION('',(1.,0.));
#2050 = ( GEOMETRIC_REPRESENTATION_CONTEXT(2) 
PARAMETRIC_REPRESENTATION_CONTEXT() REPRESENTATION_CONTEXT('2D SPACE',''
  ) );
#2051 = ADVANCED_FACE('',(#2052),#298,.F.);
#2052 = FACE_BOUND('',#2053,.F.);
#2053 = EDGE_LOOP('',(#2054,#2055,#2056,#2077));
#2054 = ORIENTED_EDGE('',*,*,#282,.F.);
#2055 = ORIENTED_EDGE('',*,*,#1905,.T.);
#2056 = ORIENTED_EDGE('',*,*,#2057,.T.);
#2057 = EDGE_CURVE('',#1906,#2009,#2058,.T.);
#2058 = SURFACE_CURVE('',#2059,(#2063,#2070),.PCURVE_S1.);
#2059 = LINE('',#2060,#2061);
#2060 = CARTESIAN_POINT('',(-12.8,-9.6,19.9));
#2061 = VECTOR('',#2062,1.);
#2062 = DIRECTION('',(0.,1.,0.));
#2063 = PCURVE('',#298,#2064);
#2064 = DEFINITIONAL_REPRESENTATION('',(#2065),#2069);
#2065 = LINE('',#2066,#2067);
#2066 = CARTESIAN_POINT('',(22.2,0.));
#2067 = VECTOR('',#2068,1.);
#2068 = DIRECTION('',(0.,1.));
#2069 = ( GEOMETRIC_REPRESENTATION_CONTEXT(2) 
PARAMETRIC_REPRESENTATION_CONTEXT() REPRESENTATION_CONTEXT('2D SPACE',''
  ) );
#2070 = PCURVE('',#1942,#2071);
#2071 = DEFINITIONAL_REPRESENTATION('',(#2072),#2076);
#2072 = LINE('',#2073,#2074);
#2073 = CARTESIAN_POINT('',(9.8,0.));
#2074 = VECTOR('',#2075,1.);
#2075 = DIRECTION('',(0.,-1.));
#2076 = ( GEOMETRIC_REPRESENTATION_CONTEXT(2) 
PARAMETRIC_REPRESENTATION_CONTEXT() REPRESENTATION_CONTEXT('2D SPACE',''
  ) );
#2077 = ORIENTED_EDGE('',*,*,#2008,.F.);
#2078 = ADVANCED_FACE('',(#2079,#2162,#2193),#385,.T.);
#2079 = FACE_BOUND('',#2080,.T.);
#2080 = EDGE_LOOP('',(#2081,#2082,#2083,#2084,#2085,#2108,#2136,#2157,
    #2158,#2159,#2160,#2161));
#2081 = ORIENTED_EDGE('',*,*,#367,.F.);
#2082 = ORIENTED_EDGE('',*,*,#1067,.T.);
#2083 = ORIENTED_EDGE('',*,*,#1287,.T.);
#2084 = ORIENTED_EDGE('',*,*,#1667,.F.);
#2085 = ORIENTED_EDGE('',*,*,#2086,.F.);
#2086 = EDGE_CURVE('',#2087,#1640,#2089,.T.);
#2087 = VERTEX_POINT('',#2088);
#2088 = CARTESIAN_POINT('',(35.,2.,147.));
#2089 = SURFACE_CURVE('',#2090,(#2094,#2101),.PCURVE_S1.);
#2090 = LINE('',#2091,#2092);
#2091 = CARTESIAN_POINT('',(35.,2.,147.));
#2092 = VECTOR('',#2093,1.);
#2093 = DIRECTION('',(0.,0.,1.));
#2094 = PCURVE('',#385,#2095);
#2095 = DEFINITIONAL_REPRESENTATION('',(#2096),#2100);
#2096 = LINE('',#2097,#2098);
#2097 = CARTESIAN_POINT('',(147.,-32.));
#2098 = VECTOR('',#2099,1.);
#2099 = DIRECTION('',(1.,0.));
#2100 = ( GEOMETRIC_REPRESENTATION_CONTEXT(2) 
PARAMETRIC_REPRESENTATION_CONTEXT() REPRESENTATION_CONTEXT('2D SPACE',''
  ) );
#2101 = PCURVE('',#1655,#2102);
#2102 = DEFINITIONAL_REPRESENTATION('',(#2103),#2107);
#2103 = LINE('',#2104,#2105);
#2104 = CARTESIAN_POINT('',(0.,3.));
#2105 = VECTOR('',#2106,1.);
#2106 = DIRECTION('',(1.,0.));
#2107 = ( GEOMETRIC_REPRESENTATION_CONTEXT(2) 
PARAMETRIC_REPRESENTATION_CONTEXT() REPRESENTATION_CONTEXT('2D SPACE',''
  ) );
#2108 = ORIENTED_EDGE('',*,*,#2109,.F.);
#2109 = EDGE_CURVE('',#2110,#2087,#2112,.T.);
#2110 = VERTEX_POINT('',#2111);
#2111 = CARTESIAN_POINT('',(35.,-2.,147.));
#2112 = SURFACE_CURVE('',#2113,(#2117,#2124),.PCURVE_S1.);
#2113 = LINE('',#2114,#2115);
#2114 = CARTESIAN_POINT('',(35.,-2.,147.));
#2115 = VECTOR('',#2116,1.);
#2116 = DIRECTION('',(0.,1.,0.));
#2117 = PCURVE('',#385,#2118);
#2118 = DEFINITIONAL_REPRESENTATION('',(#2119),#2123);
#2119 = LINE('',#2120,#2121);
#2120 = CARTESIAN_POINT('',(147.,-28.));
#2121 = VECTOR('',#2122,1.);
#2122 = DIRECTION('',(0.,-1.));
#2123 = ( GEOMETRIC_REPRESENTATION_CONTEXT(2) 
PARAMETRIC_REPRESENTATION_CONTEXT() REPRESENTATION_CONTEXT('2D SPACE',''
  ) );
#2124 = PCURVE('',#2125,#2130);
#2125 = PLANE('',#2126);
#2126 = AXIS2_PLACEMENT_3D('',#2127,#2128,#2129);
#2127 = CARTESIAN_POINT('',(32.,-2.,147.));
#2128 = DIRECTION('',(0.,0.,1.));
#2129 = DIRECTION('',(1.,0.,0.));
#2130 = DEFINITIONAL_REPRESENTATION('',(#2131),#2135);
#2131 = LINE('',#2132,#2133);
#2132 = CARTESIAN_POINT('',(3.,0.));
#2133 = VECTOR('',#2134,1.);
#2134 = DIRECTION('',(0.,1.));
#2135 = ( GEOMETRIC_REPRESENTATION_CONTEXT(2) 
PARAMETRIC_REPRESENTATION_CONTEXT() REPRESENTATION_CONTEXT('2D SPACE',''
  ) );
#2136 = ORIENTED_EDGE('',*,*,#2137,.T.);
#2137 = EDGE_CURVE('',#2110,#1561,#2138,.T.);
#2138 = SURFACE_CURVE('',#2139,(#2143,#2150),.PCURVE_S1.);
#2139 = LINE('',#2140,#2141);
#2140 = CARTESIAN_POINT('',(35.,-2.,147.));
#2141 = VECTOR('',#2142,1.);
#2142 = DIRECTION('',(0.,0.,1.));
#2143 = PCURVE('',#385,#2144);
#2144 = DEFINITIONAL_REPRESENTATION('',(#2145),#2149);
#2145 = LINE('',#2146,#2147);
#2146 = CARTESIAN_POINT('',(147.,-28.));
#2147 = VECTOR('',#2148,1.);
#2148 = DIRECTION('',(1.,0.));
#2149 = ( GEOMETRIC_REPRESENTATION_CONTEXT(2) 
PARAMETRIC_REPRESENTATION_CONTEXT() REPRESENTATION_CONTEXT('2D SPACE',''
  ) );
#2150 = PCURVE('',#1599,#2151);
#2151 = DEFINITIONAL_REPRESENTATION('',(#2152),#2156);
#2152 = LINE('',#2153,#2154);
#2153 = CARTESIAN_POINT('',(0.,3.));
#2154 = VECTOR('',#2155,1.);
#2155 = DIRECTION('',(1.,0.));
#2156 = ( GEOMETRIC_REPRESENTATION_CONTEXT(2) 
PARAMETRIC_REPRESENTATION_CONTEXT() REPRESENTATION_CONTEXT('2D SPACE',''
  ) );
#2157 = ORIENTED_EDGE('',*,*,#1560,.F.);
#2158 = ORIENTED_EDGE('',*,*,#1854,.F.);
#2159 = ORIENTED_EDGE('',*,*,#1807,.F.);
#2160 = ORIENTED_EDGE('',*,*,#1511,.F.);
#2161 = ORIENTED_EDGE('',*,*,#1170,.T.);
#2162 = FACE_BOUND('',#2163,.T.);
#2163 = EDGE_LOOP('',(#2164));
#2164 = ORIENTED_EDGE('',*,*,#2165,.F.);
#2165 = EDGE_CURVE('',#2166,#2166,#2168,.T.);
#2166 = VERTEX_POINT('',#2167);
#2167 = CARTESIAN_POINT('',(35.,5.15,125.));
#2168 = SURFACE_CURVE('',#2169,(#2174,#2181),.PCURVE_S1.);
#2169 = CIRCLE('',#2170,5.15);
#2170 = AXIS2_PLACEMENT_3D('',#2171,#2172,#2173);
#2171 = CARTESIAN_POINT('',(35.,0.,125.));
#2172 = DIRECTION('',(1.,0.,0.));
#2173 = DIRECTION('',(0.,1.,0.));
#2174 = PCURVE('',#385,#2175);
#2175 = DEFINITIONAL_REPRESENTATION('',(#2176),#2180);
#2176 = CIRCLE('',#2177,5.15);
#2177 = AXIS2_PLACEMENT_2D('',#2178,#2179);
#2178 = CARTESIAN_POINT('',(125.,-30.));
#2179 = DIRECTION('',(0.,-1.));
#2180 = ( GEOMETRIC_REPRESENTATION_CONTEXT(2) 
PARAMETRIC_REPRESENTATION_CONTEXT() REPRESENTATION_CONTEXT('2D SPACE',''
  ) );
#2181 = PCURVE('',#2182,#2187);
#2182 = CYLINDRICAL_SURFACE('',#2183,5.15);
#2183 = AXIS2_PLACEMENT_3D('',#2184,#2185,#2186);
#2184 = CARTESIAN_POINT('',(35.,0.,125.));
#2185 = DIRECTION('',(1.,0.,0.));
#2186 = DIRECTION('',(0.,1.,0.));
#2187 = DEFINITIONAL_REPRESENTATION('',(#2188),#2192);
#2188 = LINE('',#2189,#2190);
#2189 = CARTESIAN_POINT('',(0.,0.));
#2190 = VECTOR('',#2191,1.);
#2191 = DIRECTION('',(1.,0.));
#2192 = ( GEOMETRIC_REPRESENTATION_CONTEXT(2) 
PARAMETRIC_REPRESENTATION_CONTEXT() REPRESENTATION_CONTEXT('2D SPACE',''
  ) );
#2193 = FACE_BOUND('',#2194,.T.);
#2194 = EDGE_LOOP('',(#2195));
#2195 = ORIENTED_EDGE('',*,*,#2196,.F.);
#2196 = EDGE_CURVE('',#2197,#2197,#2199,.T.);
#2197 = VERTEX_POINT('',#2198);
#2198 = CARTESIAN_POINT('',(35.,-43.75,152.));
#2199 = SURFACE_CURVE('',#2200,(#2205,#2212),.PCURVE_S1.);
#2200 = CIRCLE('',#2201,2.5);
#2201 = AXIS2_PLACEMENT_3D('',#2202,#2203,#2204);
#2202 = CARTESIAN_POINT('',(35.,-46.25,152.));
#2203 = DIRECTION('',(1.,0.,0.));
#2204 = DIRECTION('',(0.,1.,0.));
#2205 = PCURVE('',#385,#2206);
#2206 = DEFINITIONAL_REPRESENTATION('',(#2207),#2211);
#2207 = CIRCLE('',#2208,2.5);
#2208 = AXIS2_PLACEMENT_2D('',#2209,#2210);
#2209 = CARTESIAN_POINT('',(152.,16.25));
#2210 = DIRECTION('',(0.,-1.));
#2211 = ( GEOMETRIC_REPRESENTATION_CONTEXT(2) 
PARAMETRIC_REPRESENTATION_CONTEXT() REPRESENTATION_CONTEXT('2D SPACE',''
  ) );
#2212 = PCURVE('',#2213,#2218);
#2213 = CYLINDRICAL_SURFACE('',#2214,2.5);
#2214 = AXIS2_PLACEMENT_3D('',#2215,#2216,#2217);
#2215 = CARTESIAN_POINT('',(35.,-46.25,152.));
#2216 = DIRECTION('',(1.,0.,0.));
#2217 = DIRECTION('',(0.,1.,0.));
#2218 = DEFINITIONAL_REPRESENTATION('',(#2219),#2223);
#2219 = LINE('',#2220,#2221);
#2220 = CARTESIAN_POINT('',(0.,0.));
#2221 = VECTOR('',#2222,1.);
#2222 = DIRECTION('',(1.,0.));
#2223 = ( GEOMETRIC_REPRESENTATION_CONTEXT(2) 
PARAMETRIC_REPRESENTATION_CONTEXT() REPRESENTATION_CONTEXT('2D SPACE',''
  ) );
#2224 = ADVANCED_FACE('',(#2225),#458,.T.);
#2225 = FACE_BOUND('',#2226,.T.);
#2226 = EDGE_LOOP('',(#2227,#2248,#2269,#2270));
#2227 = ORIENTED_EDGE('',*,*,#2228,.F.);
#2228 = EDGE_CURVE('',#2229,#443,#2231,.T.);
#2229 = VERTEX_POINT('',#2230);
#2230 = CARTESIAN_POINT('',(-25.,-62.5,82.5));
#2231 = SURFACE_CURVE('',#2232,(#2236,#2242),.PCURVE_S1.);
#2232 = LINE('',#2233,#2234);
#2233 = CARTESIAN_POINT('',(-25.,-62.5,82.5));
#2234 = VECTOR('',#2235,1.);
#2235 = DIRECTION('',(0.,1.,0.));
#2236 = PCURVE('',#458,#2237);
#2237 = DEFINITIONAL_REPRESENTATION('',(#2238),#2241);
#2238 = B_SPLINE_CURVE_WITH_KNOTS('',1,(#2239,#2240),.UNSPECIFIED.,.F.,
  .F.,(2,2),(0.,32.5),.PIECEWISE_BEZIER_KNOTS.);
#2239 = CARTESIAN_POINT('',(2.6,0.));
#2240 = CARTESIAN_POINT('',(2.6,-32.5));
#2241 = ( GEOMETRIC_REPRESENTATION_CONTEXT(2) 
PARAMETRIC_REPRESENTATION_CONTEXT() REPRESENTATION_CONTEXT('2D SPACE',''
  ) );
#2242 = PCURVE('',#486,#2243);
#2243 = DEFINITIONAL_REPRESENTATION('',(#2244),#2247);
#2244 = B_SPLINE_CURVE_WITH_KNOTS('',1,(#2245,#2246),.UNSPECIFIED.,.F.,
  .F.,(2,2),(0.,32.5),.PIECEWISE_BEZIER_KNOTS.);
#2245 = CARTESIAN_POINT('',(7.5,0.));
#2246 = CARTESIAN_POINT('',(7.5,32.5));
#2247 = ( GEOMETRIC_REPRESENTATION_CONTEXT(2) 
PARAMETRIC_REPRESENTATION_CONTEXT() REPRESENTATION_CONTEXT('2D SPACE',''
  ) );
#2248 = ORIENTED_EDGE('',*,*,#2249,.F.);
#2249 = EDGE_CURVE('',#1214,#2229,#2250,.T.);
#2250 = SURFACE_CURVE('',#2251,(#2255,#2262),.PCURVE_S1.);
#2251 = LINE('',#2252,#2253);
#2252 = CARTESIAN_POINT('',(-25.,-62.5,79.9));
#2253 = VECTOR('',#2254,1.);
#2254 = DIRECTION('',(0.,0.,1.));
#2255 = PCURVE('',#458,#2256);
#2256 = DEFINITIONAL_REPRESENTATION('',(#2257),#2261);
#2257 = LINE('',#2258,#2259);
#2258 = CARTESIAN_POINT('',(0.,0.));
#2259 = VECTOR('',#2260,1.);
#2260 = DIRECTION('',(1.,0.));
#2261 = ( GEOMETRIC_REPRESENTATION_CONTEXT(2) 
PARAMETRIC_REPRESENTATION_CONTEXT() REPRESENTATION_CONTEXT('2D SPACE',''
  ) );
#2262 = PCURVE('',#1228,#2263);
#2263 = DEFINITIONAL_REPRESENTATION('',(#2264),#2268);
#2264 = LINE('',#2265,#2266);
#2265 = CARTESIAN_POINT('',(0.,0.));
#2266 = VECTOR('',#2267,1.);
#2267 = DIRECTION('',(1.,0.));
#2268 = ( GEOMETRIC_REPRESENTATION_CONTEXT(2) 
PARAMETRIC_REPRESENTATION_CONTEXT() REPRESENTATION_CONTEXT('2D SPACE',''
  ) );
#2269 = ORIENTED_EDGE('',*,*,#1240,.T.);
#2270 = ORIENTED_EDGE('',*,*,#442,.T.);
#2271 = ADVANCED_FACE('',(#2272),#486,.T.);
#2272 = FACE_BOUND('',#2273,.T.);
#2273 = EDGE_LOOP('',(#2274,#2275,#2298,#2319));
#2274 = ORIENTED_EDGE('',*,*,#470,.F.);
#2275 = ORIENTED_EDGE('',*,*,#2276,.F.);
#2276 = EDGE_CURVE('',#2277,#471,#2279,.T.);
#2277 = VERTEX_POINT('',#2278);
#2278 = CARTESIAN_POINT('',(-32.5,-62.5,82.5));
#2279 = SURFACE_CURVE('',#2280,(#2284,#2291),.PCURVE_S1.);
#2280 = LINE('',#2281,#2282);
#2281 = CARTESIAN_POINT('',(-32.5,-62.5,82.5));
#2282 = VECTOR('',#2283,1.);
#2283 = DIRECTION('',(0.,1.,0.));
#2284 = PCURVE('',#486,#2285);
#2285 = DEFINITIONAL_REPRESENTATION('',(#2286),#2290);
#2286 = LINE('',#2287,#2288);
#2287 = CARTESIAN_POINT('',(0.,0.));
#2288 = VECTOR('',#2289,1.);
#2289 = DIRECTION('',(0.,1.));
#2290 = ( GEOMETRIC_REPRESENTATION_CONTEXT(2) 
PARAMETRIC_REPRESENTATION_CONTEXT() REPRESENTATION_CONTEXT('2D SPACE',''
  ) );
#2291 = PCURVE('',#514,#2292);
#2292 = DEFINITIONAL_REPRESENTATION('',(#2293),#2297);
#2293 = LINE('',#2294,#2295);
#2294 = CARTESIAN_POINT('',(0.,0.));
#2295 = VECTOR('',#2296,1.);
#2296 = DIRECTION('',(0.,-1.));
#2297 = ( GEOMETRIC_REPRESENTATION_CONTEXT(2) 
PARAMETRIC_REPRESENTATION_CONTEXT() REPRESENTATION_CONTEXT('2D SPACE',''
  ) );
#2298 = ORIENTED_EDGE('',*,*,#2299,.T.);
#2299 = EDGE_CURVE('',#2277,#2229,#2300,.T.);
#2300 = SURFACE_CURVE('',#2301,(#2305,#2312),.PCURVE_S1.);
#2301 = LINE('',#2302,#2303);
#2302 = CARTESIAN_POINT('',(-32.5,-62.5,82.5));
#2303 = VECTOR('',#2304,1.);
#2304 = DIRECTION('',(1.,0.,0.));
#2305 = PCURVE('',#486,#2306);
#2306 = DEFINITIONAL_REPRESENTATION('',(#2307),#2311);
#2307 = LINE('',#2308,#2309);
#2308 = CARTESIAN_POINT('',(0.,0.));
#2309 = VECTOR('',#2310,1.);
#2310 = DIRECTION('',(1.,0.));
#2311 = ( GEOMETRIC_REPRESENTATION_CONTEXT(2) 
PARAMETRIC_REPRESENTATION_CONTEXT() REPRESENTATION_CONTEXT('2D SPACE',''
  ) );
#2312 = PCURVE('',#1228,#2313);
#2313 = DEFINITIONAL_REPRESENTATION('',(#2314),#2318);
#2314 = LINE('',#2315,#2316);
#2315 = CARTESIAN_POINT('',(2.6,-7.5));
#2316 = VECTOR('',#2317,1.);
#2317 = DIRECTION('',(0.,1.));
#2318 = ( GEOMETRIC_REPRESENTATION_CONTEXT(2) 
PARAMETRIC_REPRESENTATION_CONTEXT() REPRESENTATION_CONTEXT('2D SPACE',''
  ) );
#2319 = ORIENTED_EDGE('',*,*,#2228,.T.);
#2320 = ADVANCED_FACE('',(#2321),#514,.T.);
#2321 = FACE_BOUND('',#2322,.T.);
#2322 = EDGE_LOOP('',(#2323,#2346,#2347,#2348));
#2323 = ORIENTED_EDGE('',*,*,#2324,.F.);
#2324 = EDGE_CURVE('',#2277,#2325,#2327,.T.);
#2325 = VERTEX_POINT('',#2326);
#2326 = CARTESIAN_POINT('',(-32.5,-62.5,157.5));
#2327 = SURFACE_CURVE('',#2328,(#2332,#2339),.PCURVE_S1.);
#2328 = LINE('',#2329,#2330);
#2329 = CARTESIAN_POINT('',(-32.5,-62.5,82.5));
#2330 = VECTOR('',#2331,1.);
#2331 = DIRECTION('',(0.,0.,1.));
#2332 = PCURVE('',#514,#2333);
#2333 = DEFINITIONAL_REPRESENTATION('',(#2334),#2338);
#2334 = LINE('',#2335,#2336);
#2335 = CARTESIAN_POINT('',(0.,0.));
#2336 = VECTOR('',#2337,1.);
#2337 = DIRECTION('',(1.,0.));
#2338 = ( GEOMETRIC_REPRESENTATION_CONTEXT(2) 
PARAMETRIC_REPRESENTATION_CONTEXT() REPRESENTATION_CONTEXT('2D SPACE',''
  ) );
#2339 = PCURVE('',#1228,#2340);
#2340 = DEFINITIONAL_REPRESENTATION('',(#2341),#2345);
#2341 = LINE('',#2342,#2343);
#2342 = CARTESIAN_POINT('',(2.6,-7.5));
#2343 = VECTOR('',#2344,1.);
#2344 = DIRECTION('',(1.,0.));
#2345 = ( GEOMETRIC_REPRESENTATION_CONTEXT(2) 
PARAMETRIC_REPRESENTATION_CONTEXT() REPRESENTATION_CONTEXT('2D SPACE',''
  ) );
#2346 = ORIENTED_EDGE('',*,*,#2276,.T.);
#2347 = ORIENTED_EDGE('',*,*,#498,.T.);
#2348 = ORIENTED_EDGE('',*,*,#2349,.F.);
#2349 = EDGE_CURVE('',#2325,#499,#2350,.T.);
#2350 = SURFACE_CURVE('',#2351,(#2355,#2362),.PCURVE_S1.);
#2351 = LINE('',#2352,#2353);
#2352 = CARTESIAN_POINT('',(-32.5,-62.5,157.5));
#2353 = VECTOR('',#2354,1.);
#2354 = DIRECTION('',(0.,1.,0.));
#2355 = PCURVE('',#514,#2356);
#2356 = DEFINITIONAL_REPRESENTATION('',(#2357),#2361);
#2357 = LINE('',#2358,#2359);
#2358 = CARTESIAN_POINT('',(75.,0.));
#2359 = VECTOR('',#2360,1.);
#2360 = DIRECTION('',(0.,-1.));
#2361 = ( GEOMETRIC_REPRESENTATION_CONTEXT(2) 
PARAMETRIC_REPRESENTATION_CONTEXT() REPRESENTATION_CONTEXT('2D SPACE',''
  ) );
#2362 = PCURVE('',#542,#2363);
#2363 = DEFINITIONAL_REPRESENTATION('',(#2364),#2368);
#2364 = LINE('',#2365,#2366);
#2365 = CARTESIAN_POINT('',(0.,0.));
#2366 = VECTOR('',#2367,1.);
#2367 = DIRECTION('',(0.,1.));
#2368 = ( GEOMETRIC_REPRESENTATION_CONTEXT(2) 
PARAMETRIC_REPRESENTATION_CONTEXT() REPRESENTATION_CONTEXT('2D SPACE',''
  ) );
#2369 = ADVANCED_FACE('',(#2370),#542,.F.);
#2370 = FACE_BOUND('',#2371,.F.);
#2371 = EDGE_LOOP('',(#2372,#2373,#2396,#2417));
#2372 = ORIENTED_EDGE('',*,*,#2349,.F.);
#2373 = ORIENTED_EDGE('',*,*,#2374,.T.);
#2374 = EDGE_CURVE('',#2325,#2375,#2377,.T.);
#2375 = VERTEX_POINT('',#2376);
#2376 = CARTESIAN_POINT('',(32.5,-62.5,157.5));
#2377 = SURFACE_CURVE('',#2378,(#2382,#2389),.PCURVE_S1.);
#2378 = LINE('',#2379,#2380);
#2379 = CARTESIAN_POINT('',(-32.5,-62.5,157.5));
#2380 = VECTOR('',#2381,1.);
#2381 = DIRECTION('',(1.,0.,0.));
#2382 = PCURVE('',#542,#2383);
#2383 = DEFINITIONAL_REPRESENTATION('',(#2384),#2388);
#2384 = LINE('',#2385,#2386);
#2385 = CARTESIAN_POINT('',(0.,0.));
#2386 = VECTOR('',#2387,1.);
#2387 = DIRECTION('',(1.,0.));
#2388 = ( GEOMETRIC_REPRESENTATION_CONTEXT(2) 
PARAMETRIC_REPRESENTATION_CONTEXT() REPRESENTATION_CONTEXT('2D SPACE',''
  ) );
#2389 = PCURVE('',#1228,#2390);
#2390 = DEFINITIONAL_REPRESENTATION('',(#2391),#2395);
#2391 = LINE('',#2392,#2393);
#2392 = CARTESIAN_POINT('',(77.6,-7.5));
#2393 = VECTOR('',#2394,1.);
#2394 = DIRECTION('',(0.,1.));
#2395 = ( GEOMETRIC_REPRESENTATION_CONTEXT(2) 
PARAMETRIC_REPRESENTATION_CONTEXT() REPRESENTATION_CONTEXT('2D SPACE',''
  ) );
#2396 = ORIENTED_EDGE('',*,*,#2397,.T.);
#2397 = EDGE_CURVE('',#2375,#527,#2398,.T.);
#2398 = SURFACE_CURVE('',#2399,(#2403,#2410),.PCURVE_S1.);
#2399 = LINE('',#2400,#2401);
#2400 = CARTESIAN_POINT('',(32.5,-62.5,157.5));
#2401 = VECTOR('',#2402,1.);
#2402 = DIRECTION('',(0.,1.,0.));
#2403 = PCURVE('',#542,#2404);
#2404 = DEFINITIONAL_REPRESENTATION('',(#2405),#2409);
#2405 = LINE('',#2406,#2407);
#2406 = CARTESIAN_POINT('',(65.,0.));
#2407 = VECTOR('',#2408,1.);
#2408 = DIRECTION('',(0.,1.));
#2409 = ( GEOMETRIC_REPRESENTATION_CONTEXT(2) 
PARAMETRIC_REPRESENTATION_CONTEXT() REPRESENTATION_CONTEXT('2D SPACE',''
  ) );
#2410 = PCURVE('',#570,#2411);
#2411 = DEFINITIONAL_REPRESENTATION('',(#2412),#2416);
#2412 = LINE('',#2413,#2414);
#2413 = CARTESIAN_POINT('',(75.,0.));
#2414 = VECTOR('',#2415,1.);
#2415 = DIRECTION('',(0.,-1.));
#2416 = ( GEOMETRIC_REPRESENTATION_CONTEXT(2) 
PARAMETRIC_REPRESENTATION_CONTEXT() REPRESENTATION_CONTEXT('2D SPACE',''
  ) );
#2417 = ORIENTED_EDGE('',*,*,#526,.F.);
#2418 = ADVANCED_FACE('',(#2419,#2467),#570,.F.);
#2419 = FACE_BOUND('',#2420,.F.);
#2420 = EDGE_LOOP('',(#2421,#2444,#2465,#2466));
#2421 = ORIENTED_EDGE('',*,*,#2422,.F.);
#2422 = EDGE_CURVE('',#2423,#2375,#2425,.T.);
#2423 = VERTEX_POINT('',#2424);
#2424 = CARTESIAN_POINT('',(32.5,-62.5,82.5));
#2425 = SURFACE_CURVE('',#2426,(#2430,#2437),.PCURVE_S1.);
#2426 = LINE('',#2427,#2428);
#2427 = CARTESIAN_POINT('',(32.5,-62.5,82.5));
#2428 = VECTOR('',#2429,1.);
#2429 = DIRECTION('',(0.,0.,1.));
#2430 = PCURVE('',#570,#2431);
#2431 = DEFINITIONAL_REPRESENTATION('',(#2432),#2436);
#2432 = LINE('',#2433,#2434);
#2433 = CARTESIAN_POINT('',(0.,0.));
#2434 = VECTOR('',#2435,1.);
#2435 = DIRECTION('',(1.,0.));
#2436 = ( GEOMETRIC_REPRESENTATION_CONTEXT(2) 
PARAMETRIC_REPRESENTATION_CONTEXT() REPRESENTATION_CONTEXT('2D SPACE',''
  ) );
#2437 = PCURVE('',#1228,#2438);
#2438 = DEFINITIONAL_REPRESENTATION('',(#2439),#2443);
#2439 = LINE('',#2440,#2441);
#2440 = CARTESIAN_POINT('',(2.6,57.5));
#2441 = VECTOR('',#2442,1.);
#2442 = DIRECTION('',(1.,0.));
#2443 = ( GEOMETRIC_REPRESENTATION_CONTEXT(2) 
PARAMETRIC_REPRESENTATION_CONTEXT() REPRESENTATION_CONTEXT('2D SPACE',''
  ) );
#2444 = ORIENTED_EDGE('',*,*,#2445,.T.);
#2445 = EDGE_CURVE('',#2423,#555,#2446,.T.);
#2446 = SURFACE_CURVE('',#2447,(#2451,#2458),.PCURVE_S1.);
#2447 = LINE('',#2448,#2449);
#2448 = CARTESIAN_POINT('',(32.5,-62.5,82.5));
#2449 = VECTOR('',#2450,1.);
#2450 = DIRECTION('',(0.,1.,0.));
#2451 = PCURVE('',#570,#2452);
#2452 = DEFINITIONAL_REPRESENTATION('',(#2453),#2457);
#2453 = LINE('',#2454,#2455);
#2454 = CARTESIAN_POINT('',(0.,0.));
#2455 = VECTOR('',#2456,1.);
#2456 = DIRECTION('',(0.,-1.));
#2457 = ( GEOMETRIC_REPRESENTATION_CONTEXT(2) 
PARAMETRIC_REPRESENTATION_CONTEXT() REPRESENTATION_CONTEXT('2D SPACE',''
  ) );
#2458 = PCURVE('',#598,#2459);
#2459 = DEFINITIONAL_REPRESENTATION('',(#2460),#2464);
#2460 = LINE('',#2461,#2462);
#2461 = CARTESIAN_POINT('',(65.,0.));
#2462 = VECTOR('',#2463,1.);
#2463 = DIRECTION('',(0.,1.));
#2464 = ( GEOMETRIC_REPRESENTATION_CONTEXT(2) 
PARAMETRIC_REPRESENTATION_CONTEXT() REPRESENTATION_CONTEXT('2D SPACE',''
  ) );
#2465 = ORIENTED_EDGE('',*,*,#554,.T.);
#2466 = ORIENTED_EDGE('',*,*,#2397,.F.);
#2467 = FACE_BOUND('',#2468,.F.);
#2468 = EDGE_LOOP('',(#2469));
#2469 = ORIENTED_EDGE('',*,*,#2470,.F.);
#2470 = EDGE_CURVE('',#2471,#2471,#2473,.T.);
#2471 = VERTEX_POINT('',#2472);
#2472 = CARTESIAN_POINT('',(32.5,-43.75,152.));
#2473 = SURFACE_CURVE('',#2474,(#2479,#2486),.PCURVE_S1.);
#2474 = CIRCLE('',#2475,2.5);
#2475 = AXIS2_PLACEMENT_3D('',#2476,#2477,#2478);
#2476 = CARTESIAN_POINT('',(32.5,-46.25,152.));
#2477 = DIRECTION('',(1.,0.,0.));
#2478 = DIRECTION('',(-0.,1.,0.));
#2479 = PCURVE('',#570,#2480);
#2480 = DEFINITIONAL_REPRESENTATION('',(#2481),#2485);
#2481 = CIRCLE('',#2482,2.5);
#2482 = AXIS2_PLACEMENT_2D('',#2483,#2484);
#2483 = CARTESIAN_POINT('',(69.5,-16.25));
#2484 = DIRECTION('',(0.,-1.));
#2485 = ( GEOMETRIC_REPRESENTATION_CONTEXT(2) 
PARAMETRIC_REPRESENTATION_CONTEXT() REPRESENTATION_CONTEXT('2D SPACE',''
  ) );
#2486 = PCURVE('',#2213,#2487);
#2487 = DEFINITIONAL_REPRESENTATION('',(#2488),#2492);
#2488 = LINE('',#2489,#2490);
#2489 = CARTESIAN_POINT('',(0.,-2.5));
#2490 = VECTOR('',#2491,1.);
#2491 = DIRECTION('',(1.,0.));
#2492 = ( GEOMETRIC_REPRESENTATION_CONTEXT(2) 
PARAMETRIC_REPRESENTATION_CONTEXT() REPRESENTATION_CONTEXT('2D SPACE',''
  ) );
#2493 = ADVANCED_FACE('',(#2494),#598,.T.);
#2494 = FACE_BOUND('',#2495,.T.);
#2495 = EDGE_LOOP('',(#2496,#2497,#2518,#2539));
#2496 = ORIENTED_EDGE('',*,*,#582,.F.);
#2497 = ORIENTED_EDGE('',*,*,#2498,.F.);
#2498 = EDGE_CURVE('',#2499,#583,#2501,.T.);
#2499 = VERTEX_POINT('',#2500);
#2500 = CARTESIAN_POINT('',(25.,-62.5,82.5));
#2501 = SURFACE_CURVE('',#2502,(#2506,#2512),.PCURVE_S1.);
#2502 = LINE('',#2503,#2504);
#2503 = CARTESIAN_POINT('',(25.,-62.5,82.5));
#2504 = VECTOR('',#2505,1.);
#2505 = DIRECTION('',(0.,1.,0.));
#2506 = PCURVE('',#598,#2507);
#2507 = DEFINITIONAL_REPRESENTATION('',(#2508),#2511);
#2508 = B_SPLINE_CURVE_WITH_KNOTS('',1,(#2509,#2510),.UNSPECIFIED.,.F.,
  .F.,(2,2),(0.,32.5),.PIECEWISE_BEZIER_KNOTS.);
#2509 = CARTESIAN_POINT('',(57.5,0.));
#2510 = CARTESIAN_POINT('',(57.5,32.5));
#2511 = ( GEOMETRIC_REPRESENTATION_CONTEXT(2) 
PARAMETRIC_REPRESENTATION_CONTEXT() REPRESENTATION_CONTEXT('2D SPACE',''
  ) );
#2512 = PCURVE('',#626,#2513);
#2513 = DEFINITIONAL_REPRESENTATION('',(#2514),#2517);
#2514 = B_SPLINE_CURVE_WITH_KNOTS('',1,(#2515,#2516),.UNSPECIFIED.,.F.,
  .F.,(2,2),(0.,32.5),.PIECEWISE_BEZIER_KNOTS.);
#2515 = CARTESIAN_POINT('',(2.6,0.));
#2516 = CARTESIAN_POINT('',(2.6,-32.5));
#2517 = ( GEOMETRIC_REPRESENTATION_CONTEXT(2) 
PARAMETRIC_REPRESENTATION_CONTEXT() REPRESENTATION_CONTEXT('2D SPACE',''
  ) );
#2518 = ORIENTED_EDGE('',*,*,#2519,.T.);
#2519 = EDGE_CURVE('',#2499,#2423,#2520,.T.);
#2520 = SURFACE_CURVE('',#2521,(#2525,#2532),.PCURVE_S1.);
#2521 = LINE('',#2522,#2523);
#2522 = CARTESIAN_POINT('',(-32.5,-62.5,82.5));
#2523 = VECTOR('',#2524,1.);
#2524 = DIRECTION('',(1.,0.,0.));
#2525 = PCURVE('',#598,#2526);
#2526 = DEFINITIONAL_REPRESENTATION('',(#2527),#2531);
#2527 = LINE('',#2528,#2529);
#2528 = CARTESIAN_POINT('',(0.,0.));
#2529 = VECTOR('',#2530,1.);
#2530 = DIRECTION('',(1.,0.));
#2531 = ( GEOMETRIC_REPRESENTATION_CONTEXT(2) 
PARAMETRIC_REPRESENTATION_CONTEXT() REPRESENTATION_CONTEXT('2D SPACE',''
  ) );
#2532 = PCURVE('',#1228,#2533);
#2533 = DEFINITIONAL_REPRESENTATION('',(#2534),#2538);
#2534 = LINE('',#2535,#2536);
#2535 = CARTESIAN_POINT('',(2.6,-7.5));
#2536 = VECTOR('',#2537,1.);
#2537 = DIRECTION('',(0.,1.));
#2538 = ( GEOMETRIC_REPRESENTATION_CONTEXT(2) 
PARAMETRIC_REPRESENTATION_CONTEXT() REPRESENTATION_CONTEXT('2D SPACE',''
  ) );
#2539 = ORIENTED_EDGE('',*,*,#2445,.T.);
#2540 = ADVANCED_FACE('',(#2541),#626,.F.);
#2541 = FACE_BOUND('',#2542,.F.);
#2542 = EDGE_LOOP('',(#2543,#2544,#2565,#2566));
#2543 = ORIENTED_EDGE('',*,*,#2498,.F.);
#2544 = ORIENTED_EDGE('',*,*,#2545,.F.);
#2545 = EDGE_CURVE('',#1193,#2499,#2546,.T.);
#2546 = SURFACE_CURVE('',#2547,(#2551,#2558),.PCURVE_S1.);
#2547 = LINE('',#2548,#2549);
#2548 = CARTESIAN_POINT('',(25.,-62.5,79.9));
#2549 = VECTOR('',#2550,1.);
#2550 = DIRECTION('',(0.,0.,1.));
#2551 = PCURVE('',#626,#2552);
#2552 = DEFINITIONAL_REPRESENTATION('',(#2553),#2557);
#2553 = LINE('',#2554,#2555);
#2554 = CARTESIAN_POINT('',(0.,0.));
#2555 = VECTOR('',#2556,1.);
#2556 = DIRECTION('',(1.,0.));
#2557 = ( GEOMETRIC_REPRESENTATION_CONTEXT(2) 
PARAMETRIC_REPRESENTATION_CONTEXT() REPRESENTATION_CONTEXT('2D SPACE',''
  ) );
#2558 = PCURVE('',#1228,#2559);
#2559 = DEFINITIONAL_REPRESENTATION('',(#2560),#2564);
#2560 = LINE('',#2561,#2562);
#2561 = CARTESIAN_POINT('',(0.,50.));
#2562 = VECTOR('',#2563,1.);
#2563 = DIRECTION('',(1.,0.));
#2564 = ( GEOMETRIC_REPRESENTATION_CONTEXT(2) 
PARAMETRIC_REPRESENTATION_CONTEXT() REPRESENTATION_CONTEXT('2D SPACE',''
  ) );
#2565 = ORIENTED_EDGE('',*,*,#1192,.T.);
#2566 = ORIENTED_EDGE('',*,*,#610,.T.);
#2567 = ADVANCED_FACE('',(#2568),#682,.F.);
#2568 = FACE_BOUND('',#2569,.F.);
#2569 = EDGE_LOOP('',(#2570,#2571,#2594,#2621));
#2570 = ORIENTED_EDGE('',*,*,#661,.F.);
#2571 = ORIENTED_EDGE('',*,*,#2572,.T.);
#2572 = EDGE_CURVE('',#662,#2573,#2575,.T.);
#2573 = VERTEX_POINT('',#2574);
#2574 = CARTESIAN_POINT('',(-22.75,-29.9,31.55));
#2575 = SEAM_CURVE('',#2576,(#2580,#2587),.PCURVE_S1.);
#2576 = LINE('',#2577,#2578);
#2577 = CARTESIAN_POINT('',(-22.75,-35.5,31.55));
#2578 = VECTOR('',#2579,1.);
#2579 = DIRECTION('',(-0.,1.,-0.));
#2580 = PCURVE('',#682,#2581);
#2581 = DEFINITIONAL_REPRESENTATION('',(#2582),#2586);
#2582 = LINE('',#2583,#2584);
#2583 = CARTESIAN_POINT('',(6.28318530718,0.));
#2584 = VECTOR('',#2585,1.);
#2585 = DIRECTION('',(0.,-1.));
#2586 = ( GEOMETRIC_REPRESENTATION_CONTEXT(2) 
PARAMETRIC_REPRESENTATION_CONTEXT() REPRESENTATION_CONTEXT('2D SPACE',''
  ) );
#2587 = PCURVE('',#682,#2588);
#2588 = DEFINITIONAL_REPRESENTATION('',(#2589),#2593);
#2589 = LINE('',#2590,#2591);
#2590 = CARTESIAN_POINT('',(0.,0.));
#2591 = VECTOR('',#2592,1.);
#2592 = DIRECTION('',(0.,-1.));
#2593 = ( GEOMETRIC_REPRESENTATION_CONTEXT(2) 
PARAMETRIC_REPRESENTATION_CONTEXT() REPRESENTATION_CONTEXT('2D SPACE',''
  ) );
#2594 = ORIENTED_EDGE('',*,*,#2595,.T.);
#2595 = EDGE_CURVE('',#2573,#2573,#2596,.T.);
#2596 = SURFACE_CURVE('',#2597,(#2602,#2609),.PCURVE_S1.);
#2597 = CIRCLE('',#2598,2.);
#2598 = AXIS2_PLACEMENT_3D('',#2599,#2600,#2601);
#2599 = CARTESIAN_POINT('',(-24.75,-29.9,31.55));
#2600 = DIRECTION('',(0.,-1.,0.));
#2601 = DIRECTION('',(1.,0.,0.));
#2602 = PCURVE('',#682,#2603);
#2603 = DEFINITIONAL_REPRESENTATION('',(#2604),#2608);
#2604 = LINE('',#2605,#2606);
#2605 = CARTESIAN_POINT('',(0.,-5.6));
#2606 = VECTOR('',#2607,1.);
#2607 = DIRECTION('',(1.,0.));
#2608 = ( GEOMETRIC_REPRESENTATION_CONTEXT(2) 
PARAMETRIC_REPRESENTATION_CONTEXT() REPRESENTATION_CONTEXT('2D SPACE',''
  ) );
#2609 = PCURVE('',#2610,#2615);
#2610 = PLANE('',#2611);
#2611 = AXIS2_PLACEMENT_3D('',#2612,#2613,#2614);
#2612 = CARTESIAN_POINT('',(24.75,-29.9,68.45));
#2613 = DIRECTION('',(-0.,-1.,-0.));
#2614 = DIRECTION('',(0.,0.,-1.));
#2615 = DEFINITIONAL_REPRESENTATION('',(#2616),#2620);
#2616 = CIRCLE('',#2617,2.);
#2617 = AXIS2_PLACEMENT_2D('',#2618,#2619);
#2618 = CARTESIAN_POINT('',(36.9,-49.5));
#2619 = DIRECTION('',(0.,1.));
#2620 = ( GEOMETRIC_REPRESENTATION_CONTEXT(2) 
PARAMETRIC_REPRESENTATION_CONTEXT() REPRESENTATION_CONTEXT('2D SPACE',''
  ) );
#2621 = ORIENTED_EDGE('',*,*,#2572,.F.);
#2622 = ADVANCED_FACE('',(#2623),#714,.F.);
#2623 = FACE_BOUND('',#2624,.F.);
#2624 = EDGE_LOOP('',(#2625,#2648,#2676,#2697));
#2625 = ORIENTED_EDGE('',*,*,#2626,.T.);
#2626 = EDGE_CURVE('',#697,#2627,#2629,.T.);
#2627 = VERTEX_POINT('',#2628);
#2628 = CARTESIAN_POINT('',(-27.,26.,53.));
#2629 = SURFACE_CURVE('',#2630,(#2634,#2641),.PCURVE_S1.);
#2630 = LINE('',#2631,#2632);
#2631 = CARTESIAN_POINT('',(-27.,-30.,53.));
#2632 = VECTOR('',#2633,1.);
#2633 = DIRECTION('',(-0.,1.,-0.));
#2634 = PCURVE('',#714,#2635);
#2635 = DEFINITIONAL_REPRESENTATION('',(#2636),#2640);
#2636 = LINE('',#2637,#2638);
#2637 = CARTESIAN_POINT('',(0.,0.));
#2638 = VECTOR('',#2639,1.);
#2639 = DIRECTION('',(0.,-1.));
#2640 = ( GEOMETRIC_REPRESENTATION_CONTEXT(2) 
PARAMETRIC_REPRESENTATION_CONTEXT() REPRESENTATION_CONTEXT('2D SPACE',''
  ) );
#2641 = PCURVE('',#796,#2642);
#2642 = DEFINITIONAL_REPRESENTATION('',(#2643),#2647);
#2643 = LINE('',#2644,#2645);
#2644 = CARTESIAN_POINT('',(2.,0.));
#2645 = VECTOR('',#2646,1.);
#2646 = DIRECTION('',(0.,-1.));
#2647 = ( GEOMETRIC_REPRESENTATION_CONTEXT(2) 
PARAMETRIC_REPRESENTATION_CONTEXT() REPRESENTATION_CONTEXT('2D SPACE',''
  ) );
#2648 = ORIENTED_EDGE('',*,*,#2649,.T.);
#2649 = EDGE_CURVE('',#2627,#2650,#2652,.T.);
#2650 = VERTEX_POINT('',#2651);
#2651 = CARTESIAN_POINT('',(-27.,26.,47.));
#2652 = SURFACE_CURVE('',#2653,(#2657,#2664),.PCURVE_S1.);
#2653 = LINE('',#2654,#2655);
#2654 = CARTESIAN_POINT('',(-27.,26.,53.));
#2655 = VECTOR('',#2656,1.);
#2656 = DIRECTION('',(0.,0.,-1.));
#2657 = PCURVE('',#714,#2658);
#2658 = DEFINITIONAL_REPRESENTATION('',(#2659),#2663);
#2659 = LINE('',#2660,#2661);
#2660 = CARTESIAN_POINT('',(0.,-56.));
#2661 = VECTOR('',#2662,1.);
#2662 = DIRECTION('',(1.,0.));
#2663 = ( GEOMETRIC_REPRESENTATION_CONTEXT(2) 
PARAMETRIC_REPRESENTATION_CONTEXT() REPRESENTATION_CONTEXT('2D SPACE',''
  ) );
#2664 = PCURVE('',#2665,#2670);
#2665 = PLANE('',#2666);
#2666 = AXIS2_PLACEMENT_3D('',#2667,#2668,#2669);
#2667 = CARTESIAN_POINT('',(-26.,26.,50.));
#2668 = DIRECTION('',(-0.,-1.,-0.));
#2669 = DIRECTION('',(0.,0.,-1.));
#2670 = DEFINITIONAL_REPRESENTATION('',(#2671),#2675);
#2671 = LINE('',#2672,#2673);
#2672 = CARTESIAN_POINT('',(-3.,-1.));
#2673 = VECTOR('',#2674,1.);
#2674 = DIRECTION('',(1.,0.));
#2675 = ( GEOMETRIC_REPRESENTATION_CONTEXT(2) 
PARAMETRIC_REPRESENTATION_CONTEXT() REPRESENTATION_CONTEXT('2D SPACE',''
  ) );
#2676 = ORIENTED_EDGE('',*,*,#2677,.F.);
#2677 = EDGE_CURVE('',#699,#2650,#2678,.T.);
#2678 = SURFACE_CURVE('',#2679,(#2683,#2690),.PCURVE_S1.);
#2679 = LINE('',#2680,#2681);
#2680 = CARTESIAN_POINT('',(-27.,-30.,47.));
#2681 = VECTOR('',#2682,1.);
#2682 = DIRECTION('',(-0.,1.,-0.));
#2683 = PCURVE('',#714,#2684);
#2684 = DEFINITIONAL_REPRESENTATION('',(#2685),#2689);
#2685 = LINE('',#2686,#2687);
#2686 = CARTESIAN_POINT('',(6.,0.));
#2687 = VECTOR('',#2688,1.);
#2688 = DIRECTION('',(0.,-1.));
#2689 = ( GEOMETRIC_REPRESENTATION_CONTEXT(2) 
PARAMETRIC_REPRESENTATION_CONTEXT() REPRESENTATION_CONTEXT('2D SPACE',''
  ) );
#2690 = PCURVE('',#742,#2691);
#2691 = DEFINITIONAL_REPRESENTATION('',(#2692),#2696);
#2692 = LINE('',#2693,#2694);
#2693 = CARTESIAN_POINT('',(0.,0.));
#2694 = VECTOR('',#2695,1.);
#2695 = DIRECTION('',(0.,-1.));
#2696 = ( GEOMETRIC_REPRESENTATION_CONTEXT(2) 
PARAMETRIC_REPRESENTATION_CONTEXT() REPRESENTATION_CONTEXT('2D SPACE',''
  ) );
#2697 = ORIENTED_EDGE('',*,*,#696,.F.);
#2698 = ADVANCED_FACE('',(#2699),#742,.F.);
#2699 = FACE_BOUND('',#2700,.F.);
#2700 = EDGE_LOOP('',(#2701,#2702,#2725,#2746));
#2701 = ORIENTED_EDGE('',*,*,#2677,.T.);
#2702 = ORIENTED_EDGE('',*,*,#2703,.T.);
#2703 = EDGE_CURVE('',#2650,#2704,#2706,.T.);
#2704 = VERTEX_POINT('',#2705);
#2705 = CARTESIAN_POINT('',(-25.,26.,47.));
#2706 = SURFACE_CURVE('',#2707,(#2711,#2718),.PCURVE_S1.);
#2707 = LINE('',#2708,#2709);
#2708 = CARTESIAN_POINT('',(-27.,26.,47.));
#2709 = VECTOR('',#2710,1.);
#2710 = DIRECTION('',(1.,0.,0.));
#2711 = PCURVE('',#742,#2712);
#2712 = DEFINITIONAL_REPRESENTATION('',(#2713),#2717);
#2713 = LINE('',#2714,#2715);
#2714 = CARTESIAN_POINT('',(0.,-56.));
#2715 = VECTOR('',#2716,1.);
#2716 = DIRECTION('',(1.,0.));
#2717 = ( GEOMETRIC_REPRESENTATION_CONTEXT(2) 
PARAMETRIC_REPRESENTATION_CONTEXT() REPRESENTATION_CONTEXT('2D SPACE',''
  ) );
#2718 = PCURVE('',#2665,#2719);
#2719 = DEFINITIONAL_REPRESENTATION('',(#2720),#2724);
#2720 = LINE('',#2721,#2722);
#2721 = CARTESIAN_POINT('',(3.,-1.));
#2722 = VECTOR('',#2723,1.);
#2723 = DIRECTION('',(0.,1.));
#2724 = ( GEOMETRIC_REPRESENTATION_CONTEXT(2) 
PARAMETRIC_REPRESENTATION_CONTEXT() REPRESENTATION_CONTEXT('2D SPACE',''
  ) );
#2725 = ORIENTED_EDGE('',*,*,#2726,.F.);
#2726 = EDGE_CURVE('',#727,#2704,#2727,.T.);
#2727 = SURFACE_CURVE('',#2728,(#2732,#2739),.PCURVE_S1.);
#2728 = LINE('',#2729,#2730);
#2729 = CARTESIAN_POINT('',(-25.,-30.,47.));
#2730 = VECTOR('',#2731,1.);
#2731 = DIRECTION('',(-0.,1.,-0.));
#2732 = PCURVE('',#742,#2733);
#2733 = DEFINITIONAL_REPRESENTATION('',(#2734),#2738);
#2734 = LINE('',#2735,#2736);
#2735 = CARTESIAN_POINT('',(2.,0.));
#2736 = VECTOR('',#2737,1.);
#2737 = DIRECTION('',(0.,-1.));
#2738 = ( GEOMETRIC_REPRESENTATION_CONTEXT(2) 
PARAMETRIC_REPRESENTATION_CONTEXT() REPRESENTATION_CONTEXT('2D SPACE',''
  ) );
#2739 = PCURVE('',#770,#2740);
#2740 = DEFINITIONAL_REPRESENTATION('',(#2741),#2745);
#2741 = LINE('',#2742,#2743);
#2742 = CARTESIAN_POINT('',(0.,0.));
#2743 = VECTOR('',#2744,1.);
#2744 = DIRECTION('',(0.,-1.));
#2745 = ( GEOMETRIC_REPRESENTATION_CONTEXT(2) 
PARAMETRIC_REPRESENTATION_CONTEXT() REPRESENTATION_CONTEXT('2D SPACE',''
  ) );
#2746 = ORIENTED_EDGE('',*,*,#726,.F.);
#2747 = ADVANCED_FACE('',(#2748),#770,.F.);
#2748 = FACE_BOUND('',#2749,.F.);
#2749 = EDGE_LOOP('',(#2750,#2751,#2774,#2795));
#2750 = ORIENTED_EDGE('',*,*,#2726,.T.);
#2751 = ORIENTED_EDGE('',*,*,#2752,.T.);
#2752 = EDGE_CURVE('',#2704,#2753,#2755,.T.);
#2753 = VERTEX_POINT('',#2754);
#2754 = CARTESIAN_POINT('',(-25.,26.,53.));
#2755 = SURFACE_CURVE('',#2756,(#2760,#2767),.PCURVE_S1.);
#2756 = LINE('',#2757,#2758);
#2757 = CARTESIAN_POINT('',(-25.,26.,47.));
#2758 = VECTOR('',#2759,1.);
#2759 = DIRECTION('',(0.,0.,1.));
#2760 = PCURVE('',#770,#2761);
#2761 = DEFINITIONAL_REPRESENTATION('',(#2762),#2766);
#2762 = LINE('',#2763,#2764);
#2763 = CARTESIAN_POINT('',(0.,-56.));
#2764 = VECTOR('',#2765,1.);
#2765 = DIRECTION('',(1.,0.));
#2766 = ( GEOMETRIC_REPRESENTATION_CONTEXT(2) 
PARAMETRIC_REPRESENTATION_CONTEXT() REPRESENTATION_CONTEXT('2D SPACE',''
  ) );
#2767 = PCURVE('',#2665,#2768);
#2768 = DEFINITIONAL_REPRESENTATION('',(#2769),#2773);
#2769 = LINE('',#2770,#2771);
#2770 = CARTESIAN_POINT('',(3.,1.));
#2771 = VECTOR('',#2772,1.);
#2772 = DIRECTION('',(-1.,0.));
#2773 = ( GEOMETRIC_REPRESENTATION_CONTEXT(2) 
PARAMETRIC_REPRESENTATION_CONTEXT() REPRESENTATION_CONTEXT('2D SPACE',''
  ) );
#2774 = ORIENTED_EDGE('',*,*,#2775,.F.);
#2775 = EDGE_CURVE('',#755,#2753,#2776,.T.);
#2776 = SURFACE_CURVE('',#2777,(#2781,#2788),.PCURVE_S1.);
#2777 = LINE('',#2778,#2779);
#2778 = CARTESIAN_POINT('',(-25.,-30.,53.));
#2779 = VECTOR('',#2780,1.);
#2780 = DIRECTION('',(-0.,1.,-0.));
#2781 = PCURVE('',#770,#2782);
#2782 = DEFINITIONAL_REPRESENTATION('',(#2783),#2787);
#2783 = LINE('',#2784,#2785);
#2784 = CARTESIAN_POINT('',(6.,0.));
#2785 = VECTOR('',#2786,1.);
#2786 = DIRECTION('',(0.,-1.));
#2787 = ( GEOMETRIC_REPRESENTATION_CONTEXT(2) 
PARAMETRIC_REPRESENTATION_CONTEXT() REPRESENTATION_CONTEXT('2D SPACE',''
  ) );
#2788 = PCURVE('',#796,#2789);
#2789 = DEFINITIONAL_REPRESENTATION('',(#2790),#2794);
#2790 = LINE('',#2791,#2792);
#2791 = CARTESIAN_POINT('',(0.,0.));
#2792 = VECTOR('',#2793,1.);
#2793 = DIRECTION('',(0.,-1.));
#2794 = ( GEOMETRIC_REPRESENTATION_CONTEXT(2) 
PARAMETRIC_REPRESENTATION_CONTEXT() REPRESENTATION_CONTEXT('2D SPACE',''
  ) );
#2795 = ORIENTED_EDGE('',*,*,#754,.F.);
#2796 = ADVANCED_FACE('',(#2797),#796,.F.);
#2797 = FACE_BOUND('',#2798,.F.);
#2798 = EDGE_LOOP('',(#2799,#2800,#2821,#2822));
#2799 = ORIENTED_EDGE('',*,*,#2775,.T.);
#2800 = ORIENTED_EDGE('',*,*,#2801,.T.);
#2801 = EDGE_CURVE('',#2753,#2627,#2802,.T.);
#2802 = SURFACE_CURVE('',#2803,(#2807,#2814),.PCURVE_S1.);
#2803 = LINE('',#2804,#2805);
#2804 = CARTESIAN_POINT('',(-25.,26.,53.));
#2805 = VECTOR('',#2806,1.);
#2806 = DIRECTION('',(-1.,0.,0.));
#2807 = PCURVE('',#796,#2808);
#2808 = DEFINITIONAL_REPRESENTATION('',(#2809),#2813);
#2809 = LINE('',#2810,#2811);
#2810 = CARTESIAN_POINT('',(0.,-56.));
#2811 = VECTOR('',#2812,1.);
#2812 = DIRECTION('',(1.,0.));
#2813 = ( GEOMETRIC_REPRESENTATION_CONTEXT(2) 
PARAMETRIC_REPRESENTATION_CONTEXT() REPRESENTATION_CONTEXT('2D SPACE',''
  ) );
#2814 = PCURVE('',#2665,#2815);
#2815 = DEFINITIONAL_REPRESENTATION('',(#2816),#2820);
#2816 = LINE('',#2817,#2818);
#2817 = CARTESIAN_POINT('',(-3.,1.));
#2818 = VECTOR('',#2819,1.);
#2819 = DIRECTION('',(0.,-1.));
#2820 = ( GEOMETRIC_REPRESENTATION_CONTEXT(2) 
PARAMETRIC_REPRESENTATION_CONTEXT() REPRESENTATION_CONTEXT('2D SPACE',''
  ) );
#2821 = ORIENTED_EDGE('',*,*,#2626,.F.);
#2822 = ORIENTED_EDGE('',*,*,#782,.F.);
#2823 = ADVANCED_FACE('',(#2824),#831,.F.);
#2824 = FACE_BOUND('',#2825,.F.);
#2825 = EDGE_LOOP('',(#2826,#2827,#2850,#2877));
#2826 = ORIENTED_EDGE('',*,*,#810,.F.);
#2827 = ORIENTED_EDGE('',*,*,#2828,.T.);
#2828 = EDGE_CURVE('',#811,#2829,#2831,.T.);
#2829 = VERTEX_POINT('',#2830);
#2830 = CARTESIAN_POINT('',(-22.75,-29.9,68.45));
#2831 = SEAM_CURVE('',#2832,(#2836,#2843),.PCURVE_S1.);
#2832 = LINE('',#2833,#2834);
#2833 = CARTESIAN_POINT('',(-22.75,-35.5,68.45));
#2834 = VECTOR('',#2835,1.);
#2835 = DIRECTION('',(-0.,1.,-0.));
#2836 = PCURVE('',#831,#2837);
#2837 = DEFINITIONAL_REPRESENTATION('',(#2838),#2842);
#2838 = LINE('',#2839,#2840);
#2839 = CARTESIAN_POINT('',(6.28318530718,0.));
#2840 = VECTOR('',#2841,1.);
#2841 = DIRECTION('',(0.,-1.));
#2842 = ( GEOMETRIC_REPRESENTATION_CONTEXT(2) 
PARAMETRIC_REPRESENTATION_CONTEXT() REPRESENTATION_CONTEXT('2D SPACE',''
  ) );
#2843 = PCURVE('',#831,#2844);
#2844 = DEFINITIONAL_REPRESENTATION('',(#2845),#2849);
#2845 = LINE('',#2846,#2847);
#2846 = CARTESIAN_POINT('',(0.,0.));
#2847 = VECTOR('',#2848,1.);
#2848 = DIRECTION('',(0.,-1.));
#2849 = ( GEOMETRIC_REPRESENTATION_CONTEXT(2) 
PARAMETRIC_REPRESENTATION_CONTEXT() REPRESENTATION_CONTEXT('2D SPACE',''
  ) );
#2850 = ORIENTED_EDGE('',*,*,#2851,.T.);
#2851 = EDGE_CURVE('',#2829,#2829,#2852,.T.);
#2852 = SURFACE_CURVE('',#2853,(#2858,#2865),.PCURVE_S1.);
#2853 = CIRCLE('',#2854,2.);
#2854 = AXIS2_PLACEMENT_3D('',#2855,#2856,#2857);
#2855 = CARTESIAN_POINT('',(-24.75,-29.9,68.45));
#2856 = DIRECTION('',(0.,-1.,0.));
#2857 = DIRECTION('',(1.,0.,0.));
#2858 = PCURVE('',#831,#2859);
#2859 = DEFINITIONAL_REPRESENTATION('',(#2860),#2864);
#2860 = LINE('',#2861,#2862);
#2861 = CARTESIAN_POINT('',(0.,-5.6));
#2862 = VECTOR('',#2863,1.);
#2863 = DIRECTION('',(1.,0.));
#2864 = ( GEOMETRIC_REPRESENTATION_CONTEXT(2) 
PARAMETRIC_REPRESENTATION_CONTEXT() REPRESENTATION_CONTEXT('2D SPACE',''
  ) );
#2865 = PCURVE('',#2866,#2871);
#2866 = PLANE('',#2867);
#2867 = AXIS2_PLACEMENT_3D('',#2868,#2869,#2870);
#2868 = CARTESIAN_POINT('',(24.75,-29.9,68.45));
#2869 = DIRECTION('',(-0.,-1.,-0.));
#2870 = DIRECTION('',(0.,0.,-1.));
#2871 = DEFINITIONAL_REPRESENTATION('',(#2872),#2876);
#2872 = CIRCLE('',#2873,2.);
#2873 = AXIS2_PLACEMENT_2D('',#2874,#2875);
#2874 = CARTESIAN_POINT('',(0.,-49.5));
#2875 = DIRECTION('',(0.,1.));
#2876 = ( GEOMETRIC_REPRESENTATION_CONTEXT(2) 
PARAMETRIC_REPRESENTATION_CONTEXT() REPRESENTATION_CONTEXT('2D SPACE',''
  ) );
#2877 = ORIENTED_EDGE('',*,*,#2828,.F.);
#2878 = ADVANCED_FACE('',(#2879),#866,.T.);
#2879 = FACE_BOUND('',#2880,.F.);
#2880 = EDGE_LOOP('',(#2881,#2904,#2931,#2932));
#2881 = ORIENTED_EDGE('',*,*,#2882,.T.);
#2882 = EDGE_CURVE('',#846,#2883,#2885,.T.);
#2883 = VERTEX_POINT('',#2884);
#2884 = CARTESIAN_POINT('',(8.,-32.,50.));
#2885 = SEAM_CURVE('',#2886,(#2890,#2897),.PCURVE_S1.);
#2886 = LINE('',#2887,#2888);
#2887 = CARTESIAN_POINT('',(8.,-30.,50.));
#2888 = VECTOR('',#2889,1.);
#2889 = DIRECTION('',(0.,-1.,0.));
#2890 = PCURVE('',#866,#2891);
#2891 = DEFINITIONAL_REPRESENTATION('',(#2892),#2896);
#2892 = LINE('',#2893,#2894);
#2893 = CARTESIAN_POINT('',(-0.,0.));
#2894 = VECTOR('',#2895,1.);
#2895 = DIRECTION('',(-0.,-1.));
#2896 = ( GEOMETRIC_REPRESENTATION_CONTEXT(2) 
PARAMETRIC_REPRESENTATION_CONTEXT() REPRESENTATION_CONTEXT('2D SPACE',''
  ) );
#2897 = PCURVE('',#866,#2898);
#2898 = DEFINITIONAL_REPRESENTATION('',(#2899),#2903);
#2899 = LINE('',#2900,#2901);
#2900 = CARTESIAN_POINT('',(-6.28318530718,0.));
#2901 = VECTOR('',#2902,1.);
#2902 = DIRECTION('',(-0.,-1.));
#2903 = ( GEOMETRIC_REPRESENTATION_CONTEXT(2) 
PARAMETRIC_REPRESENTATION_CONTEXT() REPRESENTATION_CONTEXT('2D SPACE',''
  ) );
#2904 = ORIENTED_EDGE('',*,*,#2905,.T.);
#2905 = EDGE_CURVE('',#2883,#2883,#2906,.T.);
#2906 = SURFACE_CURVE('',#2907,(#2912,#2919),.PCURVE_S1.);
#2907 = CIRCLE('',#2908,8.);
#2908 = AXIS2_PLACEMENT_3D('',#2909,#2910,#2911);
#2909 = CARTESIAN_POINT('',(0.,-32.,50.));
#2910 = DIRECTION('',(0.,-1.,0.));
#2911 = DIRECTION('',(1.,0.,0.));
#2912 = PCURVE('',#866,#2913);
#2913 = DEFINITIONAL_REPRESENTATION('',(#2914),#2918);
#2914 = LINE('',#2915,#2916);
#2915 = CARTESIAN_POINT('',(-0.,-2.));
#2916 = VECTOR('',#2917,1.);
#2917 = DIRECTION('',(-1.,0.));
#2918 = ( GEOMETRIC_REPRESENTATION_CONTEXT(2) 
PARAMETRIC_REPRESENTATION_CONTEXT() REPRESENTATION_CONTEXT('2D SPACE',''
  ) );
#2919 = PCURVE('',#2920,#2925);
#2920 = PLANE('',#2921);
#2921 = AXIS2_PLACEMENT_3D('',#2922,#2923,#2924);
#2922 = CARTESIAN_POINT('',(-1.709300165674E-16,-32.,50.));
#2923 = DIRECTION('',(-0.,-1.,-0.));
#2924 = DIRECTION('',(0.,0.,-1.));
#2925 = DEFINITIONAL_REPRESENTATION('',(#2926),#2930);
#2926 = CIRCLE('',#2927,8.);
#2927 = AXIS2_PLACEMENT_2D('',#2928,#2929);
#2928 = CARTESIAN_POINT('',(-1.42108547152E-14,1.709300165674E-16));
#2929 = DIRECTION('',(0.,1.));
#2930 = ( GEOMETRIC_REPRESENTATION_CONTEXT(2) 
PARAMETRIC_REPRESENTATION_CONTEXT() REPRESENTATION_CONTEXT('2D SPACE',''
  ) );
#2931 = ORIENTED_EDGE('',*,*,#2882,.F.);
#2932 = ORIENTED_EDGE('',*,*,#845,.F.);
#2933 = ADVANCED_FACE('',(#2934),#901,.F.);
#2934 = FACE_BOUND('',#2935,.F.);
#2935 = EDGE_LOOP('',(#2936,#2937,#2960,#2987));
#2936 = ORIENTED_EDGE('',*,*,#880,.F.);
#2937 = ORIENTED_EDGE('',*,*,#2938,.T.);
#2938 = EDGE_CURVE('',#881,#2939,#2941,.T.);
#2939 = VERTEX_POINT('',#2940);
#2940 = CARTESIAN_POINT('',(26.75,-29.9,31.55));
#2941 = SEAM_CURVE('',#2942,(#2946,#2953),.PCURVE_S1.);
#2942 = LINE('',#2943,#2944);
#2943 = CARTESIAN_POINT('',(26.75,-35.5,31.55));
#2944 = VECTOR('',#2945,1.);
#2945 = DIRECTION('',(-0.,1.,-0.));
#2946 = PCURVE('',#901,#2947);
#2947 = DEFINITIONAL_REPRESENTATION('',(#2948),#2952);
#2948 = LINE('',#2949,#2950);
#2949 = CARTESIAN_POINT('',(6.28318530718,0.));
#2950 = VECTOR('',#2951,1.);
#2951 = DIRECTION('',(0.,-1.));
#2952 = ( GEOMETRIC_REPRESENTATION_CONTEXT(2) 
PARAMETRIC_REPRESENTATION_CONTEXT() REPRESENTATION_CONTEXT('2D SPACE',''
  ) );
#2953 = PCURVE('',#901,#2954);
#2954 = DEFINITIONAL_REPRESENTATION('',(#2955),#2959);
#2955 = LINE('',#2956,#2957);
#2956 = CARTESIAN_POINT('',(0.,0.));
#2957 = VECTOR('',#2958,1.);
#2958 = DIRECTION('',(0.,-1.));
#2959 = ( GEOMETRIC_REPRESENTATION_CONTEXT(2) 
PARAMETRIC_REPRESENTATION_CONTEXT() REPRESENTATION_CONTEXT('2D SPACE',''
  ) );
#2960 = ORIENTED_EDGE('',*,*,#2961,.T.);
#2961 = EDGE_CURVE('',#2939,#2939,#2962,.T.);
#2962 = SURFACE_CURVE('',#2963,(#2968,#2975),.PCURVE_S1.);
#2963 = CIRCLE('',#2964,2.);
#2964 = AXIS2_PLACEMENT_3D('',#2965,#2966,#2967);
#2965 = CARTESIAN_POINT('',(24.75,-29.9,31.55));
#2966 = DIRECTION('',(0.,-1.,0.));
#2967 = DIRECTION('',(1.,0.,0.));
#2968 = PCURVE('',#901,#2969);
#2969 = DEFINITIONAL_REPRESENTATION('',(#2970),#2974);
#2970 = LINE('',#2971,#2972);
#2971 = CARTESIAN_POINT('',(0.,-5.6));
#2972 = VECTOR('',#2973,1.);
#2973 = DIRECTION('',(1.,0.));
#2974 = ( GEOMETRIC_REPRESENTATION_CONTEXT(2) 
PARAMETRIC_REPRESENTATION_CONTEXT() REPRESENTATION_CONTEXT('2D SPACE',''
  ) );
#2975 = PCURVE('',#2976,#2981);
#2976 = PLANE('',#2977);
#2977 = AXIS2_PLACEMENT_3D('',#2978,#2979,#2980);
#2978 = CARTESIAN_POINT('',(24.75,-29.9,68.45));
#2979 = DIRECTION('',(-0.,-1.,-0.));
#2980 = DIRECTION('',(0.,0.,-1.));
#2981 = DEFINITIONAL_REPRESENTATION('',(#2982),#2986);
#2982 = CIRCLE('',#2983,2.);
#2983 = AXIS2_PLACEMENT_2D('',#2984,#2985);
#2984 = CARTESIAN_POINT('',(36.9,0.));
#2985 = DIRECTION('',(0.,1.));
#2986 = ( GEOMETRIC_REPRESENTATION_CONTEXT(2) 
PARAMETRIC_REPRESENTATION_CONTEXT() REPRESENTATION_CONTEXT('2D SPACE',''
  ) );
#2987 = ORIENTED_EDGE('',*,*,#2938,.F.);
#2988 = ADVANCED_FACE('',(#2989),#933,.F.);
#2989 = FACE_BOUND('',#2990,.F.);
#2990 = EDGE_LOOP('',(#2991,#3014,#3042,#3063));
#2991 = ORIENTED_EDGE('',*,*,#2992,.T.);
#2992 = EDGE_CURVE('',#916,#2993,#2995,.T.);
#2993 = VERTEX_POINT('',#2994);
#2994 = CARTESIAN_POINT('',(25.,26.,53.));
#2995 = SURFACE_CURVE('',#2996,(#3000,#3007),.PCURVE_S1.);
#2996 = LINE('',#2997,#2998);
#2997 = CARTESIAN_POINT('',(25.,-30.,53.));
#2998 = VECTOR('',#2999,1.);
#2999 = DIRECTION('',(-0.,1.,-0.));
#3000 = PCURVE('',#933,#3001);
#3001 = DEFINITIONAL_REPRESENTATION('',(#3002),#3006);
#3002 = LINE('',#3003,#3004);
#3003 = CARTESIAN_POINT('',(0.,0.));
#3004 = VECTOR('',#3005,1.);
#3005 = DIRECTION('',(0.,-1.));
#3006 = ( GEOMETRIC_REPRESENTATION_CONTEXT(2) 
PARAMETRIC_REPRESENTATION_CONTEXT() REPRESENTATION_CONTEXT('2D SPACE',''
  ) );
#3007 = PCURVE('',#1015,#3008);
#3008 = DEFINITIONAL_REPRESENTATION('',(#3009),#3013);
#3009 = LINE('',#3010,#3011);
#3010 = CARTESIAN_POINT('',(2.,0.));
#3011 = VECTOR('',#3012,1.);
#3012 = DIRECTION('',(0.,-1.));
#3013 = ( GEOMETRIC_REPRESENTATION_CONTEXT(2) 
PARAMETRIC_REPRESENTATION_CONTEXT() REPRESENTATION_CONTEXT('2D SPACE',''
  ) );
#3014 = ORIENTED_EDGE('',*,*,#3015,.T.);
#3015 = EDGE_CURVE('',#2993,#3016,#3018,.T.);
#3016 = VERTEX_POINT('',#3017);
#3017 = CARTESIAN_POINT('',(25.,26.,47.));
#3018 = SURFACE_CURVE('',#3019,(#3023,#3030),.PCURVE_S1.);
#3019 = LINE('',#3020,#3021);
#3020 = CARTESIAN_POINT('',(25.,26.,53.));
#3021 = VECTOR('',#3022,1.);
#3022 = DIRECTION('',(0.,0.,-1.));
#3023 = PCURVE('',#933,#3024);
#3024 = DEFINITIONAL_REPRESENTATION('',(#3025),#3029);
#3025 = LINE('',#3026,#3027);
#3026 = CARTESIAN_POINT('',(0.,-56.));
#3027 = VECTOR('',#3028,1.);
#3028 = DIRECTION('',(1.,0.));
#3029 = ( GEOMETRIC_REPRESENTATION_CONTEXT(2) 
PARAMETRIC_REPRESENTATION_CONTEXT() REPRESENTATION_CONTEXT('2D SPACE',''
  ) );
#3030 = PCURVE('',#3031,#3036);
#3031 = PLANE('',#3032);
#3032 = AXIS2_PLACEMENT_3D('',#3033,#3034,#3035);
#3033 = CARTESIAN_POINT('',(26.,26.,50.));
#3034 = DIRECTION('',(-0.,-1.,-0.));
#3035 = DIRECTION('',(0.,0.,-1.));
#3036 = DEFINITIONAL_REPRESENTATION('',(#3037),#3041);
#3037 = LINE('',#3038,#3039);
#3038 = CARTESIAN_POINT('',(-3.,-1.));
#3039 = VECTOR('',#3040,1.);
#3040 = DIRECTION('',(1.,0.));
#3041 = ( GEOMETRIC_REPRESENTATION_CONTEXT(2) 
PARAMETRIC_REPRESENTATION_CONTEXT() REPRESENTATION_CONTEXT('2D SPACE',''
  ) );
#3042 = ORIENTED_EDGE('',*,*,#3043,.F.);
#3043 = EDGE_CURVE('',#918,#3016,#3044,.T.);
#3044 = SURFACE_CURVE('',#3045,(#3049,#3056),.PCURVE_S1.);
#3045 = LINE('',#3046,#3047);
#3046 = CARTESIAN_POINT('',(25.,-30.,47.));
#3047 = VECTOR('',#3048,1.);
#3048 = DIRECTION('',(-0.,1.,-0.));
#3049 = PCURVE('',#933,#3050);
#3050 = DEFINITIONAL_REPRESENTATION('',(#3051),#3055);
#3051 = LINE('',#3052,#3053);
#3052 = CARTESIAN_POINT('',(6.,0.));
#3053 = VECTOR('',#3054,1.);
#3054 = DIRECTION('',(0.,-1.));
#3055 = ( GEOMETRIC_REPRESENTATION_CONTEXT(2) 
PARAMETRIC_REPRESENTATION_CONTEXT() REPRESENTATION_CONTEXT('2D SPACE',''
  ) );
#3056 = PCURVE('',#961,#3057);
#3057 = DEFINITIONAL_REPRESENTATION('',(#3058),#3062);
#3058 = LINE('',#3059,#3060);
#3059 = CARTESIAN_POINT('',(0.,0.));
#3060 = VECTOR('',#3061,1.);
#3061 = DIRECTION('',(0.,-1.));
#3062 = ( GEOMETRIC_REPRESENTATION_CONTEXT(2) 
PARAMETRIC_REPRESENTATION_CONTEXT() REPRESENTATION_CONTEXT('2D SPACE',''
  ) );
#3063 = ORIENTED_EDGE('',*,*,#915,.F.);
#3064 = ADVANCED_FACE('',(#3065),#961,.F.);
#3065 = FACE_BOUND('',#3066,.F.);
#3066 = EDGE_LOOP('',(#3067,#3068,#3091,#3112));
#3067 = ORIENTED_EDGE('',*,*,#3043,.T.);
#3068 = ORIENTED_EDGE('',*,*,#3069,.T.);
#3069 = EDGE_CURVE('',#3016,#3070,#3072,.T.);
#3070 = VERTEX_POINT('',#3071);
#3071 = CARTESIAN_POINT('',(27.,26.,47.));
#3072 = SURFACE_CURVE('',#3073,(#3077,#3084),.PCURVE_S1.);
#3073 = LINE('',#3074,#3075);
#3074 = CARTESIAN_POINT('',(25.,26.,47.));
#3075 = VECTOR('',#3076,1.);
#3076 = DIRECTION('',(1.,0.,0.));
#3077 = PCURVE('',#961,#3078);
#3078 = DEFINITIONAL_REPRESENTATION('',(#3079),#3083);
#3079 = LINE('',#3080,#3081);
#3080 = CARTESIAN_POINT('',(0.,-56.));
#3081 = VECTOR('',#3082,1.);
#3082 = DIRECTION('',(1.,0.));
#3083 = ( GEOMETRIC_REPRESENTATION_CONTEXT(2) 
PARAMETRIC_REPRESENTATION_CONTEXT() REPRESENTATION_CONTEXT('2D SPACE',''
  ) );
#3084 = PCURVE('',#3031,#3085);
#3085 = DEFINITIONAL_REPRESENTATION('',(#3086),#3090);
#3086 = LINE('',#3087,#3088);
#3087 = CARTESIAN_POINT('',(3.,-1.));
#3088 = VECTOR('',#3089,1.);
#3089 = DIRECTION('',(0.,1.));
#3090 = ( GEOMETRIC_REPRESENTATION_CONTEXT(2) 
PARAMETRIC_REPRESENTATION_CONTEXT() REPRESENTATION_CONTEXT('2D SPACE',''
  ) );
#3091 = ORIENTED_EDGE('',*,*,#3092,.F.);
#3092 = EDGE_CURVE('',#946,#3070,#3093,.T.);
#3093 = SURFACE_CURVE('',#3094,(#3098,#3105),.PCURVE_S1.);
#3094 = LINE('',#3095,#3096);
#3095 = CARTESIAN_POINT('',(27.,-30.,47.));
#3096 = VECTOR('',#3097,1.);
#3097 = DIRECTION('',(-0.,1.,-0.));
#3098 = PCURVE('',#961,#3099);
#3099 = DEFINITIONAL_REPRESENTATION('',(#3100),#3104);
#3100 = LINE('',#3101,#3102);
#3101 = CARTESIAN_POINT('',(2.,0.));
#3102 = VECTOR('',#3103,1.);
#3103 = DIRECTION('',(0.,-1.));
#3104 = ( GEOMETRIC_REPRESENTATION_CONTEXT(2) 
PARAMETRIC_REPRESENTATION_CONTEXT() REPRESENTATION_CONTEXT('2D SPACE',''
  ) );
#3105 = PCURVE('',#989,#3106);
#3106 = DEFINITIONAL_REPRESENTATION('',(#3107),#3111);
#3107 = LINE('',#3108,#3109);
#3108 = CARTESIAN_POINT('',(0.,0.));
#3109 = VECTOR('',#3110,1.);
#3110 = DIRECTION('',(0.,-1.));
#3111 = ( GEOMETRIC_REPRESENTATION_CONTEXT(2) 
PARAMETRIC_REPRESENTATION_CONTEXT() REPRESENTATION_CONTEXT('2D SPACE',''
  ) );
#3112 = ORIENTED_EDGE('',*,*,#945,.F.);
#3113 = ADVANCED_FACE('',(#3114),#989,.F.);
#3114 = FACE_BOUND('',#3115,.F.);
#3115 = EDGE_LOOP('',(#3116,#3117,#3140,#3161));
#3116 = ORIENTED_EDGE('',*,*,#3092,.T.);
#3117 = ORIENTED_EDGE('',*,*,#3118,.T.);
#3118 = EDGE_CURVE('',#3070,#3119,#3121,.T.);
#3119 = VERTEX_POINT('',#3120);
#3120 = CARTESIAN_POINT('',(27.,26.,53.));
#3121 = SURFACE_CURVE('',#3122,(#3126,#3133),.PCURVE_S1.);
#3122 = LINE('',#3123,#3124);
#3123 = CARTESIAN_POINT('',(27.,26.,47.));
#3124 = VECTOR('',#3125,1.);
#3125 = DIRECTION('',(0.,0.,1.));
#3126 = PCURVE('',#989,#3127);
#3127 = DEFINITIONAL_REPRESENTATION('',(#3128),#3132);
#3128 = LINE('',#3129,#3130);
#3129 = CARTESIAN_POINT('',(0.,-56.));
#3130 = VECTOR('',#3131,1.);
#3131 = DIRECTION('',(1.,0.));
#3132 = ( GEOMETRIC_REPRESENTATION_CONTEXT(2) 
PARAMETRIC_REPRESENTATION_CONTEXT() REPRESENTATION_CONTEXT('2D SPACE',''
  ) );
#3133 = PCURVE('',#3031,#3134);
#3134 = DEFINITIONAL_REPRESENTATION('',(#3135),#3139);
#3135 = LINE('',#3136,#3137);
#3136 = CARTESIAN_POINT('',(3.,1.));
#3137 = VECTOR('',#3138,1.);
#3138 = DIRECTION('',(-1.,0.));
#3139 = ( GEOMETRIC_REPRESENTATION_CONTEXT(2) 
PARAMETRIC_REPRESENTATION_CONTEXT() REPRESENTATION_CONTEXT('2D SPACE',''
  ) );
#3140 = ORIENTED_EDGE('',*,*,#3141,.F.);
#3141 = EDGE_CURVE('',#974,#3119,#3142,.T.);
#3142 = SURFACE_CURVE('',#3143,(#3147,#3154),.PCURVE_S1.);
#3143 = LINE('',#3144,#3145);
#3144 = CARTESIAN_POINT('',(27.,-30.,53.));
#3145 = VECTOR('',#3146,1.);
#3146 = DIRECTION('',(-0.,1.,-0.));
#3147 = PCURVE('',#989,#3148);
#3148 = DEFINITIONAL_REPRESENTATION('',(#3149),#3153);
#3149 = LINE('',#3150,#3151);
#3150 = CARTESIAN_POINT('',(6.,0.));
#3151 = VECTOR('',#3152,1.);
#3152 = DIRECTION('',(0.,-1.));
#3153 = ( GEOMETRIC_REPRESENTATION_CONTEXT(2) 
PARAMETRIC_REPRESENTATION_CONTEXT() REPRESENTATION_CONTEXT('2D SPACE',''
  ) );
#3154 = PCURVE('',#1015,#3155);
#3155 = DEFINITIONAL_REPRESENTATION('',(#3156),#3160);
#3156 = LINE('',#3157,#3158);
#3157 = CARTESIAN_POINT('',(0.,0.));
#3158 = VECTOR('',#3159,1.);
#3159 = DIRECTION('',(0.,-1.));
#3160 = ( GEOMETRIC_REPRESENTATION_CONTEXT(2) 
PARAMETRIC_REPRESENTATION_CONTEXT() REPRESENTATION_CONTEXT('2D SPACE',''
  ) );
#3161 = ORIENTED_EDGE('',*,*,#973,.F.);
#3162 = ADVANCED_FACE('',(#3163),#1015,.F.);
#3163 = FACE_BOUND('',#3164,.F.);
#3164 = EDGE_LOOP('',(#3165,#3166,#3187,#3188));
#3165 = ORIENTED_EDGE('',*,*,#3141,.T.);
#3166 = ORIENTED_EDGE('',*,*,#3167,.T.);
#3167 = EDGE_CURVE('',#3119,#2993,#3168,.T.);
#3168 = SURFACE_CURVE('',#3169,(#3173,#3180),.PCURVE_S1.);
#3169 = LINE('',#3170,#3171);
#3170 = CARTESIAN_POINT('',(27.,26.,53.));
#3171 = VECTOR('',#3172,1.);
#3172 = DIRECTION('',(-1.,0.,0.));
#3173 = PCURVE('',#1015,#3174);
#3174 = DEFINITIONAL_REPRESENTATION('',(#3175),#3179);
#3175 = LINE('',#3176,#3177);
#3176 = CARTESIAN_POINT('',(0.,-56.));
#3177 = VECTOR('',#3178,1.);
#3178 = DIRECTION('',(1.,0.));
#3179 = ( GEOMETRIC_REPRESENTATION_CONTEXT(2) 
PARAMETRIC_REPRESENTATION_CONTEXT() REPRESENTATION_CONTEXT('2D SPACE',''
  ) );
#3180 = PCURVE('',#3031,#3181);
#3181 = DEFINITIONAL_REPRESENTATION('',(#3182),#3186);
#3182 = LINE('',#3183,#3184);
#3183 = CARTESIAN_POINT('',(-3.,1.));
#3184 = VECTOR('',#3185,1.);
#3185 = DIRECTION('',(0.,-1.));
#3186 = ( GEOMETRIC_REPRESENTATION_CONTEXT(2) 
PARAMETRIC_REPRESENTATION_CONTEXT() REPRESENTATION_CONTEXT('2D SPACE',''
  ) );
#3187 = ORIENTED_EDGE('',*,*,#2992,.F.);
#3188 = ORIENTED_EDGE('',*,*,#1001,.F.);
#3189 = ADVANCED_FACE('',(#3190),#1050,.F.);
#3190 = FACE_BOUND('',#3191,.F.);
#3191 = EDGE_LOOP('',(#3192,#3193,#3216,#3243));
#3192 = ORIENTED_EDGE('',*,*,#1029,.F.);
#3193 = ORIENTED_EDGE('',*,*,#3194,.T.);
#3194 = EDGE_CURVE('',#1030,#3195,#3197,.T.);
#3195 = VERTEX_POINT('',#3196);
#3196 = CARTESIAN_POINT('',(26.75,-29.9,68.45));
#3197 = SEAM_CURVE('',#3198,(#3202,#3209),.PCURVE_S1.);
#3198 = LINE('',#3199,#3200);
#3199 = CARTESIAN_POINT('',(26.75,-35.5,68.45));
#3200 = VECTOR('',#3201,1.);
#3201 = DIRECTION('',(-0.,1.,-0.));
#3202 = PCURVE('',#1050,#3203);
#3203 = DEFINITIONAL_REPRESENTATION('',(#3204),#3208);
#3204 = LINE('',#3205,#3206);
#3205 = CARTESIAN_POINT('',(6.28318530718,0.));
#3206 = VECTOR('',#3207,1.);
#3207 = DIRECTION('',(0.,-1.));
#3208 = ( GEOMETRIC_REPRESENTATION_CONTEXT(2) 
PARAMETRIC_REPRESENTATION_CONTEXT() REPRESENTATION_CONTEXT('2D SPACE',''
  ) );
#3209 = PCURVE('',#1050,#3210);
#3210 = DEFINITIONAL_REPRESENTATION('',(#3211),#3215);
#3211 = LINE('',#3212,#3213);
#3212 = CARTESIAN_POINT('',(0.,0.));
#3213 = VECTOR('',#3214,1.);
#3214 = DIRECTION('',(0.,-1.));
#3215 = ( GEOMETRIC_REPRESENTATION_CONTEXT(2) 
PARAMETRIC_REPRESENTATION_CONTEXT() REPRESENTATION_CONTEXT('2D SPACE',''
  ) );
#3216 = ORIENTED_EDGE('',*,*,#3217,.T.);
#3217 = EDGE_CURVE('',#3195,#3195,#3218,.T.);
#3218 = SURFACE_CURVE('',#3219,(#3224,#3231),.PCURVE_S1.);
#3219 = CIRCLE('',#3220,2.);
#3220 = AXIS2_PLACEMENT_3D('',#3221,#3222,#3223);
#3221 = CARTESIAN_POINT('',(24.75,-29.9,68.45));
#3222 = DIRECTION('',(0.,-1.,0.));
#3223 = DIRECTION('',(1.,0.,0.));
#3224 = PCURVE('',#1050,#3225);
#3225 = DEFINITIONAL_REPRESENTATION('',(#3226),#3230);
#3226 = LINE('',#3227,#3228);
#3227 = CARTESIAN_POINT('',(0.,-5.6));
#3228 = VECTOR('',#3229,1.);
#3229 = DIRECTION('',(1.,0.));
#3230 = ( GEOMETRIC_REPRESENTATION_CONTEXT(2) 
PARAMETRIC_REPRESENTATION_CONTEXT() REPRESENTATION_CONTEXT('2D SPACE',''
  ) );
#3231 = PCURVE('',#3232,#3237);
#3232 = PLANE('',#3233);
#3233 = AXIS2_PLACEMENT_3D('',#3234,#3235,#3236);
#3234 = CARTESIAN_POINT('',(24.75,-29.9,68.45));
#3235 = DIRECTION('',(-0.,-1.,-0.));
#3236 = DIRECTION('',(0.,0.,-1.));
#3237 = DEFINITIONAL_REPRESENTATION('',(#3238),#3242);
#3238 = CIRCLE('',#3239,2.);
#3239 = AXIS2_PLACEMENT_2D('',#3240,#3241);
#3240 = CARTESIAN_POINT('',(0.,0.));
#3241 = DIRECTION('',(0.,1.));
#3242 = ( GEOMETRIC_REPRESENTATION_CONTEXT(2) 
PARAMETRIC_REPRESENTATION_CONTEXT() REPRESENTATION_CONTEXT('2D SPACE',''
  ) );
#3243 = ORIENTED_EDGE('',*,*,#3194,.F.);
#3244 = ADVANCED_FACE('',(#3245,#3299,#3489,#3684),#1130,.F.);
#3245 = FACE_BOUND('',#3246,.T.);
#3246 = EDGE_LOOP('',(#3247,#3270,#3271,#3272));
#3247 = ORIENTED_EDGE('',*,*,#3248,.F.);
#3248 = EDGE_CURVE('',#1114,#3249,#3251,.T.);
#3249 = VERTEX_POINT('',#3250);
#3250 = CARTESIAN_POINT('',(12.7,0.,250.));
#3251 = SEAM_CURVE('',#3252,(#3256,#3263),.PCURVE_S1.);
#3252 = LINE('',#3253,#3254);
#3253 = CARTESIAN_POINT('',(12.7,0.,0.));
#3254 = VECTOR('',#3255,1.);
#3255 = DIRECTION('',(0.,0.,1.));
#3256 = PCURVE('',#1130,#3257);
#3257 = DEFINITIONAL_REPRESENTATION('',(#3258),#3262);
#3258 = LINE('',#3259,#3260);
#3259 = CARTESIAN_POINT('',(-6.28318530718,0.));
#3260 = VECTOR('',#3261,1.);
#3261 = DIRECTION('',(-0.,-1.));
#3262 = ( GEOMETRIC_REPRESENTATION_CONTEXT(2) 
PARAMETRIC_REPRESENTATION_CONTEXT() REPRESENTATION_CONTEXT('2D SPACE',''
  ) );
#3263 = PCURVE('',#1130,#3264);
#3264 = DEFINITIONAL_REPRESENTATION('',(#3265),#3269);
#3265 = LINE('',#3266,#3267);
#3266 = CARTESIAN_POINT('',(-0.,0.));
#3267 = VECTOR('',#3268,1.);
#3268 = DIRECTION('',(-0.,-1.));
#3269 = ( GEOMETRIC_REPRESENTATION_CONTEXT(2) 
PARAMETRIC_REPRESENTATION_CONTEXT() REPRESENTATION_CONTEXT('2D SPACE',''
  ) );
#3270 = ORIENTED_EDGE('',*,*,#1113,.F.);
#3271 = ORIENTED_EDGE('',*,*,#3248,.T.);
#3272 = ORIENTED_EDGE('',*,*,#3273,.T.);
#3273 = EDGE_CURVE('',#3249,#3249,#3274,.T.);
#3274 = SURFACE_CURVE('',#3275,(#3280,#3287),.PCURVE_S1.);
#3275 = CIRCLE('',#3276,12.7);
#3276 = AXIS2_PLACEMENT_3D('',#3277,#3278,#3279);
#3277 = CARTESIAN_POINT('',(0.,0.,250.));
#3278 = DIRECTION('',(0.,0.,1.));
#3279 = DIRECTION('',(1.,0.,0.));
#3280 = PCURVE('',#1130,#3281);
#3281 = DEFINITIONAL_REPRESENTATION('',(#3282),#3286);
#3282 = LINE('',#3283,#3284);
#3283 = CARTESIAN_POINT('',(-0.,-250.));
#3284 = VECTOR('',#3285,1.);
#3285 = DIRECTION('',(-1.,0.));
#3286 = ( GEOMETRIC_REPRESENTATION_CONTEXT(2) 
PARAMETRIC_REPRESENTATION_CONTEXT() REPRESENTATION_CONTEXT('2D SPACE',''
  ) );
#3287 = PCURVE('',#3288,#3293);
#3288 = PLANE('',#3289);
#3289 = AXIS2_PLACEMENT_3D('',#3290,#3291,#3292);
#3290 = CARTESIAN_POINT('',(0.,1.204325410458E-15,250.));
#3291 = DIRECTION('',(0.,0.,1.));
#3292 = DIRECTION('',(1.,0.,-0.));
#3293 = DEFINITIONAL_REPRESENTATION('',(#3294),#3298);
#3294 = CIRCLE('',#3295,12.7);
#3295 = AXIS2_PLACEMENT_2D('',#3296,#3297);
#3296 = CARTESIAN_POINT('',(0.,-1.204325410458E-15));
#3297 = DIRECTION('',(1.,0.));
#3298 = ( GEOMETRIC_REPRESENTATION_CONTEXT(2) 
PARAMETRIC_REPRESENTATION_CONTEXT() REPRESENTATION_CONTEXT('2D SPACE',''
  ) );
#3299 = FACE_BOUND('',#3300,.T.);
#3300 = EDGE_LOOP('',(#3301));
#3301 = ORIENTED_EDGE('',*,*,#3302,.F.);
#3302 = EDGE_CURVE('',#3303,#3303,#3305,.T.);
#3303 = VERTEX_POINT('',#3304);
#3304 = CARTESIAN_POINT('',(4.,12.053630158587,50.));
#3305 = SURFACE_CURVE('',#3306,(#3365,#3427),.PCURVE_S1.);
#3306 = B_SPLINE_CURVE_WITH_KNOTS('',8,(#3307,#3308,#3309,#3310,#3311,
    #3312,#3313,#3314,#3315,#3316,#3317,#3318,#3319,#3320,#3321,#3322,
    #3323,#3324,#3325,#3326,#3327,#3328,#3329,#3330,#3331,#3332,#3333,
    #3334,#3335,#3336,#3337,#3338,#3339,#3340,#3341,#3342,#3343,#3344,
    #3345,#3346,#3347,#3348,#3349,#3350,#3351,#3352,#3353,#3354,#3355,
    #3356,#3357,#3358,#3359,#3360,#3361,#3362,#3363,#3364),
  .UNSPECIFIED.,.T.,.F.,(9,7,7,7,7,7,7,7,9),(0.,0.180334343963,
    0.249999999344,0.319665654725,0.499999999563,0.680334344401,
    0.749999999781,0.819665655162,1.),.UNSPECIFIED.);
#3307 = CARTESIAN_POINT('',(4.,12.053630158587,50.));
#3308 = CARTESIAN_POINT('',(4.,12.053630158587,50.495648457461));
#3309 = CARTESIAN_POINT('',(3.929810386632,12.076923874156,
    50.988105179026));
#3310 = CARTESIAN_POINT('',(3.791003686377,12.122979533169,
    51.472962998467));
#3311 = CARTESIAN_POINT('',(3.581788377635,12.189888304445,
    51.945155778782));
#3312 = CARTESIAN_POINT('',(3.298263294361,12.274052860938,
    52.397306809755));
#3313 = CARTESIAN_POINT('',(2.935449501885,12.369358369999,
    52.818147998069));
#3314 = CARTESIAN_POINT('',(2.488058501893,12.465599547087,
    53.191168490535));
#3315 = CARTESIAN_POINT('',(1.748358117071,12.580809309466,
    53.605420610244));
#3316 = CARTESIAN_POINT('',(1.527650424825,12.611221135387,
    53.710746026459));
#3317 = CARTESIAN_POINT('',(1.293848942698,12.638769650768,
    53.803018473384));
#3318 = CARTESIAN_POINT('',(1.048768626868,12.66230746949,
    53.879798461225));
#3319 = CARTESIAN_POINT('',(0.794491553549,12.680827984179,
    53.939130638685));
#3320 = CARTESIAN_POINT('',(0.533305032201,12.693554382953,
    53.979533932248));
#3321 = CARTESIAN_POINT('',(0.267638614631,12.7,54.));
#3322 = CARTESIAN_POINT('',(-0.267638614631,12.7,54.));
#3323 = CARTESIAN_POINT('',(-0.5333050322,12.693554382953,
    53.979533932248));
#3324 = CARTESIAN_POINT('',(-0.794491553549,12.680827984179,
    53.939130638685));
#3325 = CARTESIAN_POINT('',(-1.048768626868,12.66230746949,
    53.879798461225));
#3326 = CARTESIAN_POINT('',(-1.293848942698,12.638769650768,
    53.803018473384));
#3327 = CARTESIAN_POINT('',(-1.527650424824,12.611221135387,
    53.710746026459));
#3328 = CARTESIAN_POINT('',(-1.748358117071,12.580809309466,
    53.605420610244));
#3329 = CARTESIAN_POINT('',(-2.48805850448,12.465599546684,
    53.191168489086));
#3330 = CARTESIAN_POINT('',(-2.935449492121,12.369358371651,
    52.818148006107));
#3331 = CARTESIAN_POINT('',(-3.298263311883,12.274052857778,
    52.397306789977));
#3332 = CARTESIAN_POINT('',(-3.581788359903,12.189888307802,
    51.945155806259));
#3333 = CARTESIAN_POINT('',(-3.7910036964,12.122979531202,
    51.472962975639));
#3334 = CARTESIAN_POINT('',(-3.929810384049,12.076923874675,
    50.988105189982));
#3335 = CARTESIAN_POINT('',(-4.,12.053630158587,50.495648454964));
#3336 = CARTESIAN_POINT('',(-4.,12.053630158587,49.504351545036));
#3337 = CARTESIAN_POINT('',(-3.929810384049,12.076923874675,
    49.011894810017));
#3338 = CARTESIAN_POINT('',(-3.7910036964,12.122979531202,
    48.527037024362));
#3339 = CARTESIAN_POINT('',(-3.581788359904,12.189888307802,
    48.054844193739));
#3340 = CARTESIAN_POINT('',(-3.298263311882,12.274052857778,
    47.602693210023));
#3341 = CARTESIAN_POINT('',(-2.935449492122,12.369358371651,
    47.181851993893));
#3342 = CARTESIAN_POINT('',(-2.48805850448,12.465599546684,
    46.808831510914));
#3343 = CARTESIAN_POINT('',(-1.748358117071,12.580809309466,
    46.394579389756));
#3344 = CARTESIAN_POINT('',(-1.527650424825,12.611221135387,
    46.289253973541));
#3345 = CARTESIAN_POINT('',(-1.293848942698,12.638769650768,
    46.196981526616));
#3346 = CARTESIAN_POINT('',(-1.048768626868,12.66230746949,
    46.120201538775));
#3347 = CARTESIAN_POINT('',(-0.794491553549,12.680827984179,
    46.060869361315));
#3348 = CARTESIAN_POINT('',(-0.5333050322,12.693554382953,
    46.020466067752));
#3349 = CARTESIAN_POINT('',(-0.267638614631,12.7,46.));
#3350 = CARTESIAN_POINT('',(0.267638614631,12.7,46.));
#3351 = CARTESIAN_POINT('',(0.5333050322,12.693554382952,46.020466067752
    ));
#3352 = CARTESIAN_POINT('',(0.794491553549,12.680827984179,
    46.060869361315));
#3353 = CARTESIAN_POINT('',(1.048768626868,12.66230746949,
    46.120201538775));
#3354 = CARTESIAN_POINT('',(1.293848942698,12.638769650768,
    46.196981526616));
#3355 = CARTESIAN_POINT('',(1.527650424824,12.611221135387,
    46.289253973541));
#3356 = CARTESIAN_POINT('',(1.748358117071,12.580809309466,
    46.394579389756));
#3357 = CARTESIAN_POINT('',(2.48805850448,12.465599546684,
    46.808831510914));
#3358 = CARTESIAN_POINT('',(2.935449492124,12.369358371651,
    47.181851993894));
#3359 = CARTESIAN_POINT('',(3.298263311879,12.274052857778,
    47.602693210023));
#3360 = CARTESIAN_POINT('',(3.581788359907,12.189888307802,
    48.054844193739));
#3361 = CARTESIAN_POINT('',(3.791003696398,12.122979531202,
    48.527037024363));
#3362 = CARTESIAN_POINT('',(3.929810384049,12.076923874675,
    49.011894810017));
#3363 = CARTESIAN_POINT('',(4.,12.053630158587,49.504351545036));
#3364 = CARTESIAN_POINT('',(4.,12.053630158587,50.));
#3365 = PCURVE('',#1130,#3366);
#3366 = DEFINITIONAL_REPRESENTATION('',(#3367),#3426);
#3367 = B_SPLINE_CURVE_WITH_KNOTS('',8,(#3368,#3369,#3370,#3371,#3372,
    #3373,#3374,#3375,#3376,#3377,#3378,#3379,#3380,#3381,#3382,#3383,
    #3384,#3385,#3386,#3387,#3388,#3389,#3390,#3391,#3392,#3393,#3394,
    #3395,#3396,#3397,#3398,#3399,#3400,#3401,#3402,#3403,#3404,#3405,
    #3406,#3407,#3408,#3409,#3410,#3411,#3412,#3413,#3414,#3415,#3416,
    #3417,#3418,#3419,#3420,#3421,#3422,#3423,#3424,#3425),
  .UNSPECIFIED.,.T.,.F.,(9,7,7,7,7,7,7,7,9),(0.,0.180334343963,
    0.249999999344,0.319665654725,0.499999999563,0.680334344401,
    0.749999999781,0.819665655162,1.),.UNSPECIFIED.);
#3368 = CARTESIAN_POINT('',(-1.25038115431,-50.));
#3369 = CARTESIAN_POINT('',(-1.25038115431,-50.49564845746));
#3370 = CARTESIAN_POINT('',(-1.256204244785,-50.98810517902));
#3371 = CARTESIAN_POINT('',(-1.26772011376,-51.47296299846));
#3372 = CARTESIAN_POINT('',(-1.285013825028,-51.94515577878));
#3373 = CARTESIAN_POINT('',(-1.308291426563,-52.39730680975));
#3374 = CARTESIAN_POINT('',(-1.337791456177,-52.81814799806));
#3375 = CARTESIAN_POINT('',(-1.373765613586,-53.19116849053));
#3376 = CARTESIAN_POINT('',(-1.432711967426,-53.60542061024));
#3377 = CARTESIAN_POINT('',(-1.450252037219,-53.71074602645));
#3378 = CARTESIAN_POINT('',(-1.468782831668,-53.80301847338));
#3379 = CARTESIAN_POINT('',(-1.488159944983,-53.87979846122));
#3380 = CARTESIAN_POINT('',(-1.508223708712,-53.93913063868));
#3381 = CARTESIAN_POINT('',(-1.528803786502,-53.97953393224));
#3382 = CARTESIAN_POINT('',(-1.549722420131,-54.));
#3383 = CARTESIAN_POINT('',(-1.591870233459,-54.));
#3384 = CARTESIAN_POINT('',(-1.612788867088,-53.97953393224));
#3385 = CARTESIAN_POINT('',(-1.633368944878,-53.93913063868));
#3386 = CARTESIAN_POINT('',(-1.653432708607,-53.87979846122));
#3387 = CARTESIAN_POINT('',(-1.672809821922,-53.80301847338));
#3388 = CARTESIAN_POINT('',(-1.69134061637,-53.71074602645));
#3389 = CARTESIAN_POINT('',(-1.708880686164,-53.60542061024));
#3390 = CARTESIAN_POINT('',(-1.76782704021,-53.19116848908));
#3391 = CARTESIAN_POINT('',(-1.803801196633,-52.8181480061));
#3392 = CARTESIAN_POINT('',(-1.83330122843,-52.39730678997));
#3393 = CARTESIAN_POINT('',(-1.856578827139,-51.94515580625));
#3394 = CARTESIAN_POINT('',(-1.873872540635,-51.47296297563));
#3395 = CARTESIAN_POINT('',(-1.885388408597,-50.98810518998));
#3396 = CARTESIAN_POINT('',(-1.89121149928,-50.49564845496));
#3397 = CARTESIAN_POINT('',(-1.89121149928,-49.50435154503));
#3398 = CARTESIAN_POINT('',(-1.885388408597,-49.01189481001));
#3399 = CARTESIAN_POINT('',(-1.873872540635,-48.52703702436));
#3400 = CARTESIAN_POINT('',(-1.856578827139,-48.05484419374));
#3401 = CARTESIAN_POINT('',(-1.83330122843,-47.60269321002));
#3402 = CARTESIAN_POINT('',(-1.803801196633,-47.18185199389));
#3403 = CARTESIAN_POINT('',(-1.76782704021,-46.80883151091));
#3404 = CARTESIAN_POINT('',(-1.708880686164,-46.39457938975));
#3405 = CARTESIAN_POINT('',(-1.69134061637,-46.28925397354));
#3406 = CARTESIAN_POINT('',(-1.672809821922,-46.19698152661));
#3407 = CARTESIAN_POINT('',(-1.653432708606,-46.12020153877));
#3408 = CARTESIAN_POINT('',(-1.633368944878,-46.06086936131));
#3409 = CARTESIAN_POINT('',(-1.612788867088,-46.02046606775));
#3410 = CARTESIAN_POINT('',(-1.591870233459,-46.));
#3411 = CARTESIAN_POINT('',(-1.549722420131,-46.));
#3412 = CARTESIAN_POINT('',(-1.528803786502,-46.02046606775));
#3413 = CARTESIAN_POINT('',(-1.508223708712,-46.06086936131));
#3414 = CARTESIAN_POINT('',(-1.488159944983,-46.12020153877));
#3415 = CARTESIAN_POINT('',(-1.468782831667,-46.19698152661));
#3416 = CARTESIAN_POINT('',(-1.450252037219,-46.28925397354));
#3417 = CARTESIAN_POINT('',(-1.432711967426,-46.39457938975));
#3418 = CARTESIAN_POINT('',(-1.37376561338,-46.80883151091));
#3419 = CARTESIAN_POINT('',(-1.337791456957,-47.18185199389));
#3420 = CARTESIAN_POINT('',(-1.30829142516,-47.60269321002));
#3421 = CARTESIAN_POINT('',(-1.285013826451,-48.05484419373));
#3422 = CARTESIAN_POINT('',(-1.267720112955,-48.52703702436));
#3423 = CARTESIAN_POINT('',(-1.256204244992,-49.01189481001));
#3424 = CARTESIAN_POINT('',(-1.25038115431,-49.50435154503));
#3425 = CARTESIAN_POINT('',(-1.25038115431,-50.));
#3426 = ( GEOMETRIC_REPRESENTATION_CONTEXT(2) 
PARAMETRIC_REPRESENTATION_CONTEXT() REPRESENTATION_CONTEXT('2D SPACE',''
  ) );
#3427 = PCURVE('',#1401,#3428);
#3428 = DEFINITIONAL_REPRESENTATION('',(#3429),#3488);
#3429 = B_SPLINE_CURVE_WITH_KNOTS('',8,(#3430,#3431,#3432,#3433,#3434,
    #3435,#3436,#3437,#3438,#3439,#3440,#3441,#3442,#3443,#3444,#3445,
    #3446,#3447,#3448,#3449,#3450,#3451,#3452,#3453,#3454,#3455,#3456,
    #3457,#3458,#3459,#3460,#3461,#3462,#3463,#3464,#3465,#3466,#3467,
    #3468,#3469,#3470,#3471,#3472,#3473,#3474,#3475,#3476,#3477,#3478,
    #3479,#3480,#3481,#3482,#3483,#3484,#3485,#3486,#3487),
  .UNSPECIFIED.,.F.,.F.,(9,7,7,7,7,7,7,7,9),(0.,0.180334343963,
    0.249999999344,0.319665654725,0.499999999563,0.680334344401,
    0.749999999781,0.819665655162,1.),.UNSPECIFIED.);
#3430 = CARTESIAN_POINT('',(0.,-42.05363015858));
#3431 = CARTESIAN_POINT('',(0.123912114365,-42.05363015858));
#3432 = CARTESIAN_POINT('',(0.247027013988,-42.07692387415));
#3433 = CARTESIAN_POINT('',(0.371136487692,-42.12297953316));
#3434 = CARTESIAN_POINT('',(0.497737561358,-42.18988830444));
#3435 = CARTESIAN_POINT('',(0.628260723239,-42.27405286093));
#3436 = CARTESIAN_POINT('',(0.764246271825,-42.36935836999));
#3437 = CARTESIAN_POINT('',(0.907400420938,-42.46559954708));
#3438 = CARTESIAN_POINT('',(1.119349925241,-42.58080930946));
#3439 = CARTESIAN_POINT('',(1.180357587454,-42.61122113538));
#3440 = CARTESIAN_POINT('',(1.242940893171,-42.63876965076));
#3441 = CARTESIAN_POINT('',(1.306806688406,-42.66230746949));
#3442 = CARTESIAN_POINT('',(1.371716874364,-42.68082798417));
#3443 = CARTESIAN_POINT('',(1.437470117302,-42.69355438295));
#3444 = CARTESIAN_POINT('',(1.503886673137,-42.7));
#3445 = CARTESIAN_POINT('',(1.637705980453,-42.7));
#3446 = CARTESIAN_POINT('',(1.704122536288,-42.69355438295));
#3447 = CARTESIAN_POINT('',(1.769875779226,-42.68082798417));
#3448 = CARTESIAN_POINT('',(1.834785965184,-42.66230746949));
#3449 = CARTESIAN_POINT('',(1.898651760419,-42.63876965076));
#3450 = CARTESIAN_POINT('',(1.961235066136,-42.61122113538));
#3451 = CARTESIAN_POINT('',(2.022242728349,-42.58080930946));
#3452 = CARTESIAN_POINT('',(2.234192233393,-42.46559954668));
#3453 = CARTESIAN_POINT('',(2.377346378406,-42.36935837165));
#3454 = CARTESIAN_POINT('',(2.513331937593,-42.27405285777));
#3455 = CARTESIAN_POINT('',(2.643855083143,-42.1898883078));
#3456 = CARTESIAN_POINT('',(2.770456172812,-42.1229795312));
#3457 = CARTESIAN_POINT('',(2.894565636562,-42.07692387467));
#3458 = CARTESIAN_POINT('',(3.017680539849,-42.05363015858));
#3459 = CARTESIAN_POINT('',(3.265504767331,-42.05363015858));
#3460 = CARTESIAN_POINT('',(3.388619670619,-42.07692387467));
#3461 = CARTESIAN_POINT('',(3.512729134366,-42.1229795312));
#3462 = CARTESIAN_POINT('',(3.63933022404,-42.1898883078));
#3463 = CARTESIAN_POINT('',(3.769853369585,-42.27405285777));
#3464 = CARTESIAN_POINT('',(3.905838928774,-42.36935837165));
#3465 = CARTESIAN_POINT('',(4.048993073787,-42.46559954668));
#3466 = CARTESIAN_POINT('',(4.260942578831,-42.58080930946));
#3467 = CARTESIAN_POINT('',(4.321950241044,-42.61122113538));
#3468 = CARTESIAN_POINT('',(4.384533546761,-42.63876965076));
#3469 = CARTESIAN_POINT('',(4.448399341996,-42.66230746949));
#3470 = CARTESIAN_POINT('',(4.513309527953,-42.68082798417));
#3471 = CARTESIAN_POINT('',(4.579062770891,-42.69355438295));
#3472 = CARTESIAN_POINT('',(4.645479326727,-42.7));
#3473 = CARTESIAN_POINT('',(4.779298634042,-42.7));
#3474 = CARTESIAN_POINT('',(4.845715189878,-42.69355438295));
#3475 = CARTESIAN_POINT('',(4.911468432816,-42.68082798417));
#3476 = CARTESIAN_POINT('',(4.976378618774,-42.66230746949));
#3477 = CARTESIAN_POINT('',(5.040244414009,-42.63876965076));
#3478 = CARTESIAN_POINT('',(5.102827719726,-42.61122113538));
#3479 = CARTESIAN_POINT('',(5.163835381938,-42.58080930946));
#3480 = CARTESIAN_POINT('',(5.375784886983,-42.46559954668));
#3481 = CARTESIAN_POINT('',(5.518939031996,-42.36935837165));
#3482 = CARTESIAN_POINT('',(5.654924591183,-42.27405285777));
#3483 = CARTESIAN_POINT('',(5.785447736731,-42.1898883078));
#3484 = CARTESIAN_POINT('',(5.912048826402,-42.1229795312));
#3485 = CARTESIAN_POINT('',(6.036158290151,-42.07692387467));
#3486 = CARTESIAN_POINT('',(6.159273193439,-42.05363015858));
#3487 = CARTESIAN_POINT('',(6.28318530718,-42.05363015858));
#3488 = ( GEOMETRIC_REPRESENTATION_CONTEXT(2) 
PARAMETRIC_REPRESENTATION_CONTEXT() REPRESENTATION_CONTEXT('2D SPACE',''
  ) );
#3489 = FACE_BOUND('',#3490,.T.);
#3490 = EDGE_LOOP('',(#3491));
#3491 = ORIENTED_EDGE('',*,*,#3492,.T.);
#3492 = EDGE_CURVE('',#3493,#3493,#3495,.T.);
#3493 = VERTEX_POINT('',#3494);
#3494 = CARTESIAN_POINT('',(4.,-12.05363015858,50.));
#3495 = SURFACE_CURVE('',#3496,(#3555,#3617),.PCURVE_S1.);
#3496 = B_SPLINE_CURVE_WITH_KNOTS('',8,(#3497,#3498,#3499,#3500,#3501,
    #3502,#3503,#3504,#3505,#3506,#3507,#3508,#3509,#3510,#3511,#3512,
    #3513,#3514,#3515,#3516,#3517,#3518,#3519,#3520,#3521,#3522,#3523,
    #3524,#3525,#3526,#3527,#3528,#3529,#3530,#3531,#3532,#3533,#3534,
    #3535,#3536,#3537,#3538,#3539,#3540,#3541,#3542,#3543,#3544,#3545,
    #3546,#3547,#3548,#3549,#3550,#3551,#3552,#3553,#3554),
  .UNSPECIFIED.,.T.,.F.,(9,7,7,7,7,7,7,7,9),(0.,0.180334344104,
    0.249999999201,0.319665654299,0.499999998403,0.680334343415,
    0.749999999201,0.819665654987,1.),.UNSPECIFIED.);
#3497 = CARTESIAN_POINT('',(4.,-12.05363015858,50.));
#3498 = CARTESIAN_POINT('',(4.,-12.05363015858,50.495648454964));
#3499 = CARTESIAN_POINT('',(3.929810384049,-12.07692387467,
    50.98810518998));
#3500 = CARTESIAN_POINT('',(3.7910036964,-12.1229795312,51.472962975642)
  );
#3501 = CARTESIAN_POINT('',(3.581788359904,-12.1898883078,
    51.945155806257));
#3502 = CARTESIAN_POINT('',(3.298263311882,-12.27405285777,
    52.397306789979));
#3503 = CARTESIAN_POINT('',(2.935449492122,-12.36935837165,
    52.818148006106));
#3504 = CARTESIAN_POINT('',(2.48805850448,-12.46559954668,
    53.191168489086));
#3505 = CARTESIAN_POINT('',(1.748358117071,-12.58080930946,
    53.605420610244));
#3506 = CARTESIAN_POINT('',(1.527650424824,-12.61122113538,
    53.710746026459));
#3507 = CARTESIAN_POINT('',(1.293848942698,-12.63876965076,
    53.803018473384));
#3508 = CARTESIAN_POINT('',(1.048768626868,-12.66230746949,
    53.879798461225));
#3509 = CARTESIAN_POINT('',(0.794491553549,-12.68082798417,
    53.939130638685));
#3510 = CARTESIAN_POINT('',(0.5333050322,-12.69355438295,53.979533932248
    ));
#3511 = CARTESIAN_POINT('',(0.267638614631,-12.7,54.));
#3512 = CARTESIAN_POINT('',(-0.267638614631,-12.7,54.));
#3513 = CARTESIAN_POINT('',(-0.5333050322,-12.69355438295,
    53.979533932248));
#3514 = CARTESIAN_POINT('',(-0.794491553549,-12.68082798417,
    53.939130638685));
#3515 = CARTESIAN_POINT('',(-1.048768626868,-12.66230746949,
    53.879798461225));
#3516 = CARTESIAN_POINT('',(-1.293848942698,-12.63876965076,
    53.803018473384));
#3517 = CARTESIAN_POINT('',(-1.527650424825,-12.61122113538,
    53.710746026459));
#3518 = CARTESIAN_POINT('',(-1.748358117071,-12.58080930946,
    53.605420610244));
#3519 = CARTESIAN_POINT('',(-2.48805850448,-12.46559954668,
    53.191168489086));
#3520 = CARTESIAN_POINT('',(-2.935449492121,-12.36935837165,
    52.818148006107));
#3521 = CARTESIAN_POINT('',(-3.298263311883,-12.27405285777,
    52.397306789978));
#3522 = CARTESIAN_POINT('',(-3.581788359904,-12.1898883078,
    51.945155806258));
#3523 = CARTESIAN_POINT('',(-3.7910036964,-12.1229795312,51.472962975639
    ));
#3524 = CARTESIAN_POINT('',(-3.929810384049,-12.07692387467,
    50.988105189982));
#3525 = CARTESIAN_POINT('',(-4.,-12.05363015858,50.495648454964));
#3526 = CARTESIAN_POINT('',(-4.,-12.05363015858,49.504351542539));
#3527 = CARTESIAN_POINT('',(-3.929810386631,-12.07692387415,
    49.011894820974));
#3528 = CARTESIAN_POINT('',(-3.791003686381,-12.12297953316,
    48.527037001536));
#3529 = CARTESIAN_POINT('',(-3.581788377627,-12.18988830444,
    48.054844221213));
#3530 = CARTESIAN_POINT('',(-3.298263294369,-12.27405286093,
    47.60269319025));
#3531 = CARTESIAN_POINT('',(-2.935449501881,-12.36935836999,
    47.181852001929));
#3532 = CARTESIAN_POINT('',(-2.488058501894,-12.46559954708,
    46.808831509466));
#3533 = CARTESIAN_POINT('',(-1.748358117071,-12.58080930946,
    46.394579389756));
#3534 = CARTESIAN_POINT('',(-1.527650424824,-12.61122113538,
    46.289253973541));
#3535 = CARTESIAN_POINT('',(-1.293848942698,-12.63876965076,
    46.196981526616));
#3536 = CARTESIAN_POINT('',(-1.048768626868,-12.66230746949,
    46.120201538775));
#3537 = CARTESIAN_POINT('',(-0.794491553549,-12.68082798417,
    46.060869361315));
#3538 = CARTESIAN_POINT('',(-0.5333050322,-12.69355438295,
    46.020466067752));
#3539 = CARTESIAN_POINT('',(-0.267638614631,-12.7,46.));
#3540 = CARTESIAN_POINT('',(0.267638614631,-12.7,46.));
#3541 = CARTESIAN_POINT('',(0.5333050322,-12.69355438295,46.020466067752
    ));
#3542 = CARTESIAN_POINT('',(0.794491553549,-12.68082798417,
    46.060869361315));
#3543 = CARTESIAN_POINT('',(1.048768626868,-12.66230746949,
    46.120201538775));
#3544 = CARTESIAN_POINT('',(1.293848942698,-12.63876965076,
    46.196981526616));
#3545 = CARTESIAN_POINT('',(1.527650424825,-12.61122113538,
    46.289253973541));
#3546 = CARTESIAN_POINT('',(1.748358117071,-12.58080930946,
    46.394579389756));
#3547 = CARTESIAN_POINT('',(2.488058501894,-12.46559954708,
    46.808831509466));
#3548 = CARTESIAN_POINT('',(2.935449501882,-12.36935836999,
    47.18185200193));
#3549 = CARTESIAN_POINT('',(3.298263294366,-12.27405286093,
    47.602693190246));
#3550 = CARTESIAN_POINT('',(3.58178837763,-12.18988830444,
    48.054844221216));
#3551 = CARTESIAN_POINT('',(3.79100368638,-12.12297953316,
    48.527037001536));
#3552 = CARTESIAN_POINT('',(3.929810386631,-12.07692387415,
    49.011894820972));
#3553 = CARTESIAN_POINT('',(4.,-12.05363015858,49.50435154254));
#3554 = CARTESIAN_POINT('',(4.,-12.05363015858,50.));
#3555 = PCURVE('',#1130,#3556);
#3556 = DEFINITIONAL_REPRESENTATION('',(#3557),#3616);
#3557 = B_SPLINE_CURVE_WITH_KNOTS('',8,(#3558,#3559,#3560,#3561,#3562,
    #3563,#3564,#3565,#3566,#3567,#3568,#3569,#3570,#3571,#3572,#3573,
    #3574,#3575,#3576,#3577,#3578,#3579,#3580,#3581,#3582,#3583,#3584,
    #3585,#3586,#3587,#3588,#3589,#3590,#3591,#3592,#3593,#3594,#3595,
    #3596,#3597,#3598,#3599,#3600,#3601,#3602,#3603,#3604,#3605,#3606,
    #3607,#3608,#3609,#3610,#3611,#3612,#3613,#3614,#3615),
  .UNSPECIFIED.,.T.,.F.,(9,7,7,7,7,7,7,7,9),(0.,0.180334344104,
    0.249999999201,0.319665654299,0.499999998403,0.680334343415,
    0.749999999201,0.819665654987,1.),.UNSPECIFIED.);
#3558 = CARTESIAN_POINT('',(-5.032804152869,-50.));
#3559 = CARTESIAN_POINT('',(-5.032804152869,-50.49564845496));
#3560 = CARTESIAN_POINT('',(-5.026981062187,-50.98810518998));
#3561 = CARTESIAN_POINT('',(-5.015465194225,-51.47296297563));
#3562 = CARTESIAN_POINT('',(-4.998171480729,-51.94515580626));
#3563 = CARTESIAN_POINT('',(-4.97489388202,-52.39730678997));
#3564 = CARTESIAN_POINT('',(-4.945393850223,-52.8181480061));
#3565 = CARTESIAN_POINT('',(-4.9094196938,-53.19116848908));
#3566 = CARTESIAN_POINT('',(-4.850473339754,-53.60542061024));
#3567 = CARTESIAN_POINT('',(-4.83293326996,-53.71074602645));
#3568 = CARTESIAN_POINT('',(-4.814402475512,-53.80301847338));
#3569 = CARTESIAN_POINT('',(-4.795025362196,-53.87979846122));
#3570 = CARTESIAN_POINT('',(-4.774961598468,-53.93913063868));
#3571 = CARTESIAN_POINT('',(-4.754381520678,-53.97953393224));
#3572 = CARTESIAN_POINT('',(-4.733462887049,-54.));
#3573 = CARTESIAN_POINT('',(-4.691315073721,-54.));
#3574 = CARTESIAN_POINT('',(-4.670396440092,-53.97953393224));
#3575 = CARTESIAN_POINT('',(-4.649816362302,-53.93913063868));
#3576 = CARTESIAN_POINT('',(-4.629752598573,-53.87979846122));
#3577 = CARTESIAN_POINT('',(-4.610375485257,-53.80301847338));
#3578 = CARTESIAN_POINT('',(-4.591844690809,-53.71074602645));
#3579 = CARTESIAN_POINT('',(-4.574304621015,-53.60542061024));
#3580 = CARTESIAN_POINT('',(-4.51535826697,-53.19116848908));
#3581 = CARTESIAN_POINT('',(-4.479384110547,-52.8181480061));
#3582 = CARTESIAN_POINT('',(-4.449884078749,-52.39730678997));
#3583 = CARTESIAN_POINT('',(-4.426606480041,-51.94515580626));
#3584 = CARTESIAN_POINT('',(-4.409312766545,-51.47296297563));
#3585 = CARTESIAN_POINT('',(-4.397796898582,-50.98810518998));
#3586 = CARTESIAN_POINT('',(-4.3919738079,-50.49564845496));
#3587 = CARTESIAN_POINT('',(-4.3919738079,-49.50435154253));
#3588 = CARTESIAN_POINT('',(-4.397796898374,-49.01189482097));
#3589 = CARTESIAN_POINT('',(-4.40931276735,-48.52703700153));
#3590 = CARTESIAN_POINT('',(-4.426606478619,-48.05484422121));
#3591 = CARTESIAN_POINT('',(-4.449884080152,-47.60269319025));
#3592 = CARTESIAN_POINT('',(-4.479384109767,-47.18185200192));
#3593 = CARTESIAN_POINT('',(-4.515358267176,-46.80883150946));
#3594 = CARTESIAN_POINT('',(-4.574304621015,-46.39457938975));
#3595 = CARTESIAN_POINT('',(-4.591844690809,-46.28925397354));
#3596 = CARTESIAN_POINT('',(-4.610375485257,-46.19698152661));
#3597 = CARTESIAN_POINT('',(-4.629752598573,-46.12020153877));
#3598 = CARTESIAN_POINT('',(-4.649816362302,-46.06086936131));
#3599 = CARTESIAN_POINT('',(-4.670396440092,-46.02046606775));
#3600 = CARTESIAN_POINT('',(-4.691315073721,-46.));
#3601 = CARTESIAN_POINT('',(-4.733462887049,-46.));
#3602 = CARTESIAN_POINT('',(-4.754381520678,-46.02046606775));
#3603 = CARTESIAN_POINT('',(-4.774961598468,-46.06086936131));
#3604 = CARTESIAN_POINT('',(-4.795025362196,-46.12020153877));
#3605 = CARTESIAN_POINT('',(-4.814402475512,-46.19698152661));
#3606 = CARTESIAN_POINT('',(-4.83293326996,-46.28925397354));
#3607 = CARTESIAN_POINT('',(-4.850473339754,-46.39457938975));
#3608 = CARTESIAN_POINT('',(-4.909419693594,-46.80883150946));
#3609 = CARTESIAN_POINT('',(-4.945393851003,-47.18185200192));
#3610 = CARTESIAN_POINT('',(-4.974893880617,-47.60269319024));
#3611 = CARTESIAN_POINT('',(-4.998171482151,-48.05484422121));
#3612 = CARTESIAN_POINT('',(-5.015465193419,-48.52703700153));
#3613 = CARTESIAN_POINT('',(-5.026981062395,-49.01189482097));
#3614 = CARTESIAN_POINT('',(-5.032804152869,-49.50435154254));
#3615 = CARTESIAN_POINT('',(-5.032804152869,-50.));
#3616 = ( GEOMETRIC_REPRESENTATION_CONTEXT(2) 
PARAMETRIC_REPRESENTATION_CONTEXT() REPRESENTATION_CONTEXT('2D SPACE',''
  ) );
#3617 = PCURVE('',#3618,#3623);
#3618 = CYLINDRICAL_SURFACE('',#3619,4.);
#3619 = AXIS2_PLACEMENT_3D('',#3620,#3621,#3622);
#3620 = CARTESIAN_POINT('',(0.,-30.,50.));
#3621 = DIRECTION('',(0.,-1.,0.));
#3622 = DIRECTION('',(1.,0.,0.));
#3623 = DEFINITIONAL_REPRESENTATION('',(#3624),#3683);
#3624 = B_SPLINE_CURVE_WITH_KNOTS('',8,(#3625,#3626,#3627,#3628,#3629,
    #3630,#3631,#3632,#3633,#3634,#3635,#3636,#3637,#3638,#3639,#3640,
    #3641,#3642,#3643,#3644,#3645,#3646,#3647,#3648,#3649,#3650,#3651,
    #3652,#3653,#3654,#3655,#3656,#3657,#3658,#3659,#3660,#3661,#3662,
    #3663,#3664,#3665,#3666,#3667,#3668,#3669,#3670,#3671,#3672,#3673,
    #3674,#3675,#3676,#3677,#3678,#3679,#3680,#3681,#3682),
  .UNSPECIFIED.,.F.,.F.,(9,7,7,7,7,7,7,7,9),(0.,0.180334344104,
    0.249999999201,0.319665654299,0.499999998403,0.680334343415,
    0.749999999201,0.819665654987,1.),.UNSPECIFIED.);
#3625 = CARTESIAN_POINT('',(0.,-17.94636984141));
#3626 = CARTESIAN_POINT('',(0.123912113741,-17.94636984141));
#3627 = CARTESIAN_POINT('',(0.247027017028,-17.92307612532));
#3628 = CARTESIAN_POINT('',(0.371136480778,-17.87702046879));
#3629 = CARTESIAN_POINT('',(0.497737570448,-17.81011169219));
#3630 = CARTESIAN_POINT('',(0.628260715997,-17.72594714222));
#3631 = CARTESIAN_POINT('',(0.764246275184,-17.63064162834));
#3632 = CARTESIAN_POINT('',(0.907400420197,-17.53440045331));
#3633 = CARTESIAN_POINT('',(1.119349925241,-17.41919069053));
#3634 = CARTESIAN_POINT('',(1.180357587454,-17.38877886461));
#3635 = CARTESIAN_POINT('',(1.242940893171,-17.36123034923));
#3636 = CARTESIAN_POINT('',(1.306806688406,-17.33769253051));
#3637 = CARTESIAN_POINT('',(1.371716874364,-17.31917201582));
#3638 = CARTESIAN_POINT('',(1.437470117302,-17.30644561704));
#3639 = CARTESIAN_POINT('',(1.503886673137,-17.3));
#3640 = CARTESIAN_POINT('',(1.637705980453,-17.3));
#3641 = CARTESIAN_POINT('',(1.704122536288,-17.30644561704));
#3642 = CARTESIAN_POINT('',(1.769875779226,-17.31917201582));
#3643 = CARTESIAN_POINT('',(1.834785965184,-17.33769253051));
#3644 = CARTESIAN_POINT('',(1.898651760419,-17.36123034923));
#3645 = CARTESIAN_POINT('',(1.961235066136,-17.38877886461));
#3646 = CARTESIAN_POINT('',(2.022242728349,-17.41919069053));
#3647 = CARTESIAN_POINT('',(2.234192233393,-17.53440045331));
#3648 = CARTESIAN_POINT('',(2.377346378405,-17.63064162834));
#3649 = CARTESIAN_POINT('',(2.513331937594,-17.72594714222));
#3650 = CARTESIAN_POINT('',(2.64385508314,-17.81011169219));
#3651 = CARTESIAN_POINT('',(2.770456172814,-17.87702046879));
#3652 = CARTESIAN_POINT('',(2.894565636561,-17.92307612532));
#3653 = CARTESIAN_POINT('',(3.017680539849,-17.94636984141));
#3654 = CARTESIAN_POINT('',(3.265504767955,-17.94636984141));
#3655 = CARTESIAN_POINT('',(3.388619667577,-17.92307612584));
#3656 = CARTESIAN_POINT('',(3.512729141282,-17.87702046683));
#3657 = CARTESIAN_POINT('',(3.639330214947,-17.81011169555));
#3658 = CARTESIAN_POINT('',(3.769853376829,-17.72594713906));
#3659 = CARTESIAN_POINT('',(3.905838925416,-17.63064163));
#3660 = CARTESIAN_POINT('',(4.048993074528,-17.53440045291));
#3661 = CARTESIAN_POINT('',(4.260942578831,-17.41919069053));
#3662 = CARTESIAN_POINT('',(4.321950241044,-17.38877886461));
#3663 = CARTESIAN_POINT('',(4.384533546761,-17.36123034923));
#3664 = CARTESIAN_POINT('',(4.448399341996,-17.33769253051));
#3665 = CARTESIAN_POINT('',(4.513309527953,-17.31917201582));
#3666 = CARTESIAN_POINT('',(4.579062770892,-17.30644561704));
#3667 = CARTESIAN_POINT('',(4.645479326727,-17.3));
#3668 = CARTESIAN_POINT('',(4.779298634042,-17.3));
#3669 = CARTESIAN_POINT('',(4.845715189878,-17.30644561704));
#3670 = CARTESIAN_POINT('',(4.911468432816,-17.31917201582));
#3671 = CARTESIAN_POINT('',(4.976378618774,-17.33769253051));
#3672 = CARTESIAN_POINT('',(5.040244414009,-17.36123034923));
#3673 = CARTESIAN_POINT('',(5.102827719726,-17.38877886461));
#3674 = CARTESIAN_POINT('',(5.163835381938,-17.41919069053));
#3675 = CARTESIAN_POINT('',(5.375784886242,-17.53440045291));
#3676 = CARTESIAN_POINT('',(5.518939035353,-17.63064163));
#3677 = CARTESIAN_POINT('',(5.654924583943,-17.72594713906));
#3678 = CARTESIAN_POINT('',(5.785447745818,-17.81011169555));
#3679 = CARTESIAN_POINT('',(5.912048819491,-17.87702046683));
#3680 = CARTESIAN_POINT('',(6.03615829319,-17.92307612584));
#3681 = CARTESIAN_POINT('',(6.159273192815,-17.94636984141));
#3682 = CARTESIAN_POINT('',(6.28318530718,-17.94636984141));
#3683 = ( GEOMETRIC_REPRESENTATION_CONTEXT(2) 
PARAMETRIC_REPRESENTATION_CONTEXT() REPRESENTATION_CONTEXT('2D SPACE',''
  ) );
#3684 = FACE_BOUND('',#3685,.T.);
#3685 = EDGE_LOOP('',(#3686,#3714,#3747,#3773));
#3686 = ORIENTED_EDGE('',*,*,#3687,.F.);
#3687 = EDGE_CURVE('',#3688,#3690,#3692,.T.);
#3688 = VERTEX_POINT('',#3689);
#3689 = CARTESIAN_POINT('',(-12.3405834546,-3.,16.25));
#3690 = VERTEX_POINT('',#3691);
#3691 = CARTESIAN_POINT('',(-12.3405834546,-3.,13.75));
#3692 = SURFACE_CURVE('',#3693,(#3697,#3703),.PCURVE_S1.);
#3693 = LINE('',#3694,#3695);
#3694 = CARTESIAN_POINT('',(-12.3405834546,-3.,0.));
#3695 = VECTOR('',#3696,1.);
#3696 = DIRECTION('',(-0.,-0.,-1.));
#3697 = PCURVE('',#1130,#3698);
#3698 = DEFINITIONAL_REPRESENTATION('',(#3699),#3702);
#3699 = B_SPLINE_CURVE_WITH_KNOTS('',1,(#3700,#3701),.UNSPECIFIED.,.F.,
  .F.,(2,2),(-16.5,-13.5),.PIECEWISE_BEZIER_KNOTS.);
#3700 = CARTESIAN_POINT('',(-3.380067048727,-16.5));
#3701 = CARTESIAN_POINT('',(-3.380067048727,-13.5));
#3702 = ( GEOMETRIC_REPRESENTATION_CONTEXT(2) 
PARAMETRIC_REPRESENTATION_CONTEXT() REPRESENTATION_CONTEXT('2D SPACE',''
  ) );
#3703 = PCURVE('',#3704,#3709);
#3704 = PLANE('',#3705);
#3705 = AXIS2_PLACEMENT_3D('',#3706,#3707,#3708);
#3706 = CARTESIAN_POINT('',(-12.8,-3.,13.75));
#3707 = DIRECTION('',(0.,1.,0.));
#3708 = DIRECTION('',(0.,0.,1.));
#3709 = DEFINITIONAL_REPRESENTATION('',(#3710),#3713);
#3710 = B_SPLINE_CURVE_WITH_KNOTS('',1,(#3711,#3712),.UNSPECIFIED.,.F.,
  .F.,(2,2),(-16.5,-13.5),.PIECEWISE_BEZIER_KNOTS.);
#3711 = CARTESIAN_POINT('',(2.75,0.459416545398));
#3712 = CARTESIAN_POINT('',(-0.25,0.459416545398));
#3713 = ( GEOMETRIC_REPRESENTATION_CONTEXT(2) 
PARAMETRIC_REPRESENTATION_CONTEXT() REPRESENTATION_CONTEXT('2D SPACE',''
  ) );
#3714 = ORIENTED_EDGE('',*,*,#3715,.T.);
#3715 = EDGE_CURVE('',#3688,#3716,#3718,.T.);
#3716 = VERTEX_POINT('',#3717);
#3717 = CARTESIAN_POINT('',(-12.3405834546,3.,16.25));
#3718 = SURFACE_CURVE('',#3719,(#3724,#3731),.PCURVE_S1.);
#3719 = CIRCLE('',#3720,12.7);
#3720 = AXIS2_PLACEMENT_3D('',#3721,#3722,#3723);
#3721 = CARTESIAN_POINT('',(0.,0.,16.25));
#3722 = DIRECTION('',(0.,0.,-1.));
#3723 = DIRECTION('',(1.,0.,0.));
#3724 = PCURVE('',#1130,#3725);
#3725 = DEFINITIONAL_REPRESENTATION('',(#3726),#3730);
#3726 = LINE('',#3727,#3728);
#3727 = CARTESIAN_POINT('',(-6.28318530718,-16.25));
#3728 = VECTOR('',#3729,1.);
#3729 = DIRECTION('',(1.,-0.));
#3730 = ( GEOMETRIC_REPRESENTATION_CONTEXT(2) 
PARAMETRIC_REPRESENTATION_CONTEXT() REPRESENTATION_CONTEXT('2D SPACE',''
  ) );
#3731 = PCURVE('',#3732,#3737);
#3732 = PLANE('',#3733);
#3733 = AXIS2_PLACEMENT_3D('',#3734,#3735,#3736);
#3734 = CARTESIAN_POINT('',(-12.8,-3.,16.25));
#3735 = DIRECTION('',(0.,0.,1.));
#3736 = DIRECTION('',(1.,0.,0.));
#3737 = DEFINITIONAL_REPRESENTATION('',(#3738),#3746);
#3738 = ( BOUNDED_CURVE() B_SPLINE_CURVE(2,(#3739,#3740,#3741,#3742,
#3743,#3744,#3745),.UNSPECIFIED.,.T.,.F.) B_SPLINE_CURVE_WITH_KNOTS((1,2
    ,2,2,2,1),(-2.094395102393,0.,2.094395102393,4.188790204786,
6.28318530718,8.377580409573),.UNSPECIFIED.) CURVE() 
GEOMETRIC_REPRESENTATION_ITEM() RATIONAL_B_SPLINE_CURVE((1.,0.5,1.,0.5,
1.,0.5,1.)) REPRESENTATION_ITEM('') );
#3739 = CARTESIAN_POINT('',(25.5,3.));
#3740 = CARTESIAN_POINT('',(25.5,-18.99704525612));
#3741 = CARTESIAN_POINT('',(6.45,-7.998522628062));
#3742 = CARTESIAN_POINT('',(-12.6,3.));
#3743 = CARTESIAN_POINT('',(6.45,13.998522628062));
#3744 = CARTESIAN_POINT('',(25.5,24.997045256125));
#3745 = CARTESIAN_POINT('',(25.5,3.));
#3746 = ( GEOMETRIC_REPRESENTATION_CONTEXT(2) 
PARAMETRIC_REPRESENTATION_CONTEXT() REPRESENTATION_CONTEXT('2D SPACE',''
  ) );
#3747 = ORIENTED_EDGE('',*,*,#3748,.T.);
#3748 = EDGE_CURVE('',#3716,#3749,#3751,.T.);
#3749 = VERTEX_POINT('',#3750);
#3750 = CARTESIAN_POINT('',(-12.3405834546,3.,13.75));
#3751 = SURFACE_CURVE('',#3752,(#3756,#3762),.PCURVE_S1.);
#3752 = LINE('',#3753,#3754);
#3753 = CARTESIAN_POINT('',(-12.3405834546,3.,0.));
#3754 = VECTOR('',#3755,1.);
#3755 = DIRECTION('',(-0.,-0.,-1.));
#3756 = PCURVE('',#1130,#3757);
#3757 = DEFINITIONAL_REPRESENTATION('',(#3758),#3761);
#3758 = B_SPLINE_CURVE_WITH_KNOTS('',1,(#3759,#3760),.UNSPECIFIED.,.F.,
  .F.,(2,2),(-16.5,-13.5),.PIECEWISE_BEZIER_KNOTS.);
#3759 = CARTESIAN_POINT('',(-2.903118258453,-16.5));
#3760 = CARTESIAN_POINT('',(-2.903118258453,-13.5));
#3761 = ( GEOMETRIC_REPRESENTATION_CONTEXT(2) 
PARAMETRIC_REPRESENTATION_CONTEXT() REPRESENTATION_CONTEXT('2D SPACE',''
  ) );
#3762 = PCURVE('',#3763,#3768);
#3763 = PLANE('',#3764);
#3764 = AXIS2_PLACEMENT_3D('',#3765,#3766,#3767);
#3765 = CARTESIAN_POINT('',(-12.8,3.,13.75));
#3766 = DIRECTION('',(0.,1.,0.));
#3767 = DIRECTION('',(0.,0.,1.));
#3768 = DEFINITIONAL_REPRESENTATION('',(#3769),#3772);
#3769 = B_SPLINE_CURVE_WITH_KNOTS('',1,(#3770,#3771),.UNSPECIFIED.,.F.,
  .F.,(2,2),(-16.5,-13.5),.PIECEWISE_BEZIER_KNOTS.);
#3770 = CARTESIAN_POINT('',(2.75,0.459416545398));
#3771 = CARTESIAN_POINT('',(-0.25,0.459416545398));
#3772 = ( GEOMETRIC_REPRESENTATION_CONTEXT(2) 
PARAMETRIC_REPRESENTATION_CONTEXT() REPRESENTATION_CONTEXT('2D SPACE',''
  ) );
#3773 = ORIENTED_EDGE('',*,*,#3774,.F.);
#3774 = EDGE_CURVE('',#3690,#3749,#3775,.T.);
#3775 = SURFACE_CURVE('',#3776,(#3781,#3788),.PCURVE_S1.);
#3776 = CIRCLE('',#3777,12.7);
#3777 = AXIS2_PLACEMENT_3D('',#3778,#3779,#3780);
#3778 = CARTESIAN_POINT('',(0.,0.,13.75));
#3779 = DIRECTION('',(0.,0.,-1.));
#3780 = DIRECTION('',(1.,0.,0.));
#3781 = PCURVE('',#1130,#3782);
#3782 = DEFINITIONAL_REPRESENTATION('',(#3783),#3787);
#3783 = LINE('',#3784,#3785);
#3784 = CARTESIAN_POINT('',(-6.28318530718,-13.75));
#3785 = VECTOR('',#3786,1.);
#3786 = DIRECTION('',(1.,-0.));
#3787 = ( GEOMETRIC_REPRESENTATION_CONTEXT(2) 
PARAMETRIC_REPRESENTATION_CONTEXT() REPRESENTATION_CONTEXT('2D SPACE',''
  ) );
#3788 = PCURVE('',#3789,#3794);
#3789 = PLANE('',#3790);
#3790 = AXIS2_PLACEMENT_3D('',#3791,#3792,#3793);
#3791 = CARTESIAN_POINT('',(-12.8,-3.,13.75));
#3792 = DIRECTION('',(0.,0.,1.));
#3793 = DIRECTION('',(1.,0.,0.));
#3794 = DEFINITIONAL_REPRESENTATION('',(#3795),#3803);
#3795 = ( BOUNDED_CURVE() B_SPLINE_CURVE(2,(#3796,#3797,#3798,#3799,
#3800,#3801,#3802),.UNSPECIFIED.,.T.,.F.) B_SPLINE_CURVE_WITH_KNOTS((1,2
    ,2,2,2,1),(-2.094395102393,0.,2.094395102393,4.188790204786,
6.28318530718,8.377580409573),.UNSPECIFIED.) CURVE() 
GEOMETRIC_REPRESENTATION_ITEM() RATIONAL_B_SPLINE_CURVE((1.,0.5,1.,0.5,
1.,0.5,1.)) REPRESENTATION_ITEM('') );
#3796 = CARTESIAN_POINT('',(25.5,3.));
#3797 = CARTESIAN_POINT('',(25.5,-18.99704525612));
#3798 = CARTESIAN_POINT('',(6.45,-7.998522628062));
#3799 = CARTESIAN_POINT('',(-12.6,3.));
#3800 = CARTESIAN_POINT('',(6.45,13.998522628062));
#3801 = CARTESIAN_POINT('',(25.5,24.997045256125));
#3802 = CARTESIAN_POINT('',(25.5,3.));
#3803 = ( GEOMETRIC_REPRESENTATION_CONTEXT(2) 
PARAMETRIC_REPRESENTATION_CONTEXT() REPRESENTATION_CONTEXT('2D SPACE',''
  ) );
#3804 = ADVANCED_FACE('',(#3805),#1228,.T.);
#3805 = FACE_BOUND('',#3806,.T.);
#3806 = EDGE_LOOP('',(#3807,#3808,#3809,#3810,#3811,#3812,#3813,#3814));
#3807 = ORIENTED_EDGE('',*,*,#2545,.F.);
#3808 = ORIENTED_EDGE('',*,*,#1213,.T.);
#3809 = ORIENTED_EDGE('',*,*,#2249,.T.);
#3810 = ORIENTED_EDGE('',*,*,#2299,.F.);
#3811 = ORIENTED_EDGE('',*,*,#2324,.T.);
#3812 = ORIENTED_EDGE('',*,*,#2374,.T.);
#3813 = ORIENTED_EDGE('',*,*,#2422,.F.);
#3814 = ORIENTED_EDGE('',*,*,#2519,.F.);
#3815 = ADVANCED_FACE('',(#3816),#1331,.T.);
#3816 = FACE_BOUND('',#3817,.T.);
#3817 = EDGE_LOOP('',(#3818,#3841,#3868,#3869));
#3818 = ORIENTED_EDGE('',*,*,#3819,.T.);
#3819 = EDGE_CURVE('',#1311,#3820,#3822,.T.);
#3820 = VERTEX_POINT('',#3821);
#3821 = CARTESIAN_POINT('',(-26.,34.,108.5));
#3822 = SEAM_CURVE('',#3823,(#3827,#3834),.PCURVE_S1.);
#3823 = LINE('',#3824,#3825);
#3824 = CARTESIAN_POINT('',(-26.,30.,108.5));
#3825 = VECTOR('',#3826,1.);
#3826 = DIRECTION('',(-0.,1.,-0.));
#3827 = PCURVE('',#1331,#3828);
#3828 = DEFINITIONAL_REPRESENTATION('',(#3829),#3833);
#3829 = LINE('',#3830,#3831);
#3830 = CARTESIAN_POINT('',(0.,0.));
#3831 = VECTOR('',#3832,1.);
#3832 = DIRECTION('',(0.,-1.));
#3833 = ( GEOMETRIC_REPRESENTATION_CONTEXT(2) 
PARAMETRIC_REPRESENTATION_CONTEXT() REPRESENTATION_CONTEXT('2D SPACE',''
  ) );
#3834 = PCURVE('',#1331,#3835);
#3835 = DEFINITIONAL_REPRESENTATION('',(#3836),#3840);
#3836 = LINE('',#3837,#3838);
#3837 = CARTESIAN_POINT('',(6.28318530718,0.));
#3838 = VECTOR('',#3839,1.);
#3839 = DIRECTION('',(0.,-1.));
#3840 = ( GEOMETRIC_REPRESENTATION_CONTEXT(2) 
PARAMETRIC_REPRESENTATION_CONTEXT() REPRESENTATION_CONTEXT('2D SPACE',''
  ) );
#3841 = ORIENTED_EDGE('',*,*,#3842,.T.);
#3842 = EDGE_CURVE('',#3820,#3820,#3843,.T.);
#3843 = SURFACE_CURVE('',#3844,(#3849,#3856),.PCURVE_S1.);
#3844 = CIRCLE('',#3845,3.);
#3845 = AXIS2_PLACEMENT_3D('',#3846,#3847,#3848);
#3846 = CARTESIAN_POINT('',(-29.,34.,108.5));
#3847 = DIRECTION('',(0.,-1.,0.));
#3848 = DIRECTION('',(1.,0.,0.));
#3849 = PCURVE('',#1331,#3850);
#3850 = DEFINITIONAL_REPRESENTATION('',(#3851),#3855);
#3851 = LINE('',#3852,#3853);
#3852 = CARTESIAN_POINT('',(0.,-4.));
#3853 = VECTOR('',#3854,1.);
#3854 = DIRECTION('',(1.,0.));
#3855 = ( GEOMETRIC_REPRESENTATION_CONTEXT(2) 
PARAMETRIC_REPRESENTATION_CONTEXT() REPRESENTATION_CONTEXT('2D SPACE',''
  ) );
#3856 = PCURVE('',#3857,#3862);
#3857 = PLANE('',#3858);
#3858 = AXIS2_PLACEMENT_3D('',#3859,#3860,#3861);
#3859 = CARTESIAN_POINT('',(29.,34.,131.5));
#3860 = DIRECTION('',(-0.,-1.,-0.));
#3861 = DIRECTION('',(0.,0.,-1.));
#3862 = DEFINITIONAL_REPRESENTATION('',(#3863),#3867);
#3863 = CIRCLE('',#3864,3.);
#3864 = AXIS2_PLACEMENT_2D('',#3865,#3866);
#3865 = CARTESIAN_POINT('',(23.,-58.));
#3866 = DIRECTION('',(0.,1.));
#3867 = ( GEOMETRIC_REPRESENTATION_CONTEXT(2) 
PARAMETRIC_REPRESENTATION_CONTEXT() REPRESENTATION_CONTEXT('2D SPACE',''
  ) );
#3868 = ORIENTED_EDGE('',*,*,#3819,.F.);
#3869 = ORIENTED_EDGE('',*,*,#1310,.F.);
#3870 = ADVANCED_FACE('',(#3871),#1366,.T.);
#3871 = FACE_BOUND('',#3872,.T.);
#3872 = EDGE_LOOP('',(#3873,#3896,#3923,#3924));
#3873 = ORIENTED_EDGE('',*,*,#3874,.T.);
#3874 = EDGE_CURVE('',#1346,#3875,#3877,.T.);
#3875 = VERTEX_POINT('',#3876);
#3876 = CARTESIAN_POINT('',(-26.,34.,131.5));
#3877 = SEAM_CURVE('',#3878,(#3882,#3889),.PCURVE_S1.);
#3878 = LINE('',#3879,#3880);
#3879 = CARTESIAN_POINT('',(-26.,30.,131.5));
#3880 = VECTOR('',#3881,1.);
#3881 = DIRECTION('',(-0.,1.,-0.));
#3882 = PCURVE('',#1366,#3883);
#3883 = DEFINITIONAL_REPRESENTATION('',(#3884),#3888);
#3884 = LINE('',#3885,#3886);
#3885 = CARTESIAN_POINT('',(0.,0.));
#3886 = VECTOR('',#3887,1.);
#3887 = DIRECTION('',(0.,-1.));
#3888 = ( GEOMETRIC_REPRESENTATION_CONTEXT(2) 
PARAMETRIC_REPRESENTATION_CONTEXT() REPRESENTATION_CONTEXT('2D SPACE',''
  ) );
#3889 = PCURVE('',#1366,#3890);
#3890 = DEFINITIONAL_REPRESENTATION('',(#3891),#3895);
#3891 = LINE('',#3892,#3893);
#3892 = CARTESIAN_POINT('',(6.28318530718,0.));
#3893 = VECTOR('',#3894,1.);
#3894 = DIRECTION('',(0.,-1.));
#3895 = ( GEOMETRIC_REPRESENTATION_CONTEXT(2) 
PARAMETRIC_REPRESENTATION_CONTEXT() REPRESENTATION_CONTEXT('2D SPACE',''
  ) );
#3896 = ORIENTED_EDGE('',*,*,#3897,.T.);
#3897 = EDGE_CURVE('',#3875,#3875,#3898,.T.);
#3898 = SURFACE_CURVE('',#3899,(#3904,#3911),.PCURVE_S1.);
#3899 = CIRCLE('',#3900,3.);
#3900 = AXIS2_PLACEMENT_3D('',#3901,#3902,#3903);
#3901 = CARTESIAN_POINT('',(-29.,34.,131.5));
#3902 = DIRECTION('',(0.,-1.,0.));
#3903 = DIRECTION('',(1.,0.,0.));
#3904 = PCURVE('',#1366,#3905);
#3905 = DEFINITIONAL_REPRESENTATION('',(#3906),#3910);
#3906 = LINE('',#3907,#3908);
#3907 = CARTESIAN_POINT('',(0.,-4.));
#3908 = VECTOR('',#3909,1.);
#3909 = DIRECTION('',(1.,0.));
#3910 = ( GEOMETRIC_REPRESENTATION_CONTEXT(2) 
PARAMETRIC_REPRESENTATION_CONTEXT() REPRESENTATION_CONTEXT('2D SPACE',''
  ) );
#3911 = PCURVE('',#3912,#3917);
#3912 = PLANE('',#3913);
#3913 = AXIS2_PLACEMENT_3D('',#3914,#3915,#3916);
#3914 = CARTESIAN_POINT('',(29.,34.,131.5));
#3915 = DIRECTION('',(-0.,-1.,-0.));
#3916 = DIRECTION('',(0.,0.,-1.));
#3917 = DEFINITIONAL_REPRESENTATION('',(#3918),#3922);
#3918 = CIRCLE('',#3919,3.);
#3919 = AXIS2_PLACEMENT_2D('',#3920,#3921);
#3920 = CARTESIAN_POINT('',(0.,-58.));
#3921 = DIRECTION('',(0.,1.));
#3922 = ( GEOMETRIC_REPRESENTATION_CONTEXT(2) 
PARAMETRIC_REPRESENTATION_CONTEXT() REPRESENTATION_CONTEXT('2D SPACE',''
  ) );
#3923 = ORIENTED_EDGE('',*,*,#3874,.F.);
#3924 = ORIENTED_EDGE('',*,*,#1345,.F.);
#3925 = ADVANCED_FACE('',(#3926),#1401,.F.);
#3926 = FACE_BOUND('',#3927,.F.);
#3927 = EDGE_LOOP('',(#3928,#3929,#3950,#3951));
#3928 = ORIENTED_EDGE('',*,*,#3302,.F.);
#3929 = ORIENTED_EDGE('',*,*,#3930,.T.);
#3930 = EDGE_CURVE('',#3303,#1381,#3931,.T.);
#3931 = SEAM_CURVE('',#3932,(#3936,#3943),.PCURVE_S1.);
#3932 = LINE('',#3933,#3934);
#3933 = CARTESIAN_POINT('',(4.,-30.,50.));
#3934 = VECTOR('',#3935,1.);
#3935 = DIRECTION('',(-0.,1.,-0.));
#3936 = PCURVE('',#1401,#3937);
#3937 = DEFINITIONAL_REPRESENTATION('',(#3938),#3942);
#3938 = LINE('',#3939,#3940);
#3939 = CARTESIAN_POINT('',(6.28318530718,0.));
#3940 = VECTOR('',#3941,1.);
#3941 = DIRECTION('',(0.,-1.));
#3942 = ( GEOMETRIC_REPRESENTATION_CONTEXT(2) 
PARAMETRIC_REPRESENTATION_CONTEXT() REPRESENTATION_CONTEXT('2D SPACE',''
  ) );
#3943 = PCURVE('',#1401,#3944);
#3944 = DEFINITIONAL_REPRESENTATION('',(#3945),#3949);
#3945 = LINE('',#3946,#3947);
#3946 = CARTESIAN_POINT('',(0.,0.));
#3947 = VECTOR('',#3948,1.);
#3948 = DIRECTION('',(0.,-1.));
#3949 = ( GEOMETRIC_REPRESENTATION_CONTEXT(2) 
PARAMETRIC_REPRESENTATION_CONTEXT() REPRESENTATION_CONTEXT('2D SPACE',''
  ) );
#3950 = ORIENTED_EDGE('',*,*,#1380,.T.);
#3951 = ORIENTED_EDGE('',*,*,#3930,.F.);
#3952 = ADVANCED_FACE('',(#3953),#1436,.T.);
#3953 = FACE_BOUND('',#3954,.T.);
#3954 = EDGE_LOOP('',(#3955,#3978,#4005,#4006));
#3955 = ORIENTED_EDGE('',*,*,#3956,.T.);
#3956 = EDGE_CURVE('',#1416,#3957,#3959,.T.);
#3957 = VERTEX_POINT('',#3958);
#3958 = CARTESIAN_POINT('',(32.,34.,108.5));
#3959 = SEAM_CURVE('',#3960,(#3964,#3971),.PCURVE_S1.);
#3960 = LINE('',#3961,#3962);
#3961 = CARTESIAN_POINT('',(32.,30.,108.5));
#3962 = VECTOR('',#3963,1.);
#3963 = DIRECTION('',(-0.,1.,-0.));
#3964 = PCURVE('',#1436,#3965);
#3965 = DEFINITIONAL_REPRESENTATION('',(#3966),#3970);
#3966 = LINE('',#3967,#3968);
#3967 = CARTESIAN_POINT('',(0.,0.));
#3968 = VECTOR('',#3969,1.);
#3969 = DIRECTION('',(0.,-1.));
#3970 = ( GEOMETRIC_REPRESENTATION_CONTEXT(2) 
PARAMETRIC_REPRESENTATION_CONTEXT() REPRESENTATION_CONTEXT('2D SPACE',''
  ) );
#3971 = PCURVE('',#1436,#3972);
#3972 = DEFINITIONAL_REPRESENTATION('',(#3973),#3977);
#3973 = LINE('',#3974,#3975);
#3974 = CARTESIAN_POINT('',(6.28318530718,0.));
#3975 = VECTOR('',#3976,1.);
#3976 = DIRECTION('',(0.,-1.));
#3977 = ( GEOMETRIC_REPRESENTATION_CONTEXT(2) 
PARAMETRIC_REPRESENTATION_CONTEXT() REPRESENTATION_CONTEXT('2D SPACE',''
  ) );
#3978 = ORIENTED_EDGE('',*,*,#3979,.T.);
#3979 = EDGE_CURVE('',#3957,#3957,#3980,.T.);
#3980 = SURFACE_CURVE('',#3981,(#3986,#3993),.PCURVE_S1.);
#3981 = CIRCLE('',#3982,3.);
#3982 = AXIS2_PLACEMENT_3D('',#3983,#3984,#3985);
#3983 = CARTESIAN_POINT('',(29.,34.,108.5));
#3984 = DIRECTION('',(0.,-1.,0.));
#3985 = DIRECTION('',(1.,0.,0.));
#3986 = PCURVE('',#1436,#3987);
#3987 = DEFINITIONAL_REPRESENTATION('',(#3988),#3992);
#3988 = LINE('',#3989,#3990);
#3989 = CARTESIAN_POINT('',(0.,-4.));
#3990 = VECTOR('',#3991,1.);
#3991 = DIRECTION('',(1.,0.));
#3992 = ( GEOMETRIC_REPRESENTATION_CONTEXT(2) 
PARAMETRIC_REPRESENTATION_CONTEXT() REPRESENTATION_CONTEXT('2D SPACE',''
  ) );
#3993 = PCURVE('',#3994,#3999);
#3994 = PLANE('',#3995);
#3995 = AXIS2_PLACEMENT_3D('',#3996,#3997,#3998);
#3996 = CARTESIAN_POINT('',(29.,34.,131.5));
#3997 = DIRECTION('',(-0.,-1.,-0.));
#3998 = DIRECTION('',(0.,0.,-1.));
#3999 = DEFINITIONAL_REPRESENTATION('',(#4000),#4004);
#4000 = CIRCLE('',#4001,3.);
#4001 = AXIS2_PLACEMENT_2D('',#4002,#4003);
#4002 = CARTESIAN_POINT('',(23.,0.));
#4003 = DIRECTION('',(0.,1.));
#4004 = ( GEOMETRIC_REPRESENTATION_CONTEXT(2) 
PARAMETRIC_REPRESENTATION_CONTEXT() REPRESENTATION_CONTEXT('2D SPACE',''
  ) );
#4005 = ORIENTED_EDGE('',*,*,#3956,.F.);
#4006 = ORIENTED_EDGE('',*,*,#1415,.F.);
#4007 = ADVANCED_FACE('',(#4008),#1471,.T.);
#4008 = FACE_BOUND('',#4009,.T.);
#4009 = EDGE_LOOP('',(#4010,#4033,#4060,#4061));
#4010 = ORIENTED_EDGE('',*,*,#4011,.T.);
#4011 = EDGE_CURVE('',#1451,#4012,#4014,.T.);
#4012 = VERTEX_POINT('',#4013);
#4013 = CARTESIAN_POINT('',(32.,34.,131.5));
#4014 = SEAM_CURVE('',#4015,(#4019,#4026),.PCURVE_S1.);
#4015 = LINE('',#4016,#4017);
#4016 = CARTESIAN_POINT('',(32.,30.,131.5));
#4017 = VECTOR('',#4018,1.);
#4018 = DIRECTION('',(-0.,1.,-0.));
#4019 = PCURVE('',#1471,#4020);
#4020 = DEFINITIONAL_REPRESENTATION('',(#4021),#4025);
#4021 = LINE('',#4022,#4023);
#4022 = CARTESIAN_POINT('',(0.,0.));
#4023 = VECTOR('',#4024,1.);
#4024 = DIRECTION('',(0.,-1.));
#4025 = ( GEOMETRIC_REPRESENTATION_CONTEXT(2) 
PARAMETRIC_REPRESENTATION_CONTEXT() REPRESENTATION_CONTEXT('2D SPACE',''
  ) );
#4026 = PCURVE('',#1471,#4027);
#4027 = DEFINITIONAL_REPRESENTATION('',(#4028),#4032);
#4028 = LINE('',#4029,#4030);
#4029 = CARTESIAN_POINT('',(6.28318530718,0.));
#4030 = VECTOR('',#4031,1.);
#4031 = DIRECTION('',(0.,-1.));
#4032 = ( GEOMETRIC_REPRESENTATION_CONTEXT(2) 
PARAMETRIC_REPRESENTATION_CONTEXT() REPRESENTATION_CONTEXT('2D SPACE',''
  ) );
#4033 = ORIENTED_EDGE('',*,*,#4034,.T.);
#4034 = EDGE_CURVE('',#4012,#4012,#4035,.T.);
#4035 = SURFACE_CURVE('',#4036,(#4041,#4048),.PCURVE_S1.);
#4036 = CIRCLE('',#4037,3.);
#4037 = AXIS2_PLACEMENT_3D('',#4038,#4039,#4040);
#4038 = CARTESIAN_POINT('',(29.,34.,131.5));
#4039 = DIRECTION('',(0.,-1.,0.));
#4040 = DIRECTION('',(1.,0.,0.));
#4041 = PCURVE('',#1471,#4042);
#4042 = DEFINITIONAL_REPRESENTATION('',(#4043),#4047);
#4043 = LINE('',#4044,#4045);
#4044 = CARTESIAN_POINT('',(0.,-4.));
#4045 = VECTOR('',#4046,1.);
#4046 = DIRECTION('',(1.,0.));
#4047 = ( GEOMETRIC_REPRESENTATION_CONTEXT(2) 
PARAMETRIC_REPRESENTATION_CONTEXT() REPRESENTATION_CONTEXT('2D SPACE',''
  ) );
#4048 = PCURVE('',#4049,#4054);
#4049 = PLANE('',#4050);
#4050 = AXIS2_PLACEMENT_3D('',#4051,#4052,#4053);
#4051 = CARTESIAN_POINT('',(29.,34.,131.5));
#4052 = DIRECTION('',(-0.,-1.,-0.));
#4053 = DIRECTION('',(0.,0.,-1.));
#4054 = DEFINITIONAL_REPRESENTATION('',(#4055),#4059);
#4055 = CIRCLE('',#4056,3.);
#4056 = AXIS2_PLACEMENT_2D('',#4057,#4058);
#4057 = CARTESIAN_POINT('',(0.,0.));
#4058 = DIRECTION('',(0.,1.));
#4059 = ( GEOMETRIC_REPRESENTATION_CONTEXT(2) 
PARAMETRIC_REPRESENTATION_CONTEXT() REPRESENTATION_CONTEXT('2D SPACE',''
  ) );
#4060 = ORIENTED_EDGE('',*,*,#4011,.F.);
#4061 = ORIENTED_EDGE('',*,*,#1450,.F.);
#4062 = ADVANCED_FACE('',(#4063),#1655,.F.);
#4063 = FACE_BOUND('',#4064,.F.);
#4064 = EDGE_LOOP('',(#4065,#4088,#4109,#4110));
#4065 = ORIENTED_EDGE('',*,*,#4066,.F.);
#4066 = EDGE_CURVE('',#4067,#2087,#4069,.T.);
#4067 = VERTEX_POINT('',#4068);
#4068 = CARTESIAN_POINT('',(32.,2.,147.));
#4069 = SURFACE_CURVE('',#4070,(#4074,#4081),.PCURVE_S1.);
#4070 = LINE('',#4071,#4072);
#4071 = CARTESIAN_POINT('',(32.,2.,147.));
#4072 = VECTOR('',#4073,1.);
#4073 = DIRECTION('',(1.,0.,0.));
#4074 = PCURVE('',#1655,#4075);
#4075 = DEFINITIONAL_REPRESENTATION('',(#4076),#4080);
#4076 = LINE('',#4077,#4078);
#4077 = CARTESIAN_POINT('',(0.,0.));
#4078 = VECTOR('',#4079,1.);
#4079 = DIRECTION('',(0.,1.));
#4080 = ( GEOMETRIC_REPRESENTATION_CONTEXT(2) 
PARAMETRIC_REPRESENTATION_CONTEXT() REPRESENTATION_CONTEXT('2D SPACE',''
  ) );
#4081 = PCURVE('',#2125,#4082);
#4082 = DEFINITIONAL_REPRESENTATION('',(#4083),#4087);
#4083 = LINE('',#4084,#4085);
#4084 = CARTESIAN_POINT('',(0.,4.));
#4085 = VECTOR('',#4086,1.);
#4086 = DIRECTION('',(1.,0.));
#4087 = ( GEOMETRIC_REPRESENTATION_CONTEXT(2) 
PARAMETRIC_REPRESENTATION_CONTEXT() REPRESENTATION_CONTEXT('2D SPACE',''
  ) );
#4088 = ORIENTED_EDGE('',*,*,#4089,.T.);
#4089 = EDGE_CURVE('',#4067,#1612,#4090,.T.);
#4090 = SURFACE_CURVE('',#4091,(#4095,#4102),.PCURVE_S1.);
#4091 = LINE('',#4092,#4093);
#4092 = CARTESIAN_POINT('',(32.,2.,147.));
#4093 = VECTOR('',#4094,1.);
#4094 = DIRECTION('',(0.,0.,1.));
#4095 = PCURVE('',#1655,#4096);
#4096 = DEFINITIONAL_REPRESENTATION('',(#4097),#4101);
#4097 = LINE('',#4098,#4099);
#4098 = CARTESIAN_POINT('',(0.,0.));
#4099 = VECTOR('',#4100,1.);
#4100 = DIRECTION('',(1.,0.));
#4101 = ( GEOMETRIC_REPRESENTATION_CONTEXT(2) 
PARAMETRIC_REPRESENTATION_CONTEXT() REPRESENTATION_CONTEXT('2D SPACE',''
  ) );
#4102 = PCURVE('',#1627,#4103);
#4103 = DEFINITIONAL_REPRESENTATION('',(#4104),#4108);
#4104 = LINE('',#4105,#4106);
#4105 = CARTESIAN_POINT('',(0.,-4.));
#4106 = VECTOR('',#4107,1.);
#4107 = DIRECTION('',(1.,0.));
#4108 = ( GEOMETRIC_REPRESENTATION_CONTEXT(2) 
PARAMETRIC_REPRESENTATION_CONTEXT() REPRESENTATION_CONTEXT('2D SPACE',''
  ) );
#4109 = ORIENTED_EDGE('',*,*,#1639,.T.);
#4110 = ORIENTED_EDGE('',*,*,#2086,.F.);
#4111 = ADVANCED_FACE('',(#4112,#4160,#4191),#1627,.T.);
#4112 = FACE_BOUND('',#4113,.T.);
#4113 = EDGE_LOOP('',(#4114,#4137,#4158,#4159));
#4114 = ORIENTED_EDGE('',*,*,#4115,.F.);
#4115 = EDGE_CURVE('',#4116,#1584,#4118,.T.);
#4116 = VERTEX_POINT('',#4117);
#4117 = CARTESIAN_POINT('',(32.,-2.,147.));
#4118 = SURFACE_CURVE('',#4119,(#4123,#4130),.PCURVE_S1.);
#4119 = LINE('',#4120,#4121);
#4120 = CARTESIAN_POINT('',(32.,-2.,147.));
#4121 = VECTOR('',#4122,1.);
#4122 = DIRECTION('',(0.,0.,1.));
#4123 = PCURVE('',#1627,#4124);
#4124 = DEFINITIONAL_REPRESENTATION('',(#4125),#4129);
#4125 = LINE('',#4126,#4127);
#4126 = CARTESIAN_POINT('',(0.,0.));
#4127 = VECTOR('',#4128,1.);
#4128 = DIRECTION('',(1.,0.));
#4129 = ( GEOMETRIC_REPRESENTATION_CONTEXT(2) 
PARAMETRIC_REPRESENTATION_CONTEXT() REPRESENTATION_CONTEXT('2D SPACE',''
  ) );
#4130 = PCURVE('',#1599,#4131);
#4131 = DEFINITIONAL_REPRESENTATION('',(#4132),#4136);
#4132 = LINE('',#4133,#4134);
#4133 = CARTESIAN_POINT('',(0.,0.));
#4134 = VECTOR('',#4135,1.);
#4135 = DIRECTION('',(1.,0.));
#4136 = ( GEOMETRIC_REPRESENTATION_CONTEXT(2) 
PARAMETRIC_REPRESENTATION_CONTEXT() REPRESENTATION_CONTEXT('2D SPACE',''
  ) );
#4137 = ORIENTED_EDGE('',*,*,#4138,.T.);
#4138 = EDGE_CURVE('',#4116,#4067,#4139,.T.);
#4139 = SURFACE_CURVE('',#4140,(#4144,#4151),.PCURVE_S1.);
#4140 = LINE('',#4141,#4142);
#4141 = CARTESIAN_POINT('',(32.,-2.,147.));
#4142 = VECTOR('',#4143,1.);
#4143 = DIRECTION('',(0.,1.,0.));
#4144 = PCURVE('',#1627,#4145);
#4145 = DEFINITIONAL_REPRESENTATION('',(#4146),#4150);
#4146 = LINE('',#4147,#4148);
#4147 = CARTESIAN_POINT('',(0.,0.));
#4148 = VECTOR('',#4149,1.);
#4149 = DIRECTION('',(0.,-1.));
#4150 = ( GEOMETRIC_REPRESENTATION_CONTEXT(2) 
PARAMETRIC_REPRESENTATION_CONTEXT() REPRESENTATION_CONTEXT('2D SPACE',''
  ) );
#4151 = PCURVE('',#2125,#4152);
#4152 = DEFINITIONAL_REPRESENTATION('',(#4153),#4157);
#4153 = LINE('',#4154,#4155);
#4154 = CARTESIAN_POINT('',(0.,0.));
#4155 = VECTOR('',#4156,1.);
#4156 = DIRECTION('',(0.,1.));
#4157 = ( GEOMETRIC_REPRESENTATION_CONTEXT(2) 
PARAMETRIC_REPRESENTATION_CONTEXT() REPRESENTATION_CONTEXT('2D SPACE',''
  ) );
#4158 = ORIENTED_EDGE('',*,*,#4089,.T.);
#4159 = ORIENTED_EDGE('',*,*,#1611,.F.);
#4160 = FACE_BOUND('',#4161,.T.);
#4161 = EDGE_LOOP('',(#4162));
#4162 = ORIENTED_EDGE('',*,*,#4163,.F.);
#4163 = EDGE_CURVE('',#4164,#4164,#4166,.T.);
#4164 = VERTEX_POINT('',#4165);
#4165 = CARTESIAN_POINT('',(32.,1.75,280.));
#4166 = SURFACE_CURVE('',#4167,(#4172,#4179),.PCURVE_S1.);
#4167 = CIRCLE('',#4168,1.75);
#4168 = AXIS2_PLACEMENT_3D('',#4169,#4170,#4171);
#4169 = CARTESIAN_POINT('',(32.,0.,280.));
#4170 = DIRECTION('',(1.,0.,0.));
#4171 = DIRECTION('',(-0.,1.,0.));
#4172 = PCURVE('',#1627,#4173);
#4173 = DEFINITIONAL_REPRESENTATION('',(#4174),#4178);
#4174 = CIRCLE('',#4175,1.75);
#4175 = AXIS2_PLACEMENT_2D('',#4176,#4177);
#4176 = CARTESIAN_POINT('',(133.,-2.));
#4177 = DIRECTION('',(0.,-1.));
#4178 = ( GEOMETRIC_REPRESENTATION_CONTEXT(2) 
PARAMETRIC_REPRESENTATION_CONTEXT() REPRESENTATION_CONTEXT('2D SPACE',''
  ) );
#4179 = PCURVE('',#4180,#4185);
#4180 = CYLINDRICAL_SURFACE('',#4181,1.75);
#4181 = AXIS2_PLACEMENT_3D('',#4182,#4183,#4184);
#4182 = CARTESIAN_POINT('',(35.,0.,280.));
#4183 = DIRECTION('',(1.,0.,0.));
#4184 = DIRECTION('',(0.,1.,0.));
#4185 = DEFINITIONAL_REPRESENTATION('',(#4186),#4190);
#4186 = LINE('',#4187,#4188);
#4187 = CARTESIAN_POINT('',(0.,-3.));
#4188 = VECTOR('',#4189,1.);
#4189 = DIRECTION('',(1.,0.));
#4190 = ( GEOMETRIC_REPRESENTATION_CONTEXT(2) 
PARAMETRIC_REPRESENTATION_CONTEXT() REPRESENTATION_CONTEXT('2D SPACE',''
  ) );
#4191 = FACE_BOUND('',#4192,.T.);
#4192 = EDGE_LOOP('',(#4193));
#4193 = ORIENTED_EDGE('',*,*,#4194,.F.);
#4194 = EDGE_CURVE('',#4195,#4195,#4197,.T.);
#4195 = VERTEX_POINT('',#4196);
#4196 = CARTESIAN_POINT('',(32.,1.75,294.));
#4197 = SURFACE_CURVE('',#4198,(#4203,#4210),.PCURVE_S1.);
#4198 = CIRCLE('',#4199,1.75);
#4199 = AXIS2_PLACEMENT_3D('',#4200,#4201,#4202);
#4200 = CARTESIAN_POINT('',(32.,0.,294.));
#4201 = DIRECTION('',(1.,0.,0.));
#4202 = DIRECTION('',(-0.,1.,0.));
#4203 = PCURVE('',#1627,#4204);
#4204 = DEFINITIONAL_REPRESENTATION('',(#4205),#4209);
#4205 = CIRCLE('',#4206,1.75);
#4206 = AXIS2_PLACEMENT_2D('',#4207,#4208);
#4207 = CARTESIAN_POINT('',(147.,-2.));
#4208 = DIRECTION('',(0.,-1.));
#4209 = ( GEOMETRIC_REPRESENTATION_CONTEXT(2) 
PARAMETRIC_REPRESENTATION_CONTEXT() REPRESENTATION_CONTEXT('2D SPACE',''
  ) );
#4210 = PCURVE('',#4211,#4216);
#4211 = CYLINDRICAL_SURFACE('',#4212,1.75);
#4212 = AXIS2_PLACEMENT_3D('',#4213,#4214,#4215);
#4213 = CARTESIAN_POINT('',(35.,0.,294.));
#4214 = DIRECTION('',(1.,0.,0.));
#4215 = DIRECTION('',(0.,1.,0.));
#4216 = DEFINITIONAL_REPRESENTATION('',(#4217),#4221);
#4217 = LINE('',#4218,#4219);
#4218 = CARTESIAN_POINT('',(0.,-3.));
#4219 = VECTOR('',#4220,1.);
#4220 = DIRECTION('',(1.,0.));
#4221 = ( GEOMETRIC_REPRESENTATION_CONTEXT(2) 
PARAMETRIC_REPRESENTATION_CONTEXT() REPRESENTATION_CONTEXT('2D SPACE',''
  ) );
#4222 = ADVANCED_FACE('',(#4223),#1599,.T.);
#4223 = FACE_BOUND('',#4224,.T.);
#4224 = EDGE_LOOP('',(#4225,#4246,#4247,#4248));
#4225 = ORIENTED_EDGE('',*,*,#4226,.F.);
#4226 = EDGE_CURVE('',#4116,#2110,#4227,.T.);
#4227 = SURFACE_CURVE('',#4228,(#4232,#4239),.PCURVE_S1.);
#4228 = LINE('',#4229,#4230);
#4229 = CARTESIAN_POINT('',(32.,-2.,147.));
#4230 = VECTOR('',#4231,1.);
#4231 = DIRECTION('',(1.,0.,0.));
#4232 = PCURVE('',#1599,#4233);
#4233 = DEFINITIONAL_REPRESENTATION('',(#4234),#4238);
#4234 = LINE('',#4235,#4236);
#4235 = CARTESIAN_POINT('',(0.,0.));
#4236 = VECTOR('',#4237,1.);
#4237 = DIRECTION('',(0.,1.));
#4238 = ( GEOMETRIC_REPRESENTATION_CONTEXT(2) 
PARAMETRIC_REPRESENTATION_CONTEXT() REPRESENTATION_CONTEXT('2D SPACE',''
  ) );
#4239 = PCURVE('',#2125,#4240);
#4240 = DEFINITIONAL_REPRESENTATION('',(#4241),#4245);
#4241 = LINE('',#4242,#4243);
#4242 = CARTESIAN_POINT('',(0.,0.));
#4243 = VECTOR('',#4244,1.);
#4244 = DIRECTION('',(1.,0.));
#4245 = ( GEOMETRIC_REPRESENTATION_CONTEXT(2) 
PARAMETRIC_REPRESENTATION_CONTEXT() REPRESENTATION_CONTEXT('2D SPACE',''
  ) );
#4246 = ORIENTED_EDGE('',*,*,#4115,.T.);
#4247 = ORIENTED_EDGE('',*,*,#1583,.T.);
#4248 = ORIENTED_EDGE('',*,*,#2137,.F.);
#4249 = ADVANCED_FACE('',(#4250),#1708,.F.);
#4250 = FACE_BOUND('',#4251,.F.);
#4251 = EDGE_LOOP('',(#4252,#4275,#4276,#4299));
#4252 = ORIENTED_EDGE('',*,*,#4253,.F.);
#4253 = EDGE_CURVE('',#1691,#4254,#4256,.T.);
#4254 = VERTEX_POINT('',#4255);
#4255 = CARTESIAN_POINT('',(-22.,-22.,304.));
#4256 = SURFACE_CURVE('',#4257,(#4261,#4268),.PCURVE_S1.);
#4257 = LINE('',#4258,#4259);
#4258 = CARTESIAN_POINT('',(-22.,-22.,300.));
#4259 = VECTOR('',#4260,1.);
#4260 = DIRECTION('',(0.,0.,1.));
#4261 = PCURVE('',#1708,#4262);
#4262 = DEFINITIONAL_REPRESENTATION('',(#4263),#4267);
#4263 = LINE('',#4264,#4265);
#4264 = CARTESIAN_POINT('',(0.,0.));
#4265 = VECTOR('',#4266,1.);
#4266 = DIRECTION('',(1.,0.));
#4267 = ( GEOMETRIC_REPRESENTATION_CONTEXT(2) 
PARAMETRIC_REPRESENTATION_CONTEXT() REPRESENTATION_CONTEXT('2D SPACE',''
  ) );
#4268 = PCURVE('',#1790,#4269);
#4269 = DEFINITIONAL_REPRESENTATION('',(#4270),#4274);
#4270 = LINE('',#4271,#4272);
#4271 = CARTESIAN_POINT('',(0.,0.));
#4272 = VECTOR('',#4273,1.);
#4273 = DIRECTION('',(1.,0.));
#4274 = ( GEOMETRIC_REPRESENTATION_CONTEXT(2) 
PARAMETRIC_REPRESENTATION_CONTEXT() REPRESENTATION_CONTEXT('2D SPACE',''
  ) );
#4275 = ORIENTED_EDGE('',*,*,#1690,.T.);
#4276 = ORIENTED_EDGE('',*,*,#4277,.T.);
#4277 = EDGE_CURVE('',#1693,#4278,#4280,.T.);
#4278 = VERTEX_POINT('',#4279);
#4279 = CARTESIAN_POINT('',(-22.,22.,304.));
#4280 = SURFACE_CURVE('',#4281,(#4285,#4292),.PCURVE_S1.);
#4281 = LINE('',#4282,#4283);
#4282 = CARTESIAN_POINT('',(-22.,22.,300.));
#4283 = VECTOR('',#4284,1.);
#4284 = DIRECTION('',(0.,0.,1.));
#4285 = PCURVE('',#1708,#4286);
#4286 = DEFINITIONAL_REPRESENTATION('',(#4287),#4291);
#4287 = LINE('',#4288,#4289);
#4288 = CARTESIAN_POINT('',(0.,-44.));
#4289 = VECTOR('',#4290,1.);
#4290 = DIRECTION('',(1.,0.));
#4291 = ( GEOMETRIC_REPRESENTATION_CONTEXT(2) 
PARAMETRIC_REPRESENTATION_CONTEXT() REPRESENTATION_CONTEXT('2D SPACE',''
  ) );
#4292 = PCURVE('',#1736,#4293);
#4293 = DEFINITIONAL_REPRESENTATION('',(#4294),#4298);
#4294 = LINE('',#4295,#4296);
#4295 = CARTESIAN_POINT('',(0.,0.));
#4296 = VECTOR('',#4297,1.);
#4297 = DIRECTION('',(1.,0.));
#4298 = ( GEOMETRIC_REPRESENTATION_CONTEXT(2) 
PARAMETRIC_REPRESENTATION_CONTEXT() REPRESENTATION_CONTEXT('2D SPACE',''
  ) );
#4299 = ORIENTED_EDGE('',*,*,#4300,.F.);
#4300 = EDGE_CURVE('',#4254,#4278,#4301,.T.);
#4301 = SURFACE_CURVE('',#4302,(#4306,#4313),.PCURVE_S1.);
#4302 = LINE('',#4303,#4304);
#4303 = CARTESIAN_POINT('',(-22.,-22.,304.));
#4304 = VECTOR('',#4305,1.);
#4305 = DIRECTION('',(0.,1.,0.));
#4306 = PCURVE('',#1708,#4307);
#4307 = DEFINITIONAL_REPRESENTATION('',(#4308),#4312);
#4308 = LINE('',#4309,#4310);
#4309 = CARTESIAN_POINT('',(4.,0.));
#4310 = VECTOR('',#4311,1.);
#4311 = DIRECTION('',(0.,-1.));
#4312 = ( GEOMETRIC_REPRESENTATION_CONTEXT(2) 
PARAMETRIC_REPRESENTATION_CONTEXT() REPRESENTATION_CONTEXT('2D SPACE',''
  ) );
#4313 = PCURVE('',#4314,#4319);
#4314 = PLANE('',#4315);
#4315 = AXIS2_PLACEMENT_3D('',#4316,#4317,#4318);
#4316 = CARTESIAN_POINT('',(-22.,-22.,304.));
#4317 = DIRECTION('',(0.,0.,1.));
#4318 = DIRECTION('',(1.,0.,0.));
#4319 = DEFINITIONAL_REPRESENTATION('',(#4320),#4324);
#4320 = LINE('',#4321,#4322);
#4321 = CARTESIAN_POINT('',(0.,0.));
#4322 = VECTOR('',#4323,1.);
#4323 = DIRECTION('',(0.,1.));
#4324 = ( GEOMETRIC_REPRESENTATION_CONTEXT(2) 
PARAMETRIC_REPRESENTATION_CONTEXT() REPRESENTATION_CONTEXT('2D SPACE',''
  ) );
#4325 = ADVANCED_FACE('',(#4326),#1736,.T.);
#4326 = FACE_BOUND('',#4327,.T.);
#4327 = EDGE_LOOP('',(#4328,#4329,#4330,#4353));
#4328 = ORIENTED_EDGE('',*,*,#1720,.F.);
#4329 = ORIENTED_EDGE('',*,*,#4277,.T.);
#4330 = ORIENTED_EDGE('',*,*,#4331,.T.);
#4331 = EDGE_CURVE('',#4278,#4332,#4334,.T.);
#4332 = VERTEX_POINT('',#4333);
#4333 = CARTESIAN_POINT('',(22.,22.,304.));
#4334 = SURFACE_CURVE('',#4335,(#4339,#4346),.PCURVE_S1.);
#4335 = LINE('',#4336,#4337);
#4336 = CARTESIAN_POINT('',(-22.,22.,304.));
#4337 = VECTOR('',#4338,1.);
#4338 = DIRECTION('',(1.,0.,0.));
#4339 = PCURVE('',#1736,#4340);
#4340 = DEFINITIONAL_REPRESENTATION('',(#4341),#4345);
#4341 = LINE('',#4342,#4343);
#4342 = CARTESIAN_POINT('',(4.,0.));
#4343 = VECTOR('',#4344,1.);
#4344 = DIRECTION('',(0.,1.));
#4345 = ( GEOMETRIC_REPRESENTATION_CONTEXT(2) 
PARAMETRIC_REPRESENTATION_CONTEXT() REPRESENTATION_CONTEXT('2D SPACE',''
  ) );
#4346 = PCURVE('',#4314,#4347);
#4347 = DEFINITIONAL_REPRESENTATION('',(#4348),#4352);
#4348 = LINE('',#4349,#4350);
#4349 = CARTESIAN_POINT('',(0.,44.));
#4350 = VECTOR('',#4351,1.);
#4351 = DIRECTION('',(1.,0.));
#4352 = ( GEOMETRIC_REPRESENTATION_CONTEXT(2) 
PARAMETRIC_REPRESENTATION_CONTEXT() REPRESENTATION_CONTEXT('2D SPACE',''
  ) );
#4353 = ORIENTED_EDGE('',*,*,#4354,.F.);
#4354 = EDGE_CURVE('',#1721,#4332,#4355,.T.);
#4355 = SURFACE_CURVE('',#4356,(#4360,#4367),.PCURVE_S1.);
#4356 = LINE('',#4357,#4358);
#4357 = CARTESIAN_POINT('',(22.,22.,300.));
#4358 = VECTOR('',#4359,1.);
#4359 = DIRECTION('',(0.,0.,1.));
#4360 = PCURVE('',#1736,#4361);
#4361 = DEFINITIONAL_REPRESENTATION('',(#4362),#4366);
#4362 = LINE('',#4363,#4364);
#4363 = CARTESIAN_POINT('',(0.,44.));
#4364 = VECTOR('',#4365,1.);
#4365 = DIRECTION('',(1.,0.));
#4366 = ( GEOMETRIC_REPRESENTATION_CONTEXT(2) 
PARAMETRIC_REPRESENTATION_CONTEXT() REPRESENTATION_CONTEXT('2D SPACE',''
  ) );
#4367 = PCURVE('',#1764,#4368);
#4368 = DEFINITIONAL_REPRESENTATION('',(#4369),#4373);
#4369 = LINE('',#4370,#4371);
#4370 = CARTESIAN_POINT('',(0.,-44.));
#4371 = VECTOR('',#4372,1.);
#4372 = DIRECTION('',(1.,0.));
#4373 = ( GEOMETRIC_REPRESENTATION_CONTEXT(2) 
PARAMETRIC_REPRESENTATION_CONTEXT() REPRESENTATION_CONTEXT('2D SPACE',''
  ) );
#4374 = ADVANCED_FACE('',(#4375),#1790,.F.);
#4375 = FACE_BOUND('',#4376,.F.);
#4376 = EDGE_LOOP('',(#4377,#4378,#4379,#4402));
#4377 = ORIENTED_EDGE('',*,*,#1776,.F.);
#4378 = ORIENTED_EDGE('',*,*,#4253,.T.);
#4379 = ORIENTED_EDGE('',*,*,#4380,.T.);
#4380 = EDGE_CURVE('',#4254,#4381,#4383,.T.);
#4381 = VERTEX_POINT('',#4382);
#4382 = CARTESIAN_POINT('',(22.,-22.,304.));
#4383 = SURFACE_CURVE('',#4384,(#4388,#4395),.PCURVE_S1.);
#4384 = LINE('',#4385,#4386);
#4385 = CARTESIAN_POINT('',(-22.,-22.,304.));
#4386 = VECTOR('',#4387,1.);
#4387 = DIRECTION('',(1.,0.,0.));
#4388 = PCURVE('',#1790,#4389);
#4389 = DEFINITIONAL_REPRESENTATION('',(#4390),#4394);
#4390 = LINE('',#4391,#4392);
#4391 = CARTESIAN_POINT('',(4.,0.));
#4392 = VECTOR('',#4393,1.);
#4393 = DIRECTION('',(0.,1.));
#4394 = ( GEOMETRIC_REPRESENTATION_CONTEXT(2) 
PARAMETRIC_REPRESENTATION_CONTEXT() REPRESENTATION_CONTEXT('2D SPACE',''
  ) );
#4395 = PCURVE('',#4314,#4396);
#4396 = DEFINITIONAL_REPRESENTATION('',(#4397),#4401);
#4397 = LINE('',#4398,#4399);
#4398 = CARTESIAN_POINT('',(0.,0.));
#4399 = VECTOR('',#4400,1.);
#4400 = DIRECTION('',(1.,0.));
#4401 = ( GEOMETRIC_REPRESENTATION_CONTEXT(2) 
PARAMETRIC_REPRESENTATION_CONTEXT() REPRESENTATION_CONTEXT('2D SPACE',''
  ) );
#4402 = ORIENTED_EDGE('',*,*,#4403,.F.);
#4403 = EDGE_CURVE('',#1749,#4381,#4404,.T.);
#4404 = SURFACE_CURVE('',#4405,(#4409,#4416),.PCURVE_S1.);
#4405 = LINE('',#4406,#4407);
#4406 = CARTESIAN_POINT('',(22.,-22.,300.));
#4407 = VECTOR('',#4408,1.);
#4408 = DIRECTION('',(0.,0.,1.));
#4409 = PCURVE('',#1790,#4410);
#4410 = DEFINITIONAL_REPRESENTATION('',(#4411),#4415);
#4411 = LINE('',#4412,#4413);
#4412 = CARTESIAN_POINT('',(0.,44.));
#4413 = VECTOR('',#4414,1.);
#4414 = DIRECTION('',(1.,0.));
#4415 = ( GEOMETRIC_REPRESENTATION_CONTEXT(2) 
PARAMETRIC_REPRESENTATION_CONTEXT() REPRESENTATION_CONTEXT('2D SPACE',''
  ) );
#4416 = PCURVE('',#1764,#4417);
#4417 = DEFINITIONAL_REPRESENTATION('',(#4418),#4422);
#4418 = LINE('',#4419,#4420);
#4419 = CARTESIAN_POINT('',(0.,0.));
#4420 = VECTOR('',#4421,1.);
#4421 = DIRECTION('',(1.,0.));
#4422 = ( GEOMETRIC_REPRESENTATION_CONTEXT(2) 
PARAMETRIC_REPRESENTATION_CONTEXT() REPRESENTATION_CONTEXT('2D SPACE',''
  ) );
#4423 = ADVANCED_FACE('',(#4424),#1764,.T.);
#4424 = FACE_BOUND('',#4425,.T.);
#4425 = EDGE_LOOP('',(#4426,#4427,#4428,#4429));
#4426 = ORIENTED_EDGE('',*,*,#4403,.F.);
#4427 = ORIENTED_EDGE('',*,*,#1748,.T.);
#4428 = ORIENTED_EDGE('',*,*,#4354,.T.);
#4429 = ORIENTED_EDGE('',*,*,#4430,.F.);
#4430 = EDGE_CURVE('',#4381,#4332,#4431,.T.);
#4431 = SURFACE_CURVE('',#4432,(#4436,#4443),.PCURVE_S1.);
#4432 = LINE('',#4433,#4434);
#4433 = CARTESIAN_POINT('',(22.,-22.,304.));
#4434 = VECTOR('',#4435,1.);
#4435 = DIRECTION('',(0.,1.,0.));
#4436 = PCURVE('',#1764,#4437);
#4437 = DEFINITIONAL_REPRESENTATION('',(#4438),#4442);
#4438 = LINE('',#4439,#4440);
#4439 = CARTESIAN_POINT('',(4.,0.));
#4440 = VECTOR('',#4441,1.);
#4441 = DIRECTION('',(0.,-1.));
#4442 = ( GEOMETRIC_REPRESENTATION_CONTEXT(2) 
PARAMETRIC_REPRESENTATION_CONTEXT() REPRESENTATION_CONTEXT('2D SPACE',''
  ) );
#4443 = PCURVE('',#4314,#4444);
#4444 = DEFINITIONAL_REPRESENTATION('',(#4445),#4449);
#4445 = LINE('',#4446,#4447);
#4446 = CARTESIAN_POINT('',(44.,0.));
#4447 = VECTOR('',#4448,1.);
#4448 = DIRECTION('',(0.,1.));
#4449 = ( GEOMETRIC_REPRESENTATION_CONTEXT(2) 
PARAMETRIC_REPRESENTATION_CONTEXT() REPRESENTATION_CONTEXT('2D SPACE',''
  ) );
#4450 = ADVANCED_FACE('',(#4451,#4457),#1942,.F.);
#4451 = FACE_BOUND('',#4452,.F.);
#4452 = EDGE_LOOP('',(#4453,#4454,#4455,#4456));
#4453 = ORIENTED_EDGE('',*,*,#1928,.F.);
#4454 = ORIENTED_EDGE('',*,*,#1959,.T.);
#4455 = ORIENTED_EDGE('',*,*,#2031,.T.);
#4456 = ORIENTED_EDGE('',*,*,#2057,.F.);
#4457 = FACE_BOUND('',#4458,.F.);
#4458 = EDGE_LOOP('',(#4459,#4484,#4507,#4530));
#4459 = ORIENTED_EDGE('',*,*,#4460,.T.);
#4460 = EDGE_CURVE('',#4461,#4463,#4465,.T.);
#4461 = VERTEX_POINT('',#4462);
#4462 = CARTESIAN_POINT('',(-12.8,-3.,13.75));
#4463 = VERTEX_POINT('',#4464);
#4464 = CARTESIAN_POINT('',(-12.8,-3.,16.25));
#4465 = SURFACE_CURVE('',#4466,(#4470,#4477),.PCURVE_S1.);
#4466 = LINE('',#4467,#4468);
#4467 = CARTESIAN_POINT('',(-12.8,-3.,13.75));
#4468 = VECTOR('',#4469,1.);
#4469 = DIRECTION('',(0.,0.,1.));
#4470 = PCURVE('',#1942,#4471);
#4471 = DEFINITIONAL_REPRESENTATION('',(#4472),#4476);
#4472 = LINE('',#4473,#4474);
#4473 = CARTESIAN_POINT('',(3.65,-6.6));
#4474 = VECTOR('',#4475,1.);
#4475 = DIRECTION('',(1.,0.));
#4476 = ( GEOMETRIC_REPRESENTATION_CONTEXT(2) 
PARAMETRIC_REPRESENTATION_CONTEXT() REPRESENTATION_CONTEXT('2D SPACE',''
  ) );
#4477 = PCURVE('',#3704,#4478);
#4478 = DEFINITIONAL_REPRESENTATION('',(#4479),#4483);
#4479 = LINE('',#4480,#4481);
#4480 = CARTESIAN_POINT('',(0.,0.));
#4481 = VECTOR('',#4482,1.);
#4482 = DIRECTION('',(1.,0.));
#4483 = ( GEOMETRIC_REPRESENTATION_CONTEXT(2) 
PARAMETRIC_REPRESENTATION_CONTEXT() REPRESENTATION_CONTEXT('2D SPACE',''
  ) );
#4484 = ORIENTED_EDGE('',*,*,#4485,.T.);
#4485 = EDGE_CURVE('',#4463,#4486,#4488,.T.);
#4486 = VERTEX_POINT('',#4487);
#4487 = CARTESIAN_POINT('',(-12.8,3.,16.25));
#4488 = SURFACE_CURVE('',#4489,(#4493,#4500),.PCURVE_S1.);
#4489 = LINE('',#4490,#4491);
#4490 = CARTESIAN_POINT('',(-12.8,-3.,16.25));
#4491 = VECTOR('',#4492,1.);
#4492 = DIRECTION('',(0.,1.,0.));
#4493 = PCURVE('',#1942,#4494);
#4494 = DEFINITIONAL_REPRESENTATION('',(#4495),#4499);
#4495 = LINE('',#4496,#4497);
#4496 = CARTESIAN_POINT('',(6.15,-6.6));
#4497 = VECTOR('',#4498,1.);
#4498 = DIRECTION('',(0.,-1.));
#4499 = ( GEOMETRIC_REPRESENTATION_CONTEXT(2) 
PARAMETRIC_REPRESENTATION_CONTEXT() REPRESENTATION_CONTEXT('2D SPACE',''
  ) );
#4500 = PCURVE('',#3732,#4501);
#4501 = DEFINITIONAL_REPRESENTATION('',(#4502),#4506);
#4502 = LINE('',#4503,#4504);
#4503 = CARTESIAN_POINT('',(0.,0.));
#4504 = VECTOR('',#4505,1.);
#4505 = DIRECTION('',(0.,1.));
#4506 = ( GEOMETRIC_REPRESENTATION_CONTEXT(2) 
PARAMETRIC_REPRESENTATION_CONTEXT() REPRESENTATION_CONTEXT('2D SPACE',''
  ) );
#4507 = ORIENTED_EDGE('',*,*,#4508,.F.);
#4508 = EDGE_CURVE('',#4509,#4486,#4511,.T.);
#4509 = VERTEX_POINT('',#4510);
#4510 = CARTESIAN_POINT('',(-12.8,3.,13.75));
#4511 = SURFACE_CURVE('',#4512,(#4516,#4523),.PCURVE_S1.);
#4512 = LINE('',#4513,#4514);
#4513 = CARTESIAN_POINT('',(-12.8,3.,13.75));
#4514 = VECTOR('',#4515,1.);
#4515 = DIRECTION('',(0.,0.,1.));
#4516 = PCURVE('',#1942,#4517);
#4517 = DEFINITIONAL_REPRESENTATION('',(#4518),#4522);
#4518 = LINE('',#4519,#4520);
#4519 = CARTESIAN_POINT('',(3.65,-12.6));
#4520 = VECTOR('',#4521,1.);
#4521 = DIRECTION('',(1.,0.));
#4522 = ( GEOMETRIC_REPRESENTATION_CONTEXT(2) 
PARAMETRIC_REPRESENTATION_CONTEXT() REPRESENTATION_CONTEXT('2D SPACE',''
  ) );
#4523 = PCURVE('',#3763,#4524);
#4524 = DEFINITIONAL_REPRESENTATION('',(#4525),#4529);
#4525 = LINE('',#4526,#4527);
#4526 = CARTESIAN_POINT('',(0.,0.));
#4527 = VECTOR('',#4528,1.);
#4528 = DIRECTION('',(1.,0.));
#4529 = ( GEOMETRIC_REPRESENTATION_CONTEXT(2) 
PARAMETRIC_REPRESENTATION_CONTEXT() REPRESENTATION_CONTEXT('2D SPACE',''
  ) );
#4530 = ORIENTED_EDGE('',*,*,#4531,.F.);
#4531 = EDGE_CURVE('',#4461,#4509,#4532,.T.);
#4532 = SURFACE_CURVE('',#4533,(#4537,#4544),.PCURVE_S1.);
#4533 = LINE('',#4534,#4535);
#4534 = CARTESIAN_POINT('',(-12.8,-3.,13.75));
#4535 = VECTOR('',#4536,1.);
#4536 = DIRECTION('',(0.,1.,0.));
#4537 = PCURVE('',#1942,#4538);
#4538 = DEFINITIONAL_REPRESENTATION('',(#4539),#4543);
#4539 = LINE('',#4540,#4541);
#4540 = CARTESIAN_POINT('',(3.65,-6.6));
#4541 = VECTOR('',#4542,1.);
#4542 = DIRECTION('',(0.,-1.));
#4543 = ( GEOMETRIC_REPRESENTATION_CONTEXT(2) 
PARAMETRIC_REPRESENTATION_CONTEXT() REPRESENTATION_CONTEXT('2D SPACE',''
  ) );
#4544 = PCURVE('',#3789,#4545);
#4545 = DEFINITIONAL_REPRESENTATION('',(#4546),#4550);
#4546 = LINE('',#4547,#4548);
#4547 = CARTESIAN_POINT('',(0.,0.));
#4548 = VECTOR('',#4549,1.);
#4549 = DIRECTION('',(0.,1.));
#4550 = ( GEOMETRIC_REPRESENTATION_CONTEXT(2) 
PARAMETRIC_REPRESENTATION_CONTEXT() REPRESENTATION_CONTEXT('2D SPACE',''
  ) );
#4551 = ADVANCED_FACE('',(#4552),#2125,.T.);
#4552 = FACE_BOUND('',#4553,.T.);
#4553 = EDGE_LOOP('',(#4554,#4555,#4556,#4557));
#4554 = ORIENTED_EDGE('',*,*,#4138,.F.);
#4555 = ORIENTED_EDGE('',*,*,#4226,.T.);
#4556 = ORIENTED_EDGE('',*,*,#2109,.T.);
#4557 = ORIENTED_EDGE('',*,*,#4066,.F.);
#4558 = ADVANCED_FACE('',(#4559),#2182,.F.);
#4559 = FACE_BOUND('',#4560,.F.);
#4560 = EDGE_LOOP('',(#4561,#4584,#4611,#4612));
#4561 = ORIENTED_EDGE('',*,*,#4562,.T.);
#4562 = EDGE_CURVE('',#2166,#4563,#4565,.T.);
#4563 = VERTEX_POINT('',#4564);
#4564 = CARTESIAN_POINT('',(32.1,5.15,125.));
#4565 = SEAM_CURVE('',#4566,(#4570,#4577),.PCURVE_S1.);
#4566 = LINE('',#4567,#4568);
#4567 = CARTESIAN_POINT('',(35.,5.15,125.));
#4568 = VECTOR('',#4569,1.);
#4569 = DIRECTION('',(-1.,-0.,-0.));
#4570 = PCURVE('',#2182,#4571);
#4571 = DEFINITIONAL_REPRESENTATION('',(#4572),#4576);
#4572 = LINE('',#4573,#4574);
#4573 = CARTESIAN_POINT('',(0.,0.));
#4574 = VECTOR('',#4575,1.);
#4575 = DIRECTION('',(0.,-1.));
#4576 = ( GEOMETRIC_REPRESENTATION_CONTEXT(2) 
PARAMETRIC_REPRESENTATION_CONTEXT() REPRESENTATION_CONTEXT('2D SPACE',''
  ) );
#4577 = PCURVE('',#2182,#4578);
#4578 = DEFINITIONAL_REPRESENTATION('',(#4579),#4583);
#4579 = LINE('',#4580,#4581);
#4580 = CARTESIAN_POINT('',(6.28318530718,0.));
#4581 = VECTOR('',#4582,1.);
#4582 = DIRECTION('',(0.,-1.));
#4583 = ( GEOMETRIC_REPRESENTATION_CONTEXT(2) 
PARAMETRIC_REPRESENTATION_CONTEXT() REPRESENTATION_CONTEXT('2D SPACE',''
  ) );
#4584 = ORIENTED_EDGE('',*,*,#4585,.T.);
#4585 = EDGE_CURVE('',#4563,#4563,#4586,.T.);
#4586 = SURFACE_CURVE('',#4587,(#4592,#4599),.PCURVE_S1.);
#4587 = CIRCLE('',#4588,5.15);
#4588 = AXIS2_PLACEMENT_3D('',#4589,#4590,#4591);
#4589 = CARTESIAN_POINT('',(32.1,0.,125.));
#4590 = DIRECTION('',(1.,0.,0.));
#4591 = DIRECTION('',(0.,1.,0.));
#4592 = PCURVE('',#2182,#4593);
#4593 = DEFINITIONAL_REPRESENTATION('',(#4594),#4598);
#4594 = LINE('',#4595,#4596);
#4595 = CARTESIAN_POINT('',(0.,-2.9));
#4596 = VECTOR('',#4597,1.);
#4597 = DIRECTION('',(1.,0.));
#4598 = ( GEOMETRIC_REPRESENTATION_CONTEXT(2) 
PARAMETRIC_REPRESENTATION_CONTEXT() REPRESENTATION_CONTEXT('2D SPACE',''
  ) );
#4599 = PCURVE('',#4600,#4605);
#4600 = PLANE('',#4601);
#4601 = AXIS2_PLACEMENT_3D('',#4602,#4603,#4604);
#4602 = CARTESIAN_POINT('',(32.1,6.638058895822E-16,125.));
#4603 = DIRECTION('',(1.,0.,0.));
#4604 = DIRECTION('',(-0.,0.,1.));
#4605 = DEFINITIONAL_REPRESENTATION('',(#4606),#4610);
#4606 = CIRCLE('',#4607,5.15);
#4607 = AXIS2_PLACEMENT_2D('',#4608,#4609);
#4608 = CARTESIAN_POINT('',(1.42108547152E-14,6.638058895822E-16));
#4609 = DIRECTION('',(0.,-1.));
#4610 = ( GEOMETRIC_REPRESENTATION_CONTEXT(2) 
PARAMETRIC_REPRESENTATION_CONTEXT() REPRESENTATION_CONTEXT('2D SPACE',''
  ) );
#4611 = ORIENTED_EDGE('',*,*,#4562,.F.);
#4612 = ORIENTED_EDGE('',*,*,#2165,.F.);
#4613 = ADVANCED_FACE('',(#4614),#2213,.F.);
#4614 = FACE_BOUND('',#4615,.F.);
#4615 = EDGE_LOOP('',(#4616,#4617,#4638,#4639));
#4616 = ORIENTED_EDGE('',*,*,#2196,.F.);
#4617 = ORIENTED_EDGE('',*,*,#4618,.T.);
#4618 = EDGE_CURVE('',#2197,#2471,#4619,.T.);
#4619 = SEAM_CURVE('',#4620,(#4624,#4631),.PCURVE_S1.);
#4620 = LINE('',#4621,#4622);
#4621 = CARTESIAN_POINT('',(35.,-43.75,152.));
#4622 = VECTOR('',#4623,1.);
#4623 = DIRECTION('',(-1.,-0.,-0.));
#4624 = PCURVE('',#2213,#4625);
#4625 = DEFINITIONAL_REPRESENTATION('',(#4626),#4630);
#4626 = LINE('',#4627,#4628);
#4627 = CARTESIAN_POINT('',(6.28318530718,0.));
#4628 = VECTOR('',#4629,1.);
#4629 = DIRECTION('',(0.,-1.));
#4630 = ( GEOMETRIC_REPRESENTATION_CONTEXT(2) 
PARAMETRIC_REPRESENTATION_CONTEXT() REPRESENTATION_CONTEXT('2D SPACE',''
  ) );
#4631 = PCURVE('',#2213,#4632);
#4632 = DEFINITIONAL_REPRESENTATION('',(#4633),#4637);
#4633 = LINE('',#4634,#4635);
#4634 = CARTESIAN_POINT('',(0.,0.));
#4635 = VECTOR('',#4636,1.);
#4636 = DIRECTION('',(0.,-1.));
#4637 = ( GEOMETRIC_REPRESENTATION_CONTEXT(2) 
PARAMETRIC_REPRESENTATION_CONTEXT() REPRESENTATION_CONTEXT('2D SPACE',''
  ) );
#4638 = ORIENTED_EDGE('',*,*,#2470,.T.);
#4639 = ORIENTED_EDGE('',*,*,#4618,.F.);
#4640 = ADVANCED_FACE('',(#4641),#2610,.T.);
#4641 = FACE_BOUND('',#4642,.T.);
#4642 = EDGE_LOOP('',(#4643));
#4643 = ORIENTED_EDGE('',*,*,#2595,.T.);
#4644 = ADVANCED_FACE('',(#4645),#2665,.T.);
#4645 = FACE_BOUND('',#4646,.T.);
#4646 = EDGE_LOOP('',(#4647,#4648,#4649,#4650));
#4647 = ORIENTED_EDGE('',*,*,#2703,.T.);
#4648 = ORIENTED_EDGE('',*,*,#2752,.T.);
#4649 = ORIENTED_EDGE('',*,*,#2801,.T.);
#4650 = ORIENTED_EDGE('',*,*,#2649,.T.);
#4651 = ADVANCED_FACE('',(#4652),#2866,.T.);
#4652 = FACE_BOUND('',#4653,.T.);
#4653 = EDGE_LOOP('',(#4654));
#4654 = ORIENTED_EDGE('',*,*,#2851,.T.);
#4655 = ADVANCED_FACE('',(#4656,#4659),#2920,.T.);
#4656 = FACE_BOUND('',#4657,.T.);
#4657 = EDGE_LOOP('',(#4658));
#4658 = ORIENTED_EDGE('',*,*,#2905,.T.);
#4659 = FACE_BOUND('',#4660,.T.);
#4660 = EDGE_LOOP('',(#4661));
#4661 = ORIENTED_EDGE('',*,*,#4662,.F.);
#4662 = EDGE_CURVE('',#4663,#4663,#4665,.T.);
#4663 = VERTEX_POINT('',#4664);
#4664 = CARTESIAN_POINT('',(4.,-32.,50.));
#4665 = SURFACE_CURVE('',#4666,(#4671,#4678),.PCURVE_S1.);
#4666 = CIRCLE('',#4667,4.);
#4667 = AXIS2_PLACEMENT_3D('',#4668,#4669,#4670);
#4668 = CARTESIAN_POINT('',(0.,-32.,50.));
#4669 = DIRECTION('',(0.,-1.,0.));
#4670 = DIRECTION('',(1.,0.,0.));
#4671 = PCURVE('',#2920,#4672);
#4672 = DEFINITIONAL_REPRESENTATION('',(#4673),#4677);
#4673 = CIRCLE('',#4674,4.);
#4674 = AXIS2_PLACEMENT_2D('',#4675,#4676);
#4675 = CARTESIAN_POINT('',(-1.42108547152E-14,1.709300165674E-16));
#4676 = DIRECTION('',(0.,1.));
#4677 = ( GEOMETRIC_REPRESENTATION_CONTEXT(2) 
PARAMETRIC_REPRESENTATION_CONTEXT() REPRESENTATION_CONTEXT('2D SPACE',''
  ) );
#4678 = PCURVE('',#3618,#4679);
#4679 = DEFINITIONAL_REPRESENTATION('',(#4680),#4684);
#4680 = LINE('',#4681,#4682);
#4681 = CARTESIAN_POINT('',(0.,2.));
#4682 = VECTOR('',#4683,1.);
#4683 = DIRECTION('',(1.,0.));
#4684 = ( GEOMETRIC_REPRESENTATION_CONTEXT(2) 
PARAMETRIC_REPRESENTATION_CONTEXT() REPRESENTATION_CONTEXT('2D SPACE',''
  ) );
#4685 = ADVANCED_FACE('',(#4686),#2976,.T.);
#4686 = FACE_BOUND('',#4687,.T.);
#4687 = EDGE_LOOP('',(#4688));
#4688 = ORIENTED_EDGE('',*,*,#2961,.T.);
#4689 = ADVANCED_FACE('',(#4690),#3031,.T.);
#4690 = FACE_BOUND('',#4691,.T.);
#4691 = EDGE_LOOP('',(#4692,#4693,#4694,#4695));
#4692 = ORIENTED_EDGE('',*,*,#3069,.T.);
#4693 = ORIENTED_EDGE('',*,*,#3118,.T.);
#4694 = ORIENTED_EDGE('',*,*,#3167,.T.);
#4695 = ORIENTED_EDGE('',*,*,#3015,.T.);
#4696 = ADVANCED_FACE('',(#4697),#3232,.T.);
#4697 = FACE_BOUND('',#4698,.T.);
#4698 = EDGE_LOOP('',(#4699));
#4699 = ORIENTED_EDGE('',*,*,#3217,.T.);
#4700 = ADVANCED_FACE('',(#4701,#4704),#3288,.F.);
#4701 = FACE_BOUND('',#4702,.F.);
#4702 = EDGE_LOOP('',(#4703));
#4703 = ORIENTED_EDGE('',*,*,#3273,.T.);
#4704 = FACE_BOUND('',#4705,.F.);
#4705 = EDGE_LOOP('',(#4706));
#4706 = ORIENTED_EDGE('',*,*,#4707,.F.);
#4707 = EDGE_CURVE('',#4708,#4708,#4710,.T.);
#4708 = VERTEX_POINT('',#4709);
#4709 = CARTESIAN_POINT('',(3.,0.,250.));
#4710 = SURFACE_CURVE('',#4711,(#4716,#4723),.PCURVE_S1.);
#4711 = CIRCLE('',#4712,3.);
#4712 = AXIS2_PLACEMENT_3D('',#4713,#4714,#4715);
#4713 = CARTESIAN_POINT('',(0.,0.,250.));
#4714 = DIRECTION('',(0.,0.,1.));
#4715 = DIRECTION('',(1.,0.,0.));
#4716 = PCURVE('',#3288,#4717);
#4717 = DEFINITIONAL_REPRESENTATION('',(#4718),#4722);
#4718 = CIRCLE('',#4719,3.);
#4719 = AXIS2_PLACEMENT_2D('',#4720,#4721);
#4720 = CARTESIAN_POINT('',(0.,-1.204325410458E-15));
#4721 = DIRECTION('',(1.,0.));
#4722 = ( GEOMETRIC_REPRESENTATION_CONTEXT(2) 
PARAMETRIC_REPRESENTATION_CONTEXT() REPRESENTATION_CONTEXT('2D SPACE',''
  ) );
#4723 = PCURVE('',#4724,#4729);
#4724 = CYLINDRICAL_SURFACE('',#4725,3.);
#4725 = AXIS2_PLACEMENT_3D('',#4726,#4727,#4728);
#4726 = CARTESIAN_POINT('',(0.,0.,250.));
#4727 = DIRECTION('',(-0.,-0.,-1.));
#4728 = DIRECTION('',(1.,0.,0.));
#4729 = DEFINITIONAL_REPRESENTATION('',(#4730),#4734);
#4730 = LINE('',#4731,#4732);
#4731 = CARTESIAN_POINT('',(-0.,0.));
#4732 = VECTOR('',#4733,1.);
#4733 = DIRECTION('',(-1.,0.));
#4734 = ( GEOMETRIC_REPRESENTATION_CONTEXT(2) 
PARAMETRIC_REPRESENTATION_CONTEXT() REPRESENTATION_CONTEXT('2D SPACE',''
  ) );
#4735 = ADVANCED_FACE('',(#4736),#3618,.F.);
#4736 = FACE_BOUND('',#4737,.F.);
#4737 = EDGE_LOOP('',(#4738,#4739,#4760,#4761));
#4738 = ORIENTED_EDGE('',*,*,#3492,.T.);
#4739 = ORIENTED_EDGE('',*,*,#4740,.F.);
#4740 = EDGE_CURVE('',#4663,#3493,#4741,.T.);
#4741 = SEAM_CURVE('',#4742,(#4746,#4753),.PCURVE_S1.);
#4742 = LINE('',#4743,#4744);
#4743 = CARTESIAN_POINT('',(4.,-32.,50.));
#4744 = VECTOR('',#4745,1.);
#4745 = DIRECTION('',(0.,1.,0.));
#4746 = PCURVE('',#3618,#4747);
#4747 = DEFINITIONAL_REPRESENTATION('',(#4748),#4752);
#4748 = LINE('',#4749,#4750);
#4749 = CARTESIAN_POINT('',(6.28318530718,2.));
#4750 = VECTOR('',#4751,1.);
#4751 = DIRECTION('',(0.,-1.));
#4752 = ( GEOMETRIC_REPRESENTATION_CONTEXT(2) 
PARAMETRIC_REPRESENTATION_CONTEXT() REPRESENTATION_CONTEXT('2D SPACE',''
  ) );
#4753 = PCURVE('',#3618,#4754);
#4754 = DEFINITIONAL_REPRESENTATION('',(#4755),#4759);
#4755 = LINE('',#4756,#4757);
#4756 = CARTESIAN_POINT('',(0.,2.));
#4757 = VECTOR('',#4758,1.);
#4758 = DIRECTION('',(0.,-1.));
#4759 = ( GEOMETRIC_REPRESENTATION_CONTEXT(2) 
PARAMETRIC_REPRESENTATION_CONTEXT() REPRESENTATION_CONTEXT('2D SPACE',''
  ) );
#4760 = ORIENTED_EDGE('',*,*,#4662,.F.);
#4761 = ORIENTED_EDGE('',*,*,#4740,.T.);
#4762 = ADVANCED_FACE('',(#4763),#3704,.T.);
#4763 = FACE_BOUND('',#4764,.T.);
#4764 = EDGE_LOOP('',(#4765,#4786,#4787,#4808));
#4765 = ORIENTED_EDGE('',*,*,#4766,.F.);
#4766 = EDGE_CURVE('',#4461,#3690,#4767,.T.);
#4767 = SURFACE_CURVE('',#4768,(#4772,#4779),.PCURVE_S1.);
#4768 = LINE('',#4769,#4770);
#4769 = CARTESIAN_POINT('',(-12.8,-3.,13.75));
#4770 = VECTOR('',#4771,1.);
#4771 = DIRECTION('',(1.,0.,0.));
#4772 = PCURVE('',#3704,#4773);
#4773 = DEFINITIONAL_REPRESENTATION('',(#4774),#4778);
#4774 = LINE('',#4775,#4776);
#4775 = CARTESIAN_POINT('',(0.,0.));
#4776 = VECTOR('',#4777,1.);
#4777 = DIRECTION('',(0.,1.));
#4778 = ( GEOMETRIC_REPRESENTATION_CONTEXT(2) 
PARAMETRIC_REPRESENTATION_CONTEXT() REPRESENTATION_CONTEXT('2D SPACE',''
  ) );
#4779 = PCURVE('',#3789,#4780);
#4780 = DEFINITIONAL_REPRESENTATION('',(#4781),#4785);
#4781 = LINE('',#4782,#4783);
#4782 = CARTESIAN_POINT('',(0.,0.));
#4783 = VECTOR('',#4784,1.);
#4784 = DIRECTION('',(1.,0.));
#4785 = ( GEOMETRIC_REPRESENTATION_CONTEXT(2) 
PARAMETRIC_REPRESENTATION_CONTEXT() REPRESENTATION_CONTEXT('2D SPACE',''
  ) );
#4786 = ORIENTED_EDGE('',*,*,#4460,.T.);
#4787 = ORIENTED_EDGE('',*,*,#4788,.T.);
#4788 = EDGE_CURVE('',#4463,#3688,#4789,.T.);
#4789 = SURFACE_CURVE('',#4790,(#4794,#4801),.PCURVE_S1.);
#4790 = LINE('',#4791,#4792);
#4791 = CARTESIAN_POINT('',(-12.8,-3.,16.25));
#4792 = VECTOR('',#4793,1.);
#4793 = DIRECTION('',(1.,0.,0.));
#4794 = PCURVE('',#3704,#4795);
#4795 = DEFINITIONAL_REPRESENTATION('',(#4796),#4800);
#4796 = LINE('',#4797,#4798);
#4797 = CARTESIAN_POINT('',(2.5,0.));
#4798 = VECTOR('',#4799,1.);
#4799 = DIRECTION('',(0.,1.));
#4800 = ( GEOMETRIC_REPRESENTATION_CONTEXT(2) 
PARAMETRIC_REPRESENTATION_CONTEXT() REPRESENTATION_CONTEXT('2D SPACE',''
  ) );
#4801 = PCURVE('',#3732,#4802);
#4802 = DEFINITIONAL_REPRESENTATION('',(#4803),#4807);
#4803 = LINE('',#4804,#4805);
#4804 = CARTESIAN_POINT('',(0.,0.));
#4805 = VECTOR('',#4806,1.);
#4806 = DIRECTION('',(1.,0.));
#4807 = ( GEOMETRIC_REPRESENTATION_CONTEXT(2) 
PARAMETRIC_REPRESENTATION_CONTEXT() REPRESENTATION_CONTEXT('2D SPACE',''
  ) );
#4808 = ORIENTED_EDGE('',*,*,#3687,.T.);
#4809 = ADVANCED_FACE('',(#4810),#3732,.F.);
#4810 = FACE_BOUND('',#4811,.F.);
#4811 = EDGE_LOOP('',(#4812,#4833,#4834,#4835));
#4812 = ORIENTED_EDGE('',*,*,#4813,.F.);
#4813 = EDGE_CURVE('',#4486,#3716,#4814,.T.);
#4814 = SURFACE_CURVE('',#4815,(#4819,#4826),.PCURVE_S1.);
#4815 = LINE('',#4816,#4817);
#4816 = CARTESIAN_POINT('',(-12.8,3.,16.25));
#4817 = VECTOR('',#4818,1.);
#4818 = DIRECTION('',(1.,0.,0.));
#4819 = PCURVE('',#3732,#4820);
#4820 = DEFINITIONAL_REPRESENTATION('',(#4821),#4825);
#4821 = LINE('',#4822,#4823);
#4822 = CARTESIAN_POINT('',(0.,6.));
#4823 = VECTOR('',#4824,1.);
#4824 = DIRECTION('',(1.,0.));
#4825 = ( GEOMETRIC_REPRESENTATION_CONTEXT(2) 
PARAMETRIC_REPRESENTATION_CONTEXT() REPRESENTATION_CONTEXT('2D SPACE',''
  ) );
#4826 = PCURVE('',#3763,#4827);
#4827 = DEFINITIONAL_REPRESENTATION('',(#4828),#4832);
#4828 = LINE('',#4829,#4830);
#4829 = CARTESIAN_POINT('',(2.5,0.));
#4830 = VECTOR('',#4831,1.);
#4831 = DIRECTION('',(0.,1.));
#4832 = ( GEOMETRIC_REPRESENTATION_CONTEXT(2) 
PARAMETRIC_REPRESENTATION_CONTEXT() REPRESENTATION_CONTEXT('2D SPACE',''
  ) );
#4833 = ORIENTED_EDGE('',*,*,#4485,.F.);
#4834 = ORIENTED_EDGE('',*,*,#4788,.T.);
#4835 = ORIENTED_EDGE('',*,*,#3715,.T.);
#4836 = ADVANCED_FACE('',(#4837),#3789,.T.);
#4837 = FACE_BOUND('',#4838,.T.);
#4838 = EDGE_LOOP('',(#4839,#4860,#4861,#4862));
#4839 = ORIENTED_EDGE('',*,*,#4840,.F.);
#4840 = EDGE_CURVE('',#4509,#3749,#4841,.T.);
#4841 = SURFACE_CURVE('',#4842,(#4846,#4853),.PCURVE_S1.);
#4842 = LINE('',#4843,#4844);
#4843 = CARTESIAN_POINT('',(-12.8,3.,13.75));
#4844 = VECTOR('',#4845,1.);
#4845 = DIRECTION('',(1.,0.,0.));
#4846 = PCURVE('',#3789,#4847);
#4847 = DEFINITIONAL_REPRESENTATION('',(#4848),#4852);
#4848 = LINE('',#4849,#4850);
#4849 = CARTESIAN_POINT('',(0.,6.));
#4850 = VECTOR('',#4851,1.);
#4851 = DIRECTION('',(1.,0.));
#4852 = ( GEOMETRIC_REPRESENTATION_CONTEXT(2) 
PARAMETRIC_REPRESENTATION_CONTEXT() REPRESENTATION_CONTEXT('2D SPACE',''
  ) );
#4853 = PCURVE('',#3763,#4854);
#4854 = DEFINITIONAL_REPRESENTATION('',(#4855),#4859);
#4855 = LINE('',#4856,#4857);
#4856 = CARTESIAN_POINT('',(0.,0.));
#4857 = VECTOR('',#4858,1.);
#4858 = DIRECTION('',(0.,1.));
#4859 = ( GEOMETRIC_REPRESENTATION_CONTEXT(2) 
PARAMETRIC_REPRESENTATION_CONTEXT() REPRESENTATION_CONTEXT('2D SPACE',''
  ) );
#4860 = ORIENTED_EDGE('',*,*,#4531,.F.);
#4861 = ORIENTED_EDGE('',*,*,#4766,.T.);
#4862 = ORIENTED_EDGE('',*,*,#3774,.T.);
#4863 = ADVANCED_FACE('',(#4864),#3763,.F.);
#4864 = FACE_BOUND('',#4865,.F.);
#4865 = EDGE_LOOP('',(#4866,#4867,#4868,#4869));
#4866 = ORIENTED_EDGE('',*,*,#4840,.F.);
#4867 = ORIENTED_EDGE('',*,*,#4508,.T.);
#4868 = ORIENTED_EDGE('',*,*,#4813,.T.);
#4869 = ORIENTED_EDGE('',*,*,#3748,.T.);
#4870 = ADVANCED_FACE('',(#4871,#4874),#3857,.F.);
#4871 = FACE_BOUND('',#4872,.F.);
#4872 = EDGE_LOOP('',(#4873));
#4873 = ORIENTED_EDGE('',*,*,#3842,.T.);
#4874 = FACE_BOUND('',#4875,.F.);
#4875 = EDGE_LOOP('',(#4876));
#4876 = ORIENTED_EDGE('',*,*,#4877,.F.);
#4877 = EDGE_CURVE('',#4878,#4878,#4880,.T.);
#4878 = VERTEX_POINT('',#4879);
#4879 = CARTESIAN_POINT('',(-27.2,34.,108.5));
#4880 = SURFACE_CURVE('',#4881,(#4886,#4893),.PCURVE_S1.);
#4881 = CIRCLE('',#4882,1.8);
#4882 = AXIS2_PLACEMENT_3D('',#4883,#4884,#4885);
#4883 = CARTESIAN_POINT('',(-29.,34.,108.5));
#4884 = DIRECTION('',(0.,-1.,0.));
#4885 = DIRECTION('',(1.,0.,0.));
#4886 = PCURVE('',#3857,#4887);
#4887 = DEFINITIONAL_REPRESENTATION('',(#4888),#4892);
#4888 = CIRCLE('',#4889,1.8);
#4889 = AXIS2_PLACEMENT_2D('',#4890,#4891);
#4890 = CARTESIAN_POINT('',(23.,-58.));
#4891 = DIRECTION('',(0.,1.));
#4892 = ( GEOMETRIC_REPRESENTATION_CONTEXT(2) 
PARAMETRIC_REPRESENTATION_CONTEXT() REPRESENTATION_CONTEXT('2D SPACE',''
  ) );
#4893 = PCURVE('',#4894,#4899);
#4894 = CYLINDRICAL_SURFACE('',#4895,1.8);
#4895 = AXIS2_PLACEMENT_3D('',#4896,#4897,#4898);
#4896 = CARTESIAN_POINT('',(-29.,34.,108.5));
#4897 = DIRECTION('',(-0.,1.,-0.));
#4898 = DIRECTION('',(1.,0.,0.));
#4899 = DEFINITIONAL_REPRESENTATION('',(#4900),#4904);
#4900 = LINE('',#4901,#4902);
#4901 = CARTESIAN_POINT('',(-0.,0.));
#4902 = VECTOR('',#4903,1.);
#4903 = DIRECTION('',(-1.,0.));
#4904 = ( GEOMETRIC_REPRESENTATION_CONTEXT(2) 
PARAMETRIC_REPRESENTATION_CONTEXT() REPRESENTATION_CONTEXT('2D SPACE',''
  ) );
#4905 = ADVANCED_FACE('',(#4906,#4909),#3912,.F.);
#4906 = FACE_BOUND('',#4907,.F.);
#4907 = EDGE_LOOP('',(#4908));
#4908 = ORIENTED_EDGE('',*,*,#3897,.T.);
#4909 = FACE_BOUND('',#4910,.F.);
#4910 = EDGE_LOOP('',(#4911));
#4911 = ORIENTED_EDGE('',*,*,#4912,.F.);
#4912 = EDGE_CURVE('',#4913,#4913,#4915,.T.);
#4913 = VERTEX_POINT('',#4914);
#4914 = CARTESIAN_POINT('',(-27.2,34.,131.5));
#4915 = SURFACE_CURVE('',#4916,(#4921,#4928),.PCURVE_S1.);
#4916 = CIRCLE('',#4917,1.8);
#4917 = AXIS2_PLACEMENT_3D('',#4918,#4919,#4920);
#4918 = CARTESIAN_POINT('',(-29.,34.,131.5));
#4919 = DIRECTION('',(0.,-1.,0.));
#4920 = DIRECTION('',(1.,0.,0.));
#4921 = PCURVE('',#3912,#4922);
#4922 = DEFINITIONAL_REPRESENTATION('',(#4923),#4927);
#4923 = CIRCLE('',#4924,1.8);
#4924 = AXIS2_PLACEMENT_2D('',#4925,#4926);
#4925 = CARTESIAN_POINT('',(0.,-58.));
#4926 = DIRECTION('',(0.,1.));
#4927 = ( GEOMETRIC_REPRESENTATION_CONTEXT(2) 
PARAMETRIC_REPRESENTATION_CONTEXT() REPRESENTATION_CONTEXT('2D SPACE',''
  ) );
#4928 = PCURVE('',#4929,#4934);
#4929 = CYLINDRICAL_SURFACE('',#4930,1.8);
#4930 = AXIS2_PLACEMENT_3D('',#4931,#4932,#4933);
#4931 = CARTESIAN_POINT('',(-29.,34.,131.5));
#4932 = DIRECTION('',(-0.,1.,-0.));
#4933 = DIRECTION('',(1.,0.,0.));
#4934 = DEFINITIONAL_REPRESENTATION('',(#4935),#4939);
#4935 = LINE('',#4936,#4937);
#4936 = CARTESIAN_POINT('',(-0.,0.));
#4937 = VECTOR('',#4938,1.);
#4938 = DIRECTION('',(-1.,0.));
#4939 = ( GEOMETRIC_REPRESENTATION_CONTEXT(2) 
PARAMETRIC_REPRESENTATION_CONTEXT() REPRESENTATION_CONTEXT('2D SPACE',''
  ) );
#4940 = ADVANCED_FACE('',(#4941,#4944),#3994,.F.);
#4941 = FACE_BOUND('',#4942,.F.);
#4942 = EDGE_LOOP('',(#4943));
#4943 = ORIENTED_EDGE('',*,*,#3979,.T.);
#4944 = FACE_BOUND('',#4945,.F.);
#4945 = EDGE_LOOP('',(#4946));
#4946 = ORIENTED_EDGE('',*,*,#4947,.F.);
#4947 = EDGE_CURVE('',#4948,#4948,#4950,.T.);
#4948 = VERTEX_POINT('',#4949);
#4949 = CARTESIAN_POINT('',(30.8,34.,108.5));
#4950 = SURFACE_CURVE('',#4951,(#4956,#4963),.PCURVE_S1.);
#4951 = CIRCLE('',#4952,1.8);
#4952 = AXIS2_PLACEMENT_3D('',#4953,#4954,#4955);
#4953 = CARTESIAN_POINT('',(29.,34.,108.5));
#4954 = DIRECTION('',(0.,-1.,0.));
#4955 = DIRECTION('',(1.,0.,0.));
#4956 = PCURVE('',#3994,#4957);
#4957 = DEFINITIONAL_REPRESENTATION('',(#4958),#4962);
#4958 = CIRCLE('',#4959,1.8);
#4959 = AXIS2_PLACEMENT_2D('',#4960,#4961);
#4960 = CARTESIAN_POINT('',(23.,0.));
#4961 = DIRECTION('',(0.,1.));
#4962 = ( GEOMETRIC_REPRESENTATION_CONTEXT(2) 
PARAMETRIC_REPRESENTATION_CONTEXT() REPRESENTATION_CONTEXT('2D SPACE',''
  ) );
#4963 = PCURVE('',#4964,#4969);
#4964 = CYLINDRICAL_SURFACE('',#4965,1.8);
#4965 = AXIS2_PLACEMENT_3D('',#4966,#4967,#4968);
#4966 = CARTESIAN_POINT('',(29.,34.,108.5));
#4967 = DIRECTION('',(-0.,1.,-0.));
#4968 = DIRECTION('',(1.,0.,0.));
#4969 = DEFINITIONAL_REPRESENTATION('',(#4970),#4974);
#4970 = LINE('',#4971,#4972);
#4971 = CARTESIAN_POINT('',(-0.,0.));
#4972 = VECTOR('',#4973,1.);
#4973 = DIRECTION('',(-1.,0.));
#4974 = ( GEOMETRIC_REPRESENTATION_CONTEXT(2) 
PARAMETRIC_REPRESENTATION_CONTEXT() REPRESENTATION_CONTEXT('2D SPACE',''
  ) );
#4975 = ADVANCED_FACE('',(#4976,#4979),#4049,.F.);
#4976 = FACE_BOUND('',#4977,.F.);
#4977 = EDGE_LOOP('',(#4978));
#4978 = ORIENTED_EDGE('',*,*,#4034,.T.);
#4979 = FACE_BOUND('',#4980,.F.);
#4980 = EDGE_LOOP('',(#4981));
#4981 = ORIENTED_EDGE('',*,*,#4982,.F.);
#4982 = EDGE_CURVE('',#4983,#4983,#4985,.T.);
#4983 = VERTEX_POINT('',#4984);
#4984 = CARTESIAN_POINT('',(30.8,34.,131.5));
#4985 = SURFACE_CURVE('',#4986,(#4991,#4998),.PCURVE_S1.);
#4986 = CIRCLE('',#4987,1.8);
#4987 = AXIS2_PLACEMENT_3D('',#4988,#4989,#4990);
#4988 = CARTESIAN_POINT('',(29.,34.,131.5));
#4989 = DIRECTION('',(0.,-1.,0.));
#4990 = DIRECTION('',(1.,0.,0.));
#4991 = PCURVE('',#4049,#4992);
#4992 = DEFINITIONAL_REPRESENTATION('',(#4993),#4997);
#4993 = CIRCLE('',#4994,1.8);
#4994 = AXIS2_PLACEMENT_2D('',#4995,#4996);
#4995 = CARTESIAN_POINT('',(0.,0.));
#4996 = DIRECTION('',(0.,1.));
#4997 = ( GEOMETRIC_REPRESENTATION_CONTEXT(2) 
PARAMETRIC_REPRESENTATION_CONTEXT() REPRESENTATION_CONTEXT('2D SPACE',''
  ) );
#4998 = PCURVE('',#4999,#5004);
#4999 = CYLINDRICAL_SURFACE('',#5000,1.8);
#5000 = AXIS2_PLACEMENT_3D('',#5001,#5002,#5003);
#5001 = CARTESIAN_POINT('',(29.,34.,131.5));
#5002 = DIRECTION('',(-0.,1.,-0.));
#5003 = DIRECTION('',(1.,0.,0.));
#5004 = DEFINITIONAL_REPRESENTATION('',(#5005),#5009);
#5005 = LINE('',#5006,#5007);
#5006 = CARTESIAN_POINT('',(-0.,0.));
#5007 = VECTOR('',#5008,1.);
#5008 = DIRECTION('',(-1.,0.));
#5009 = ( GEOMETRIC_REPRESENTATION_CONTEXT(2) 
PARAMETRIC_REPRESENTATION_CONTEXT() REPRESENTATION_CONTEXT('2D SPACE',''
  ) );
#5010 = ADVANCED_FACE('',(#5011),#4180,.F.);
#5011 = FACE_BOUND('',#5012,.F.);
#5012 = EDGE_LOOP('',(#5013,#5014,#5037,#5116,#5208,#5262));
#5013 = ORIENTED_EDGE('',*,*,#4163,.F.);
#5014 = ORIENTED_EDGE('',*,*,#5015,.T.);
#5015 = EDGE_CURVE('',#4164,#5016,#5018,.T.);
#5016 = VERTEX_POINT('',#5017);
#5017 = CARTESIAN_POINT('',(9.337424698492,1.75,280.));
#5018 = SEAM_CURVE('',#5019,(#5023,#5030),.PCURVE_S1.);
#5019 = LINE('',#5020,#5021);
#5020 = CARTESIAN_POINT('',(35.,1.75,280.));
#5021 = VECTOR('',#5022,1.);
#5022 = DIRECTION('',(-1.,-0.,-0.));
#5023 = PCURVE('',#4180,#5024);
#5024 = DEFINITIONAL_REPRESENTATION('',(#5025),#5029);
#5025 = LINE('',#5026,#5027);
#5026 = CARTESIAN_POINT('',(6.28318530718,0.));
#5027 = VECTOR('',#5028,1.);
#5028 = DIRECTION('',(0.,-1.));
#5029 = ( GEOMETRIC_REPRESENTATION_CONTEXT(2) 
PARAMETRIC_REPRESENTATION_CONTEXT() REPRESENTATION_CONTEXT('2D SPACE',''
  ) );
#5030 = PCURVE('',#4180,#5031);
#5031 = DEFINITIONAL_REPRESENTATION('',(#5032),#5036);
#5032 = LINE('',#5033,#5034);
#5033 = CARTESIAN_POINT('',(0.,0.));
#5034 = VECTOR('',#5035,1.);
#5035 = DIRECTION('',(0.,-1.));
#5036 = ( GEOMETRIC_REPRESENTATION_CONTEXT(2) 
PARAMETRIC_REPRESENTATION_CONTEXT() REPRESENTATION_CONTEXT('2D SPACE',''
  ) );
#5037 = ORIENTED_EDGE('',*,*,#5038,.T.);
#5038 = EDGE_CURVE('',#5016,#5039,#5041,.T.);
#5039 = VERTEX_POINT('',#5040);
#5040 = CARTESIAN_POINT('',(9.5,0.,281.75));
#5041 = SURFACE_CURVE('',#5042,(#5063,#5087),.PCURVE_S1.);
#5042 = B_SPLINE_CURVE_WITH_KNOTS('',7,(#5043,#5044,#5045,#5046,#5047,
    #5048,#5049,#5050,#5051,#5052,#5053,#5054,#5055,#5056,#5057,#5058,
    #5059,#5060,#5061,#5062),.UNSPECIFIED.,.F.,.F.,(8,6,6,8),(0.,
    0.503307190976,0.79144714006,1.),.UNSPECIFIED.);
#5043 = CARTESIAN_POINT('',(9.337424698492,1.75,280.));
#5044 = CARTESIAN_POINT('',(9.337424698492,1.75,280.17481450152));
#5045 = CARTESIAN_POINT('',(9.341242957692,1.729626908454,
    280.34950840965));
#5046 = CARTESIAN_POINT('',(9.348870576853,1.688929036122,
    280.52251842492));
#5047 = CARTESIAN_POINT('',(9.360081330656,1.627563936491,
    280.69215950536));
#5048 = CARTESIAN_POINT('',(9.374415432507,1.544917782833,
    280.85640959418));
#5049 = CARTESIAN_POINT('',(9.391079492837,1.440209181235,
    281.01265860434));
#5050 = CARTESIAN_POINT('',(9.419054845035,1.239693009382,
    281.24009955623));
#5051 = CARTESIAN_POINT('',(9.429632523125,1.159047983036,
    281.31928892963));
#5052 = CARTESIAN_POINT('',(9.440353924194,1.07074562243,281.39394109091
    ));
#5053 = CARTESIAN_POINT('',(9.45091906348,0.974866479615,281.46309152786
    ));
#5054 = CARTESIAN_POINT('',(9.460984142044,0.871594453031,
    281.52572772529));
#5055 = CARTESIAN_POINT('',(9.470178563231,0.761231504207,
    281.58077991359));
#5056 = CARTESIAN_POINT('',(9.483888346588,0.559524720488,
    281.66064127883));
#5057 = CARTESIAN_POINT('',(9.488994888453,0.471343730111,
    281.68960526115));
#5058 = CARTESIAN_POINT('',(9.493283742204,0.380243026961,
    281.71340871713));
#5059 = CARTESIAN_POINT('',(9.496609949057,0.286859803202,
    281.73159711707));
#5060 = CARTESIAN_POINT('',(9.498867776811,0.191880186947,
    281.74385354193));
#5061 = CARTESIAN_POINT('',(9.5,9.601907162448E-02,281.75));
#5062 = CARTESIAN_POINT('',(9.5,2.678914873135E-16,281.75));
#5063 = PCURVE('',#4180,#5064);
#5064 = DEFINITIONAL_REPRESENTATION('',(#5065),#5086);
#5065 = B_SPLINE_CURVE_WITH_KNOTS('',7,(#5066,#5067,#5068,#5069,#5070,
    #5071,#5072,#5073,#5074,#5075,#5076,#5077,#5078,#5079,#5080,#5081,
    #5082,#5083,#5084,#5085),.UNSPECIFIED.,.F.,.F.,(8,6,6,8),(0.,
    0.503307190976,0.79144714006,1.),.UNSPECIFIED.);
#5066 = CARTESIAN_POINT('',(0.,-25.6625753015));
#5067 = CARTESIAN_POINT('',(9.989400087045E-02,-25.6625753015));
#5068 = CARTESIAN_POINT('',(0.199718960423,-25.6587570423));
#5069 = CARTESIAN_POINT('',(0.300210566707,-25.65112942314));
#5070 = CARTESIAN_POINT('',(0.402021541443,-25.63991866934));
#5071 = CARTESIAN_POINT('',(0.505840415408,-25.62558456749));
#5072 = CARTESIAN_POINT('',(0.612382886768,-25.60892050716));
#5073 = CARTESIAN_POINT('',(0.785645572103,-25.58094515496));
#5074 = CARTESIAN_POINT('',(0.85006411995,-25.57036747687));
#5075 = CARTESIAN_POINT('',(0.915841173536,-25.5596460758));
#5076 = CARTESIAN_POINT('',(0.983021906582,-25.54908093652));
#5077 = CARTESIAN_POINT('',(1.051673605427,-25.53901585795));
#5078 = CARTESIAN_POINT('',(1.121890205882,-25.52982143676));
#5079 = CARTESIAN_POINT('',(1.245856579539,-25.51611165341));
#5080 = CARTESIAN_POINT('',(1.29879997546,-25.51100511154));
#5081 = CARTESIAN_POINT('',(1.35243945606,-25.50671625779));
#5082 = CARTESIAN_POINT('',(1.406606614134,-25.50339005094));
#5083 = CARTESIAN_POINT('',(1.461150516339,-25.50113222318));
#5084 = CARTESIAN_POINT('',(1.515928285867,-25.5));
#5085 = CARTESIAN_POINT('',(1.570796326795,-25.5));
#5086 = ( GEOMETRIC_REPRESENTATION_CONTEXT(2) 
PARAMETRIC_REPRESENTATION_CONTEXT() REPRESENTATION_CONTEXT('2D SPACE',''
  ) );
#5087 = PCURVE('',#5088,#5093);
#5088 = CYLINDRICAL_SURFACE('',#5089,9.5);
#5089 = AXIS2_PLACEMENT_3D('',#5090,#5091,#5092);
#5090 = CARTESIAN_POINT('',(0.,0.,258.));
#5091 = DIRECTION('',(-0.,-0.,-1.));
#5092 = DIRECTION('',(1.,0.,0.));
#5093 = DEFINITIONAL_REPRESENTATION('',(#5094),#5115);
#5094 = B_SPLINE_CURVE_WITH_KNOTS('',7,(#5095,#5096,#5097,#5098,#5099,
    #5100,#5101,#5102,#5103,#5104,#5105,#5106,#5107,#5108,#5109,#5110,
    #5111,#5112,#5113,#5114),.UNSPECIFIED.,.F.,.F.,(8,6,6,8),(0.,
    0.503307190976,0.79144714006,1.),.UNSPECIFIED.);
#5095 = CARTESIAN_POINT('',(-0.185268582449,-22.));
#5096 = CARTESIAN_POINT('',(-0.185268582449,-22.17481450152));
#5097 = CARTESIAN_POINT('',(-0.183086708562,-22.34950840965));
#5098 = CARTESIAN_POINT('',(-0.178728127656,-22.52251842492));
#5099 = CARTESIAN_POINT('',(-0.172161813849,-22.69215950536));
#5100 = CARTESIAN_POINT('',(-0.163333114621,-22.85640959418));
#5101 = CARTESIAN_POINT('',(-0.152174505786,-23.01265860434));
#5102 = CARTESIAN_POINT('',(-0.130863107796,-23.24009955623));
#5103 = CARTESIAN_POINT('',(-0.122301738433,-23.31928892963));
#5104 = CARTESIAN_POINT('',(-0.112939200931,-23.39394109091));
#5105 = CARTESIAN_POINT('',(-0.102786815803,-23.46309152786));
#5106 = CARTESIAN_POINT('',(-9.186617059468E-02,-23.52572772529));
#5107 = CARTESIAN_POINT('',(-8.021013125756E-02,-23.58077991359));
#5108 = CARTESIAN_POINT('',(-5.89288506123E-02,-23.66064127883));
#5109 = CARTESIAN_POINT('',(-4.963155549375E-02,-23.68960526115));
#5110 = CARTESIAN_POINT('',(-4.003230608909E-02,-23.71340871713));
#5111 = CARTESIAN_POINT('',(-3.019745238952E-02,-23.73159711707));
#5112 = CARTESIAN_POINT('',(-2.019791546483E-02,-23.74385354193));
#5113 = CARTESIAN_POINT('',(-1.010727069731E-02,-23.75));
#5114 = CARTESIAN_POINT('',(0.,-23.75));
#5115 = ( GEOMETRIC_REPRESENTATION_CONTEXT(2) 
PARAMETRIC_REPRESENTATION_CONTEXT() REPRESENTATION_CONTEXT('2D SPACE',''
  ) );
#5116 = ORIENTED_EDGE('',*,*,#5117,.T.);
#5117 = EDGE_CURVE('',#5039,#5118,#5120,.T.);
#5118 = VERTEX_POINT('',#5119);
#5119 = CARTESIAN_POINT('',(9.5,0.,278.25));
#5120 = SURFACE_CURVE('',#5121,(#5148,#5178),.PCURVE_S1.);
#5121 = B_SPLINE_CURVE_WITH_KNOTS('',7,(#5122,#5123,#5124,#5125,#5126,
    #5127,#5128,#5129,#5130,#5131,#5132,#5133,#5134,#5135,#5136,#5137,
    #5138,#5139,#5140,#5141,#5142,#5143,#5144,#5145,#5146,#5147),
  .UNSPECIFIED.,.F.,.F.,(8,6,6,6,8),(0.,0.247051222739,0.500048869869,
    0.753046727787,1.),.UNSPECIFIED.);
#5122 = CARTESIAN_POINT('',(9.5,-8.881784197001E-16,281.75));
#5123 = CARTESIAN_POINT('',(9.5,-0.231275056298,281.75));
#5124 = CARTESIAN_POINT('',(9.493431050669,-0.456638096094,
    281.71434157339));
#5125 = CARTESIAN_POINT('',(9.480899338701,-0.669722230607,
    281.64630380508));
#5126 = CARTESIAN_POINT('',(9.464036398006,-0.865178575482,
    281.55036324492));
#5127 = CARTESIAN_POINT('',(9.445115500423,-1.03885159245,
    281.43217205695));
#5128 = CARTESIAN_POINT('',(9.426241852774,-1.188179403087,
    281.29853027303));
#5129 = CARTESIAN_POINT('',(9.391079885574,-1.440206366254,
    281.01266179731));
#5130 = CARTESIAN_POINT('',(9.374415479789,-1.544918084774,
    280.85641091287));
#5131 = CARTESIAN_POINT('',(9.360080971197,-1.627565831896,
    280.69215680931));
#5132 = CARTESIAN_POINT('',(9.348870355224,-1.688930222459,
    280.52251403237));
#5133 = CARTESIAN_POINT('',(9.341242954447,-1.729626927732,
    280.34950560416));
#5134 = CARTESIAN_POINT('',(9.337424698492,-1.75,280.17481435587));
#5135 = CARTESIAN_POINT('',(9.337424698492,-1.75,279.82518549847));
#5136 = CARTESIAN_POINT('',(9.341242957692,-1.729626908454,
    279.65049159034));
#5137 = CARTESIAN_POINT('',(9.348870576853,-1.688929036122,
    279.47748157507));
#5138 = CARTESIAN_POINT('',(9.360081330656,-1.627563936491,
    279.30784049464));
#5139 = CARTESIAN_POINT('',(9.374415432507,-1.544917782833,
    279.14359040581));
#5140 = CARTESIAN_POINT('',(9.391079492837,-1.440209181235,
    278.98734139566));
#5141 = CARTESIAN_POINT('',(9.426235334067,-1.188226126582,
    278.70152272437));
#5142 = CARTESIAN_POINT('',(9.4451109036,-1.038895057708,278.56785038866
    ));
#5143 = CARTESIAN_POINT('',(9.46403919774,-0.865173587744,
    278.44961348254));
#5144 = CARTESIAN_POINT('',(9.480907642859,-0.669650507361,
    278.35365120842));
#5145 = CARTESIAN_POINT('',(9.493436875584,-0.456520205286,
    278.2856267933));
#5146 = CARTESIAN_POINT('',(9.5,-0.231172459794,278.25));
#5147 = CARTESIAN_POINT('',(9.5,-1.33226762955E-15,278.25));
#5148 = PCURVE('',#4180,#5149);
#5149 = DEFINITIONAL_REPRESENTATION('',(#5150),#5177);
#5150 = B_SPLINE_CURVE_WITH_KNOTS('',7,(#5151,#5152,#5153,#5154,#5155,
    #5156,#5157,#5158,#5159,#5160,#5161,#5162,#5163,#5164,#5165,#5166,
    #5167,#5168,#5169,#5170,#5171,#5172,#5173,#5174,#5175,#5176),
  .UNSPECIFIED.,.F.,.F.,(8,6,6,6,8),(0.,0.247051222739,0.500048869869,
    0.753046727787,1.),.UNSPECIFIED.);
#5151 = CARTESIAN_POINT('',(1.570796326795,-25.5));
#5152 = CARTESIAN_POINT('',(1.702953501823,-25.5));
#5153 = CARTESIAN_POINT('',(1.831732295525,-25.50656894933));
#5154 = CARTESIAN_POINT('',(1.957264994612,-25.51910066129));
#5155 = CARTESIAN_POINT('',(2.079397268677,-25.53596360199));
#5156 = CARTESIAN_POINT('',(2.197721577464,-25.55488449957));
#5157 = CARTESIAN_POINT('',(2.311435032032,-25.57375814722));
#5158 = CARTESIAN_POINT('',(2.529207334444,-25.60892011442));
#5159 = CARTESIAN_POINT('',(2.635751785023,-25.62558452021));
#5160 = CARTESIAN_POINT('',(2.739572849721,-25.6399190288));
#5161 = CARTESIAN_POINT('',(2.841384622148,-25.65112964477));
#5162 = CARTESIAN_POINT('',(2.941875288059,-25.65875704555));
#5163 = CARTESIAN_POINT('',(3.041698735947,-25.6625753015));
#5164 = CARTESIAN_POINT('',(3.24148665446,-25.6625753015));
#5165 = CARTESIAN_POINT('',(3.341311614013,-25.6587570423));
#5166 = CARTESIAN_POINT('',(3.441803220297,-25.65112942314));
#5167 = CARTESIAN_POINT('',(3.543614195033,-25.63991866934));
#5168 = CARTESIAN_POINT('',(3.647433068998,-25.62558456749));
#5169 = CARTESIAN_POINT('',(3.753975540357,-25.60892050716));
#5170 = CARTESIAN_POINT('',(3.971709902153,-25.57376466593));
#5171 = CARTESIAN_POINT('',(4.085437696849,-25.5548890964));
#5172 = CARTESIAN_POINT('',(4.203797546267,-25.53596080226));
#5173 = CARTESIAN_POINT('',(4.32596624896,-25.51909235714));
#5174 = CARTESIAN_POINT('',(4.451520390437,-25.50656312441));
#5175 = CARTESIAN_POINT('',(4.580290431931,-25.5));
#5176 = CARTESIAN_POINT('',(4.712388980385,-25.5));
#5177 = ( GEOMETRIC_REPRESENTATION_CONTEXT(2) 
PARAMETRIC_REPRESENTATION_CONTEXT() REPRESENTATION_CONTEXT('2D SPACE',''
  ) );
#5178 = PCURVE('',#5088,#5179);
#5179 = DEFINITIONAL_REPRESENTATION('',(#5180),#5207);
#5180 = B_SPLINE_CURVE_WITH_KNOTS('',7,(#5181,#5182,#5183,#5184,#5185,
    #5186,#5187,#5188,#5189,#5190,#5191,#5192,#5193,#5194,#5195,#5196,
    #5197,#5198,#5199,#5200,#5201,#5202,#5203,#5204,#5205,#5206),
  .UNSPECIFIED.,.F.,.F.,(8,6,6,6,8),(0.,0.247051222739,0.500048869869,
    0.753046727787,1.),.UNSPECIFIED.);
#5181 = CARTESIAN_POINT('',(-6.28318530718,-23.75));
#5182 = CARTESIAN_POINT('',(-6.258840564411,-23.75));
#5183 = CARTESIAN_POINT('',(-6.235118113818,-23.71434157339));
#5184 = CARTESIAN_POINT('',(-6.212664778641,-23.64630380508));
#5185 = CARTESIAN_POINT('',(-6.192024741139,-23.55036324492));
#5186 = CARTESIAN_POINT('',(-6.173639634656,-23.43217205695));
#5187 = CARTESIAN_POINT('',(-6.157797203995,-23.29853027303));
#5188 = CARTESIAN_POINT('',(-6.131011100578,-23.01266179731));
#5189 = CARTESIAN_POINT('',(-6.119852161802,-22.85641091287));
#5190 = CARTESIAN_POINT('',(-6.111023290584,-22.69215680931));
#5191 = CARTESIAN_POINT('',(-6.104457052308,-22.52251403237));
#5192 = CARTESIAN_POINT('',(-6.100098596613,-22.34950560416));
#5193 = CARTESIAN_POINT('',(-6.09791672473,-22.17481435587));
#5194 = CARTESIAN_POINT('',(-6.09791672473,-21.82518549847));
#5195 = CARTESIAN_POINT('',(-6.100098598618,-21.65049159034));
#5196 = CARTESIAN_POINT('',(-6.104457179523,-21.47748157507));
#5197 = CARTESIAN_POINT('',(-6.11102349333,-21.30784049464));
#5198 = CARTESIAN_POINT('',(-6.119852192559,-21.14359040581));
#5199 = CARTESIAN_POINT('',(-6.131010801394,-20.98734139566));
#5200 = CARTESIAN_POINT('',(-6.157792238096,-20.70152272437));
#5201 = CARTESIAN_POINT('',(-6.173635035757,-20.56785038866));
#5202 = CARTESIAN_POINT('',(-6.192025300292,-20.44961348254));
#5203 = CARTESIAN_POINT('',(-6.212672362195,-20.35365120842));
#5204 = CARTESIAN_POINT('',(-6.235130522976,-20.2856267933));
#5205 = CARTESIAN_POINT('',(-6.258851364043,-20.25));
#5206 = CARTESIAN_POINT('',(-6.28318530718,-20.25));
#5207 = ( GEOMETRIC_REPRESENTATION_CONTEXT(2) 
PARAMETRIC_REPRESENTATION_CONTEXT() REPRESENTATION_CONTEXT('2D SPACE',''
  ) );
#5208 = ORIENTED_EDGE('',*,*,#5209,.T.);
#5209 = EDGE_CURVE('',#5118,#5016,#5210,.T.);
#5210 = SURFACE_CURVE('',#5211,(#5226,#5244),.PCURVE_S1.);
#5211 = B_SPLINE_CURVE_WITH_KNOTS('',7,(#5212,#5213,#5214,#5215,#5216,
    #5217,#5218,#5219,#5220,#5221,#5222,#5223,#5224,#5225),
  .UNSPECIFIED.,.F.,.F.,(8,6,8),(0.,0.453939661013,1.),.UNSPECIFIED.);
#5212 = CARTESIAN_POINT('',(9.5,-1.607348923881E-16,278.25));
#5213 = CARTESIAN_POINT('',(9.5,0.211823782349,278.25));
#5214 = CARTESIAN_POINT('',(9.494489584344,0.419318176751,
    278.27991268834));
#5215 = CARTESIAN_POINT('',(9.483875299026,0.617275719594,
    278.33753839034));
#5216 = CARTESIAN_POINT('',(9.46933875115,0.801124518691,278.41954856712
    ));
#5217 = CARTESIAN_POINT('',(9.452616102885,0.967164508488,
    278.52153404591));
#5218 = CARTESIAN_POINT('',(9.435423947552,1.112902274055,278.6380285399
    ));
#5219 = CARTESIAN_POINT('',(9.399382085461,1.387244006486,
    278.91237027233));
#5220 = CARTESIAN_POINT('',(9.380409949084,1.510130739398,
    279.07757337999));
#5221 = CARTESIAN_POINT('',(9.363842132083,1.606931791254,
    279.25315528524));
#5222 = CARTESIAN_POINT('',(9.3507928461,1.678673169217,279.43560275224)
  );
#5223 = CARTESIAN_POINT('',(9.341885294647,1.726199429876,
    279.62227632778));
#5224 = CARTESIAN_POINT('',(9.337424698492,1.75,279.81105098528));
#5225 = CARTESIAN_POINT('',(9.337424698492,1.75,280.));
#5226 = PCURVE('',#4180,#5227);
#5227 = DEFINITIONAL_REPRESENTATION('',(#5228),#5243);
#5228 = B_SPLINE_CURVE_WITH_KNOTS('',7,(#5229,#5230,#5231,#5232,#5233,
    #5234,#5235,#5236,#5237,#5238,#5239,#5240,#5241,#5242),
  .UNSPECIFIED.,.F.,.F.,(8,6,8),(0.,0.453939661013,1.),.UNSPECIFIED.);
#5229 = CARTESIAN_POINT('',(4.712388980385,-25.5));
#5230 = CARTESIAN_POINT('',(4.833431141727,-25.5));
#5231 = CARTESIAN_POINT('',(4.951999248976,-25.50551041565));
#5232 = CARTESIAN_POINT('',(5.068014970153,-25.51612470097));
#5233 = CARTESIAN_POINT('',(5.181227226663,-25.53066124885));
#5234 = CARTESIAN_POINT('',(5.291190059757,-25.54738389711));
#5235 = CARTESIAN_POINT('',(5.397147994962,-25.56457605244));
#5236 = CARTESIAN_POINT('',(5.618849594236,-25.60061791453));
#5237 = CARTESIAN_POINT('',(5.735255663361,-25.61959005091));
#5238 = CARTESIAN_POINT('',(5.848211694329,-25.63615786791));
#5239 = CARTESIAN_POINT('',(5.958615834964,-25.6492071539));
#5240 = CARTESIAN_POINT('',(6.067343466435,-25.65811470535));
#5241 = CARTESIAN_POINT('',(6.17521444163,-25.6625753015));
#5242 = CARTESIAN_POINT('',(6.28318530718,-25.6625753015));
#5243 = ( GEOMETRIC_REPRESENTATION_CONTEXT(2) 
PARAMETRIC_REPRESENTATION_CONTEXT() REPRESENTATION_CONTEXT('2D SPACE',''
  ) );
#5244 = PCURVE('',#5088,#5245);
#5245 = DEFINITIONAL_REPRESENTATION('',(#5246),#5261);
#5246 = B_SPLINE_CURVE_WITH_KNOTS('',7,(#5247,#5248,#5249,#5250,#5251,
    #5252,#5253,#5254,#5255,#5256,#5257,#5258,#5259,#5260),
  .UNSPECIFIED.,.F.,.F.,(8,6,8),(0.,0.453939661013,1.),.UNSPECIFIED.);
#5247 = CARTESIAN_POINT('',(0.,-20.25));
#5248 = CARTESIAN_POINT('',(-2.229724024728E-02,-20.25));
#5249 = CARTESIAN_POINT('',(-4.413877255724E-02,-20.27991268834));
#5250 = CARTESIAN_POINT('',(-6.499442110125E-02,-20.33753839034));
#5251 = CARTESIAN_POINT('',(-8.439818457268E-02,-20.41954856712));
#5252 = CARTESIAN_POINT('',(-0.101960315133,-20.52153404591));
#5253 = CARTESIAN_POINT('',(-0.117406144035,-20.6380285399));
#5254 = CARTESIAN_POINT('',(-0.146532366997,-20.91237027233));
#5255 = CARTESIAN_POINT('',(-0.159617737056,-21.07757337999));
#5256 = CARTESIAN_POINT('',(-0.169954251097,-21.25315528524));
#5257 = CARTESIAN_POINT('',(-0.177629765008,-21.43560275224));
#5258 = CARTESIAN_POINT('',(-0.182719639805,-21.62227632778));
#5259 = CARTESIAN_POINT('',(-0.185268582449,-21.81105098528));
#5260 = CARTESIAN_POINT('',(-0.185268582449,-22.));
#5261 = ( GEOMETRIC_REPRESENTATION_CONTEXT(2) 
PARAMETRIC_REPRESENTATION_CONTEXT() REPRESENTATION_CONTEXT('2D SPACE',''
  ) );
#5262 = ORIENTED_EDGE('',*,*,#5015,.F.);
#5263 = ADVANCED_FACE('',(#5264),#4211,.F.);
#5264 = FACE_BOUND('',#5265,.F.);
#5265 = EDGE_LOOP('',(#5266,#5267,#5290,#5364,#5456,#5510));
#5266 = ORIENTED_EDGE('',*,*,#4194,.F.);
#5267 = ORIENTED_EDGE('',*,*,#5268,.T.);
#5268 = EDGE_CURVE('',#4195,#5269,#5271,.T.);
#5269 = VERTEX_POINT('',#5270);
#5270 = CARTESIAN_POINT('',(9.337424698492,1.75,294.));
#5271 = SEAM_CURVE('',#5272,(#5276,#5283),.PCURVE_S1.);
#5272 = LINE('',#5273,#5274);
#5273 = CARTESIAN_POINT('',(35.,1.75,294.));
#5274 = VECTOR('',#5275,1.);
#5275 = DIRECTION('',(-1.,-0.,-0.));
#5276 = PCURVE('',#4211,#5277);
#5277 = DEFINITIONAL_REPRESENTATION('',(#5278),#5282);
#5278 = LINE('',#5279,#5280);
#5279 = CARTESIAN_POINT('',(6.28318530718,0.));
#5280 = VECTOR('',#5281,1.);
#5281 = DIRECTION('',(0.,-1.));
#5282 = ( GEOMETRIC_REPRESENTATION_CONTEXT(2) 
PARAMETRIC_REPRESENTATION_CONTEXT() REPRESENTATION_CONTEXT('2D SPACE',''
  ) );
#5283 = PCURVE('',#4211,#5284);
#5284 = DEFINITIONAL_REPRESENTATION('',(#5285),#5289);
#5285 = LINE('',#5286,#5287);
#5286 = CARTESIAN_POINT('',(0.,0.));
#5287 = VECTOR('',#5288,1.);
#5288 = DIRECTION('',(0.,-1.));
#5289 = ( GEOMETRIC_REPRESENTATION_CONTEXT(2) 
PARAMETRIC_REPRESENTATION_CONTEXT() REPRESENTATION_CONTEXT('2D SPACE',''
  ) );
#5290 = ORIENTED_EDGE('',*,*,#5291,.T.);
#5291 = EDGE_CURVE('',#5269,#5292,#5294,.T.);
#5292 = VERTEX_POINT('',#5293);
#5293 = CARTESIAN_POINT('',(9.5,0.,295.75));
#5294 = SURFACE_CURVE('',#5295,(#5316,#5340),.PCURVE_S1.);
#5295 = B_SPLINE_CURVE_WITH_KNOTS('',7,(#5296,#5297,#5298,#5299,#5300,
    #5301,#5302,#5303,#5304,#5305,#5306,#5307,#5308,#5309,#5310,#5311,
    #5312,#5313,#5314,#5315),.UNSPECIFIED.,.F.,.F.,(8,6,6,8),(0.,
    0.503307190975,0.79144714006,1.),.UNSPECIFIED.);
#5296 = CARTESIAN_POINT('',(9.337424698492,1.75,294.));
#5297 = CARTESIAN_POINT('',(9.337424698492,1.75,294.17481450152));
#5298 = CARTESIAN_POINT('',(9.341242957692,1.729626908454,
    294.34950840965));
#5299 = CARTESIAN_POINT('',(9.348870576853,1.688929036122,
    294.52251842492));
#5300 = CARTESIAN_POINT('',(9.360081330656,1.627563936491,
    294.69215950536));
#5301 = CARTESIAN_POINT('',(9.374415432507,1.544917782833,
    294.85640959418));
#5302 = CARTESIAN_POINT('',(9.391079492837,1.440209181235,
    295.01265860434));
#5303 = CARTESIAN_POINT('',(9.419054845035,1.239693009382,
    295.24009955623));
#5304 = CARTESIAN_POINT('',(9.429632523125,1.159047983036,
    295.31928892963));
#5305 = CARTESIAN_POINT('',(9.440353924194,1.07074562243,295.39394109091
    ));
#5306 = CARTESIAN_POINT('',(9.45091906348,0.974866479614,295.46309152786
    ));
#5307 = CARTESIAN_POINT('',(9.460984142044,0.871594453031,
    295.52572772529));
#5308 = CARTESIAN_POINT('',(9.470178563231,0.761231504207,
    295.58077991359));
#5309 = CARTESIAN_POINT('',(9.483888346588,0.559524720488,
    295.66064127883));
#5310 = CARTESIAN_POINT('',(9.488994888453,0.471343730111,
    295.68960526115));
#5311 = CARTESIAN_POINT('',(9.493283742204,0.380243026961,
    295.71340871713));
#5312 = CARTESIAN_POINT('',(9.496609949057,0.286859803202,
    295.73159711707));
#5313 = CARTESIAN_POINT('',(9.498867776811,0.191880186947,
    295.74385354193));
#5314 = CARTESIAN_POINT('',(9.5,9.601907162448E-02,295.75));
#5315 = CARTESIAN_POINT('',(9.5,2.678914873135E-16,295.75));
#5316 = PCURVE('',#4211,#5317);
#5317 = DEFINITIONAL_REPRESENTATION('',(#5318),#5339);
#5318 = B_SPLINE_CURVE_WITH_KNOTS('',7,(#5319,#5320,#5321,#5322,#5323,
    #5324,#5325,#5326,#5327,#5328,#5329,#5330,#5331,#5332,#5333,#5334,
    #5335,#5336,#5337,#5338),.UNSPECIFIED.,.F.,.F.,(8,6,6,8),(0.,
    0.503307190975,0.79144714006,1.),.UNSPECIFIED.);
#5319 = CARTESIAN_POINT('',(0.,-25.6625753015));
#5320 = CARTESIAN_POINT('',(9.989400087049E-02,-25.6625753015));
#5321 = CARTESIAN_POINT('',(0.199718960423,-25.6587570423));
#5322 = CARTESIAN_POINT('',(0.300210566707,-25.65112942314));
#5323 = CARTESIAN_POINT('',(0.402021541443,-25.63991866934));
#5324 = CARTESIAN_POINT('',(0.505840415408,-25.62558456749));
#5325 = CARTESIAN_POINT('',(0.612382886768,-25.60892050716));
#5326 = CARTESIAN_POINT('',(0.785645572103,-25.58094515496));
#5327 = CARTESIAN_POINT('',(0.85006411995,-25.57036747687));
#5328 = CARTESIAN_POINT('',(0.915841173536,-25.5596460758));
#5329 = CARTESIAN_POINT('',(0.983021906582,-25.54908093652));
#5330 = CARTESIAN_POINT('',(1.051673605427,-25.53901585795));
#5331 = CARTESIAN_POINT('',(1.121890205882,-25.52982143676));
#5332 = CARTESIAN_POINT('',(1.245856579539,-25.51611165341));
#5333 = CARTESIAN_POINT('',(1.29879997546,-25.51100511154));
#5334 = CARTESIAN_POINT('',(1.35243945606,-25.50671625779));
#5335 = CARTESIAN_POINT('',(1.406606614134,-25.50339005094));
#5336 = CARTESIAN_POINT('',(1.461150516339,-25.50113222318));
#5337 = CARTESIAN_POINT('',(1.515928285867,-25.5));
#5338 = CARTESIAN_POINT('',(1.570796326795,-25.5));
#5339 = ( GEOMETRIC_REPRESENTATION_CONTEXT(2) 
PARAMETRIC_REPRESENTATION_CONTEXT() REPRESENTATION_CONTEXT('2D SPACE',''
  ) );
#5340 = PCURVE('',#5088,#5341);
#5341 = DEFINITIONAL_REPRESENTATION('',(#5342),#5363);
#5342 = B_SPLINE_CURVE_WITH_KNOTS('',7,(#5343,#5344,#5345,#5346,#5347,
    #5348,#5349,#5350,#5351,#5352,#5353,#5354,#5355,#5356,#5357,#5358,
    #5359,#5360,#5361,#5362),.UNSPECIFIED.,.F.,.F.,(8,6,6,8),(0.,
    0.503307190975,0.79144714006,1.),.UNSPECIFIED.);
#5343 = CARTESIAN_POINT('',(-0.185268582449,-36.));
#5344 = CARTESIAN_POINT('',(-0.185268582449,-36.17481450152));
#5345 = CARTESIAN_POINT('',(-0.183086708562,-36.34950840965));
#5346 = CARTESIAN_POINT('',(-0.178728127656,-36.52251842492));
#5347 = CARTESIAN_POINT('',(-0.172161813849,-36.69215950536));
#5348 = CARTESIAN_POINT('',(-0.163333114621,-36.85640959418));
#5349 = CARTESIAN_POINT('',(-0.152174505786,-37.01265860434));
#5350 = CARTESIAN_POINT('',(-0.130863107796,-37.24009955623));
#5351 = CARTESIAN_POINT('',(-0.122301738433,-37.31928892963));
#5352 = CARTESIAN_POINT('',(-0.112939200931,-37.39394109091));
#5353 = CARTESIAN_POINT('',(-0.102786815803,-37.46309152786));
#5354 = CARTESIAN_POINT('',(-9.186617059468E-02,-37.52572772529));
#5355 = CARTESIAN_POINT('',(-8.021013125756E-02,-37.58077991359));
#5356 = CARTESIAN_POINT('',(-5.892885061229E-02,-37.66064127883));
#5357 = CARTESIAN_POINT('',(-4.963155549376E-02,-37.68960526115));
#5358 = CARTESIAN_POINT('',(-4.003230608909E-02,-37.71340871713));
#5359 = CARTESIAN_POINT('',(-3.019745238952E-02,-37.73159711707));
#5360 = CARTESIAN_POINT('',(-2.019791546483E-02,-37.74385354193));
#5361 = CARTESIAN_POINT('',(-1.010727069731E-02,-37.75));
#5362 = CARTESIAN_POINT('',(0.,-37.75));
#5363 = ( GEOMETRIC_REPRESENTATION_CONTEXT(2) 
PARAMETRIC_REPRESENTATION_CONTEXT() REPRESENTATION_CONTEXT('2D SPACE',''
  ) );
#5364 = ORIENTED_EDGE('',*,*,#5365,.T.);
#5365 = EDGE_CURVE('',#5292,#5366,#5368,.T.);
#5366 = VERTEX_POINT('',#5367);
#5367 = CARTESIAN_POINT('',(9.5,0.,292.25));
#5368 = SURFACE_CURVE('',#5369,(#5396,#5426),.PCURVE_S1.);
#5369 = B_SPLINE_CURVE_WITH_KNOTS('',7,(#5370,#5371,#5372,#5373,#5374,
    #5375,#5376,#5377,#5378,#5379,#5380,#5381,#5382,#5383,#5384,#5385,
    #5386,#5387,#5388,#5389,#5390,#5391,#5392,#5393,#5394,#5395),
  .UNSPECIFIED.,.F.,.F.,(8,6,6,6,8),(0.,0.247051222739,0.500048869869,
    0.753046727787,1.),.UNSPECIFIED.);
#5370 = CARTESIAN_POINT('',(9.5,-8.881784197001E-16,295.75));
#5371 = CARTESIAN_POINT('',(9.5,-0.231275056298,295.75));
#5372 = CARTESIAN_POINT('',(9.493431050669,-0.456638096095,
    295.71434157339));
#5373 = CARTESIAN_POINT('',(9.480899338701,-0.669722230607,
    295.64630380508));
#5374 = CARTESIAN_POINT('',(9.464036398006,-0.865178575482,
    295.55036324492));
#5375 = CARTESIAN_POINT('',(9.445115500423,-1.038851592449,
    295.43217205695));
#5376 = CARTESIAN_POINT('',(9.426241852774,-1.188179403087,
    295.29853027303));
#5377 = CARTESIAN_POINT('',(9.391079885574,-1.440206366254,
    295.0126617973));
#5378 = CARTESIAN_POINT('',(9.374415479789,-1.544918084774,
    294.85641091287));
#5379 = CARTESIAN_POINT('',(9.360080971197,-1.627565831897,
    294.69215680931));
#5380 = CARTESIAN_POINT('',(9.348870355224,-1.688930222459,
    294.52251403237));
#5381 = CARTESIAN_POINT('',(9.341242954447,-1.729626927732,
    294.34950560416));
#5382 = CARTESIAN_POINT('',(9.337424698492,-1.75,294.17481435587));
#5383 = CARTESIAN_POINT('',(9.337424698492,-1.75,293.82518549847));
#5384 = CARTESIAN_POINT('',(9.341242957692,-1.729626908455,
    293.65049159034));
#5385 = CARTESIAN_POINT('',(9.348870576853,-1.688929036121,
    293.47748157507));
#5386 = CARTESIAN_POINT('',(9.360081330656,-1.627563936491,
    293.30784049464));
#5387 = CARTESIAN_POINT('',(9.374415432507,-1.544917782833,
    293.14359040581));
#5388 = CARTESIAN_POINT('',(9.391079492837,-1.440209181235,
    292.98734139566));
#5389 = CARTESIAN_POINT('',(9.426235334067,-1.188226126582,
    292.70152272437));
#5390 = CARTESIAN_POINT('',(9.4451109036,-1.038895057708,292.56785038866
    ));
#5391 = CARTESIAN_POINT('',(9.464039197739,-0.865173587744,
    292.44961348254));
#5392 = CARTESIAN_POINT('',(9.480907642859,-0.66965050736,
    292.35365120842));
#5393 = CARTESIAN_POINT('',(9.493436875584,-0.456520205287,
    292.2856267933));
#5394 = CARTESIAN_POINT('',(9.5,-0.231172459794,292.25));
#5395 = CARTESIAN_POINT('',(9.5,-1.33226762955E-15,292.25));
#5396 = PCURVE('',#4211,#5397);
#5397 = DEFINITIONAL_REPRESENTATION('',(#5398),#5425);
#5398 = B_SPLINE_CURVE_WITH_KNOTS('',7,(#5399,#5400,#5401,#5402,#5403,
    #5404,#5405,#5406,#5407,#5408,#5409,#5410,#5411,#5412,#5413,#5414,
    #5415,#5416,#5417,#5418,#5419,#5420,#5421,#5422,#5423,#5424),
  .UNSPECIFIED.,.F.,.F.,(8,6,6,6,8),(0.,0.247051222739,0.500048869869,
    0.753046727787,1.),.UNSPECIFIED.);
#5399 = CARTESIAN_POINT('',(1.570796326795,-25.5));
#5400 = CARTESIAN_POINT('',(1.702953501822,-25.5));
#5401 = CARTESIAN_POINT('',(1.831732295525,-25.50656894933));
#5402 = CARTESIAN_POINT('',(1.957264994612,-25.51910066129));
#5403 = CARTESIAN_POINT('',(2.079397268677,-25.53596360199));
#5404 = CARTESIAN_POINT('',(2.197721577464,-25.55488449957));
#5405 = CARTESIAN_POINT('',(2.311435032032,-25.57375814722));
#5406 = CARTESIAN_POINT('',(2.529207334444,-25.60892011442));
#5407 = CARTESIAN_POINT('',(2.635751785023,-25.62558452021));
#5408 = CARTESIAN_POINT('',(2.739572849721,-25.6399190288));
#5409 = CARTESIAN_POINT('',(2.841384622147,-25.65112964477));
#5410 = CARTESIAN_POINT('',(2.941875288059,-25.65875704555));
#5411 = CARTESIAN_POINT('',(3.041698735947,-25.6625753015));
#5412 = CARTESIAN_POINT('',(3.24148665446,-25.6625753015));
#5413 = CARTESIAN_POINT('',(3.341311614013,-25.6587570423));
#5414 = CARTESIAN_POINT('',(3.441803220297,-25.65112942314));
#5415 = CARTESIAN_POINT('',(3.543614195033,-25.63991866934));
#5416 = CARTESIAN_POINT('',(3.647433068998,-25.62558456749));
#5417 = CARTESIAN_POINT('',(3.753975540357,-25.60892050716));
#5418 = CARTESIAN_POINT('',(3.971709902153,-25.57376466593));
#5419 = CARTESIAN_POINT('',(4.085437696849,-25.5548890964));
#5420 = CARTESIAN_POINT('',(4.203797546266,-25.53596080226));
#5421 = CARTESIAN_POINT('',(4.32596624896,-25.51909235714));
#5422 = CARTESIAN_POINT('',(4.451520390436,-25.50656312441));
#5423 = CARTESIAN_POINT('',(4.580290431931,-25.5));
#5424 = CARTESIAN_POINT('',(4.712388980385,-25.5));
#5425 = ( GEOMETRIC_REPRESENTATION_CONTEXT(2) 
PARAMETRIC_REPRESENTATION_CONTEXT() REPRESENTATION_CONTEXT('2D SPACE',''
  ) );
#5426 = PCURVE('',#5088,#5427);
#5427 = DEFINITIONAL_REPRESENTATION('',(#5428),#5455);
#5428 = B_SPLINE_CURVE_WITH_KNOTS('',7,(#5429,#5430,#5431,#5432,#5433,
    #5434,#5435,#5436,#5437,#5438,#5439,#5440,#5441,#5442,#5443,#5444,
    #5445,#5446,#5447,#5448,#5449,#5450,#5451,#5452,#5453,#5454),
  .UNSPECIFIED.,.F.,.F.,(8,6,6,6,8),(0.,0.247051222739,0.500048869869,
    0.753046727787,1.),.UNSPECIFIED.);
#5429 = CARTESIAN_POINT('',(-6.28318530718,-37.75));
#5430 = CARTESIAN_POINT('',(-6.258840564411,-37.75));
#5431 = CARTESIAN_POINT('',(-6.235118113818,-37.71434157339));
#5432 = CARTESIAN_POINT('',(-6.212664778641,-37.64630380508));
#5433 = CARTESIAN_POINT('',(-6.192024741139,-37.55036324492));
#5434 = CARTESIAN_POINT('',(-6.173639634656,-37.43217205695));
#5435 = CARTESIAN_POINT('',(-6.157797203995,-37.29853027303));
#5436 = CARTESIAN_POINT('',(-6.131011100578,-37.0126617973));
#5437 = CARTESIAN_POINT('',(-6.119852161802,-36.85641091287));
#5438 = CARTESIAN_POINT('',(-6.111023290584,-36.69215680931));
#5439 = CARTESIAN_POINT('',(-6.104457052308,-36.52251403237));
#5440 = CARTESIAN_POINT('',(-6.100098596613,-36.34950560416));
#5441 = CARTESIAN_POINT('',(-6.09791672473,-36.17481435587));
#5442 = CARTESIAN_POINT('',(-6.09791672473,-35.82518549847));
#5443 = CARTESIAN_POINT('',(-6.100098598618,-35.65049159034));
#5444 = CARTESIAN_POINT('',(-6.104457179523,-35.47748157507));
#5445 = CARTESIAN_POINT('',(-6.11102349333,-35.30784049464));
#5446 = CARTESIAN_POINT('',(-6.119852192559,-35.14359040581));
#5447 = CARTESIAN_POINT('',(-6.131010801394,-34.98734139566));
#5448 = CARTESIAN_POINT('',(-6.157792238096,-34.70152272437));
#5449 = CARTESIAN_POINT('',(-6.173635035757,-34.56785038866));
#5450 = CARTESIAN_POINT('',(-6.192025300292,-34.44961348255));
#5451 = CARTESIAN_POINT('',(-6.212672362195,-34.35365120842));
#5452 = CARTESIAN_POINT('',(-6.235130522976,-34.2856267933));
#5453 = CARTESIAN_POINT('',(-6.258851364043,-34.25));
#5454 = CARTESIAN_POINT('',(-6.28318530718,-34.25));
#5455 = ( GEOMETRIC_REPRESENTATION_CONTEXT(2) 
PARAMETRIC_REPRESENTATION_CONTEXT() REPRESENTATION_CONTEXT('2D SPACE',''
  ) );
#5456 = ORIENTED_EDGE('',*,*,#5457,.T.);
#5457 = EDGE_CURVE('',#5366,#5269,#5458,.T.);
#5458 = SURFACE_CURVE('',#5459,(#5474,#5492),.PCURVE_S1.);
#5459 = B_SPLINE_CURVE_WITH_KNOTS('',7,(#5460,#5461,#5462,#5463,#5464,
    #5465,#5466,#5467,#5468,#5469,#5470,#5471,#5472,#5473),
  .UNSPECIFIED.,.F.,.F.,(8,6,8),(0.,0.453939661013,1.),.UNSPECIFIED.);
#5460 = CARTESIAN_POINT('',(9.5,-1.607348923881E-16,292.25));
#5461 = CARTESIAN_POINT('',(9.5,0.211823782349,292.25));
#5462 = CARTESIAN_POINT('',(9.494489584344,0.419318176751,
    292.27991268834));
#5463 = CARTESIAN_POINT('',(9.483875299026,0.617275719594,
    292.33753839034));
#5464 = CARTESIAN_POINT('',(9.46933875115,0.801124518691,292.41954856712
    ));
#5465 = CARTESIAN_POINT('',(9.452616102885,0.967164508488,
    292.52153404591));
#5466 = CARTESIAN_POINT('',(9.435423947552,1.112902274055,292.6380285399
    ));
#5467 = CARTESIAN_POINT('',(9.399382085461,1.387244006486,
    292.91237027233));
#5468 = CARTESIAN_POINT('',(9.380409949084,1.510130739398,
    293.07757337999));
#5469 = CARTESIAN_POINT('',(9.363842132083,1.606931791254,
    293.25315528524));
#5470 = CARTESIAN_POINT('',(9.3507928461,1.678673169217,293.43560275224)
  );
#5471 = CARTESIAN_POINT('',(9.341885294647,1.726199429876,
    293.62227632778));
#5472 = CARTESIAN_POINT('',(9.337424698492,1.75,293.81105098528));
#5473 = CARTESIAN_POINT('',(9.337424698492,1.75,294.));
#5474 = PCURVE('',#4211,#5475);
#5475 = DEFINITIONAL_REPRESENTATION('',(#5476),#5491);
#5476 = B_SPLINE_CURVE_WITH_KNOTS('',7,(#5477,#5478,#5479,#5480,#5481,
    #5482,#5483,#5484,#5485,#5486,#5487,#5488,#5489,#5490),
  .UNSPECIFIED.,.F.,.F.,(8,6,8),(0.,0.453939661013,1.),.UNSPECIFIED.);
#5477 = CARTESIAN_POINT('',(4.712388980385,-25.5));
#5478 = CARTESIAN_POINT('',(4.833431141727,-25.5));
#5479 = CARTESIAN_POINT('',(4.951999248976,-25.50551041565));
#5480 = CARTESIAN_POINT('',(5.068014970153,-25.51612470097));
#5481 = CARTESIAN_POINT('',(5.181227226663,-25.53066124885));
#5482 = CARTESIAN_POINT('',(5.291190059757,-25.54738389711));
#5483 = CARTESIAN_POINT('',(5.397147994962,-25.56457605244));
#5484 = CARTESIAN_POINT('',(5.618849594236,-25.60061791453));
#5485 = CARTESIAN_POINT('',(5.735255663361,-25.61959005091));
#5486 = CARTESIAN_POINT('',(5.848211694329,-25.63615786791));
#5487 = CARTESIAN_POINT('',(5.958615834964,-25.6492071539));
#5488 = CARTESIAN_POINT('',(6.067343466435,-25.65811470535));
#5489 = CARTESIAN_POINT('',(6.17521444163,-25.6625753015));
#5490 = CARTESIAN_POINT('',(6.28318530718,-25.6625753015));
#5491 = ( GEOMETRIC_REPRESENTATION_CONTEXT(2) 
PARAMETRIC_REPRESENTATION_CONTEXT() REPRESENTATION_CONTEXT('2D SPACE',''
  ) );
#5492 = PCURVE('',#5088,#5493);
#5493 = DEFINITIONAL_REPRESENTATION('',(#5494),#5509);
#5494 = B_SPLINE_CURVE_WITH_KNOTS('',7,(#5495,#5496,#5497,#5498,#5499,
    #5500,#5501,#5502,#5503,#5504,#5505,#5506,#5507,#5508),
  .UNSPECIFIED.,.F.,.F.,(8,6,8),(0.,0.453939661013,1.),.UNSPECIFIED.);
#5495 = CARTESIAN_POINT('',(0.,-34.25));
#5496 = CARTESIAN_POINT('',(-2.229724024728E-02,-34.25));
#5497 = CARTESIAN_POINT('',(-4.413877255724E-02,-34.27991268834));
#5498 = CARTESIAN_POINT('',(-6.499442110125E-02,-34.33753839034));
#5499 = CARTESIAN_POINT('',(-8.439818457268E-02,-34.41954856712));
#5500 = CARTESIAN_POINT('',(-0.101960315133,-34.52153404591));
#5501 = CARTESIAN_POINT('',(-0.117406144035,-34.6380285399));
#5502 = CARTESIAN_POINT('',(-0.146532366997,-34.91237027233));
#5503 = CARTESIAN_POINT('',(-0.159617737056,-35.07757337999));
#5504 = CARTESIAN_POINT('',(-0.169954251097,-35.25315528524));
#5505 = CARTESIAN_POINT('',(-0.177629765008,-35.43560275224));
#5506 = CARTESIAN_POINT('',(-0.182719639805,-35.62227632778));
#5507 = CARTESIAN_POINT('',(-0.185268582449,-35.81105098528));
#5508 = CARTESIAN_POINT('',(-0.185268582449,-36.));
#5509 = ( GEOMETRIC_REPRESENTATION_CONTEXT(2) 
PARAMETRIC_REPRESENTATION_CONTEXT() REPRESENTATION_CONTEXT('2D SPACE',''
  ) );
#5510 = ORIENTED_EDGE('',*,*,#5268,.F.);
#5511 = ADVANCED_FACE('',(#5512,#5518,#5553,#5588,#5623,#5658),#4314,.T.
  );
#5512 = FACE_BOUND('',#5513,.T.);
#5513 = EDGE_LOOP('',(#5514,#5515,#5516,#5517));
#5514 = ORIENTED_EDGE('',*,*,#4300,.F.);
#5515 = ORIENTED_EDGE('',*,*,#4380,.T.);
#5516 = ORIENTED_EDGE('',*,*,#4430,.T.);
#5517 = ORIENTED_EDGE('',*,*,#4331,.F.);
#5518 = FACE_BOUND('',#5519,.T.);
#5519 = EDGE_LOOP('',(#5520));
#5520 = ORIENTED_EDGE('',*,*,#5521,.T.);
#5521 = EDGE_CURVE('',#5522,#5522,#5524,.T.);
#5522 = VERTEX_POINT('',#5523);
#5523 = CARTESIAN_POINT('',(-9.7,-11.5,304.));
#5524 = SURFACE_CURVE('',#5525,(#5530,#5541),.PCURVE_S1.);
#5525 = CIRCLE('',#5526,1.8);
#5526 = AXIS2_PLACEMENT_3D('',#5527,#5528,#5529);
#5527 = CARTESIAN_POINT('',(-11.5,-11.5,304.));
#5528 = DIRECTION('',(0.,0.,-1.));
#5529 = DIRECTION('',(1.,0.,0.));
#5530 = PCURVE('',#4314,#5531);
#5531 = DEFINITIONAL_REPRESENTATION('',(#5532),#5540);
#5532 = ( BOUNDED_CURVE() B_SPLINE_CURVE(2,(#5533,#5534,#5535,#5536,
#5537,#5538,#5539),.UNSPECIFIED.,.T.,.F.) B_SPLINE_CURVE_WITH_KNOTS((1,2
    ,2,2,2,1),(-2.094395102393,0.,2.094395102393,4.188790204786,
6.28318530718,8.377580409573),.UNSPECIFIED.) CURVE() 
GEOMETRIC_REPRESENTATION_ITEM() RATIONAL_B_SPLINE_CURVE((1.,0.5,1.,0.5,
1.,0.5,1.)) REPRESENTATION_ITEM('') );
#5533 = CARTESIAN_POINT('',(12.3,10.5));
#5534 = CARTESIAN_POINT('',(12.3,7.382308546376));
#5535 = CARTESIAN_POINT('',(9.6,8.941154273188));
#5536 = CARTESIAN_POINT('',(6.9,10.5));
#5537 = CARTESIAN_POINT('',(9.6,12.058845726812));
#5538 = CARTESIAN_POINT('',(12.3,13.617691453624));
#5539 = CARTESIAN_POINT('',(12.3,10.5));
#5540 = ( GEOMETRIC_REPRESENTATION_CONTEXT(2) 
PARAMETRIC_REPRESENTATION_CONTEXT() REPRESENTATION_CONTEXT('2D SPACE',''
  ) );
#5541 = PCURVE('',#5542,#5547);
#5542 = CYLINDRICAL_SURFACE('',#5543,1.8);
#5543 = AXIS2_PLACEMENT_3D('',#5544,#5545,#5546);
#5544 = CARTESIAN_POINT('',(-11.5,-11.5,299.5));
#5545 = DIRECTION('',(-0.,-0.,-1.));
#5546 = DIRECTION('',(1.,0.,0.));
#5547 = DEFINITIONAL_REPRESENTATION('',(#5548),#5552);
#5548 = LINE('',#5549,#5550);
#5549 = CARTESIAN_POINT('',(-6.28318530718,-4.5));
#5550 = VECTOR('',#5551,1.);
#5551 = DIRECTION('',(1.,-0.));
#5552 = ( GEOMETRIC_REPRESENTATION_CONTEXT(2) 
PARAMETRIC_REPRESENTATION_CONTEXT() REPRESENTATION_CONTEXT('2D SPACE',''
  ) );
#5553 = FACE_BOUND('',#5554,.T.);
#5554 = EDGE_LOOP('',(#5555));
#5555 = ORIENTED_EDGE('',*,*,#5556,.T.);
#5556 = EDGE_CURVE('',#5557,#5557,#5559,.T.);
#5557 = VERTEX_POINT('',#5558);
#5558 = CARTESIAN_POINT('',(13.3,-11.5,304.));
#5559 = SURFACE_CURVE('',#5560,(#5565,#5576),.PCURVE_S1.);
#5560 = CIRCLE('',#5561,1.8);
#5561 = AXIS2_PLACEMENT_3D('',#5562,#5563,#5564);
#5562 = CARTESIAN_POINT('',(11.5,-11.5,304.));
#5563 = DIRECTION('',(0.,0.,-1.));
#5564 = DIRECTION('',(1.,0.,0.));
#5565 = PCURVE('',#4314,#5566);
#5566 = DEFINITIONAL_REPRESENTATION('',(#5567),#5575);
#5567 = ( BOUNDED_CURVE() B_SPLINE_CURVE(2,(#5568,#5569,#5570,#5571,
#5572,#5573,#5574),.UNSPECIFIED.,.T.,.F.) B_SPLINE_CURVE_WITH_KNOTS((1,2
    ,2,2,2,1),(-2.094395102393,0.,2.094395102393,4.188790204786,
6.28318530718,8.377580409573),.UNSPECIFIED.) CURVE() 
GEOMETRIC_REPRESENTATION_ITEM() RATIONAL_B_SPLINE_CURVE((1.,0.5,1.,0.5,
1.,0.5,1.)) REPRESENTATION_ITEM('') );
#5568 = CARTESIAN_POINT('',(35.3,10.5));
#5569 = CARTESIAN_POINT('',(35.3,7.382308546376));
#5570 = CARTESIAN_POINT('',(32.6,8.941154273188));
#5571 = CARTESIAN_POINT('',(29.9,10.5));
#5572 = CARTESIAN_POINT('',(32.6,12.058845726812));
#5573 = CARTESIAN_POINT('',(35.3,13.617691453624));
#5574 = CARTESIAN_POINT('',(35.3,10.5));
#5575 = ( GEOMETRIC_REPRESENTATION_CONTEXT(2) 
PARAMETRIC_REPRESENTATION_CONTEXT() REPRESENTATION_CONTEXT('2D SPACE',''
  ) );
#5576 = PCURVE('',#5577,#5582);
#5577 = CYLINDRICAL_SURFACE('',#5578,1.8);
#5578 = AXIS2_PLACEMENT_3D('',#5579,#5580,#5581);
#5579 = CARTESIAN_POINT('',(11.5,-11.5,299.5));
#5580 = DIRECTION('',(-0.,-0.,-1.));
#5581 = DIRECTION('',(1.,0.,0.));
#5582 = DEFINITIONAL_REPRESENTATION('',(#5583),#5587);
#5583 = LINE('',#5584,#5585);
#5584 = CARTESIAN_POINT('',(-6.28318530718,-4.5));
#5585 = VECTOR('',#5586,1.);
#5586 = DIRECTION('',(1.,-0.));
#5587 = ( GEOMETRIC_REPRESENTATION_CONTEXT(2) 
PARAMETRIC_REPRESENTATION_CONTEXT() REPRESENTATION_CONTEXT('2D SPACE',''
  ) );
#5588 = FACE_BOUND('',#5589,.T.);
#5589 = EDGE_LOOP('',(#5590));
#5590 = ORIENTED_EDGE('',*,*,#5591,.T.);
#5591 = EDGE_CURVE('',#5592,#5592,#5594,.T.);
#5592 = VERTEX_POINT('',#5593);
#5593 = CARTESIAN_POINT('',(-9.7,11.5,304.));
#5594 = SURFACE_CURVE('',#5595,(#5600,#5611),.PCURVE_S1.);
#5595 = CIRCLE('',#5596,1.8);
#5596 = AXIS2_PLACEMENT_3D('',#5597,#5598,#5599);
#5597 = CARTESIAN_POINT('',(-11.5,11.5,304.));
#5598 = DIRECTION('',(0.,0.,-1.));
#5599 = DIRECTION('',(1.,0.,0.));
#5600 = PCURVE('',#4314,#5601);
#5601 = DEFINITIONAL_REPRESENTATION('',(#5602),#5610);
#5602 = ( BOUNDED_CURVE() B_SPLINE_CURVE(2,(#5603,#5604,#5605,#5606,
#5607,#5608,#5609),.UNSPECIFIED.,.T.,.F.) B_SPLINE_CURVE_WITH_KNOTS((1,2
    ,2,2,2,1),(-2.094395102393,0.,2.094395102393,4.188790204786,
6.28318530718,8.377580409573),.UNSPECIFIED.) CURVE() 
GEOMETRIC_REPRESENTATION_ITEM() RATIONAL_B_SPLINE_CURVE((1.,0.5,1.,0.5,
1.,0.5,1.)) REPRESENTATION_ITEM('') );
#5603 = CARTESIAN_POINT('',(12.3,33.5));
#5604 = CARTESIAN_POINT('',(12.3,30.382308546376));
#5605 = CARTESIAN_POINT('',(9.6,31.941154273188));
#5606 = CARTESIAN_POINT('',(6.9,33.5));
#5607 = CARTESIAN_POINT('',(9.6,35.058845726812));
#5608 = CARTESIAN_POINT('',(12.3,36.617691453624));
#5609 = CARTESIAN_POINT('',(12.3,33.5));
#5610 = ( GEOMETRIC_REPRESENTATION_CONTEXT(2) 
PARAMETRIC_REPRESENTATION_CONTEXT() REPRESENTATION_CONTEXT('2D SPACE',''
  ) );
#5611 = PCURVE('',#5612,#5617);
#5612 = CYLINDRICAL_SURFACE('',#5613,1.8);
#5613 = AXIS2_PLACEMENT_3D('',#5614,#5615,#5616);
#5614 = CARTESIAN_POINT('',(-11.5,11.5,299.5));
#5615 = DIRECTION('',(-0.,-0.,-1.));
#5616 = DIRECTION('',(1.,0.,0.));
#5617 = DEFINITIONAL_REPRESENTATION('',(#5618),#5622);
#5618 = LINE('',#5619,#5620);
#5619 = CARTESIAN_POINT('',(-6.28318530718,-4.5));
#5620 = VECTOR('',#5621,1.);
#5621 = DIRECTION('',(1.,-0.));
#5622 = ( GEOMETRIC_REPRESENTATION_CONTEXT(2) 
PARAMETRIC_REPRESENTATION_CONTEXT() REPRESENTATION_CONTEXT('2D SPACE',''
  ) );
#5623 = FACE_BOUND('',#5624,.T.);
#5624 = EDGE_LOOP('',(#5625));
#5625 = ORIENTED_EDGE('',*,*,#5626,.T.);
#5626 = EDGE_CURVE('',#5627,#5627,#5629,.T.);
#5627 = VERTEX_POINT('',#5628);
#5628 = CARTESIAN_POINT('',(11.,0.,304.));
#5629 = SURFACE_CURVE('',#5630,(#5635,#5646),.PCURVE_S1.);
#5630 = CIRCLE('',#5631,11.);
#5631 = AXIS2_PLACEMENT_3D('',#5632,#5633,#5634);
#5632 = CARTESIAN_POINT('',(0.,0.,304.));
#5633 = DIRECTION('',(0.,0.,-1.));
#5634 = DIRECTION('',(1.,0.,0.));
#5635 = PCURVE('',#4314,#5636);
#5636 = DEFINITIONAL_REPRESENTATION('',(#5637),#5645);
#5637 = ( BOUNDED_CURVE() B_SPLINE_CURVE(2,(#5638,#5639,#5640,#5641,
#5642,#5643,#5644),.UNSPECIFIED.,.T.,.F.) B_SPLINE_CURVE_WITH_KNOTS((1,2
    ,2,2,2,1),(-2.094395102393,0.,2.094395102393,4.188790204786,
6.28318530718,8.377580409573),.UNSPECIFIED.) CURVE() 
GEOMETRIC_REPRESENTATION_ITEM() RATIONAL_B_SPLINE_CURVE((1.,0.5,1.,0.5,
1.,0.5,1.)) REPRESENTATION_ITEM('') );
#5638 = CARTESIAN_POINT('',(33.,22.));
#5639 = CARTESIAN_POINT('',(33.,2.947441116742));
#5640 = CARTESIAN_POINT('',(16.5,12.473720558371));
#5641 = CARTESIAN_POINT('',(3.552713678801E-15,22.));
#5642 = CARTESIAN_POINT('',(16.5,31.526279441629));
#5643 = CARTESIAN_POINT('',(33.,41.052558883258));
#5644 = CARTESIAN_POINT('',(33.,22.));
#5645 = ( GEOMETRIC_REPRESENTATION_CONTEXT(2) 
PARAMETRIC_REPRESENTATION_CONTEXT() REPRESENTATION_CONTEXT('2D SPACE',''
  ) );
#5646 = PCURVE('',#5647,#5652);
#5647 = CYLINDRICAL_SURFACE('',#5648,11.);
#5648 = AXIS2_PLACEMENT_3D('',#5649,#5650,#5651);
#5649 = CARTESIAN_POINT('',(0.,0.,300.));
#5650 = DIRECTION('',(-0.,-0.,-1.));
#5651 = DIRECTION('',(1.,0.,0.));
#5652 = DEFINITIONAL_REPRESENTATION('',(#5653),#5657);
#5653 = LINE('',#5654,#5655);
#5654 = CARTESIAN_POINT('',(-6.28318530718,-4.));
#5655 = VECTOR('',#5656,1.);
#5656 = DIRECTION('',(1.,-0.));
#5657 = ( GEOMETRIC_REPRESENTATION_CONTEXT(2) 
PARAMETRIC_REPRESENTATION_CONTEXT() REPRESENTATION_CONTEXT('2D SPACE',''
  ) );
#5658 = FACE_BOUND('',#5659,.T.);
#5659 = EDGE_LOOP('',(#5660));
#5660 = ORIENTED_EDGE('',*,*,#5661,.T.);
#5661 = EDGE_CURVE('',#5662,#5662,#5664,.T.);
#5662 = VERTEX_POINT('',#5663);
#5663 = CARTESIAN_POINT('',(13.3,11.5,304.));
#5664 = SURFACE_CURVE('',#5665,(#5670,#5681),.PCURVE_S1.);
#5665 = CIRCLE('',#5666,1.8);
#5666 = AXIS2_PLACEMENT_3D('',#5667,#5668,#5669);
#5667 = CARTESIAN_POINT('',(11.5,11.5,304.));
#5668 = DIRECTION('',(0.,0.,-1.));
#5669 = DIRECTION('',(1.,0.,0.));
#5670 = PCURVE('',#4314,#5671);
#5671 = DEFINITIONAL_REPRESENTATION('',(#5672),#5680);
#5672 = ( BOUNDED_CURVE() B_SPLINE_CURVE(2,(#5673,#5674,#5675,#5676,
#5677,#5678,#5679),.UNSPECIFIED.,.T.,.F.) B_SPLINE_CURVE_WITH_KNOTS((1,2
    ,2,2,2,1),(-2.094395102393,0.,2.094395102393,4.188790204786,
6.28318530718,8.377580409573),.UNSPECIFIED.) CURVE() 
GEOMETRIC_REPRESENTATION_ITEM() RATIONAL_B_SPLINE_CURVE((1.,0.5,1.,0.5,
1.,0.5,1.)) REPRESENTATION_ITEM('') );
#5673 = CARTESIAN_POINT('',(35.3,33.5));
#5674 = CARTESIAN_POINT('',(35.3,30.382308546376));
#5675 = CARTESIAN_POINT('',(32.6,31.941154273188));
#5676 = CARTESIAN_POINT('',(29.9,33.5));
#5677 = CARTESIAN_POINT('',(32.6,35.058845726812));
#5678 = CARTESIAN_POINT('',(35.3,36.617691453624));
#5679 = CARTESIAN_POINT('',(35.3,33.5));
#5680 = ( GEOMETRIC_REPRESENTATION_CONTEXT(2) 
PARAMETRIC_REPRESENTATION_CONTEXT() REPRESENTATION_CONTEXT('2D SPACE',''
  ) );
#5681 = PCURVE('',#5682,#5687);
#5682 = CYLINDRICAL_SURFACE('',#5683,1.8);
#5683 = AXIS2_PLACEMENT_3D('',#5684,#5685,#5686);
#5684 = CARTESIAN_POINT('',(11.5,11.5,299.5));
#5685 = DIRECTION('',(-0.,-0.,-1.));
#5686 = DIRECTION('',(1.,0.,0.));
#5687 = DEFINITIONAL_REPRESENTATION('',(#5688),#5692);
#5688 = LINE('',#5689,#5690);
#5689 = CARTESIAN_POINT('',(-6.28318530718,-4.5));
#5690 = VECTOR('',#5691,1.);
#5691 = DIRECTION('',(1.,-0.));
#5692 = ( GEOMETRIC_REPRESENTATION_CONTEXT(2) 
PARAMETRIC_REPRESENTATION_CONTEXT() REPRESENTATION_CONTEXT('2D SPACE',''
  ) );
#5693 = ADVANCED_FACE('',(#5694),#4600,.T.);
#5694 = FACE_BOUND('',#5695,.T.);
#5695 = EDGE_LOOP('',(#5696));
#5696 = ORIENTED_EDGE('',*,*,#4585,.T.);
#5697 = ADVANCED_FACE('',(#5698),#4724,.F.);
#5698 = FACE_BOUND('',#5699,.T.);
#5699 = EDGE_LOOP('',(#5700,#5723,#5750,#5751));
#5700 = ORIENTED_EDGE('',*,*,#5701,.T.);
#5701 = EDGE_CURVE('',#4708,#5702,#5704,.T.);
#5702 = VERTEX_POINT('',#5703);
#5703 = CARTESIAN_POINT('',(3.,0.,258.));
#5704 = SEAM_CURVE('',#5705,(#5709,#5716),.PCURVE_S1.);
#5705 = LINE('',#5706,#5707);
#5706 = CARTESIAN_POINT('',(3.,0.,250.));
#5707 = VECTOR('',#5708,1.);
#5708 = DIRECTION('',(0.,0.,1.));
#5709 = PCURVE('',#4724,#5710);
#5710 = DEFINITIONAL_REPRESENTATION('',(#5711),#5715);
#5711 = LINE('',#5712,#5713);
#5712 = CARTESIAN_POINT('',(-0.,0.));
#5713 = VECTOR('',#5714,1.);
#5714 = DIRECTION('',(-0.,-1.));
#5715 = ( GEOMETRIC_REPRESENTATION_CONTEXT(2) 
PARAMETRIC_REPRESENTATION_CONTEXT() REPRESENTATION_CONTEXT('2D SPACE',''
  ) );
#5716 = PCURVE('',#4724,#5717);
#5717 = DEFINITIONAL_REPRESENTATION('',(#5718),#5722);
#5718 = LINE('',#5719,#5720);
#5719 = CARTESIAN_POINT('',(-6.28318530718,0.));
#5720 = VECTOR('',#5721,1.);
#5721 = DIRECTION('',(-0.,-1.));
#5722 = ( GEOMETRIC_REPRESENTATION_CONTEXT(2) 
PARAMETRIC_REPRESENTATION_CONTEXT() REPRESENTATION_CONTEXT('2D SPACE',''
  ) );
#5723 = ORIENTED_EDGE('',*,*,#5724,.T.);
#5724 = EDGE_CURVE('',#5702,#5702,#5725,.T.);
#5725 = SURFACE_CURVE('',#5726,(#5731,#5738),.PCURVE_S1.);
#5726 = CIRCLE('',#5727,3.);
#5727 = AXIS2_PLACEMENT_3D('',#5728,#5729,#5730);
#5728 = CARTESIAN_POINT('',(0.,0.,258.));
#5729 = DIRECTION('',(0.,0.,1.));
#5730 = DIRECTION('',(1.,0.,0.));
#5731 = PCURVE('',#4724,#5732);
#5732 = DEFINITIONAL_REPRESENTATION('',(#5733),#5737);
#5733 = LINE('',#5734,#5735);
#5734 = CARTESIAN_POINT('',(-0.,-8.));
#5735 = VECTOR('',#5736,1.);
#5736 = DIRECTION('',(-1.,0.));
#5737 = ( GEOMETRIC_REPRESENTATION_CONTEXT(2) 
PARAMETRIC_REPRESENTATION_CONTEXT() REPRESENTATION_CONTEXT('2D SPACE',''
  ) );
#5738 = PCURVE('',#5739,#5744);
#5739 = PLANE('',#5740);
#5740 = AXIS2_PLACEMENT_3D('',#5741,#5742,#5743);
#5741 = CARTESIAN_POINT('',(-8.636463994986E-16,1.879594466024E-16,258.)
  );
#5742 = DIRECTION('',(0.,0.,1.));
#5743 = DIRECTION('',(1.,0.,-0.));
#5744 = DEFINITIONAL_REPRESENTATION('',(#5745),#5749);
#5745 = CIRCLE('',#5746,3.);
#5746 = AXIS2_PLACEMENT_2D('',#5747,#5748);
#5747 = CARTESIAN_POINT('',(8.636463994986E-16,-1.879594466024E-16));
#5748 = DIRECTION('',(1.,0.));
#5749 = ( GEOMETRIC_REPRESENTATION_CONTEXT(2) 
PARAMETRIC_REPRESENTATION_CONTEXT() REPRESENTATION_CONTEXT('2D SPACE',''
  ) );
#5750 = ORIENTED_EDGE('',*,*,#5701,.F.);
#5751 = ORIENTED_EDGE('',*,*,#4707,.F.);
#5752 = ADVANCED_FACE('',(#5753),#4894,.F.);
#5753 = FACE_BOUND('',#5754,.T.);
#5754 = EDGE_LOOP('',(#5755,#5778,#5805,#5806));
#5755 = ORIENTED_EDGE('',*,*,#5756,.T.);
#5756 = EDGE_CURVE('',#4878,#5757,#5759,.T.);
#5757 = VERTEX_POINT('',#5758);
#5758 = CARTESIAN_POINT('',(-27.2,29.4,108.5));
#5759 = SEAM_CURVE('',#5760,(#5764,#5771),.PCURVE_S1.);
#5760 = LINE('',#5761,#5762);
#5761 = CARTESIAN_POINT('',(-27.2,34.,108.5));
#5762 = VECTOR('',#5763,1.);
#5763 = DIRECTION('',(0.,-1.,0.));
#5764 = PCURVE('',#4894,#5765);
#5765 = DEFINITIONAL_REPRESENTATION('',(#5766),#5770);
#5766 = LINE('',#5767,#5768);
#5767 = CARTESIAN_POINT('',(-0.,0.));
#5768 = VECTOR('',#5769,1.);
#5769 = DIRECTION('',(-0.,-1.));
#5770 = ( GEOMETRIC_REPRESENTATION_CONTEXT(2) 
PARAMETRIC_REPRESENTATION_CONTEXT() REPRESENTATION_CONTEXT('2D SPACE',''
  ) );
#5771 = PCURVE('',#4894,#5772);
#5772 = DEFINITIONAL_REPRESENTATION('',(#5773),#5777);
#5773 = LINE('',#5774,#5775);
#5774 = CARTESIAN_POINT('',(-6.28318530718,0.));
#5775 = VECTOR('',#5776,1.);
#5776 = DIRECTION('',(-0.,-1.));
#5777 = ( GEOMETRIC_REPRESENTATION_CONTEXT(2) 
PARAMETRIC_REPRESENTATION_CONTEXT() REPRESENTATION_CONTEXT('2D SPACE',''
  ) );
#5778 = ORIENTED_EDGE('',*,*,#5779,.T.);
#5779 = EDGE_CURVE('',#5757,#5757,#5780,.T.);
#5780 = SURFACE_CURVE('',#5781,(#5786,#5793),.PCURVE_S1.);
#5781 = CIRCLE('',#5782,1.8);
#5782 = AXIS2_PLACEMENT_3D('',#5783,#5784,#5785);
#5783 = CARTESIAN_POINT('',(-29.,29.4,108.5));
#5784 = DIRECTION('',(0.,-1.,0.));
#5785 = DIRECTION('',(1.,0.,0.));
#5786 = PCURVE('',#4894,#5787);
#5787 = DEFINITIONAL_REPRESENTATION('',(#5788),#5792);
#5788 = LINE('',#5789,#5790);
#5789 = CARTESIAN_POINT('',(-0.,-4.6));
#5790 = VECTOR('',#5791,1.);
#5791 = DIRECTION('',(-1.,0.));
#5792 = ( GEOMETRIC_REPRESENTATION_CONTEXT(2) 
PARAMETRIC_REPRESENTATION_CONTEXT() REPRESENTATION_CONTEXT('2D SPACE',''
  ) );
#5793 = PCURVE('',#5794,#5799);
#5794 = PLANE('',#5795);
#5795 = AXIS2_PLACEMENT_3D('',#5796,#5797,#5798);
#5796 = CARTESIAN_POINT('',(29.,29.4,131.5));
#5797 = DIRECTION('',(-0.,-1.,-0.));
#5798 = DIRECTION('',(0.,0.,-1.));
#5799 = DEFINITIONAL_REPRESENTATION('',(#5800),#5804);
#5800 = CIRCLE('',#5801,1.8);
#5801 = AXIS2_PLACEMENT_2D('',#5802,#5803);
#5802 = CARTESIAN_POINT('',(23.,-58.));
#5803 = DIRECTION('',(0.,1.));
#5804 = ( GEOMETRIC_REPRESENTATION_CONTEXT(2) 
PARAMETRIC_REPRESENTATION_CONTEXT() REPRESENTATION_CONTEXT('2D SPACE',''
  ) );
#5805 = ORIENTED_EDGE('',*,*,#5756,.F.);
#5806 = ORIENTED_EDGE('',*,*,#4877,.F.);
#5807 = ADVANCED_FACE('',(#5808),#4929,.F.);
#5808 = FACE_BOUND('',#5809,.T.);
#5809 = EDGE_LOOP('',(#5810,#5833,#5860,#5861));
#5810 = ORIENTED_EDGE('',*,*,#5811,.T.);
#5811 = EDGE_CURVE('',#4913,#5812,#5814,.T.);
#5812 = VERTEX_POINT('',#5813);
#5813 = CARTESIAN_POINT('',(-27.2,29.4,131.5));
#5814 = SEAM_CURVE('',#5815,(#5819,#5826),.PCURVE_S1.);
#5815 = LINE('',#5816,#5817);
#5816 = CARTESIAN_POINT('',(-27.2,34.,131.5));
#5817 = VECTOR('',#5818,1.);
#5818 = DIRECTION('',(0.,-1.,0.));
#5819 = PCURVE('',#4929,#5820);
#5820 = DEFINITIONAL_REPRESENTATION('',(#5821),#5825);
#5821 = LINE('',#5822,#5823);
#5822 = CARTESIAN_POINT('',(-0.,0.));
#5823 = VECTOR('',#5824,1.);
#5824 = DIRECTION('',(-0.,-1.));
#5825 = ( GEOMETRIC_REPRESENTATION_CONTEXT(2) 
PARAMETRIC_REPRESENTATION_CONTEXT() REPRESENTATION_CONTEXT('2D SPACE',''
  ) );
#5826 = PCURVE('',#4929,#5827);
#5827 = DEFINITIONAL_REPRESENTATION('',(#5828),#5832);
#5828 = LINE('',#5829,#5830);
#5829 = CARTESIAN_POINT('',(-6.28318530718,0.));
#5830 = VECTOR('',#5831,1.);
#5831 = DIRECTION('',(-0.,-1.));
#5832 = ( GEOMETRIC_REPRESENTATION_CONTEXT(2) 
PARAMETRIC_REPRESENTATION_CONTEXT() REPRESENTATION_CONTEXT('2D SPACE',''
  ) );
#5833 = ORIENTED_EDGE('',*,*,#5834,.T.);
#5834 = EDGE_CURVE('',#5812,#5812,#5835,.T.);
#5835 = SURFACE_CURVE('',#5836,(#5841,#5848),.PCURVE_S1.);
#5836 = CIRCLE('',#5837,1.8);
#5837 = AXIS2_PLACEMENT_3D('',#5838,#5839,#5840);
#5838 = CARTESIAN_POINT('',(-29.,29.4,131.5));
#5839 = DIRECTION('',(0.,-1.,0.));
#5840 = DIRECTION('',(1.,0.,0.));
#5841 = PCURVE('',#4929,#5842);
#5842 = DEFINITIONAL_REPRESENTATION('',(#5843),#5847);
#5843 = LINE('',#5844,#5845);
#5844 = CARTESIAN_POINT('',(-0.,-4.6));
#5845 = VECTOR('',#5846,1.);
#5846 = DIRECTION('',(-1.,0.));
#5847 = ( GEOMETRIC_REPRESENTATION_CONTEXT(2) 
PARAMETRIC_REPRESENTATION_CONTEXT() REPRESENTATION_CONTEXT('2D SPACE',''
  ) );
#5848 = PCURVE('',#5849,#5854);
#5849 = PLANE('',#5850);
#5850 = AXIS2_PLACEMENT_3D('',#5851,#5852,#5853);
#5851 = CARTESIAN_POINT('',(29.,29.4,131.5));
#5852 = DIRECTION('',(-0.,-1.,-0.));
#5853 = DIRECTION('',(0.,0.,-1.));
#5854 = DEFINITIONAL_REPRESENTATION('',(#5855),#5859);
#5855 = CIRCLE('',#5856,1.8);
#5856 = AXIS2_PLACEMENT_2D('',#5857,#5858);
#5857 = CARTESIAN_POINT('',(0.,-58.));
#5858 = DIRECTION('',(0.,1.));
#5859 = ( GEOMETRIC_REPRESENTATION_CONTEXT(2) 
PARAMETRIC_REPRESENTATION_CONTEXT() REPRESENTATION_CONTEXT('2D SPACE',''
  ) );
#5860 = ORIENTED_EDGE('',*,*,#5811,.F.);
#5861 = ORIENTED_EDGE('',*,*,#4912,.F.);
#5862 = ADVANCED_FACE('',(#5863),#4964,.F.);
#5863 = FACE_BOUND('',#5864,.T.);
#5864 = EDGE_LOOP('',(#5865,#5888,#5915,#5916));
#5865 = ORIENTED_EDGE('',*,*,#5866,.T.);
#5866 = EDGE_CURVE('',#4948,#5867,#5869,.T.);
#5867 = VERTEX_POINT('',#5868);
#5868 = CARTESIAN_POINT('',(30.8,29.4,108.5));
#5869 = SEAM_CURVE('',#5870,(#5874,#5881),.PCURVE_S1.);
#5870 = LINE('',#5871,#5872);
#5871 = CARTESIAN_POINT('',(30.8,34.,108.5));
#5872 = VECTOR('',#5873,1.);
#5873 = DIRECTION('',(0.,-1.,0.));
#5874 = PCURVE('',#4964,#5875);
#5875 = DEFINITIONAL_REPRESENTATION('',(#5876),#5880);
#5876 = LINE('',#5877,#5878);
#5877 = CARTESIAN_POINT('',(-0.,0.));
#5878 = VECTOR('',#5879,1.);
#5879 = DIRECTION('',(-0.,-1.));
#5880 = ( GEOMETRIC_REPRESENTATION_CONTEXT(2) 
PARAMETRIC_REPRESENTATION_CONTEXT() REPRESENTATION_CONTEXT('2D SPACE',''
  ) );
#5881 = PCURVE('',#4964,#5882);
#5882 = DEFINITIONAL_REPRESENTATION('',(#5883),#5887);
#5883 = LINE('',#5884,#5885);
#5884 = CARTESIAN_POINT('',(-6.28318530718,0.));
#5885 = VECTOR('',#5886,1.);
#5886 = DIRECTION('',(-0.,-1.));
#5887 = ( GEOMETRIC_REPRESENTATION_CONTEXT(2) 
PARAMETRIC_REPRESENTATION_CONTEXT() REPRESENTATION_CONTEXT('2D SPACE',''
  ) );
#5888 = ORIENTED_EDGE('',*,*,#5889,.T.);
#5889 = EDGE_CURVE('',#5867,#5867,#5890,.T.);
#5890 = SURFACE_CURVE('',#5891,(#5896,#5903),.PCURVE_S1.);
#5891 = CIRCLE('',#5892,1.8);
#5892 = AXIS2_PLACEMENT_3D('',#5893,#5894,#5895);
#5893 = CARTESIAN_POINT('',(29.,29.4,108.5));
#5894 = DIRECTION('',(0.,-1.,0.));
#5895 = DIRECTION('',(1.,0.,0.));
#5896 = PCURVE('',#4964,#5897);
#5897 = DEFINITIONAL_REPRESENTATION('',(#5898),#5902);
#5898 = LINE('',#5899,#5900);
#5899 = CARTESIAN_POINT('',(-0.,-4.6));
#5900 = VECTOR('',#5901,1.);
#5901 = DIRECTION('',(-1.,0.));
#5902 = ( GEOMETRIC_REPRESENTATION_CONTEXT(2) 
PARAMETRIC_REPRESENTATION_CONTEXT() REPRESENTATION_CONTEXT('2D SPACE',''
  ) );
#5903 = PCURVE('',#5904,#5909);
#5904 = PLANE('',#5905);
#5905 = AXIS2_PLACEMENT_3D('',#5906,#5907,#5908);
#5906 = CARTESIAN_POINT('',(29.,29.4,131.5));
#5907 = DIRECTION('',(-0.,-1.,-0.));
#5908 = DIRECTION('',(0.,0.,-1.));
#5909 = DEFINITIONAL_REPRESENTATION('',(#5910),#5914);
#5910 = CIRCLE('',#5911,1.8);
#5911 = AXIS2_PLACEMENT_2D('',#5912,#5913);
#5912 = CARTESIAN_POINT('',(23.,0.));
#5913 = DIRECTION('',(0.,1.));
#5914 = ( GEOMETRIC_REPRESENTATION_CONTEXT(2) 
PARAMETRIC_REPRESENTATION_CONTEXT() REPRESENTATION_CONTEXT('2D SPACE',''
  ) );
#5915 = ORIENTED_EDGE('',*,*,#5866,.F.);
#5916 = ORIENTED_EDGE('',*,*,#4947,.F.);
#5917 = ADVANCED_FACE('',(#5918),#4999,.F.);
#5918 = FACE_BOUND('',#5919,.T.);
#5919 = EDGE_LOOP('',(#5920,#5943,#5970,#5971));
#5920 = ORIENTED_EDGE('',*,*,#5921,.T.);
#5921 = EDGE_CURVE('',#4983,#5922,#5924,.T.);
#5922 = VERTEX_POINT('',#5923);
#5923 = CARTESIAN_POINT('',(30.8,29.4,131.5));
#5924 = SEAM_CURVE('',#5925,(#5929,#5936),.PCURVE_S1.);
#5925 = LINE('',#5926,#5927);
#5926 = CARTESIAN_POINT('',(30.8,34.,131.5));
#5927 = VECTOR('',#5928,1.);
#5928 = DIRECTION('',(0.,-1.,0.));
#5929 = PCURVE('',#4999,#5930);
#5930 = DEFINITIONAL_REPRESENTATION('',(#5931),#5935);
#5931 = LINE('',#5932,#5933);
#5932 = CARTESIAN_POINT('',(-0.,0.));
#5933 = VECTOR('',#5934,1.);
#5934 = DIRECTION('',(-0.,-1.));
#5935 = ( GEOMETRIC_REPRESENTATION_CONTEXT(2) 
PARAMETRIC_REPRESENTATION_CONTEXT() REPRESENTATION_CONTEXT('2D SPACE',''
  ) );
#5936 = PCURVE('',#4999,#5937);
#5937 = DEFINITIONAL_REPRESENTATION('',(#5938),#5942);
#5938 = LINE('',#5939,#5940);
#5939 = CARTESIAN_POINT('',(-6.28318530718,0.));
#5940 = VECTOR('',#5941,1.);
#5941 = DIRECTION('',(-0.,-1.));
#5942 = ( GEOMETRIC_REPRESENTATION_CONTEXT(2) 
PARAMETRIC_REPRESENTATION_CONTEXT() REPRESENTATION_CONTEXT('2D SPACE',''
  ) );
#5943 = ORIENTED_EDGE('',*,*,#5944,.T.);
#5944 = EDGE_CURVE('',#5922,#5922,#5945,.T.);
#5945 = SURFACE_CURVE('',#5946,(#5951,#5958),.PCURVE_S1.);
#5946 = CIRCLE('',#5947,1.8);
#5947 = AXIS2_PLACEMENT_3D('',#5948,#5949,#5950);
#5948 = CARTESIAN_POINT('',(29.,29.4,131.5));
#5949 = DIRECTION('',(0.,-1.,0.));
#5950 = DIRECTION('',(1.,0.,0.));
#5951 = PCURVE('',#4999,#5952);
#5952 = DEFINITIONAL_REPRESENTATION('',(#5953),#5957);
#5953 = LINE('',#5954,#5955);
#5954 = CARTESIAN_POINT('',(-0.,-4.6));
#5955 = VECTOR('',#5956,1.);
#5956 = DIRECTION('',(-1.,0.));
#5957 = ( GEOMETRIC_REPRESENTATION_CONTEXT(2) 
PARAMETRIC_REPRESENTATION_CONTEXT() REPRESENTATION_CONTEXT('2D SPACE',''
  ) );
#5958 = PCURVE('',#5959,#5964);
#5959 = PLANE('',#5960);
#5960 = AXIS2_PLACEMENT_3D('',#5961,#5962,#5963);
#5961 = CARTESIAN_POINT('',(29.,29.4,131.5));
#5962 = DIRECTION('',(-0.,-1.,-0.));
#5963 = DIRECTION('',(0.,0.,-1.));
#5964 = DEFINITIONAL_REPRESENTATION('',(#5965),#5969);
#5965 = CIRCLE('',#5966,1.8);
#5966 = AXIS2_PLACEMENT_2D('',#5967,#5968);
#5967 = CARTESIAN_POINT('',(0.,0.));
#5968 = DIRECTION('',(0.,1.));
#5969 = ( GEOMETRIC_REPRESENTATION_CONTEXT(2) 
PARAMETRIC_REPRESENTATION_CONTEXT() REPRESENTATION_CONTEXT('2D SPACE',''
  ) );
#5970 = ORIENTED_EDGE('',*,*,#5921,.F.);
#5971 = ORIENTED_EDGE('',*,*,#4982,.F.);
#5972 = ADVANCED_FACE('',(#5973),#5088,.F.);
#5973 = FACE_BOUND('',#5974,.T.);
#5974 = EDGE_LOOP('',(#5975,#5998,#6020,#6021,#6022,#6023,#6044,#6045,
    #6046,#6069,#6096,#6097,#6098,#6099));
#5975 = ORIENTED_EDGE('',*,*,#5976,.F.);
#5976 = EDGE_CURVE('',#5977,#5118,#5979,.T.);
#5977 = VERTEX_POINT('',#5978);
#5978 = CARTESIAN_POINT('',(9.5,0.,258.));
#5979 = SEAM_CURVE('',#5980,(#5984,#5991),.PCURVE_S1.);
#5980 = LINE('',#5981,#5982);
#5981 = CARTESIAN_POINT('',(9.5,0.,258.));
#5982 = VECTOR('',#5983,1.);
#5983 = DIRECTION('',(0.,0.,1.));
#5984 = PCURVE('',#5088,#5985);
#5985 = DEFINITIONAL_REPRESENTATION('',(#5986),#5990);
#5986 = LINE('',#5987,#5988);
#5987 = CARTESIAN_POINT('',(-6.28318530718,0.));
#5988 = VECTOR('',#5989,1.);
#5989 = DIRECTION('',(-0.,-1.));
#5990 = ( GEOMETRIC_REPRESENTATION_CONTEXT(2) 
PARAMETRIC_REPRESENTATION_CONTEXT() REPRESENTATION_CONTEXT('2D SPACE',''
  ) );
#5991 = PCURVE('',#5088,#5992);
#5992 = DEFINITIONAL_REPRESENTATION('',(#5993),#5997);
#5993 = LINE('',#5994,#5995);
#5994 = CARTESIAN_POINT('',(-0.,0.));
#5995 = VECTOR('',#5996,1.);
#5996 = DIRECTION('',(-0.,-1.));
#5997 = ( GEOMETRIC_REPRESENTATION_CONTEXT(2) 
PARAMETRIC_REPRESENTATION_CONTEXT() REPRESENTATION_CONTEXT('2D SPACE',''
  ) );
#5998 = ORIENTED_EDGE('',*,*,#5999,.F.);
#5999 = EDGE_CURVE('',#5977,#5977,#6000,.T.);
#6000 = SURFACE_CURVE('',#6001,(#6006,#6013),.PCURVE_S1.);
#6001 = CIRCLE('',#6002,9.5);
#6002 = AXIS2_PLACEMENT_3D('',#6003,#6004,#6005);
#6003 = CARTESIAN_POINT('',(0.,0.,258.));
#6004 = DIRECTION('',(0.,0.,1.));
#6005 = DIRECTION('',(1.,0.,0.));
#6006 = PCURVE('',#5088,#6007);
#6007 = DEFINITIONAL_REPRESENTATION('',(#6008),#6012);
#6008 = LINE('',#6009,#6010);
#6009 = CARTESIAN_POINT('',(-0.,0.));
#6010 = VECTOR('',#6011,1.);
#6011 = DIRECTION('',(-1.,0.));
#6012 = ( GEOMETRIC_REPRESENTATION_CONTEXT(2) 
PARAMETRIC_REPRESENTATION_CONTEXT() REPRESENTATION_CONTEXT('2D SPACE',''
  ) );
#6013 = PCURVE('',#5739,#6014);
#6014 = DEFINITIONAL_REPRESENTATION('',(#6015),#6019);
#6015 = CIRCLE('',#6016,9.5);
#6016 = AXIS2_PLACEMENT_2D('',#6017,#6018);
#6017 = CARTESIAN_POINT('',(8.636463994986E-16,-1.879594466024E-16));
#6018 = DIRECTION('',(1.,0.));
#6019 = ( GEOMETRIC_REPRESENTATION_CONTEXT(2) 
PARAMETRIC_REPRESENTATION_CONTEXT() REPRESENTATION_CONTEXT('2D SPACE',''
  ) );
#6020 = ORIENTED_EDGE('',*,*,#5976,.T.);
#6021 = ORIENTED_EDGE('',*,*,#5209,.T.);
#6022 = ORIENTED_EDGE('',*,*,#5038,.T.);
#6023 = ORIENTED_EDGE('',*,*,#6024,.T.);
#6024 = EDGE_CURVE('',#5039,#5366,#6025,.T.);
#6025 = SEAM_CURVE('',#6026,(#6030,#6037),.PCURVE_S1.);
#6026 = LINE('',#6027,#6028);
#6027 = CARTESIAN_POINT('',(9.5,0.,258.));
#6028 = VECTOR('',#6029,1.);
#6029 = DIRECTION('',(0.,0.,1.));
#6030 = PCURVE('',#5088,#6031);
#6031 = DEFINITIONAL_REPRESENTATION('',(#6032),#6036);
#6032 = LINE('',#6033,#6034);
#6033 = CARTESIAN_POINT('',(-6.28318530718,0.));
#6034 = VECTOR('',#6035,1.);
#6035 = DIRECTION('',(-0.,-1.));
#6036 = ( GEOMETRIC_REPRESENTATION_CONTEXT(2) 
PARAMETRIC_REPRESENTATION_CONTEXT() REPRESENTATION_CONTEXT('2D SPACE',''
  ) );
#6037 = PCURVE('',#5088,#6038);
#6038 = DEFINITIONAL_REPRESENTATION('',(#6039),#6043);
#6039 = LINE('',#6040,#6041);
#6040 = CARTESIAN_POINT('',(-0.,0.));
#6041 = VECTOR('',#6042,1.);
#6042 = DIRECTION('',(-0.,-1.));
#6043 = ( GEOMETRIC_REPRESENTATION_CONTEXT(2) 
PARAMETRIC_REPRESENTATION_CONTEXT() REPRESENTATION_CONTEXT('2D SPACE',''
  ) );
#6044 = ORIENTED_EDGE('',*,*,#5457,.T.);
#6045 = ORIENTED_EDGE('',*,*,#5291,.T.);
#6046 = ORIENTED_EDGE('',*,*,#6047,.T.);
#6047 = EDGE_CURVE('',#5292,#6048,#6050,.T.);
#6048 = VERTEX_POINT('',#6049);
#6049 = CARTESIAN_POINT('',(9.5,0.,300.));
#6050 = SEAM_CURVE('',#6051,(#6055,#6062),.PCURVE_S1.);
#6051 = LINE('',#6052,#6053);
#6052 = CARTESIAN_POINT('',(9.5,0.,258.));
#6053 = VECTOR('',#6054,1.);
#6054 = DIRECTION('',(0.,0.,1.));
#6055 = PCURVE('',#5088,#6056);
#6056 = DEFINITIONAL_REPRESENTATION('',(#6057),#6061);
#6057 = LINE('',#6058,#6059);
#6058 = CARTESIAN_POINT('',(-6.28318530718,0.));
#6059 = VECTOR('',#6060,1.);
#6060 = DIRECTION('',(-0.,-1.));
#6061 = ( GEOMETRIC_REPRESENTATION_CONTEXT(2) 
PARAMETRIC_REPRESENTATION_CONTEXT() REPRESENTATION_CONTEXT('2D SPACE',''
  ) );
#6062 = PCURVE('',#5088,#6063);
#6063 = DEFINITIONAL_REPRESENTATION('',(#6064),#6068);
#6064 = LINE('',#6065,#6066);
#6065 = CARTESIAN_POINT('',(-0.,0.));
#6066 = VECTOR('',#6067,1.);
#6067 = DIRECTION('',(-0.,-1.));
#6068 = ( GEOMETRIC_REPRESENTATION_CONTEXT(2) 
PARAMETRIC_REPRESENTATION_CONTEXT() REPRESENTATION_CONTEXT('2D SPACE',''
  ) );
#6069 = ORIENTED_EDGE('',*,*,#6070,.T.);
#6070 = EDGE_CURVE('',#6048,#6048,#6071,.T.);
#6071 = SURFACE_CURVE('',#6072,(#6077,#6084),.PCURVE_S1.);
#6072 = CIRCLE('',#6073,9.5);
#6073 = AXIS2_PLACEMENT_3D('',#6074,#6075,#6076);
#6074 = CARTESIAN_POINT('',(0.,0.,300.));
#6075 = DIRECTION('',(0.,0.,1.));
#6076 = DIRECTION('',(1.,0.,0.));
#6077 = PCURVE('',#5088,#6078);
#6078 = DEFINITIONAL_REPRESENTATION('',(#6079),#6083);
#6079 = LINE('',#6080,#6081);
#6080 = CARTESIAN_POINT('',(-0.,-42.));
#6081 = VECTOR('',#6082,1.);
#6082 = DIRECTION('',(-1.,0.));
#6083 = ( GEOMETRIC_REPRESENTATION_CONTEXT(2) 
PARAMETRIC_REPRESENTATION_CONTEXT() REPRESENTATION_CONTEXT('2D SPACE',''
  ) );
#6084 = PCURVE('',#6085,#6090);
#6085 = PLANE('',#6086);
#6086 = AXIS2_PLACEMENT_3D('',#6087,#6088,#6089);
#6087 = CARTESIAN_POINT('',(-7.458764359306E-16,-4.490371596874E-16,300.
    ));
#6088 = DIRECTION('',(0.,0.,1.));
#6089 = DIRECTION('',(1.,0.,-0.));
#6090 = DEFINITIONAL_REPRESENTATION('',(#6091),#6095);
#6091 = CIRCLE('',#6092,9.5);
#6092 = AXIS2_PLACEMENT_2D('',#6093,#6094);
#6093 = CARTESIAN_POINT('',(7.458764359306E-16,4.490371596874E-16));
#6094 = DIRECTION('',(1.,0.));
#6095 = ( GEOMETRIC_REPRESENTATION_CONTEXT(2) 
PARAMETRIC_REPRESENTATION_CONTEXT() REPRESENTATION_CONTEXT('2D SPACE',''
  ) );
#6096 = ORIENTED_EDGE('',*,*,#6047,.F.);
#6097 = ORIENTED_EDGE('',*,*,#5365,.T.);
#6098 = ORIENTED_EDGE('',*,*,#6024,.F.);
#6099 = ORIENTED_EDGE('',*,*,#5117,.T.);
#6100 = ADVANCED_FACE('',(#6101),#5542,.F.);
#6101 = FACE_BOUND('',#6102,.T.);
#6102 = EDGE_LOOP('',(#6103,#6132,#6153,#6154));
#6103 = ORIENTED_EDGE('',*,*,#6104,.F.);
#6104 = EDGE_CURVE('',#6105,#6105,#6107,.T.);
#6105 = VERTEX_POINT('',#6106);
#6106 = CARTESIAN_POINT('',(-9.7,-11.5,299.5));
#6107 = SURFACE_CURVE('',#6108,(#6113,#6120),.PCURVE_S1.);
#6108 = CIRCLE('',#6109,1.8);
#6109 = AXIS2_PLACEMENT_3D('',#6110,#6111,#6112);
#6110 = CARTESIAN_POINT('',(-11.5,-11.5,299.5));
#6111 = DIRECTION('',(0.,0.,1.));
#6112 = DIRECTION('',(1.,0.,0.));
#6113 = PCURVE('',#5542,#6114);
#6114 = DEFINITIONAL_REPRESENTATION('',(#6115),#6119);
#6115 = LINE('',#6116,#6117);
#6116 = CARTESIAN_POINT('',(-0.,0.));
#6117 = VECTOR('',#6118,1.);
#6118 = DIRECTION('',(-1.,0.));
#6119 = ( GEOMETRIC_REPRESENTATION_CONTEXT(2) 
PARAMETRIC_REPRESENTATION_CONTEXT() REPRESENTATION_CONTEXT('2D SPACE',''
  ) );
#6120 = PCURVE('',#6121,#6126);
#6121 = PLANE('',#6122);
#6122 = AXIS2_PLACEMENT_3D('',#6123,#6124,#6125);
#6123 = CARTESIAN_POINT('',(11.5,11.5,299.5));
#6124 = DIRECTION('',(0.,0.,1.));
#6125 = DIRECTION('',(1.,0.,-0.));
#6126 = DEFINITIONAL_REPRESENTATION('',(#6127),#6131);
#6127 = CIRCLE('',#6128,1.8);
#6128 = AXIS2_PLACEMENT_2D('',#6129,#6130);
#6129 = CARTESIAN_POINT('',(-23.,-23.));
#6130 = DIRECTION('',(1.,0.));
#6131 = ( GEOMETRIC_REPRESENTATION_CONTEXT(2) 
PARAMETRIC_REPRESENTATION_CONTEXT() REPRESENTATION_CONTEXT('2D SPACE',''
  ) );
#6132 = ORIENTED_EDGE('',*,*,#6133,.T.);
#6133 = EDGE_CURVE('',#6105,#5522,#6134,.T.);
#6134 = SEAM_CURVE('',#6135,(#6139,#6146),.PCURVE_S1.);
#6135 = LINE('',#6136,#6137);
#6136 = CARTESIAN_POINT('',(-9.7,-11.5,299.5));
#6137 = VECTOR('',#6138,1.);
#6138 = DIRECTION('',(0.,0.,1.));
#6139 = PCURVE('',#5542,#6140);
#6140 = DEFINITIONAL_REPRESENTATION('',(#6141),#6145);
#6141 = LINE('',#6142,#6143);
#6142 = CARTESIAN_POINT('',(-6.28318530718,0.));
#6143 = VECTOR('',#6144,1.);
#6144 = DIRECTION('',(-0.,-1.));
#6145 = ( GEOMETRIC_REPRESENTATION_CONTEXT(2) 
PARAMETRIC_REPRESENTATION_CONTEXT() REPRESENTATION_CONTEXT('2D SPACE',''
  ) );
#6146 = PCURVE('',#5542,#6147);
#6147 = DEFINITIONAL_REPRESENTATION('',(#6148),#6152);
#6148 = LINE('',#6149,#6150);
#6149 = CARTESIAN_POINT('',(-0.,0.));
#6150 = VECTOR('',#6151,1.);
#6151 = DIRECTION('',(-0.,-1.));
#6152 = ( GEOMETRIC_REPRESENTATION_CONTEXT(2) 
PARAMETRIC_REPRESENTATION_CONTEXT() REPRESENTATION_CONTEXT('2D SPACE',''
  ) );
#6153 = ORIENTED_EDGE('',*,*,#5521,.F.);
#6154 = ORIENTED_EDGE('',*,*,#6133,.F.);
#6155 = ADVANCED_FACE('',(#6156),#5577,.F.);
#6156 = FACE_BOUND('',#6157,.T.);
#6157 = EDGE_LOOP('',(#6158,#6187,#6208,#6209));
#6158 = ORIENTED_EDGE('',*,*,#6159,.F.);
#6159 = EDGE_CURVE('',#6160,#6160,#6162,.T.);
#6160 = VERTEX_POINT('',#6161);
#6161 = CARTESIAN_POINT('',(13.3,-11.5,299.5));
#6162 = SURFACE_CURVE('',#6163,(#6168,#6175),.PCURVE_S1.);
#6163 = CIRCLE('',#6164,1.8);
#6164 = AXIS2_PLACEMENT_3D('',#6165,#6166,#6167);
#6165 = CARTESIAN_POINT('',(11.5,-11.5,299.5));
#6166 = DIRECTION('',(0.,0.,1.));
#6167 = DIRECTION('',(1.,0.,0.));
#6168 = PCURVE('',#5577,#6169);
#6169 = DEFINITIONAL_REPRESENTATION('',(#6170),#6174);
#6170 = LINE('',#6171,#6172);
#6171 = CARTESIAN_POINT('',(-0.,0.));
#6172 = VECTOR('',#6173,1.);
#6173 = DIRECTION('',(-1.,0.));
#6174 = ( GEOMETRIC_REPRESENTATION_CONTEXT(2) 
PARAMETRIC_REPRESENTATION_CONTEXT() REPRESENTATION_CONTEXT('2D SPACE',''
  ) );
#6175 = PCURVE('',#6176,#6181);
#6176 = PLANE('',#6177);
#6177 = AXIS2_PLACEMENT_3D('',#6178,#6179,#6180);
#6178 = CARTESIAN_POINT('',(11.5,11.5,299.5));
#6179 = DIRECTION('',(0.,0.,1.));
#6180 = DIRECTION('',(1.,0.,-0.));
#6181 = DEFINITIONAL_REPRESENTATION('',(#6182),#6186);
#6182 = CIRCLE('',#6183,1.8);
#6183 = AXIS2_PLACEMENT_2D('',#6184,#6185);
#6184 = CARTESIAN_POINT('',(1.7763568394E-15,-23.));
#6185 = DIRECTION('',(1.,0.));
#6186 = ( GEOMETRIC_REPRESENTATION_CONTEXT(2) 
PARAMETRIC_REPRESENTATION_CONTEXT() REPRESENTATION_CONTEXT('2D SPACE',''
  ) );
#6187 = ORIENTED_EDGE('',*,*,#6188,.T.);
#6188 = EDGE_CURVE('',#6160,#5557,#6189,.T.);
#6189 = SEAM_CURVE('',#6190,(#6194,#6201),.PCURVE_S1.);
#6190 = LINE('',#6191,#6192);
#6191 = CARTESIAN_POINT('',(13.3,-11.5,299.5));
#6192 = VECTOR('',#6193,1.);
#6193 = DIRECTION('',(0.,0.,1.));
#6194 = PCURVE('',#5577,#6195);
#6195 = DEFINITIONAL_REPRESENTATION('',(#6196),#6200);
#6196 = LINE('',#6197,#6198);
#6197 = CARTESIAN_POINT('',(-6.28318530718,0.));
#6198 = VECTOR('',#6199,1.);
#6199 = DIRECTION('',(-0.,-1.));
#6200 = ( GEOMETRIC_REPRESENTATION_CONTEXT(2) 
PARAMETRIC_REPRESENTATION_CONTEXT() REPRESENTATION_CONTEXT('2D SPACE',''
  ) );
#6201 = PCURVE('',#5577,#6202);
#6202 = DEFINITIONAL_REPRESENTATION('',(#6203),#6207);
#6203 = LINE('',#6204,#6205);
#6204 = CARTESIAN_POINT('',(-0.,0.));
#6205 = VECTOR('',#6206,1.);
#6206 = DIRECTION('',(-0.,-1.));
#6207 = ( GEOMETRIC_REPRESENTATION_CONTEXT(2) 
PARAMETRIC_REPRESENTATION_CONTEXT() REPRESENTATION_CONTEXT('2D SPACE',''
  ) );
#6208 = ORIENTED_EDGE('',*,*,#5556,.F.);
#6209 = ORIENTED_EDGE('',*,*,#6188,.F.);
#6210 = ADVANCED_FACE('',(#6211),#5612,.F.);
#6211 = FACE_BOUND('',#6212,.T.);
#6212 = EDGE_LOOP('',(#6213,#6242,#6263,#6264));
#6213 = ORIENTED_EDGE('',*,*,#6214,.F.);
#6214 = EDGE_CURVE('',#6215,#6215,#6217,.T.);
#6215 = VERTEX_POINT('',#6216);
#6216 = CARTESIAN_POINT('',(-9.7,11.5,299.5));
#6217 = SURFACE_CURVE('',#6218,(#6223,#6230),.PCURVE_S1.);
#6218 = CIRCLE('',#6219,1.8);
#6219 = AXIS2_PLACEMENT_3D('',#6220,#6221,#6222);
#6220 = CARTESIAN_POINT('',(-11.5,11.5,299.5));
#6221 = DIRECTION('',(0.,0.,1.));
#6222 = DIRECTION('',(1.,0.,0.));
#6223 = PCURVE('',#5612,#6224);
#6224 = DEFINITIONAL_REPRESENTATION('',(#6225),#6229);
#6225 = LINE('',#6226,#6227);
#6226 = CARTESIAN_POINT('',(-0.,0.));
#6227 = VECTOR('',#6228,1.);
#6228 = DIRECTION('',(-1.,0.));
#6229 = ( GEOMETRIC_REPRESENTATION_CONTEXT(2) 
PARAMETRIC_REPRESENTATION_CONTEXT() REPRESENTATION_CONTEXT('2D SPACE',''
  ) );
#6230 = PCURVE('',#6231,#6236);
#6231 = PLANE('',#6232);
#6232 = AXIS2_PLACEMENT_3D('',#6233,#6234,#6235);
#6233 = CARTESIAN_POINT('',(11.5,11.5,299.5));
#6234 = DIRECTION('',(0.,0.,1.));
#6235 = DIRECTION('',(1.,0.,-0.));
#6236 = DEFINITIONAL_REPRESENTATION('',(#6237),#6241);
#6237 = CIRCLE('',#6238,1.8);
#6238 = AXIS2_PLACEMENT_2D('',#6239,#6240);
#6239 = CARTESIAN_POINT('',(-23.,1.7763568394E-15));
#6240 = DIRECTION('',(1.,0.));
#6241 = ( GEOMETRIC_REPRESENTATION_CONTEXT(2) 
PARAMETRIC_REPRESENTATION_CONTEXT() REPRESENTATION_CONTEXT('2D SPACE',''
  ) );
#6242 = ORIENTED_EDGE('',*,*,#6243,.T.);
#6243 = EDGE_CURVE('',#6215,#5592,#6244,.T.);
#6244 = SEAM_CURVE('',#6245,(#6249,#6256),.PCURVE_S1.);
#6245 = LINE('',#6246,#6247);
#6246 = CARTESIAN_POINT('',(-9.7,11.5,299.5));
#6247 = VECTOR('',#6248,1.);
#6248 = DIRECTION('',(0.,0.,1.));
#6249 = PCURVE('',#5612,#6250);
#6250 = DEFINITIONAL_REPRESENTATION('',(#6251),#6255);
#6251 = LINE('',#6252,#6253);
#6252 = CARTESIAN_POINT('',(-6.28318530718,0.));
#6253 = VECTOR('',#6254,1.);
#6254 = DIRECTION('',(-0.,-1.));
#6255 = ( GEOMETRIC_REPRESENTATION_CONTEXT(2) 
PARAMETRIC_REPRESENTATION_CONTEXT() REPRESENTATION_CONTEXT('2D SPACE',''
  ) );
#6256 = PCURVE('',#5612,#6257);
#6257 = DEFINITIONAL_REPRESENTATION('',(#6258),#6262);
#6258 = LINE('',#6259,#6260);
#6259 = CARTESIAN_POINT('',(-0.,0.));
#6260 = VECTOR('',#6261,1.);
#6261 = DIRECTION('',(-0.,-1.));
#6262 = ( GEOMETRIC_REPRESENTATION_CONTEXT(2) 
PARAMETRIC_REPRESENTATION_CONTEXT() REPRESENTATION_CONTEXT('2D SPACE',''
  ) );
#6263 = ORIENTED_EDGE('',*,*,#5591,.F.);
#6264 = ORIENTED_EDGE('',*,*,#6243,.F.);
#6265 = ADVANCED_FACE('',(#6266),#5647,.F.);
#6266 = FACE_BOUND('',#6267,.T.);
#6267 = EDGE_LOOP('',(#6268,#6292,#6313,#6314));
#6268 = ORIENTED_EDGE('',*,*,#6269,.F.);
#6269 = EDGE_CURVE('',#6270,#6270,#6272,.T.);
#6270 = VERTEX_POINT('',#6271);
#6271 = CARTESIAN_POINT('',(11.,0.,300.));
#6272 = SURFACE_CURVE('',#6273,(#6278,#6285),.PCURVE_S1.);
#6273 = CIRCLE('',#6274,11.);
#6274 = AXIS2_PLACEMENT_3D('',#6275,#6276,#6277);
#6275 = CARTESIAN_POINT('',(0.,0.,300.));
#6276 = DIRECTION('',(0.,0.,1.));
#6277 = DIRECTION('',(1.,0.,0.));
#6278 = PCURVE('',#5647,#6279);
#6279 = DEFINITIONAL_REPRESENTATION('',(#6280),#6284);
#6280 = LINE('',#6281,#6282);
#6281 = CARTESIAN_POINT('',(-0.,0.));
#6282 = VECTOR('',#6283,1.);
#6283 = DIRECTION('',(-1.,0.));
#6284 = ( GEOMETRIC_REPRESENTATION_CONTEXT(2) 
PARAMETRIC_REPRESENTATION_CONTEXT() REPRESENTATION_CONTEXT('2D SPACE',''
  ) );
#6285 = PCURVE('',#6085,#6286);
#6286 = DEFINITIONAL_REPRESENTATION('',(#6287),#6291);
#6287 = CIRCLE('',#6288,11.);
#6288 = AXIS2_PLACEMENT_2D('',#6289,#6290);
#6289 = CARTESIAN_POINT('',(7.458764359306E-16,4.490371596874E-16));
#6290 = DIRECTION('',(1.,0.));
#6291 = ( GEOMETRIC_REPRESENTATION_CONTEXT(2) 
PARAMETRIC_REPRESENTATION_CONTEXT() REPRESENTATION_CONTEXT('2D SPACE',''
  ) );
#6292 = ORIENTED_EDGE('',*,*,#6293,.T.);
#6293 = EDGE_CURVE('',#6270,#5627,#6294,.T.);
#6294 = SEAM_CURVE('',#6295,(#6299,#6306),.PCURVE_S1.);
#6295 = LINE('',#6296,#6297);
#6296 = CARTESIAN_POINT('',(11.,0.,300.));
#6297 = VECTOR('',#6298,1.);
#6298 = DIRECTION('',(0.,0.,1.));
#6299 = PCURVE('',#5647,#6300);
#6300 = DEFINITIONAL_REPRESENTATION('',(#6301),#6305);
#6301 = LINE('',#6302,#6303);
#6302 = CARTESIAN_POINT('',(-6.28318530718,0.));
#6303 = VECTOR('',#6304,1.);
#6304 = DIRECTION('',(-0.,-1.));
#6305 = ( GEOMETRIC_REPRESENTATION_CONTEXT(2) 
PARAMETRIC_REPRESENTATION_CONTEXT() REPRESENTATION_CONTEXT('2D SPACE',''
  ) );
#6306 = PCURVE('',#5647,#6307);
#6307 = DEFINITIONAL_REPRESENTATION('',(#6308),#6312);
#6308 = LINE('',#6309,#6310);
#6309 = CARTESIAN_POINT('',(-0.,0.));
#6310 = VECTOR('',#6311,1.);
#6311 = DIRECTION('',(-0.,-1.));
#6312 = ( GEOMETRIC_REPRESENTATION_CONTEXT(2) 
PARAMETRIC_REPRESENTATION_CONTEXT() REPRESENTATION_CONTEXT('2D SPACE',''
  ) );
#6313 = ORIENTED_EDGE('',*,*,#5626,.F.);
#6314 = ORIENTED_EDGE('',*,*,#6293,.F.);
#6315 = ADVANCED_FACE('',(#6316),#5682,.F.);
#6316 = FACE_BOUND('',#6317,.T.);
#6317 = EDGE_LOOP('',(#6318,#6347,#6368,#6369));
#6318 = ORIENTED_EDGE('',*,*,#6319,.F.);
#6319 = EDGE_CURVE('',#6320,#6320,#6322,.T.);
#6320 = VERTEX_POINT('',#6321);
#6321 = CARTESIAN_POINT('',(13.3,11.5,299.5));
#6322 = SURFACE_CURVE('',#6323,(#6328,#6335),.PCURVE_S1.);
#6323 = CIRCLE('',#6324,1.8);
#6324 = AXIS2_PLACEMENT_3D('',#6325,#6326,#6327);
#6325 = CARTESIAN_POINT('',(11.5,11.5,299.5));
#6326 = DIRECTION('',(0.,0.,1.));
#6327 = DIRECTION('',(1.,0.,0.));
#6328 = PCURVE('',#5682,#6329);
#6329 = DEFINITIONAL_REPRESENTATION('',(#6330),#6334);
#6330 = LINE('',#6331,#6332);
#6331 = CARTESIAN_POINT('',(-0.,0.));
#6332 = VECTOR('',#6333,1.);
#6333 = DIRECTION('',(-1.,0.));
#6334 = ( GEOMETRIC_REPRESENTATION_CONTEXT(2) 
PARAMETRIC_REPRESENTATION_CONTEXT() REPRESENTATION_CONTEXT('2D SPACE',''
  ) );
#6335 = PCURVE('',#6336,#6341);
#6336 = PLANE('',#6337);
#6337 = AXIS2_PLACEMENT_3D('',#6338,#6339,#6340);
#6338 = CARTESIAN_POINT('',(11.5,11.5,299.5));
#6339 = DIRECTION('',(0.,0.,1.));
#6340 = DIRECTION('',(1.,0.,-0.));
#6341 = DEFINITIONAL_REPRESENTATION('',(#6342),#6346);
#6342 = CIRCLE('',#6343,1.8);
#6343 = AXIS2_PLACEMENT_2D('',#6344,#6345);
#6344 = CARTESIAN_POINT('',(1.7763568394E-15,1.7763568394E-15));
#6345 = DIRECTION('',(1.,0.));
#6346 = ( GEOMETRIC_REPRESENTATION_CONTEXT(2) 
PARAMETRIC_REPRESENTATION_CONTEXT() REPRESENTATION_CONTEXT('2D SPACE',''
  ) );
#6347 = ORIENTED_EDGE('',*,*,#6348,.T.);
#6348 = EDGE_CURVE('',#6320,#5662,#6349,.T.);
#6349 = SEAM_CURVE('',#6350,(#6354,#6361),.PCURVE_S1.);
#6350 = LINE('',#6351,#6352);
#6351 = CARTESIAN_POINT('',(13.3,11.5,299.5));
#6352 = VECTOR('',#6353,1.);
#6353 = DIRECTION('',(0.,0.,1.));
#6354 = PCURVE('',#5682,#6355);
#6355 = DEFINITIONAL_REPRESENTATION('',(#6356),#6360);
#6356 = LINE('',#6357,#6358);
#6357 = CARTESIAN_POINT('',(-6.28318530718,0.));
#6358 = VECTOR('',#6359,1.);
#6359 = DIRECTION('',(-0.,-1.));
#6360 = ( GEOMETRIC_REPRESENTATION_CONTEXT(2) 
PARAMETRIC_REPRESENTATION_CONTEXT() REPRESENTATION_CONTEXT('2D SPACE',''
  ) );
#6361 = PCURVE('',#5682,#6362);
#6362 = DEFINITIONAL_REPRESENTATION('',(#6363),#6367);
#6363 = LINE('',#6364,#6365);
#6364 = CARTESIAN_POINT('',(-0.,0.));
#6365 = VECTOR('',#6366,1.);
#6366 = DIRECTION('',(-0.,-1.));
#6367 = ( GEOMETRIC_REPRESENTATION_CONTEXT(2) 
PARAMETRIC_REPRESENTATION_CONTEXT() REPRESENTATION_CONTEXT('2D SPACE',''
  ) );
#6368 = ORIENTED_EDGE('',*,*,#5661,.F.);
#6369 = ORIENTED_EDGE('',*,*,#6348,.F.);
#6370 = ADVANCED_FACE('',(#6371,#6374),#5739,.T.);
#6371 = FACE_BOUND('',#6372,.T.);
#6372 = EDGE_LOOP('',(#6373));
#6373 = ORIENTED_EDGE('',*,*,#5999,.T.);
#6374 = FACE_BOUND('',#6375,.T.);
#6375 = EDGE_LOOP('',(#6376));
#6376 = ORIENTED_EDGE('',*,*,#5724,.F.);
#6377 = ADVANCED_FACE('',(#6378),#5794,.F.);
#6378 = FACE_BOUND('',#6379,.F.);
#6379 = EDGE_LOOP('',(#6380));
#6380 = ORIENTED_EDGE('',*,*,#5779,.T.);
#6381 = ADVANCED_FACE('',(#6382),#5849,.F.);
#6382 = FACE_BOUND('',#6383,.F.);
#6383 = EDGE_LOOP('',(#6384));
#6384 = ORIENTED_EDGE('',*,*,#5834,.T.);
#6385 = ADVANCED_FACE('',(#6386),#5904,.F.);
#6386 = FACE_BOUND('',#6387,.F.);
#6387 = EDGE_LOOP('',(#6388));
#6388 = ORIENTED_EDGE('',*,*,#5889,.T.);
#6389 = ADVANCED_FACE('',(#6390),#5959,.F.);
#6390 = FACE_BOUND('',#6391,.F.);
#6391 = EDGE_LOOP('',(#6392));
#6392 = ORIENTED_EDGE('',*,*,#5944,.T.);
#6393 = ADVANCED_FACE('',(#6394,#6397),#6085,.T.);
#6394 = FACE_BOUND('',#6395,.T.);
#6395 = EDGE_LOOP('',(#6396));
#6396 = ORIENTED_EDGE('',*,*,#6269,.T.);
#6397 = FACE_BOUND('',#6398,.T.);
#6398 = EDGE_LOOP('',(#6399));
#6399 = ORIENTED_EDGE('',*,*,#6070,.F.);
#6400 = ADVANCED_FACE('',(#6401),#6121,.T.);
#6401 = FACE_BOUND('',#6402,.T.);
#6402 = EDGE_LOOP('',(#6403));
#6403 = ORIENTED_EDGE('',*,*,#6104,.T.);
#6404 = ADVANCED_FACE('',(#6405),#6176,.T.);
#6405 = FACE_BOUND('',#6406,.T.);
#6406 = EDGE_LOOP('',(#6407));
#6407 = ORIENTED_EDGE('',*,*,#6159,.T.);
#6408 = ADVANCED_FACE('',(#6409),#6231,.T.);
#6409 = FACE_BOUND('',#6410,.T.);
#6410 = EDGE_LOOP('',(#6411));
#6411 = ORIENTED_EDGE('',*,*,#6214,.T.);
#6412 = ADVANCED_FACE('',(#6413),#6336,.T.);
#6413 = FACE_BOUND('',#6414,.T.);
#6414 = EDGE_LOOP('',(#6415));
#6415 = ORIENTED_EDGE('',*,*,#6319,.T.);
#6416 = ( GEOMETRIC_REPRESENTATION_CONTEXT(3) 
GLOBAL_UNCERTAINTY_ASSIGNED_CONTEXT((#6420)) 
GLOBAL_UNIT_ASSIGNED_CONTEXT((#6417,#6418,#6419)) REPRESENTATION_CONTEXT
('Context #1','3D Context with UNIT and UNCERTAINTY') );
#6417 = ( LENGTH_UNIT() NAMED_UNIT(*) SI_UNIT(.MILLI.,.METRE.) );
#6418 = ( NAMED_UNIT(*) PLANE_ANGLE_UNIT() SI_UNIT($,.RADIAN.) );
#6419 = ( NAMED_UNIT(*) SI_UNIT($,.STERADIAN.) SOLID_ANGLE_UNIT() );
#6420 = UNCERTAINTY_MEASURE_WITH_UNIT(LENGTH_MEASURE(1.E-07),#6417,
  'distance_accuracy_value','confusion accuracy');
#6421 = PRODUCT_RELATED_PRODUCT_CATEGORY('part',$,(#7));
ENDSEC;
END-ISO-10303-21;
