ISO-10303-21;
HEADER;
FILE_DESCRIPTION(('Open CASCADE Model'),'2;1');
FILE_NAME('Open CASCADE Shape Model','2026-05-15T23:02:45',('Author'),(
    'Open CASCADE'),'Open CASCADE STEP processor 7.8','Open CASCADE 7.8'
  ,'Unknown');
FILE_SCHEMA(('AUTOMOTIVE_DESIGN { 1 0 10303 214 1 1 1 1 }'));
ENDSEC;
DATA;
#1 = APPLICATION_PROTOCOL_DEFINITION('international standard',
  'automotive_design',2000,#2);
#2 = APPLICATION_CONTEXT(
  'core data for automotive mechanical design processes');
#3 = SHAPE_DEFINITION_REPRESENTATION(#4,#10);
#4 = PRODUCT_DEFINITION_SHAPE('','',#5);
#5 = PRODUCT_DEFINITION('design','',#6,#9);
#6 = PRODUCT_DEFINITION_FORMATION('','',#7);
#7 = PRODUCT('Open CASCADE STEP translator 7.8 1',
  'Open CASCADE STEP translator 7.8 1','',(#8));
#8 = PRODUCT_CONTEXT('',#2,'mechanical');
#9 = PRODUCT_DEFINITION_CONTEXT('part definition',#2,'design');
#10 = ADVANCED_BREP_SHAPE_REPRESENTATION('',(#11,#15),#4043);
#11 = AXIS2_PLACEMENT_3D('',#12,#13,#14);
#12 = CARTESIAN_POINT('',(0.,0.,0.));
#13 = DIRECTION('',(0.,0.,1.));
#14 = DIRECTION('',(1.,0.,-0.));
#15 = MANIFOLD_SOLID_BREP('',#16);
#16 = CLOSED_SHELL('',(#17,#363,#439,#488,#661,#710,#759,#1099,#1255,
    #1480,#1556,#1605,#1654,#1681,#1770,#1825,#1880,#1935,#1990,#2091,
    #2246,#2315,#2342,#2418,#2467,#2516,#2543,#2570,#2619,#2719,#2746,
    #2771,#2968,#2975,#3076,#3108,#3112,#3116,#3120,#3124,#3149,#3156,
    #3232,#3281,#3330,#3357,#3539,#3543,#3590,#3617,#3644,#3651,#3658,
    #3713,#3768,#3823,#3878,#3933,#3937,#3941,#3945,#3980,#3984,#4039));
#17 = ADVANCED_FACE('',(#18,#249),#32,.F.);
#18 = FACE_BOUND('',#19,.F.);
#19 = EDGE_LOOP('',(#20,#55,#83,#111,#139,#167,#195,#223));
#20 = ORIENTED_EDGE('',*,*,#21,.F.);
#21 = EDGE_CURVE('',#22,#24,#26,.T.);
#22 = VERTEX_POINT('',#23);
#23 = CARTESIAN_POINT('',(-35.,-30.,0.));
#24 = VERTEX_POINT('',#25);
#25 = CARTESIAN_POINT('',(-35.,-30.,60.));
#26 = SURFACE_CURVE('',#27,(#31,#43),.PCURVE_S1.);
#27 = LINE('',#28,#29);
#28 = CARTESIAN_POINT('',(-35.,-30.,0.));
#29 = VECTOR('',#30,1.);
#30 = DIRECTION('',(0.,0.,1.));
#31 = PCURVE('',#32,#37);
#32 = PLANE('',#33);
#33 = AXIS2_PLACEMENT_3D('',#34,#35,#36);
#34 = CARTESIAN_POINT('',(-35.,-30.,0.));
#35 = DIRECTION('',(1.,0.,0.));
#36 = DIRECTION('',(0.,0.,1.));
#37 = DEFINITIONAL_REPRESENTATION('',(#38),#42);
#38 = LINE('',#39,#40);
#39 = CARTESIAN_POINT('',(0.,0.));
#40 = VECTOR('',#41,1.);
#41 = DIRECTION('',(1.,0.));
#42 = ( GEOMETRIC_REPRESENTATION_CONTEXT(2) 
PARAMETRIC_REPRESENTATION_CONTEXT() REPRESENTATION_CONTEXT('2D SPACE',''
  ) );
#43 = PCURVE('',#44,#49);
#44 = PLANE('',#45);
#45 = AXIS2_PLACEMENT_3D('',#46,#47,#48);
#46 = CARTESIAN_POINT('',(-35.,-30.,0.));
#47 = DIRECTION('',(0.,1.,0.));
#48 = DIRECTION('',(0.,0.,1.));
#49 = DEFINITIONAL_REPRESENTATION('',(#50),#54);
#50 = LINE('',#51,#52);
#51 = CARTESIAN_POINT('',(0.,0.));
#52 = VECTOR('',#53,1.);
#53 = DIRECTION('',(1.,0.));
#54 = ( GEOMETRIC_REPRESENTATION_CONTEXT(2) 
PARAMETRIC_REPRESENTATION_CONTEXT() REPRESENTATION_CONTEXT('2D SPACE',''
  ) );
#55 = ORIENTED_EDGE('',*,*,#56,.T.);
#56 = EDGE_CURVE('',#22,#57,#59,.T.);
#57 = VERTEX_POINT('',#58);
#58 = CARTESIAN_POINT('',(-35.,30.,0.));
#59 = SURFACE_CURVE('',#60,(#64,#71),.PCURVE_S1.);
#60 = LINE('',#61,#62);
#61 = CARTESIAN_POINT('',(-35.,-30.,0.));
#62 = VECTOR('',#63,1.);
#63 = DIRECTION('',(0.,1.,0.));
#64 = PCURVE('',#32,#65);
#65 = DEFINITIONAL_REPRESENTATION('',(#66),#70);
#66 = LINE('',#67,#68);
#67 = CARTESIAN_POINT('',(0.,0.));
#68 = VECTOR('',#69,1.);
#69 = DIRECTION('',(0.,-1.));
#70 = ( GEOMETRIC_REPRESENTATION_CONTEXT(2) 
PARAMETRIC_REPRESENTATION_CONTEXT() REPRESENTATION_CONTEXT('2D SPACE',''
  ) );
#71 = PCURVE('',#72,#77);
#72 = PLANE('',#73);
#73 = AXIS2_PLACEMENT_3D('',#74,#75,#76);
#74 = CARTESIAN_POINT('',(-35.,-30.,0.));
#75 = DIRECTION('',(0.,0.,1.));
#76 = DIRECTION('',(1.,0.,0.));
#77 = DEFINITIONAL_REPRESENTATION('',(#78),#82);
#78 = LINE('',#79,#80);
#79 = CARTESIAN_POINT('',(0.,0.));
#80 = VECTOR('',#81,1.);
#81 = DIRECTION('',(0.,1.));
#82 = ( GEOMETRIC_REPRESENTATION_CONTEXT(2) 
PARAMETRIC_REPRESENTATION_CONTEXT() REPRESENTATION_CONTEXT('2D SPACE',''
  ) );
#83 = ORIENTED_EDGE('',*,*,#84,.T.);
#84 = EDGE_CURVE('',#57,#85,#87,.T.);
#85 = VERTEX_POINT('',#86);
#86 = CARTESIAN_POINT('',(-35.,30.,300.));
#87 = SURFACE_CURVE('',#88,(#92,#99),.PCURVE_S1.);
#88 = LINE('',#89,#90);
#89 = CARTESIAN_POINT('',(-35.,30.,0.));
#90 = VECTOR('',#91,1.);
#91 = DIRECTION('',(0.,0.,1.));
#92 = PCURVE('',#32,#93);
#93 = DEFINITIONAL_REPRESENTATION('',(#94),#98);
#94 = LINE('',#95,#96);
#95 = CARTESIAN_POINT('',(0.,-60.));
#96 = VECTOR('',#97,1.);
#97 = DIRECTION('',(1.,0.));
#98 = ( GEOMETRIC_REPRESENTATION_CONTEXT(2) 
PARAMETRIC_REPRESENTATION_CONTEXT() REPRESENTATION_CONTEXT('2D SPACE',''
  ) );
#99 = PCURVE('',#100,#105);
#100 = PLANE('',#101);
#101 = AXIS2_PLACEMENT_3D('',#102,#103,#104);
#102 = CARTESIAN_POINT('',(-35.,30.,0.));
#103 = DIRECTION('',(0.,1.,0.));
#104 = DIRECTION('',(0.,0.,1.));
#105 = DEFINITIONAL_REPRESENTATION('',(#106),#110);
#106 = LINE('',#107,#108);
#107 = CARTESIAN_POINT('',(0.,0.));
#108 = VECTOR('',#109,1.);
#109 = DIRECTION('',(1.,0.));
#110 = ( GEOMETRIC_REPRESENTATION_CONTEXT(2) 
PARAMETRIC_REPRESENTATION_CONTEXT() REPRESENTATION_CONTEXT('2D SPACE',''
  ) );
#111 = ORIENTED_EDGE('',*,*,#112,.F.);
#112 = EDGE_CURVE('',#113,#85,#115,.T.);
#113 = VERTEX_POINT('',#114);
#114 = CARTESIAN_POINT('',(-35.,-30.,300.));
#115 = SURFACE_CURVE('',#116,(#120,#127),.PCURVE_S1.);
#116 = LINE('',#117,#118);
#117 = CARTESIAN_POINT('',(-35.,-30.,300.));
#118 = VECTOR('',#119,1.);
#119 = DIRECTION('',(0.,1.,0.));
#120 = PCURVE('',#32,#121);
#121 = DEFINITIONAL_REPRESENTATION('',(#122),#126);
#122 = LINE('',#123,#124);
#123 = CARTESIAN_POINT('',(300.,0.));
#124 = VECTOR('',#125,1.);
#125 = DIRECTION('',(0.,-1.));
#126 = ( GEOMETRIC_REPRESENTATION_CONTEXT(2) 
PARAMETRIC_REPRESENTATION_CONTEXT() REPRESENTATION_CONTEXT('2D SPACE',''
  ) );
#127 = PCURVE('',#128,#133);
#128 = PLANE('',#129);
#129 = AXIS2_PLACEMENT_3D('',#130,#131,#132);
#130 = CARTESIAN_POINT('',(-35.,-30.,300.));
#131 = DIRECTION('',(0.,0.,1.));
#132 = DIRECTION('',(1.,0.,0.));
#133 = DEFINITIONAL_REPRESENTATION('',(#134),#138);
#134 = LINE('',#135,#136);
#135 = CARTESIAN_POINT('',(0.,0.));
#136 = VECTOR('',#137,1.);
#137 = DIRECTION('',(0.,1.));
#138 = ( GEOMETRIC_REPRESENTATION_CONTEXT(2) 
PARAMETRIC_REPRESENTATION_CONTEXT() REPRESENTATION_CONTEXT('2D SPACE',''
  ) );
#139 = ORIENTED_EDGE('',*,*,#140,.F.);
#140 = EDGE_CURVE('',#141,#113,#143,.T.);
#141 = VERTEX_POINT('',#142);
#142 = CARTESIAN_POINT('',(-35.,-30.,130.));
#143 = SURFACE_CURVE('',#144,(#148,#155),.PCURVE_S1.);
#144 = LINE('',#145,#146);
#145 = CARTESIAN_POINT('',(-35.,-30.,0.));
#146 = VECTOR('',#147,1.);
#147 = DIRECTION('',(0.,0.,1.));
#148 = PCURVE('',#32,#149);
#149 = DEFINITIONAL_REPRESENTATION('',(#150),#154);
#150 = LINE('',#151,#152);
#151 = CARTESIAN_POINT('',(0.,0.));
#152 = VECTOR('',#153,1.);
#153 = DIRECTION('',(1.,0.));
#154 = ( GEOMETRIC_REPRESENTATION_CONTEXT(2) 
PARAMETRIC_REPRESENTATION_CONTEXT() REPRESENTATION_CONTEXT('2D SPACE',''
  ) );
#155 = PCURVE('',#156,#161);
#156 = PLANE('',#157);
#157 = AXIS2_PLACEMENT_3D('',#158,#159,#160);
#158 = CARTESIAN_POINT('',(-35.,-30.,0.));
#159 = DIRECTION('',(0.,1.,0.));
#160 = DIRECTION('',(0.,0.,1.));
#161 = DEFINITIONAL_REPRESENTATION('',(#162),#166);
#162 = LINE('',#163,#164);
#163 = CARTESIAN_POINT('',(0.,0.));
#164 = VECTOR('',#165,1.);
#165 = DIRECTION('',(1.,0.));
#166 = ( GEOMETRIC_REPRESENTATION_CONTEXT(2) 
PARAMETRIC_REPRESENTATION_CONTEXT() REPRESENTATION_CONTEXT('2D SPACE',''
  ) );
#167 = ORIENTED_EDGE('',*,*,#168,.T.);
#168 = EDGE_CURVE('',#141,#169,#171,.T.);
#169 = VERTEX_POINT('',#170);
#170 = CARTESIAN_POINT('',(-35.,-28.5,130.));
#171 = SURFACE_CURVE('',#172,(#176,#183),.PCURVE_S1.);
#172 = LINE('',#173,#174);
#173 = CARTESIAN_POINT('',(-35.,-30.,130.));
#174 = VECTOR('',#175,1.);
#175 = DIRECTION('',(0.,1.,0.));
#176 = PCURVE('',#32,#177);
#177 = DEFINITIONAL_REPRESENTATION('',(#178),#182);
#178 = LINE('',#179,#180);
#179 = CARTESIAN_POINT('',(130.,0.));
#180 = VECTOR('',#181,1.);
#181 = DIRECTION('',(0.,-1.));
#182 = ( GEOMETRIC_REPRESENTATION_CONTEXT(2) 
PARAMETRIC_REPRESENTATION_CONTEXT() REPRESENTATION_CONTEXT('2D SPACE',''
  ) );
#183 = PCURVE('',#184,#189);
#184 = PLANE('',#185);
#185 = AXIS2_PLACEMENT_3D('',#186,#187,#188);
#186 = CARTESIAN_POINT('',(-35.,-30.,130.));
#187 = DIRECTION('',(0.,0.,1.));
#188 = DIRECTION('',(1.,0.,0.));
#189 = DEFINITIONAL_REPRESENTATION('',(#190),#194);
#190 = LINE('',#191,#192);
#191 = CARTESIAN_POINT('',(0.,0.));
#192 = VECTOR('',#193,1.);
#193 = DIRECTION('',(0.,1.));
#194 = ( GEOMETRIC_REPRESENTATION_CONTEXT(2) 
PARAMETRIC_REPRESENTATION_CONTEXT() REPRESENTATION_CONTEXT('2D SPACE',''
  ) );
#195 = ORIENTED_EDGE('',*,*,#196,.F.);
#196 = EDGE_CURVE('',#197,#169,#199,.T.);
#197 = VERTEX_POINT('',#198);
#198 = CARTESIAN_POINT('',(-35.,-28.5,60.));
#199 = SURFACE_CURVE('',#200,(#204,#211),.PCURVE_S1.);
#200 = LINE('',#201,#202);
#201 = CARTESIAN_POINT('',(-35.,-28.5,60.));
#202 = VECTOR('',#203,1.);
#203 = DIRECTION('',(0.,0.,1.));
#204 = PCURVE('',#32,#205);
#205 = DEFINITIONAL_REPRESENTATION('',(#206),#210);
#206 = LINE('',#207,#208);
#207 = CARTESIAN_POINT('',(60.,-1.5));
#208 = VECTOR('',#209,1.);
#209 = DIRECTION('',(1.,0.));
#210 = ( GEOMETRIC_REPRESENTATION_CONTEXT(2) 
PARAMETRIC_REPRESENTATION_CONTEXT() REPRESENTATION_CONTEXT('2D SPACE',''
  ) );
#211 = PCURVE('',#212,#217);
#212 = PLANE('',#213);
#213 = AXIS2_PLACEMENT_3D('',#214,#215,#216);
#214 = CARTESIAN_POINT('',(-35.,-28.5,60.));
#215 = DIRECTION('',(0.,1.,0.));
#216 = DIRECTION('',(0.,0.,1.));
#217 = DEFINITIONAL_REPRESENTATION('',(#218),#222);
#218 = LINE('',#219,#220);
#219 = CARTESIAN_POINT('',(0.,0.));
#220 = VECTOR('',#221,1.);
#221 = DIRECTION('',(1.,0.));
#222 = ( GEOMETRIC_REPRESENTATION_CONTEXT(2) 
PARAMETRIC_REPRESENTATION_CONTEXT() REPRESENTATION_CONTEXT('2D SPACE',''
  ) );
#223 = ORIENTED_EDGE('',*,*,#224,.F.);
#224 = EDGE_CURVE('',#24,#197,#225,.T.);
#225 = SURFACE_CURVE('',#226,(#230,#237),.PCURVE_S1.);
#226 = LINE('',#227,#228);
#227 = CARTESIAN_POINT('',(-35.,-30.,60.));
#228 = VECTOR('',#229,1.);
#229 = DIRECTION('',(0.,1.,0.));
#230 = PCURVE('',#32,#231);
#231 = DEFINITIONAL_REPRESENTATION('',(#232),#236);
#232 = LINE('',#233,#234);
#233 = CARTESIAN_POINT('',(60.,0.));
#234 = VECTOR('',#235,1.);
#235 = DIRECTION('',(0.,-1.));
#236 = ( GEOMETRIC_REPRESENTATION_CONTEXT(2) 
PARAMETRIC_REPRESENTATION_CONTEXT() REPRESENTATION_CONTEXT('2D SPACE',''
  ) );
#237 = PCURVE('',#238,#243);
#238 = PLANE('',#239);
#239 = AXIS2_PLACEMENT_3D('',#240,#241,#242);
#240 = CARTESIAN_POINT('',(-35.,-30.,60.));
#241 = DIRECTION('',(0.,0.,1.));
#242 = DIRECTION('',(1.,0.,0.));
#243 = DEFINITIONAL_REPRESENTATION('',(#244),#248);
#244 = LINE('',#245,#246);
#245 = CARTESIAN_POINT('',(0.,0.));
#246 = VECTOR('',#247,1.);
#247 = DIRECTION('',(0.,1.));
#248 = ( GEOMETRIC_REPRESENTATION_CONTEXT(2) 
PARAMETRIC_REPRESENTATION_CONTEXT() REPRESENTATION_CONTEXT('2D SPACE',''
  ) );
#249 = FACE_BOUND('',#250,.F.);
#250 = EDGE_LOOP('',(#251,#281,#309,#337));
#251 = ORIENTED_EDGE('',*,*,#252,.T.);
#252 = EDGE_CURVE('',#253,#255,#257,.T.);
#253 = VERTEX_POINT('',#254);
#254 = CARTESIAN_POINT('',(-35.,-9.6,18.9));
#255 = VERTEX_POINT('',#256);
#256 = CARTESIAN_POINT('',(-35.,-9.6,41.1));
#257 = SURFACE_CURVE('',#258,(#262,#269),.PCURVE_S1.);
#258 = LINE('',#259,#260);
#259 = CARTESIAN_POINT('',(-35.,-9.6,18.9));
#260 = VECTOR('',#261,1.);
#261 = DIRECTION('',(0.,0.,1.));
#262 = PCURVE('',#32,#263);
#263 = DEFINITIONAL_REPRESENTATION('',(#264),#268);
#264 = LINE('',#265,#266);
#265 = CARTESIAN_POINT('',(18.9,-20.4));
#266 = VECTOR('',#267,1.);
#267 = DIRECTION('',(1.,0.));
#268 = ( GEOMETRIC_REPRESENTATION_CONTEXT(2) 
PARAMETRIC_REPRESENTATION_CONTEXT() REPRESENTATION_CONTEXT('2D SPACE',''
  ) );
#269 = PCURVE('',#270,#275);
#270 = PLANE('',#271);
#271 = AXIS2_PLACEMENT_3D('',#272,#273,#274);
#272 = CARTESIAN_POINT('',(-35.,-9.6,18.9));
#273 = DIRECTION('',(0.,1.,0.));
#274 = DIRECTION('',(0.,0.,1.));
#275 = DEFINITIONAL_REPRESENTATION('',(#276),#280);
#276 = LINE('',#277,#278);
#277 = CARTESIAN_POINT('',(0.,0.));
#278 = VECTOR('',#279,1.);
#279 = DIRECTION('',(1.,0.));
#280 = ( GEOMETRIC_REPRESENTATION_CONTEXT(2) 
PARAMETRIC_REPRESENTATION_CONTEXT() REPRESENTATION_CONTEXT('2D SPACE',''
  ) );
#281 = ORIENTED_EDGE('',*,*,#282,.T.);
#282 = EDGE_CURVE('',#255,#283,#285,.T.);
#283 = VERTEX_POINT('',#284);
#284 = CARTESIAN_POINT('',(-35.,9.6,41.1));
#285 = SURFACE_CURVE('',#286,(#290,#297),.PCURVE_S1.);
#286 = LINE('',#287,#288);
#287 = CARTESIAN_POINT('',(-35.,-9.6,41.1));
#288 = VECTOR('',#289,1.);
#289 = DIRECTION('',(0.,1.,0.));
#290 = PCURVE('',#32,#291);
#291 = DEFINITIONAL_REPRESENTATION('',(#292),#296);
#292 = LINE('',#293,#294);
#293 = CARTESIAN_POINT('',(41.1,-20.4));
#294 = VECTOR('',#295,1.);
#295 = DIRECTION('',(0.,-1.));
#296 = ( GEOMETRIC_REPRESENTATION_CONTEXT(2) 
PARAMETRIC_REPRESENTATION_CONTEXT() REPRESENTATION_CONTEXT('2D SPACE',''
  ) );
#297 = PCURVE('',#298,#303);
#298 = PLANE('',#299);
#299 = AXIS2_PLACEMENT_3D('',#300,#301,#302);
#300 = CARTESIAN_POINT('',(-35.,-9.6,41.1));
#301 = DIRECTION('',(0.,0.,1.));
#302 = DIRECTION('',(1.,0.,0.));
#303 = DEFINITIONAL_REPRESENTATION('',(#304),#308);
#304 = LINE('',#305,#306);
#305 = CARTESIAN_POINT('',(0.,0.));
#306 = VECTOR('',#307,1.);
#307 = DIRECTION('',(0.,1.));
#308 = ( GEOMETRIC_REPRESENTATION_CONTEXT(2) 
PARAMETRIC_REPRESENTATION_CONTEXT() REPRESENTATION_CONTEXT('2D SPACE',''
  ) );
#309 = ORIENTED_EDGE('',*,*,#310,.F.);
#310 = EDGE_CURVE('',#311,#283,#313,.T.);
#311 = VERTEX_POINT('',#312);
#312 = CARTESIAN_POINT('',(-35.,9.6,18.9));
#313 = SURFACE_CURVE('',#314,(#318,#325),.PCURVE_S1.);
#314 = LINE('',#315,#316);
#315 = CARTESIAN_POINT('',(-35.,9.6,18.9));
#316 = VECTOR('',#317,1.);
#317 = DIRECTION('',(0.,0.,1.));
#318 = PCURVE('',#32,#319);
#319 = DEFINITIONAL_REPRESENTATION('',(#320),#324);
#320 = LINE('',#321,#322);
#321 = CARTESIAN_POINT('',(18.9,-39.6));
#322 = VECTOR('',#323,1.);
#323 = DIRECTION('',(1.,0.));
#324 = ( GEOMETRIC_REPRESENTATION_CONTEXT(2) 
PARAMETRIC_REPRESENTATION_CONTEXT() REPRESENTATION_CONTEXT('2D SPACE',''
  ) );
#325 = PCURVE('',#326,#331);
#326 = PLANE('',#327);
#327 = AXIS2_PLACEMENT_3D('',#328,#329,#330);
#328 = CARTESIAN_POINT('',(-35.,9.6,18.9));
#329 = DIRECTION('',(0.,1.,0.));
#330 = DIRECTION('',(0.,0.,1.));
#331 = DEFINITIONAL_REPRESENTATION('',(#332),#336);
#332 = LINE('',#333,#334);
#333 = CARTESIAN_POINT('',(0.,0.));
#334 = VECTOR('',#335,1.);
#335 = DIRECTION('',(1.,0.));
#336 = ( GEOMETRIC_REPRESENTATION_CONTEXT(2) 
PARAMETRIC_REPRESENTATION_CONTEXT() REPRESENTATION_CONTEXT('2D SPACE',''
  ) );
#337 = ORIENTED_EDGE('',*,*,#338,.F.);
#338 = EDGE_CURVE('',#253,#311,#339,.T.);
#339 = SURFACE_CURVE('',#340,(#344,#351),.PCURVE_S1.);
#340 = LINE('',#341,#342);
#341 = CARTESIAN_POINT('',(-35.,-9.6,18.9));
#342 = VECTOR('',#343,1.);
#343 = DIRECTION('',(0.,1.,0.));
#344 = PCURVE('',#32,#345);
#345 = DEFINITIONAL_REPRESENTATION('',(#346),#350);
#346 = LINE('',#347,#348);
#347 = CARTESIAN_POINT('',(18.9,-20.4));
#348 = VECTOR('',#349,1.);
#349 = DIRECTION('',(0.,-1.));
#350 = ( GEOMETRIC_REPRESENTATION_CONTEXT(2) 
PARAMETRIC_REPRESENTATION_CONTEXT() REPRESENTATION_CONTEXT('2D SPACE',''
  ) );
#351 = PCURVE('',#352,#357);
#352 = PLANE('',#353);
#353 = AXIS2_PLACEMENT_3D('',#354,#355,#356);
#354 = CARTESIAN_POINT('',(-35.,-9.6,18.9));
#355 = DIRECTION('',(0.,0.,1.));
#356 = DIRECTION('',(1.,0.,0.));
#357 = DEFINITIONAL_REPRESENTATION('',(#358),#362);
#358 = LINE('',#359,#360);
#359 = CARTESIAN_POINT('',(0.,0.));
#360 = VECTOR('',#361,1.);
#361 = DIRECTION('',(0.,1.));
#362 = ( GEOMETRIC_REPRESENTATION_CONTEXT(2) 
PARAMETRIC_REPRESENTATION_CONTEXT() REPRESENTATION_CONTEXT('2D SPACE',''
  ) );
#363 = ADVANCED_FACE('',(#364),#44,.F.);
#364 = FACE_BOUND('',#365,.F.);
#365 = EDGE_LOOP('',(#366,#396,#417,#418));
#366 = ORIENTED_EDGE('',*,*,#367,.F.);
#367 = EDGE_CURVE('',#368,#370,#372,.T.);
#368 = VERTEX_POINT('',#369);
#369 = CARTESIAN_POINT('',(35.,-30.,0.));
#370 = VERTEX_POINT('',#371);
#371 = CARTESIAN_POINT('',(35.,-30.,60.));
#372 = SURFACE_CURVE('',#373,(#377,#384),.PCURVE_S1.);
#373 = LINE('',#374,#375);
#374 = CARTESIAN_POINT('',(35.,-30.,0.));
#375 = VECTOR('',#376,1.);
#376 = DIRECTION('',(0.,0.,1.));
#377 = PCURVE('',#44,#378);
#378 = DEFINITIONAL_REPRESENTATION('',(#379),#383);
#379 = LINE('',#380,#381);
#380 = CARTESIAN_POINT('',(0.,70.));
#381 = VECTOR('',#382,1.);
#382 = DIRECTION('',(1.,0.));
#383 = ( GEOMETRIC_REPRESENTATION_CONTEXT(2) 
PARAMETRIC_REPRESENTATION_CONTEXT() REPRESENTATION_CONTEXT('2D SPACE',''
  ) );
#384 = PCURVE('',#385,#390);
#385 = PLANE('',#386);
#386 = AXIS2_PLACEMENT_3D('',#387,#388,#389);
#387 = CARTESIAN_POINT('',(35.,-30.,0.));
#388 = DIRECTION('',(1.,0.,0.));
#389 = DIRECTION('',(0.,0.,1.));
#390 = DEFINITIONAL_REPRESENTATION('',(#391),#395);
#391 = LINE('',#392,#393);
#392 = CARTESIAN_POINT('',(0.,0.));
#393 = VECTOR('',#394,1.);
#394 = DIRECTION('',(1.,0.));
#395 = ( GEOMETRIC_REPRESENTATION_CONTEXT(2) 
PARAMETRIC_REPRESENTATION_CONTEXT() REPRESENTATION_CONTEXT('2D SPACE',''
  ) );
#396 = ORIENTED_EDGE('',*,*,#397,.F.);
#397 = EDGE_CURVE('',#22,#368,#398,.T.);
#398 = SURFACE_CURVE('',#399,(#403,#410),.PCURVE_S1.);
#399 = LINE('',#400,#401);
#400 = CARTESIAN_POINT('',(-35.,-30.,0.));
#401 = VECTOR('',#402,1.);
#402 = DIRECTION('',(1.,0.,0.));
#403 = PCURVE('',#44,#404);
#404 = DEFINITIONAL_REPRESENTATION('',(#405),#409);
#405 = LINE('',#406,#407);
#406 = CARTESIAN_POINT('',(0.,0.));
#407 = VECTOR('',#408,1.);
#408 = DIRECTION('',(0.,1.));
#409 = ( GEOMETRIC_REPRESENTATION_CONTEXT(2) 
PARAMETRIC_REPRESENTATION_CONTEXT() REPRESENTATION_CONTEXT('2D SPACE',''
  ) );
#410 = PCURVE('',#72,#411);
#411 = DEFINITIONAL_REPRESENTATION('',(#412),#416);
#412 = LINE('',#413,#414);
#413 = CARTESIAN_POINT('',(0.,0.));
#414 = VECTOR('',#415,1.);
#415 = DIRECTION('',(1.,0.));
#416 = ( GEOMETRIC_REPRESENTATION_CONTEXT(2) 
PARAMETRIC_REPRESENTATION_CONTEXT() REPRESENTATION_CONTEXT('2D SPACE',''
  ) );
#417 = ORIENTED_EDGE('',*,*,#21,.T.);
#418 = ORIENTED_EDGE('',*,*,#419,.T.);
#419 = EDGE_CURVE('',#24,#370,#420,.T.);
#420 = SURFACE_CURVE('',#421,(#425,#432),.PCURVE_S1.);
#421 = LINE('',#422,#423);
#422 = CARTESIAN_POINT('',(-35.,-30.,60.));
#423 = VECTOR('',#424,1.);
#424 = DIRECTION('',(1.,0.,0.));
#425 = PCURVE('',#44,#426);
#426 = DEFINITIONAL_REPRESENTATION('',(#427),#431);
#427 = LINE('',#428,#429);
#428 = CARTESIAN_POINT('',(60.,0.));
#429 = VECTOR('',#430,1.);
#430 = DIRECTION('',(0.,1.));
#431 = ( GEOMETRIC_REPRESENTATION_CONTEXT(2) 
PARAMETRIC_REPRESENTATION_CONTEXT() REPRESENTATION_CONTEXT('2D SPACE',''
  ) );
#432 = PCURVE('',#238,#433);
#433 = DEFINITIONAL_REPRESENTATION('',(#434),#438);
#434 = LINE('',#435,#436);
#435 = CARTESIAN_POINT('',(0.,0.));
#436 = VECTOR('',#437,1.);
#437 = DIRECTION('',(1.,0.));
#438 = ( GEOMETRIC_REPRESENTATION_CONTEXT(2) 
PARAMETRIC_REPRESENTATION_CONTEXT() REPRESENTATION_CONTEXT('2D SPACE',''
  ) );
#439 = ADVANCED_FACE('',(#440),#238,.T.);
#440 = FACE_BOUND('',#441,.T.);
#441 = EDGE_LOOP('',(#442,#443,#444,#467));
#442 = ORIENTED_EDGE('',*,*,#224,.F.);
#443 = ORIENTED_EDGE('',*,*,#419,.T.);
#444 = ORIENTED_EDGE('',*,*,#445,.T.);
#445 = EDGE_CURVE('',#370,#446,#448,.T.);
#446 = VERTEX_POINT('',#447);
#447 = CARTESIAN_POINT('',(35.,-28.5,60.));
#448 = SURFACE_CURVE('',#449,(#453,#460),.PCURVE_S1.);
#449 = LINE('',#450,#451);
#450 = CARTESIAN_POINT('',(35.,-30.,60.));
#451 = VECTOR('',#452,1.);
#452 = DIRECTION('',(0.,1.,0.));
#453 = PCURVE('',#238,#454);
#454 = DEFINITIONAL_REPRESENTATION('',(#455),#459);
#455 = LINE('',#456,#457);
#456 = CARTESIAN_POINT('',(70.,0.));
#457 = VECTOR('',#458,1.);
#458 = DIRECTION('',(0.,1.));
#459 = ( GEOMETRIC_REPRESENTATION_CONTEXT(2) 
PARAMETRIC_REPRESENTATION_CONTEXT() REPRESENTATION_CONTEXT('2D SPACE',''
  ) );
#460 = PCURVE('',#385,#461);
#461 = DEFINITIONAL_REPRESENTATION('',(#462),#466);
#462 = LINE('',#463,#464);
#463 = CARTESIAN_POINT('',(60.,0.));
#464 = VECTOR('',#465,1.);
#465 = DIRECTION('',(0.,-1.));
#466 = ( GEOMETRIC_REPRESENTATION_CONTEXT(2) 
PARAMETRIC_REPRESENTATION_CONTEXT() REPRESENTATION_CONTEXT('2D SPACE',''
  ) );
#467 = ORIENTED_EDGE('',*,*,#468,.F.);
#468 = EDGE_CURVE('',#197,#446,#469,.T.);
#469 = SURFACE_CURVE('',#470,(#474,#481),.PCURVE_S1.);
#470 = LINE('',#471,#472);
#471 = CARTESIAN_POINT('',(-35.,-28.5,60.));
#472 = VECTOR('',#473,1.);
#473 = DIRECTION('',(1.,0.,0.));
#474 = PCURVE('',#238,#475);
#475 = DEFINITIONAL_REPRESENTATION('',(#476),#480);
#476 = LINE('',#477,#478);
#477 = CARTESIAN_POINT('',(0.,1.5));
#478 = VECTOR('',#479,1.);
#479 = DIRECTION('',(1.,0.));
#480 = ( GEOMETRIC_REPRESENTATION_CONTEXT(2) 
PARAMETRIC_REPRESENTATION_CONTEXT() REPRESENTATION_CONTEXT('2D SPACE',''
  ) );
#481 = PCURVE('',#212,#482);
#482 = DEFINITIONAL_REPRESENTATION('',(#483),#487);
#483 = LINE('',#484,#485);
#484 = CARTESIAN_POINT('',(0.,0.));
#485 = VECTOR('',#486,1.);
#486 = DIRECTION('',(0.,1.));
#487 = ( GEOMETRIC_REPRESENTATION_CONTEXT(2) 
PARAMETRIC_REPRESENTATION_CONTEXT() REPRESENTATION_CONTEXT('2D SPACE',''
  ) );
#488 = ADVANCED_FACE('',(#489,#537,#568,#599,#630),#212,.F.);
#489 = FACE_BOUND('',#490,.F.);
#490 = EDGE_LOOP('',(#491,#492,#493,#516));
#491 = ORIENTED_EDGE('',*,*,#468,.F.);
#492 = ORIENTED_EDGE('',*,*,#196,.T.);
#493 = ORIENTED_EDGE('',*,*,#494,.T.);
#494 = EDGE_CURVE('',#169,#495,#497,.T.);
#495 = VERTEX_POINT('',#496);
#496 = CARTESIAN_POINT('',(35.,-28.5,130.));
#497 = SURFACE_CURVE('',#498,(#502,#509),.PCURVE_S1.);
#498 = LINE('',#499,#500);
#499 = CARTESIAN_POINT('',(-35.,-28.5,130.));
#500 = VECTOR('',#501,1.);
#501 = DIRECTION('',(1.,0.,0.));
#502 = PCURVE('',#212,#503);
#503 = DEFINITIONAL_REPRESENTATION('',(#504),#508);
#504 = LINE('',#505,#506);
#505 = CARTESIAN_POINT('',(70.,0.));
#506 = VECTOR('',#507,1.);
#507 = DIRECTION('',(0.,1.));
#508 = ( GEOMETRIC_REPRESENTATION_CONTEXT(2) 
PARAMETRIC_REPRESENTATION_CONTEXT() REPRESENTATION_CONTEXT('2D SPACE',''
  ) );
#509 = PCURVE('',#184,#510);
#510 = DEFINITIONAL_REPRESENTATION('',(#511),#515);
#511 = LINE('',#512,#513);
#512 = CARTESIAN_POINT('',(0.,1.5));
#513 = VECTOR('',#514,1.);
#514 = DIRECTION('',(1.,0.));
#515 = ( GEOMETRIC_REPRESENTATION_CONTEXT(2) 
PARAMETRIC_REPRESENTATION_CONTEXT() REPRESENTATION_CONTEXT('2D SPACE',''
  ) );
#516 = ORIENTED_EDGE('',*,*,#517,.F.);
#517 = EDGE_CURVE('',#446,#495,#518,.T.);
#518 = SURFACE_CURVE('',#519,(#523,#530),.PCURVE_S1.);
#519 = LINE('',#520,#521);
#520 = CARTESIAN_POINT('',(35.,-28.5,60.));
#521 = VECTOR('',#522,1.);
#522 = DIRECTION('',(0.,0.,1.));
#523 = PCURVE('',#212,#524);
#524 = DEFINITIONAL_REPRESENTATION('',(#525),#529);
#525 = LINE('',#526,#527);
#526 = CARTESIAN_POINT('',(0.,70.));
#527 = VECTOR('',#528,1.);
#528 = DIRECTION('',(1.,0.));
#529 = ( GEOMETRIC_REPRESENTATION_CONTEXT(2) 
PARAMETRIC_REPRESENTATION_CONTEXT() REPRESENTATION_CONTEXT('2D SPACE',''
  ) );
#530 = PCURVE('',#385,#531);
#531 = DEFINITIONAL_REPRESENTATION('',(#532),#536);
#532 = LINE('',#533,#534);
#533 = CARTESIAN_POINT('',(60.,-1.5));
#534 = VECTOR('',#535,1.);
#535 = DIRECTION('',(1.,0.));
#536 = ( GEOMETRIC_REPRESENTATION_CONTEXT(2) 
PARAMETRIC_REPRESENTATION_CONTEXT() REPRESENTATION_CONTEXT('2D SPACE',''
  ) );
#537 = FACE_BOUND('',#538,.F.);
#538 = EDGE_LOOP('',(#539));
#539 = ORIENTED_EDGE('',*,*,#540,.F.);
#540 = EDGE_CURVE('',#541,#541,#543,.T.);
#541 = VERTEX_POINT('',#542);
#542 = CARTESIAN_POINT('',(-27.55,-28.5,83.5));
#543 = SURFACE_CURVE('',#544,(#549,#556),.PCURVE_S1.);
#544 = CIRCLE('',#545,1.45);
#545 = AXIS2_PLACEMENT_3D('',#546,#547,#548);
#546 = CARTESIAN_POINT('',(-29.,-28.5,83.5));
#547 = DIRECTION('',(-0.,1.,0.));
#548 = DIRECTION('',(1.,0.,0.));
#549 = PCURVE('',#212,#550);
#550 = DEFINITIONAL_REPRESENTATION('',(#551),#555);
#551 = CIRCLE('',#552,1.45);
#552 = AXIS2_PLACEMENT_2D('',#553,#554);
#553 = CARTESIAN_POINT('',(23.5,6.));
#554 = DIRECTION('',(0.,1.));
#555 = ( GEOMETRIC_REPRESENTATION_CONTEXT(2) 
PARAMETRIC_REPRESENTATION_CONTEXT() REPRESENTATION_CONTEXT('2D SPACE',''
  ) );
#556 = PCURVE('',#557,#562);
#557 = CYLINDRICAL_SURFACE('',#558,1.45);
#558 = AXIS2_PLACEMENT_3D('',#559,#560,#561);
#559 = CARTESIAN_POINT('',(-29.,0.,83.5));
#560 = DIRECTION('',(-0.,1.,-0.));
#561 = DIRECTION('',(1.,0.,0.));
#562 = DEFINITIONAL_REPRESENTATION('',(#563),#567);
#563 = LINE('',#564,#565);
#564 = CARTESIAN_POINT('',(-6.28318530718,-28.5));
#565 = VECTOR('',#566,1.);
#566 = DIRECTION('',(1.,-0.));
#567 = ( GEOMETRIC_REPRESENTATION_CONTEXT(2) 
PARAMETRIC_REPRESENTATION_CONTEXT() REPRESENTATION_CONTEXT('2D SPACE',''
  ) );
#568 = FACE_BOUND('',#569,.F.);
#569 = EDGE_LOOP('',(#570));
#570 = ORIENTED_EDGE('',*,*,#571,.F.);
#571 = EDGE_CURVE('',#572,#572,#574,.T.);
#572 = VERTEX_POINT('',#573);
#573 = CARTESIAN_POINT('',(-27.55,-28.5,106.5));
#574 = SURFACE_CURVE('',#575,(#580,#587),.PCURVE_S1.);
#575 = CIRCLE('',#576,1.45);
#576 = AXIS2_PLACEMENT_3D('',#577,#578,#579);
#577 = CARTESIAN_POINT('',(-29.,-28.5,106.5));
#578 = DIRECTION('',(-0.,1.,0.));
#579 = DIRECTION('',(1.,0.,0.));
#580 = PCURVE('',#212,#581);
#581 = DEFINITIONAL_REPRESENTATION('',(#582),#586);
#582 = CIRCLE('',#583,1.45);
#583 = AXIS2_PLACEMENT_2D('',#584,#585);
#584 = CARTESIAN_POINT('',(46.5,6.));
#585 = DIRECTION('',(0.,1.));
#586 = ( GEOMETRIC_REPRESENTATION_CONTEXT(2) 
PARAMETRIC_REPRESENTATION_CONTEXT() REPRESENTATION_CONTEXT('2D SPACE',''
  ) );
#587 = PCURVE('',#588,#593);
#588 = CYLINDRICAL_SURFACE('',#589,1.45);
#589 = AXIS2_PLACEMENT_3D('',#590,#591,#592);
#590 = CARTESIAN_POINT('',(-29.,0.,106.5));
#591 = DIRECTION('',(-0.,1.,-0.));
#592 = DIRECTION('',(1.,0.,0.));
#593 = DEFINITIONAL_REPRESENTATION('',(#594),#598);
#594 = LINE('',#595,#596);
#595 = CARTESIAN_POINT('',(-6.28318530718,-28.5));
#596 = VECTOR('',#597,1.);
#597 = DIRECTION('',(1.,-0.));
#598 = ( GEOMETRIC_REPRESENTATION_CONTEXT(2) 
PARAMETRIC_REPRESENTATION_CONTEXT() REPRESENTATION_CONTEXT('2D SPACE',''
  ) );
#599 = FACE_BOUND('',#600,.F.);
#600 = EDGE_LOOP('',(#601));
#601 = ORIENTED_EDGE('',*,*,#602,.F.);
#602 = EDGE_CURVE('',#603,#603,#605,.T.);
#603 = VERTEX_POINT('',#604);
#604 = CARTESIAN_POINT('',(30.45,-28.5,83.5));
#605 = SURFACE_CURVE('',#606,(#611,#618),.PCURVE_S1.);
#606 = CIRCLE('',#607,1.45);
#607 = AXIS2_PLACEMENT_3D('',#608,#609,#610);
#608 = CARTESIAN_POINT('',(29.,-28.5,83.5));
#609 = DIRECTION('',(-0.,1.,0.));
#610 = DIRECTION('',(1.,0.,0.));
#611 = PCURVE('',#212,#612);
#612 = DEFINITIONAL_REPRESENTATION('',(#613),#617);
#613 = CIRCLE('',#614,1.45);
#614 = AXIS2_PLACEMENT_2D('',#615,#616);
#615 = CARTESIAN_POINT('',(23.5,64.));
#616 = DIRECTION('',(0.,1.));
#617 = ( GEOMETRIC_REPRESENTATION_CONTEXT(2) 
PARAMETRIC_REPRESENTATION_CONTEXT() REPRESENTATION_CONTEXT('2D SPACE',''
  ) );
#618 = PCURVE('',#619,#624);
#619 = CYLINDRICAL_SURFACE('',#620,1.45);
#620 = AXIS2_PLACEMENT_3D('',#621,#622,#623);
#621 = CARTESIAN_POINT('',(29.,0.,83.5));
#622 = DIRECTION('',(-0.,1.,-0.));
#623 = DIRECTION('',(1.,0.,0.));
#624 = DEFINITIONAL_REPRESENTATION('',(#625),#629);
#625 = LINE('',#626,#627);
#626 = CARTESIAN_POINT('',(-6.28318530718,-28.5));
#627 = VECTOR('',#628,1.);
#628 = DIRECTION('',(1.,-0.));
#629 = ( GEOMETRIC_REPRESENTATION_CONTEXT(2) 
PARAMETRIC_REPRESENTATION_CONTEXT() REPRESENTATION_CONTEXT('2D SPACE',''
  ) );
#630 = FACE_BOUND('',#631,.F.);
#631 = EDGE_LOOP('',(#632));
#632 = ORIENTED_EDGE('',*,*,#633,.F.);
#633 = EDGE_CURVE('',#634,#634,#636,.T.);
#634 = VERTEX_POINT('',#635);
#635 = CARTESIAN_POINT('',(30.45,-28.5,106.5));
#636 = SURFACE_CURVE('',#637,(#642,#649),.PCURVE_S1.);
#637 = CIRCLE('',#638,1.45);
#638 = AXIS2_PLACEMENT_3D('',#639,#640,#641);
#639 = CARTESIAN_POINT('',(29.,-28.5,106.5));
#640 = DIRECTION('',(-0.,1.,0.));
#641 = DIRECTION('',(1.,0.,0.));
#642 = PCURVE('',#212,#643);
#643 = DEFINITIONAL_REPRESENTATION('',(#644),#648);
#644 = CIRCLE('',#645,1.45);
#645 = AXIS2_PLACEMENT_2D('',#646,#647);
#646 = CARTESIAN_POINT('',(46.5,64.));
#647 = DIRECTION('',(0.,1.));
#648 = ( GEOMETRIC_REPRESENTATION_CONTEXT(2) 
PARAMETRIC_REPRESENTATION_CONTEXT() REPRESENTATION_CONTEXT('2D SPACE',''
  ) );
#649 = PCURVE('',#650,#655);
#650 = CYLINDRICAL_SURFACE('',#651,1.45);
#651 = AXIS2_PLACEMENT_3D('',#652,#653,#654);
#652 = CARTESIAN_POINT('',(29.,0.,106.5));
#653 = DIRECTION('',(-0.,1.,-0.));
#654 = DIRECTION('',(1.,0.,0.));
#655 = DEFINITIONAL_REPRESENTATION('',(#656),#660);
#656 = LINE('',#657,#658);
#657 = CARTESIAN_POINT('',(-6.28318530718,-28.5));
#658 = VECTOR('',#659,1.);
#659 = DIRECTION('',(1.,-0.));
#660 = ( GEOMETRIC_REPRESENTATION_CONTEXT(2) 
PARAMETRIC_REPRESENTATION_CONTEXT() REPRESENTATION_CONTEXT('2D SPACE',''
  ) );
#661 = ADVANCED_FACE('',(#662),#184,.F.);
#662 = FACE_BOUND('',#663,.F.);
#663 = EDGE_LOOP('',(#664,#665,#688,#709));
#664 = ORIENTED_EDGE('',*,*,#168,.F.);
#665 = ORIENTED_EDGE('',*,*,#666,.T.);
#666 = EDGE_CURVE('',#141,#667,#669,.T.);
#667 = VERTEX_POINT('',#668);
#668 = CARTESIAN_POINT('',(35.,-30.,130.));
#669 = SURFACE_CURVE('',#670,(#674,#681),.PCURVE_S1.);
#670 = LINE('',#671,#672);
#671 = CARTESIAN_POINT('',(-35.,-30.,130.));
#672 = VECTOR('',#673,1.);
#673 = DIRECTION('',(1.,0.,0.));
#674 = PCURVE('',#184,#675);
#675 = DEFINITIONAL_REPRESENTATION('',(#676),#680);
#676 = LINE('',#677,#678);
#677 = CARTESIAN_POINT('',(0.,0.));
#678 = VECTOR('',#679,1.);
#679 = DIRECTION('',(1.,0.));
#680 = ( GEOMETRIC_REPRESENTATION_CONTEXT(2) 
PARAMETRIC_REPRESENTATION_CONTEXT() REPRESENTATION_CONTEXT('2D SPACE',''
  ) );
#681 = PCURVE('',#156,#682);
#682 = DEFINITIONAL_REPRESENTATION('',(#683),#687);
#683 = LINE('',#684,#685);
#684 = CARTESIAN_POINT('',(130.,0.));
#685 = VECTOR('',#686,1.);
#686 = DIRECTION('',(0.,1.));
#687 = ( GEOMETRIC_REPRESENTATION_CONTEXT(2) 
PARAMETRIC_REPRESENTATION_CONTEXT() REPRESENTATION_CONTEXT('2D SPACE',''
  ) );
#688 = ORIENTED_EDGE('',*,*,#689,.T.);
#689 = EDGE_CURVE('',#667,#495,#690,.T.);
#690 = SURFACE_CURVE('',#691,(#695,#702),.PCURVE_S1.);
#691 = LINE('',#692,#693);
#692 = CARTESIAN_POINT('',(35.,-30.,130.));
#693 = VECTOR('',#694,1.);
#694 = DIRECTION('',(0.,1.,0.));
#695 = PCURVE('',#184,#696);
#696 = DEFINITIONAL_REPRESENTATION('',(#697),#701);
#697 = LINE('',#698,#699);
#698 = CARTESIAN_POINT('',(70.,0.));
#699 = VECTOR('',#700,1.);
#700 = DIRECTION('',(0.,1.));
#701 = ( GEOMETRIC_REPRESENTATION_CONTEXT(2) 
PARAMETRIC_REPRESENTATION_CONTEXT() REPRESENTATION_CONTEXT('2D SPACE',''
  ) );
#702 = PCURVE('',#385,#703);
#703 = DEFINITIONAL_REPRESENTATION('',(#704),#708);
#704 = LINE('',#705,#706);
#705 = CARTESIAN_POINT('',(130.,0.));
#706 = VECTOR('',#707,1.);
#707 = DIRECTION('',(0.,-1.));
#708 = ( GEOMETRIC_REPRESENTATION_CONTEXT(2) 
PARAMETRIC_REPRESENTATION_CONTEXT() REPRESENTATION_CONTEXT('2D SPACE',''
  ) );
#709 = ORIENTED_EDGE('',*,*,#494,.F.);
#710 = ADVANCED_FACE('',(#711),#156,.F.);
#711 = FACE_BOUND('',#712,.F.);
#712 = EDGE_LOOP('',(#713,#736,#737,#738));
#713 = ORIENTED_EDGE('',*,*,#714,.F.);
#714 = EDGE_CURVE('',#667,#715,#717,.T.);
#715 = VERTEX_POINT('',#716);
#716 = CARTESIAN_POINT('',(35.,-30.,300.));
#717 = SURFACE_CURVE('',#718,(#722,#729),.PCURVE_S1.);
#718 = LINE('',#719,#720);
#719 = CARTESIAN_POINT('',(35.,-30.,0.));
#720 = VECTOR('',#721,1.);
#721 = DIRECTION('',(0.,0.,1.));
#722 = PCURVE('',#156,#723);
#723 = DEFINITIONAL_REPRESENTATION('',(#724),#728);
#724 = LINE('',#725,#726);
#725 = CARTESIAN_POINT('',(0.,70.));
#726 = VECTOR('',#727,1.);
#727 = DIRECTION('',(1.,0.));
#728 = ( GEOMETRIC_REPRESENTATION_CONTEXT(2) 
PARAMETRIC_REPRESENTATION_CONTEXT() REPRESENTATION_CONTEXT('2D SPACE',''
  ) );
#729 = PCURVE('',#385,#730);
#730 = DEFINITIONAL_REPRESENTATION('',(#731),#735);
#731 = LINE('',#732,#733);
#732 = CARTESIAN_POINT('',(0.,0.));
#733 = VECTOR('',#734,1.);
#734 = DIRECTION('',(1.,0.));
#735 = ( GEOMETRIC_REPRESENTATION_CONTEXT(2) 
PARAMETRIC_REPRESENTATION_CONTEXT() REPRESENTATION_CONTEXT('2D SPACE',''
  ) );
#736 = ORIENTED_EDGE('',*,*,#666,.F.);
#737 = ORIENTED_EDGE('',*,*,#140,.T.);
#738 = ORIENTED_EDGE('',*,*,#739,.T.);
#739 = EDGE_CURVE('',#113,#715,#740,.T.);
#740 = SURFACE_CURVE('',#741,(#745,#752),.PCURVE_S1.);
#741 = LINE('',#742,#743);
#742 = CARTESIAN_POINT('',(-35.,-30.,300.));
#743 = VECTOR('',#744,1.);
#744 = DIRECTION('',(1.,0.,0.));
#745 = PCURVE('',#156,#746);
#746 = DEFINITIONAL_REPRESENTATION('',(#747),#751);
#747 = LINE('',#748,#749);
#748 = CARTESIAN_POINT('',(300.,0.));
#749 = VECTOR('',#750,1.);
#750 = DIRECTION('',(0.,1.));
#751 = ( GEOMETRIC_REPRESENTATION_CONTEXT(2) 
PARAMETRIC_REPRESENTATION_CONTEXT() REPRESENTATION_CONTEXT('2D SPACE',''
  ) );
#752 = PCURVE('',#128,#753);
#753 = DEFINITIONAL_REPRESENTATION('',(#754),#758);
#754 = LINE('',#755,#756);
#755 = CARTESIAN_POINT('',(0.,0.));
#756 = VECTOR('',#757,1.);
#757 = DIRECTION('',(1.,0.));
#758 = ( GEOMETRIC_REPRESENTATION_CONTEXT(2) 
PARAMETRIC_REPRESENTATION_CONTEXT() REPRESENTATION_CONTEXT('2D SPACE',''
  ) );
#759 = ADVANCED_FACE('',(#760,#915,#950,#1064),#128,.T.);
#760 = FACE_BOUND('',#761,.T.);
#761 = EDGE_LOOP('',(#762,#785,#786,#787,#810,#838,#866,#894));
#762 = ORIENTED_EDGE('',*,*,#763,.F.);
#763 = EDGE_CURVE('',#85,#764,#766,.T.);
#764 = VERTEX_POINT('',#765);
#765 = CARTESIAN_POINT('',(35.,30.,300.));
#766 = SURFACE_CURVE('',#767,(#771,#778),.PCURVE_S1.);
#767 = LINE('',#768,#769);
#768 = CARTESIAN_POINT('',(-35.,30.,300.));
#769 = VECTOR('',#770,1.);
#770 = DIRECTION('',(1.,0.,0.));
#771 = PCURVE('',#128,#772);
#772 = DEFINITIONAL_REPRESENTATION('',(#773),#777);
#773 = LINE('',#774,#775);
#774 = CARTESIAN_POINT('',(0.,60.));
#775 = VECTOR('',#776,1.);
#776 = DIRECTION('',(1.,0.));
#777 = ( GEOMETRIC_REPRESENTATION_CONTEXT(2) 
PARAMETRIC_REPRESENTATION_CONTEXT() REPRESENTATION_CONTEXT('2D SPACE',''
  ) );
#778 = PCURVE('',#100,#779);
#779 = DEFINITIONAL_REPRESENTATION('',(#780),#784);
#780 = LINE('',#781,#782);
#781 = CARTESIAN_POINT('',(300.,0.));
#782 = VECTOR('',#783,1.);
#783 = DIRECTION('',(0.,1.));
#784 = ( GEOMETRIC_REPRESENTATION_CONTEXT(2) 
PARAMETRIC_REPRESENTATION_CONTEXT() REPRESENTATION_CONTEXT('2D SPACE',''
  ) );
#785 = ORIENTED_EDGE('',*,*,#112,.F.);
#786 = ORIENTED_EDGE('',*,*,#739,.T.);
#787 = ORIENTED_EDGE('',*,*,#788,.T.);
#788 = EDGE_CURVE('',#715,#789,#791,.T.);
#789 = VERTEX_POINT('',#790);
#790 = CARTESIAN_POINT('',(35.,-2.,300.));
#791 = SURFACE_CURVE('',#792,(#796,#803),.PCURVE_S1.);
#792 = LINE('',#793,#794);
#793 = CARTESIAN_POINT('',(35.,-30.,300.));
#794 = VECTOR('',#795,1.);
#795 = DIRECTION('',(0.,1.,0.));
#796 = PCURVE('',#128,#797);
#797 = DEFINITIONAL_REPRESENTATION('',(#798),#802);
#798 = LINE('',#799,#800);
#799 = CARTESIAN_POINT('',(70.,0.));
#800 = VECTOR('',#801,1.);
#801 = DIRECTION('',(0.,1.));
#802 = ( GEOMETRIC_REPRESENTATION_CONTEXT(2) 
PARAMETRIC_REPRESENTATION_CONTEXT() REPRESENTATION_CONTEXT('2D SPACE',''
  ) );
#803 = PCURVE('',#385,#804);
#804 = DEFINITIONAL_REPRESENTATION('',(#805),#809);
#805 = LINE('',#806,#807);
#806 = CARTESIAN_POINT('',(300.,0.));
#807 = VECTOR('',#808,1.);
#808 = DIRECTION('',(0.,-1.));
#809 = ( GEOMETRIC_REPRESENTATION_CONTEXT(2) 
PARAMETRIC_REPRESENTATION_CONTEXT() REPRESENTATION_CONTEXT('2D SPACE',''
  ) );
#810 = ORIENTED_EDGE('',*,*,#811,.F.);
#811 = EDGE_CURVE('',#812,#789,#814,.T.);
#812 = VERTEX_POINT('',#813);
#813 = CARTESIAN_POINT('',(32.,-2.,300.));
#814 = SURFACE_CURVE('',#815,(#819,#826),.PCURVE_S1.);
#815 = LINE('',#816,#817);
#816 = CARTESIAN_POINT('',(32.,-2.,300.));
#817 = VECTOR('',#818,1.);
#818 = DIRECTION('',(1.,0.,0.));
#819 = PCURVE('',#128,#820);
#820 = DEFINITIONAL_REPRESENTATION('',(#821),#825);
#821 = LINE('',#822,#823);
#822 = CARTESIAN_POINT('',(67.,28.));
#823 = VECTOR('',#824,1.);
#824 = DIRECTION('',(1.,0.));
#825 = ( GEOMETRIC_REPRESENTATION_CONTEXT(2) 
PARAMETRIC_REPRESENTATION_CONTEXT() REPRESENTATION_CONTEXT('2D SPACE',''
  ) );
#826 = PCURVE('',#827,#832);
#827 = PLANE('',#828);
#828 = AXIS2_PLACEMENT_3D('',#829,#830,#831);
#829 = CARTESIAN_POINT('',(32.,-2.,125.));
#830 = DIRECTION('',(0.,1.,0.));
#831 = DIRECTION('',(0.,0.,1.));
#832 = DEFINITIONAL_REPRESENTATION('',(#833),#837);
#833 = LINE('',#834,#835);
#834 = CARTESIAN_POINT('',(175.,0.));
#835 = VECTOR('',#836,1.);
#836 = DIRECTION('',(0.,1.));
#837 = ( GEOMETRIC_REPRESENTATION_CONTEXT(2) 
PARAMETRIC_REPRESENTATION_CONTEXT() REPRESENTATION_CONTEXT('2D SPACE',''
  ) );
#838 = ORIENTED_EDGE('',*,*,#839,.T.);
#839 = EDGE_CURVE('',#812,#840,#842,.T.);
#840 = VERTEX_POINT('',#841);
#841 = CARTESIAN_POINT('',(32.,2.,300.));
#842 = SURFACE_CURVE('',#843,(#847,#854),.PCURVE_S1.);
#843 = LINE('',#844,#845);
#844 = CARTESIAN_POINT('',(32.,-2.,300.));
#845 = VECTOR('',#846,1.);
#846 = DIRECTION('',(0.,1.,0.));
#847 = PCURVE('',#128,#848);
#848 = DEFINITIONAL_REPRESENTATION('',(#849),#853);
#849 = LINE('',#850,#851);
#850 = CARTESIAN_POINT('',(67.,28.));
#851 = VECTOR('',#852,1.);
#852 = DIRECTION('',(0.,1.));
#853 = ( GEOMETRIC_REPRESENTATION_CONTEXT(2) 
PARAMETRIC_REPRESENTATION_CONTEXT() REPRESENTATION_CONTEXT('2D SPACE',''
  ) );
#854 = PCURVE('',#855,#860);
#855 = PLANE('',#856);
#856 = AXIS2_PLACEMENT_3D('',#857,#858,#859);
#857 = CARTESIAN_POINT('',(32.,-2.,125.));
#858 = DIRECTION('',(1.,0.,0.));
#859 = DIRECTION('',(0.,0.,1.));
#860 = DEFINITIONAL_REPRESENTATION('',(#861),#865);
#861 = LINE('',#862,#863);
#862 = CARTESIAN_POINT('',(175.,0.));
#863 = VECTOR('',#864,1.);
#864 = DIRECTION('',(0.,-1.));
#865 = ( GEOMETRIC_REPRESENTATION_CONTEXT(2) 
PARAMETRIC_REPRESENTATION_CONTEXT() REPRESENTATION_CONTEXT('2D SPACE',''
  ) );
#866 = ORIENTED_EDGE('',*,*,#867,.T.);
#867 = EDGE_CURVE('',#840,#868,#870,.T.);
#868 = VERTEX_POINT('',#869);
#869 = CARTESIAN_POINT('',(35.,2.,300.));
#870 = SURFACE_CURVE('',#871,(#875,#882),.PCURVE_S1.);
#871 = LINE('',#872,#873);
#872 = CARTESIAN_POINT('',(32.,2.,300.));
#873 = VECTOR('',#874,1.);
#874 = DIRECTION('',(1.,0.,0.));
#875 = PCURVE('',#128,#876);
#876 = DEFINITIONAL_REPRESENTATION('',(#877),#881);
#877 = LINE('',#878,#879);
#878 = CARTESIAN_POINT('',(67.,32.));
#879 = VECTOR('',#880,1.);
#880 = DIRECTION('',(1.,0.));
#881 = ( GEOMETRIC_REPRESENTATION_CONTEXT(2) 
PARAMETRIC_REPRESENTATION_CONTEXT() REPRESENTATION_CONTEXT('2D SPACE',''
  ) );
#882 = PCURVE('',#883,#888);
#883 = PLANE('',#884);
#884 = AXIS2_PLACEMENT_3D('',#885,#886,#887);
#885 = CARTESIAN_POINT('',(32.,2.,125.));
#886 = DIRECTION('',(0.,1.,0.));
#887 = DIRECTION('',(0.,0.,1.));
#888 = DEFINITIONAL_REPRESENTATION('',(#889),#893);
#889 = LINE('',#890,#891);
#890 = CARTESIAN_POINT('',(175.,0.));
#891 = VECTOR('',#892,1.);
#892 = DIRECTION('',(0.,1.));
#893 = ( GEOMETRIC_REPRESENTATION_CONTEXT(2) 
PARAMETRIC_REPRESENTATION_CONTEXT() REPRESENTATION_CONTEXT('2D SPACE',''
  ) );
#894 = ORIENTED_EDGE('',*,*,#895,.T.);
#895 = EDGE_CURVE('',#868,#764,#896,.T.);
#896 = SURFACE_CURVE('',#897,(#901,#908),.PCURVE_S1.);
#897 = LINE('',#898,#899);
#898 = CARTESIAN_POINT('',(35.,-30.,300.));
#899 = VECTOR('',#900,1.);
#900 = DIRECTION('',(0.,1.,0.));
#901 = PCURVE('',#128,#902);
#902 = DEFINITIONAL_REPRESENTATION('',(#903),#907);
#903 = LINE('',#904,#905);
#904 = CARTESIAN_POINT('',(70.,0.));
#905 = VECTOR('',#906,1.);
#906 = DIRECTION('',(0.,1.));
#907 = ( GEOMETRIC_REPRESENTATION_CONTEXT(2) 
PARAMETRIC_REPRESENTATION_CONTEXT() REPRESENTATION_CONTEXT('2D SPACE',''
  ) );
#908 = PCURVE('',#385,#909);
#909 = DEFINITIONAL_REPRESENTATION('',(#910),#914);
#910 = LINE('',#911,#912);
#911 = CARTESIAN_POINT('',(300.,0.));
#912 = VECTOR('',#913,1.);
#913 = DIRECTION('',(0.,-1.));
#914 = ( GEOMETRIC_REPRESENTATION_CONTEXT(2) 
PARAMETRIC_REPRESENTATION_CONTEXT() REPRESENTATION_CONTEXT('2D SPACE',''
  ) );
#915 = FACE_BOUND('',#916,.T.);
#916 = EDGE_LOOP('',(#917));
#917 = ORIENTED_EDGE('',*,*,#918,.T.);
#918 = EDGE_CURVE('',#919,#919,#921,.T.);
#919 = VERTEX_POINT('',#920);
#920 = CARTESIAN_POINT('',(-23.15,20.,300.));
#921 = SURFACE_CURVE('',#922,(#927,#938),.PCURVE_S1.);
#922 = CIRCLE('',#923,1.6);
#923 = AXIS2_PLACEMENT_3D('',#924,#925,#926);
#924 = CARTESIAN_POINT('',(-24.75,20.,300.));
#925 = DIRECTION('',(0.,0.,-1.));
#926 = DIRECTION('',(1.,0.,0.));
#927 = PCURVE('',#128,#928);
#928 = DEFINITIONAL_REPRESENTATION('',(#929),#937);
#929 = ( BOUNDED_CURVE() B_SPLINE_CURVE(2,(#930,#931,#932,#933,#934,#935
,#936),.UNSPECIFIED.,.T.,.F.) B_SPLINE_CURVE_WITH_KNOTS((1,2,2,2,2,1),(
    -2.094395102393,0.,2.094395102393,4.188790204786,6.28318530718,
8.377580409573),.UNSPECIFIED.) CURVE() GEOMETRIC_REPRESENTATION_ITEM() 
RATIONAL_B_SPLINE_CURVE((1.,0.5,1.,0.5,1.,0.5,1.)) REPRESENTATION_ITEM(
  '') );
#930 = CARTESIAN_POINT('',(11.85,50.));
#931 = CARTESIAN_POINT('',(11.85,47.22871870789));
#932 = CARTESIAN_POINT('',(9.45,48.614359353945));
#933 = CARTESIAN_POINT('',(7.05,50.));
#934 = CARTESIAN_POINT('',(9.45,51.385640646055));
#935 = CARTESIAN_POINT('',(11.85,52.77128129211));
#936 = CARTESIAN_POINT('',(11.85,50.));
#937 = ( GEOMETRIC_REPRESENTATION_CONTEXT(2) 
PARAMETRIC_REPRESENTATION_CONTEXT() REPRESENTATION_CONTEXT('2D SPACE',''
  ) );
#938 = PCURVE('',#939,#944);
#939 = CYLINDRICAL_SURFACE('',#940,1.6);
#940 = AXIS2_PLACEMENT_3D('',#941,#942,#943);
#941 = CARTESIAN_POINT('',(-24.75,20.,0.));
#942 = DIRECTION('',(-0.,-0.,-1.));
#943 = DIRECTION('',(1.,0.,0.));
#944 = DEFINITIONAL_REPRESENTATION('',(#945),#949);
#945 = LINE('',#946,#947);
#946 = CARTESIAN_POINT('',(-6.28318530718,-300.));
#947 = VECTOR('',#948,1.);
#948 = DIRECTION('',(1.,-0.));
#949 = ( GEOMETRIC_REPRESENTATION_CONTEXT(2) 
PARAMETRIC_REPRESENTATION_CONTEXT() REPRESENTATION_CONTEXT('2D SPACE',''
  ) );
#950 = FACE_BOUND('',#951,.T.);
#951 = EDGE_LOOP('',(#952,#982,#1010,#1038));
#952 = ORIENTED_EDGE('',*,*,#953,.T.);
#953 = EDGE_CURVE('',#954,#956,#958,.T.);
#954 = VERTEX_POINT('',#955);
#955 = CARTESIAN_POINT('',(-22.,-22.,300.));
#956 = VERTEX_POINT('',#957);
#957 = CARTESIAN_POINT('',(-22.,22.,300.));
#958 = SURFACE_CURVE('',#959,(#963,#970),.PCURVE_S1.);
#959 = LINE('',#960,#961);
#960 = CARTESIAN_POINT('',(-22.,-22.,300.));
#961 = VECTOR('',#962,1.);
#962 = DIRECTION('',(0.,1.,0.));
#963 = PCURVE('',#128,#964);
#964 = DEFINITIONAL_REPRESENTATION('',(#965),#969);
#965 = LINE('',#966,#967);
#966 = CARTESIAN_POINT('',(13.,8.));
#967 = VECTOR('',#968,1.);
#968 = DIRECTION('',(0.,1.));
#969 = ( GEOMETRIC_REPRESENTATION_CONTEXT(2) 
PARAMETRIC_REPRESENTATION_CONTEXT() REPRESENTATION_CONTEXT('2D SPACE',''
  ) );
#970 = PCURVE('',#971,#976);
#971 = PLANE('',#972);
#972 = AXIS2_PLACEMENT_3D('',#973,#974,#975);
#973 = CARTESIAN_POINT('',(-22.,-22.,300.));
#974 = DIRECTION('',(1.,0.,0.));
#975 = DIRECTION('',(0.,0.,1.));
#976 = DEFINITIONAL_REPRESENTATION('',(#977),#981);
#977 = LINE('',#978,#979);
#978 = CARTESIAN_POINT('',(0.,0.));
#979 = VECTOR('',#980,1.);
#980 = DIRECTION('',(0.,-1.));
#981 = ( GEOMETRIC_REPRESENTATION_CONTEXT(2) 
PARAMETRIC_REPRESENTATION_CONTEXT() REPRESENTATION_CONTEXT('2D SPACE',''
  ) );
#982 = ORIENTED_EDGE('',*,*,#983,.T.);
#983 = EDGE_CURVE('',#956,#984,#986,.T.);
#984 = VERTEX_POINT('',#985);
#985 = CARTESIAN_POINT('',(22.,22.,300.));
#986 = SURFACE_CURVE('',#987,(#991,#998),.PCURVE_S1.);
#987 = LINE('',#988,#989);
#988 = CARTESIAN_POINT('',(-22.,22.,300.));
#989 = VECTOR('',#990,1.);
#990 = DIRECTION('',(1.,0.,0.));
#991 = PCURVE('',#128,#992);
#992 = DEFINITIONAL_REPRESENTATION('',(#993),#997);
#993 = LINE('',#994,#995);
#994 = CARTESIAN_POINT('',(13.,52.));
#995 = VECTOR('',#996,1.);
#996 = DIRECTION('',(1.,0.));
#997 = ( GEOMETRIC_REPRESENTATION_CONTEXT(2) 
PARAMETRIC_REPRESENTATION_CONTEXT() REPRESENTATION_CONTEXT('2D SPACE',''
  ) );
#998 = PCURVE('',#999,#1004);
#999 = PLANE('',#1000);
#1000 = AXIS2_PLACEMENT_3D('',#1001,#1002,#1003);
#1001 = CARTESIAN_POINT('',(-22.,22.,300.));
#1002 = DIRECTION('',(0.,1.,0.));
#1003 = DIRECTION('',(0.,0.,1.));
#1004 = DEFINITIONAL_REPRESENTATION('',(#1005),#1009);
#1005 = LINE('',#1006,#1007);
#1006 = CARTESIAN_POINT('',(0.,0.));
#1007 = VECTOR('',#1008,1.);
#1008 = DIRECTION('',(0.,1.));
#1009 = ( GEOMETRIC_REPRESENTATION_CONTEXT(2) 
PARAMETRIC_REPRESENTATION_CONTEXT() REPRESENTATION_CONTEXT('2D SPACE',''
  ) );
#1010 = ORIENTED_EDGE('',*,*,#1011,.F.);
#1011 = EDGE_CURVE('',#1012,#984,#1014,.T.);
#1012 = VERTEX_POINT('',#1013);
#1013 = CARTESIAN_POINT('',(22.,-22.,300.));
#1014 = SURFACE_CURVE('',#1015,(#1019,#1026),.PCURVE_S1.);
#1015 = LINE('',#1016,#1017);
#1016 = CARTESIAN_POINT('',(22.,-22.,300.));
#1017 = VECTOR('',#1018,1.);
#1018 = DIRECTION('',(0.,1.,0.));
#1019 = PCURVE('',#128,#1020);
#1020 = DEFINITIONAL_REPRESENTATION('',(#1021),#1025);
#1021 = LINE('',#1022,#1023);
#1022 = CARTESIAN_POINT('',(57.,8.));
#1023 = VECTOR('',#1024,1.);
#1024 = DIRECTION('',(0.,1.));
#1025 = ( GEOMETRIC_REPRESENTATION_CONTEXT(2) 
PARAMETRIC_REPRESENTATION_CONTEXT() REPRESENTATION_CONTEXT('2D SPACE',''
  ) );
#1026 = PCURVE('',#1027,#1032);
#1027 = PLANE('',#1028);
#1028 = AXIS2_PLACEMENT_3D('',#1029,#1030,#1031);
#1029 = CARTESIAN_POINT('',(22.,-22.,300.));
#1030 = DIRECTION('',(1.,0.,0.));
#1031 = DIRECTION('',(0.,0.,1.));
#1032 = DEFINITIONAL_REPRESENTATION('',(#1033),#1037);
#1033 = LINE('',#1034,#1035);
#1034 = CARTESIAN_POINT('',(0.,0.));
#1035 = VECTOR('',#1036,1.);
#1036 = DIRECTION('',(0.,-1.));
#1037 = ( GEOMETRIC_REPRESENTATION_CONTEXT(2) 
PARAMETRIC_REPRESENTATION_CONTEXT() REPRESENTATION_CONTEXT('2D SPACE',''
  ) );
#1038 = ORIENTED_EDGE('',*,*,#1039,.F.);
#1039 = EDGE_CURVE('',#954,#1012,#1040,.T.);
#1040 = SURFACE_CURVE('',#1041,(#1045,#1052),.PCURVE_S1.);
#1041 = LINE('',#1042,#1043);
#1042 = CARTESIAN_POINT('',(-22.,-22.,300.));
#1043 = VECTOR('',#1044,1.);
#1044 = DIRECTION('',(1.,0.,0.));
#1045 = PCURVE('',#128,#1046);
#1046 = DEFINITIONAL_REPRESENTATION('',(#1047),#1051);
#1047 = LINE('',#1048,#1049);
#1048 = CARTESIAN_POINT('',(13.,8.));
#1049 = VECTOR('',#1050,1.);
#1050 = DIRECTION('',(1.,0.));
#1051 = ( GEOMETRIC_REPRESENTATION_CONTEXT(2) 
PARAMETRIC_REPRESENTATION_CONTEXT() REPRESENTATION_CONTEXT('2D SPACE',''
  ) );
#1052 = PCURVE('',#1053,#1058);
#1053 = PLANE('',#1054);
#1054 = AXIS2_PLACEMENT_3D('',#1055,#1056,#1057);
#1055 = CARTESIAN_POINT('',(-22.,-22.,300.));
#1056 = DIRECTION('',(0.,1.,0.));
#1057 = DIRECTION('',(0.,0.,1.));
#1058 = DEFINITIONAL_REPRESENTATION('',(#1059),#1063);
#1059 = LINE('',#1060,#1061);
#1060 = CARTESIAN_POINT('',(0.,0.));
#1061 = VECTOR('',#1062,1.);
#1062 = DIRECTION('',(0.,1.));
#1063 = ( GEOMETRIC_REPRESENTATION_CONTEXT(2) 
PARAMETRIC_REPRESENTATION_CONTEXT() REPRESENTATION_CONTEXT('2D SPACE',''
  ) );
#1064 = FACE_BOUND('',#1065,.T.);
#1065 = EDGE_LOOP('',(#1066));
#1066 = ORIENTED_EDGE('',*,*,#1067,.T.);
#1067 = EDGE_CURVE('',#1068,#1068,#1070,.T.);
#1068 = VERTEX_POINT('',#1069);
#1069 = CARTESIAN_POINT('',(26.35,20.,300.));
#1070 = SURFACE_CURVE('',#1071,(#1076,#1087),.PCURVE_S1.);
#1071 = CIRCLE('',#1072,1.6);
#1072 = AXIS2_PLACEMENT_3D('',#1073,#1074,#1075);
#1073 = CARTESIAN_POINT('',(24.75,20.,300.));
#1074 = DIRECTION('',(0.,0.,-1.));
#1075 = DIRECTION('',(1.,0.,0.));
#1076 = PCURVE('',#128,#1077);
#1077 = DEFINITIONAL_REPRESENTATION('',(#1078),#1086);
#1078 = ( BOUNDED_CURVE() B_SPLINE_CURVE(2,(#1079,#1080,#1081,#1082,
#1083,#1084,#1085),.UNSPECIFIED.,.T.,.F.) B_SPLINE_CURVE_WITH_KNOTS((1,2
    ,2,2,2,1),(-2.094395102393,0.,2.094395102393,4.188790204786,
6.28318530718,8.377580409573),.UNSPECIFIED.) CURVE() 
GEOMETRIC_REPRESENTATION_ITEM() RATIONAL_B_SPLINE_CURVE((1.,0.5,1.,0.5,
1.,0.5,1.)) REPRESENTATION_ITEM('') );
#1079 = CARTESIAN_POINT('',(61.35,50.));
#1080 = CARTESIAN_POINT('',(61.35,47.22871870789));
#1081 = CARTESIAN_POINT('',(58.95,48.614359353945));
#1082 = CARTESIAN_POINT('',(56.55,50.));
#1083 = CARTESIAN_POINT('',(58.95,51.385640646055));
#1084 = CARTESIAN_POINT('',(61.35,52.77128129211));
#1085 = CARTESIAN_POINT('',(61.35,50.));
#1086 = ( GEOMETRIC_REPRESENTATION_CONTEXT(2) 
PARAMETRIC_REPRESENTATION_CONTEXT() REPRESENTATION_CONTEXT('2D SPACE',''
  ) );
#1087 = PCURVE('',#1088,#1093);
#1088 = CYLINDRICAL_SURFACE('',#1089,1.6);
#1089 = AXIS2_PLACEMENT_3D('',#1090,#1091,#1092);
#1090 = CARTESIAN_POINT('',(24.75,20.,0.));
#1091 = DIRECTION('',(-0.,-0.,-1.));
#1092 = DIRECTION('',(1.,0.,0.));
#1093 = DEFINITIONAL_REPRESENTATION('',(#1094),#1098);
#1094 = LINE('',#1095,#1096);
#1095 = CARTESIAN_POINT('',(-6.28318530718,-300.));
#1096 = VECTOR('',#1097,1.);
#1097 = DIRECTION('',(1.,-0.));
#1098 = ( GEOMETRIC_REPRESENTATION_CONTEXT(2) 
PARAMETRIC_REPRESENTATION_CONTEXT() REPRESENTATION_CONTEXT('2D SPACE',''
  ) );
#1099 = ADVANCED_FACE('',(#1100),#100,.T.);
#1100 = FACE_BOUND('',#1101,.T.);
#1101 = EDGE_LOOP('',(#1102,#1125,#1126,#1127,#1150,#1173,#1201,#1229));
#1102 = ORIENTED_EDGE('',*,*,#1103,.F.);
#1103 = EDGE_CURVE('',#57,#1104,#1106,.T.);
#1104 = VERTEX_POINT('',#1105);
#1105 = CARTESIAN_POINT('',(-20.5,30.,0.));
#1106 = SURFACE_CURVE('',#1107,(#1111,#1118),.PCURVE_S1.);
#1107 = LINE('',#1108,#1109);
#1108 = CARTESIAN_POINT('',(-35.,30.,0.));
#1109 = VECTOR('',#1110,1.);
#1110 = DIRECTION('',(1.,0.,0.));
#1111 = PCURVE('',#100,#1112);
#1112 = DEFINITIONAL_REPRESENTATION('',(#1113),#1117);
#1113 = LINE('',#1114,#1115);
#1114 = CARTESIAN_POINT('',(0.,0.));
#1115 = VECTOR('',#1116,1.);
#1116 = DIRECTION('',(0.,1.));
#1117 = ( GEOMETRIC_REPRESENTATION_CONTEXT(2) 
PARAMETRIC_REPRESENTATION_CONTEXT() REPRESENTATION_CONTEXT('2D SPACE',''
  ) );
#1118 = PCURVE('',#72,#1119);
#1119 = DEFINITIONAL_REPRESENTATION('',(#1120),#1124);
#1120 = LINE('',#1121,#1122);
#1121 = CARTESIAN_POINT('',(0.,60.));
#1122 = VECTOR('',#1123,1.);
#1123 = DIRECTION('',(1.,0.));
#1124 = ( GEOMETRIC_REPRESENTATION_CONTEXT(2) 
PARAMETRIC_REPRESENTATION_CONTEXT() REPRESENTATION_CONTEXT('2D SPACE',''
  ) );
#1125 = ORIENTED_EDGE('',*,*,#84,.T.);
#1126 = ORIENTED_EDGE('',*,*,#763,.T.);
#1127 = ORIENTED_EDGE('',*,*,#1128,.F.);
#1128 = EDGE_CURVE('',#1129,#764,#1131,.T.);
#1129 = VERTEX_POINT('',#1130);
#1130 = CARTESIAN_POINT('',(35.,30.,0.));
#1131 = SURFACE_CURVE('',#1132,(#1136,#1143),.PCURVE_S1.);
#1132 = LINE('',#1133,#1134);
#1133 = CARTESIAN_POINT('',(35.,30.,0.));
#1134 = VECTOR('',#1135,1.);
#1135 = DIRECTION('',(0.,0.,1.));
#1136 = PCURVE('',#100,#1137);
#1137 = DEFINITIONAL_REPRESENTATION('',(#1138),#1142);
#1138 = LINE('',#1139,#1140);
#1139 = CARTESIAN_POINT('',(0.,70.));
#1140 = VECTOR('',#1141,1.);
#1141 = DIRECTION('',(1.,0.));
#1142 = ( GEOMETRIC_REPRESENTATION_CONTEXT(2) 
PARAMETRIC_REPRESENTATION_CONTEXT() REPRESENTATION_CONTEXT('2D SPACE',''
  ) );
#1143 = PCURVE('',#385,#1144);
#1144 = DEFINITIONAL_REPRESENTATION('',(#1145),#1149);
#1145 = LINE('',#1146,#1147);
#1146 = CARTESIAN_POINT('',(0.,-60.));
#1147 = VECTOR('',#1148,1.);
#1148 = DIRECTION('',(1.,0.));
#1149 = ( GEOMETRIC_REPRESENTATION_CONTEXT(2) 
PARAMETRIC_REPRESENTATION_CONTEXT() REPRESENTATION_CONTEXT('2D SPACE',''
  ) );
#1150 = ORIENTED_EDGE('',*,*,#1151,.F.);
#1151 = EDGE_CURVE('',#1152,#1129,#1154,.T.);
#1152 = VERTEX_POINT('',#1153);
#1153 = CARTESIAN_POINT('',(20.5,30.,0.));
#1154 = SURFACE_CURVE('',#1155,(#1159,#1166),.PCURVE_S1.);
#1155 = LINE('',#1156,#1157);
#1156 = CARTESIAN_POINT('',(-35.,30.,0.));
#1157 = VECTOR('',#1158,1.);
#1158 = DIRECTION('',(1.,0.,0.));
#1159 = PCURVE('',#100,#1160);
#1160 = DEFINITIONAL_REPRESENTATION('',(#1161),#1165);
#1161 = LINE('',#1162,#1163);
#1162 = CARTESIAN_POINT('',(0.,0.));
#1163 = VECTOR('',#1164,1.);
#1164 = DIRECTION('',(0.,1.));
#1165 = ( GEOMETRIC_REPRESENTATION_CONTEXT(2) 
PARAMETRIC_REPRESENTATION_CONTEXT() REPRESENTATION_CONTEXT('2D SPACE',''
  ) );
#1166 = PCURVE('',#72,#1167);
#1167 = DEFINITIONAL_REPRESENTATION('',(#1168),#1172);
#1168 = LINE('',#1169,#1170);
#1169 = CARTESIAN_POINT('',(0.,60.));
#1170 = VECTOR('',#1171,1.);
#1171 = DIRECTION('',(1.,0.));
#1172 = ( GEOMETRIC_REPRESENTATION_CONTEXT(2) 
PARAMETRIC_REPRESENTATION_CONTEXT() REPRESENTATION_CONTEXT('2D SPACE',''
  ) );
#1173 = ORIENTED_EDGE('',*,*,#1174,.T.);
#1174 = EDGE_CURVE('',#1152,#1175,#1177,.T.);
#1175 = VERTEX_POINT('',#1176);
#1176 = CARTESIAN_POINT('',(20.5,30.,36.6));
#1177 = SURFACE_CURVE('',#1178,(#1182,#1189),.PCURVE_S1.);
#1178 = LINE('',#1179,#1180);
#1179 = CARTESIAN_POINT('',(20.5,30.,-6.6));
#1180 = VECTOR('',#1181,1.);
#1181 = DIRECTION('',(0.,0.,1.));
#1182 = PCURVE('',#100,#1183);
#1183 = DEFINITIONAL_REPRESENTATION('',(#1184),#1188);
#1184 = LINE('',#1185,#1186);
#1185 = CARTESIAN_POINT('',(-6.6,55.5));
#1186 = VECTOR('',#1187,1.);
#1187 = DIRECTION('',(1.,0.));
#1188 = ( GEOMETRIC_REPRESENTATION_CONTEXT(2) 
PARAMETRIC_REPRESENTATION_CONTEXT() REPRESENTATION_CONTEXT('2D SPACE',''
  ) );
#1189 = PCURVE('',#1190,#1195);
#1190 = PLANE('',#1191);
#1191 = AXIS2_PLACEMENT_3D('',#1192,#1193,#1194);
#1192 = CARTESIAN_POINT('',(20.5,10.,-6.6));
#1193 = DIRECTION('',(1.,0.,0.));
#1194 = DIRECTION('',(0.,0.,1.));
#1195 = DEFINITIONAL_REPRESENTATION('',(#1196),#1200);
#1196 = LINE('',#1197,#1198);
#1197 = CARTESIAN_POINT('',(0.,-20.));
#1198 = VECTOR('',#1199,1.);
#1199 = DIRECTION('',(1.,0.));
#1200 = ( GEOMETRIC_REPRESENTATION_CONTEXT(2) 
PARAMETRIC_REPRESENTATION_CONTEXT() REPRESENTATION_CONTEXT('2D SPACE',''
  ) );
#1201 = ORIENTED_EDGE('',*,*,#1202,.F.);
#1202 = EDGE_CURVE('',#1203,#1175,#1205,.T.);
#1203 = VERTEX_POINT('',#1204);
#1204 = CARTESIAN_POINT('',(-20.5,30.,36.6));
#1205 = SURFACE_CURVE('',#1206,(#1210,#1217),.PCURVE_S1.);
#1206 = LINE('',#1207,#1208);
#1207 = CARTESIAN_POINT('',(-20.5,30.,36.6));
#1208 = VECTOR('',#1209,1.);
#1209 = DIRECTION('',(1.,0.,0.));
#1210 = PCURVE('',#100,#1211);
#1211 = DEFINITIONAL_REPRESENTATION('',(#1212),#1216);
#1212 = LINE('',#1213,#1214);
#1213 = CARTESIAN_POINT('',(36.6,14.5));
#1214 = VECTOR('',#1215,1.);
#1215 = DIRECTION('',(0.,1.));
#1216 = ( GEOMETRIC_REPRESENTATION_CONTEXT(2) 
PARAMETRIC_REPRESENTATION_CONTEXT() REPRESENTATION_CONTEXT('2D SPACE',''
  ) );
#1217 = PCURVE('',#1218,#1223);
#1218 = PLANE('',#1219);
#1219 = AXIS2_PLACEMENT_3D('',#1220,#1221,#1222);
#1220 = CARTESIAN_POINT('',(-20.5,10.,36.6));
#1221 = DIRECTION('',(0.,0.,1.));
#1222 = DIRECTION('',(1.,0.,0.));
#1223 = DEFINITIONAL_REPRESENTATION('',(#1224),#1228);
#1224 = LINE('',#1225,#1226);
#1225 = CARTESIAN_POINT('',(0.,20.));
#1226 = VECTOR('',#1227,1.);
#1227 = DIRECTION('',(1.,0.));
#1228 = ( GEOMETRIC_REPRESENTATION_CONTEXT(2) 
PARAMETRIC_REPRESENTATION_CONTEXT() REPRESENTATION_CONTEXT('2D SPACE',''
  ) );
#1229 = ORIENTED_EDGE('',*,*,#1230,.F.);
#1230 = EDGE_CURVE('',#1104,#1203,#1231,.T.);
#1231 = SURFACE_CURVE('',#1232,(#1236,#1243),.PCURVE_S1.);
#1232 = LINE('',#1233,#1234);
#1233 = CARTESIAN_POINT('',(-20.5,30.,-6.6));
#1234 = VECTOR('',#1235,1.);
#1235 = DIRECTION('',(0.,0.,1.));
#1236 = PCURVE('',#100,#1237);
#1237 = DEFINITIONAL_REPRESENTATION('',(#1238),#1242);
#1238 = LINE('',#1239,#1240);
#1239 = CARTESIAN_POINT('',(-6.6,14.5));
#1240 = VECTOR('',#1241,1.);
#1241 = DIRECTION('',(1.,0.));
#1242 = ( GEOMETRIC_REPRESENTATION_CONTEXT(2) 
PARAMETRIC_REPRESENTATION_CONTEXT() REPRESENTATION_CONTEXT('2D SPACE',''
  ) );
#1243 = PCURVE('',#1244,#1249);
#1244 = PLANE('',#1245);
#1245 = AXIS2_PLACEMENT_3D('',#1246,#1247,#1248);
#1246 = CARTESIAN_POINT('',(-20.5,10.,-6.6));
#1247 = DIRECTION('',(1.,0.,0.));
#1248 = DIRECTION('',(0.,0.,1.));
#1249 = DEFINITIONAL_REPRESENTATION('',(#1250),#1254);
#1250 = LINE('',#1251,#1252);
#1251 = CARTESIAN_POINT('',(0.,-20.));
#1252 = VECTOR('',#1253,1.);
#1253 = DIRECTION('',(1.,0.));
#1254 = ( GEOMETRIC_REPRESENTATION_CONTEXT(2) 
PARAMETRIC_REPRESENTATION_CONTEXT() REPRESENTATION_CONTEXT('2D SPACE',''
  ) );
#1255 = ADVANCED_FACE('',(#1256,#1428,#1454),#72,.F.);
#1256 = FACE_BOUND('',#1257,.F.);
#1257 = EDGE_LOOP('',(#1258,#1259,#1260,#1261,#1282,#1283,#1304,#1330,
    #1359,#1383,#1409));
#1258 = ORIENTED_EDGE('',*,*,#1103,.F.);
#1259 = ORIENTED_EDGE('',*,*,#56,.F.);
#1260 = ORIENTED_EDGE('',*,*,#397,.T.);
#1261 = ORIENTED_EDGE('',*,*,#1262,.T.);
#1262 = EDGE_CURVE('',#368,#1129,#1263,.T.);
#1263 = SURFACE_CURVE('',#1264,(#1268,#1275),.PCURVE_S1.);
#1264 = LINE('',#1265,#1266);
#1265 = CARTESIAN_POINT('',(35.,-30.,0.));
#1266 = VECTOR('',#1267,1.);
#1267 = DIRECTION('',(0.,1.,0.));
#1268 = PCURVE('',#72,#1269);
#1269 = DEFINITIONAL_REPRESENTATION('',(#1270),#1274);
#1270 = LINE('',#1271,#1272);
#1271 = CARTESIAN_POINT('',(70.,0.));
#1272 = VECTOR('',#1273,1.);
#1273 = DIRECTION('',(0.,1.));
#1274 = ( GEOMETRIC_REPRESENTATION_CONTEXT(2) 
PARAMETRIC_REPRESENTATION_CONTEXT() REPRESENTATION_CONTEXT('2D SPACE',''
  ) );
#1275 = PCURVE('',#385,#1276);
#1276 = DEFINITIONAL_REPRESENTATION('',(#1277),#1281);
#1277 = LINE('',#1278,#1279);
#1278 = CARTESIAN_POINT('',(0.,0.));
#1279 = VECTOR('',#1280,1.);
#1280 = DIRECTION('',(0.,-1.));
#1281 = ( GEOMETRIC_REPRESENTATION_CONTEXT(2) 
PARAMETRIC_REPRESENTATION_CONTEXT() REPRESENTATION_CONTEXT('2D SPACE',''
  ) );
#1282 = ORIENTED_EDGE('',*,*,#1151,.F.);
#1283 = ORIENTED_EDGE('',*,*,#1284,.F.);
#1284 = EDGE_CURVE('',#1285,#1152,#1287,.T.);
#1285 = VERTEX_POINT('',#1286);
#1286 = CARTESIAN_POINT('',(20.5,10.,0.));
#1287 = SURFACE_CURVE('',#1288,(#1292,#1298),.PCURVE_S1.);
#1288 = LINE('',#1289,#1290);
#1289 = CARTESIAN_POINT('',(20.5,-10.,0.));
#1290 = VECTOR('',#1291,1.);
#1291 = DIRECTION('',(0.,1.,0.));
#1292 = PCURVE('',#72,#1293);
#1293 = DEFINITIONAL_REPRESENTATION('',(#1294),#1297);
#1294 = B_SPLINE_CURVE_WITH_KNOTS('',1,(#1295,#1296),.UNSPECIFIED.,.F.,
  .F.,(2,2),(20.,40.),.PIECEWISE_BEZIER_KNOTS.);
#1295 = CARTESIAN_POINT('',(55.5,40.));
#1296 = CARTESIAN_POINT('',(55.5,60.));
#1297 = ( GEOMETRIC_REPRESENTATION_CONTEXT(2) 
PARAMETRIC_REPRESENTATION_CONTEXT() REPRESENTATION_CONTEXT('2D SPACE',''
  ) );
#1298 = PCURVE('',#1190,#1299);
#1299 = DEFINITIONAL_REPRESENTATION('',(#1300),#1303);
#1300 = B_SPLINE_CURVE_WITH_KNOTS('',1,(#1301,#1302),.UNSPECIFIED.,.F.,
  .F.,(2,2),(20.,40.),.PIECEWISE_BEZIER_KNOTS.);
#1301 = CARTESIAN_POINT('',(6.6,0.));
#1302 = CARTESIAN_POINT('',(6.6,-20.));
#1303 = ( GEOMETRIC_REPRESENTATION_CONTEXT(2) 
PARAMETRIC_REPRESENTATION_CONTEXT() REPRESENTATION_CONTEXT('2D SPACE',''
  ) );
#1304 = ORIENTED_EDGE('',*,*,#1305,.T.);
#1305 = EDGE_CURVE('',#1285,#1306,#1308,.T.);
#1306 = VERTEX_POINT('',#1307);
#1307 = CARTESIAN_POINT('',(7.82879301042,10.,0.));
#1308 = SURFACE_CURVE('',#1309,(#1313,#1319),.PCURVE_S1.);
#1309 = LINE('',#1310,#1311);
#1310 = CARTESIAN_POINT('',(-27.75,10.,0.));
#1311 = VECTOR('',#1312,1.);
#1312 = DIRECTION('',(-1.,0.,0.));
#1313 = PCURVE('',#72,#1314);
#1314 = DEFINITIONAL_REPRESENTATION('',(#1315),#1318);
#1315 = B_SPLINE_CURVE_WITH_KNOTS('',1,(#1316,#1317),.UNSPECIFIED.,.F.,
  .F.,(2,2),(-48.25,-7.25),.PIECEWISE_BEZIER_KNOTS.);
#1316 = CARTESIAN_POINT('',(55.5,40.));
#1317 = CARTESIAN_POINT('',(14.5,40.));
#1318 = ( GEOMETRIC_REPRESENTATION_CONTEXT(2) 
PARAMETRIC_REPRESENTATION_CONTEXT() REPRESENTATION_CONTEXT('2D SPACE',''
  ) );
#1319 = PCURVE('',#1320,#1325);
#1320 = PLANE('',#1321);
#1321 = AXIS2_PLACEMENT_3D('',#1322,#1323,#1324);
#1322 = CARTESIAN_POINT('',(-20.5,10.,-6.6));
#1323 = DIRECTION('',(0.,1.,0.));
#1324 = DIRECTION('',(0.,0.,1.));
#1325 = DEFINITIONAL_REPRESENTATION('',(#1326),#1329);
#1326 = B_SPLINE_CURVE_WITH_KNOTS('',1,(#1327,#1328),.UNSPECIFIED.,.F.,
  .F.,(2,2),(-48.25,-7.25),.PIECEWISE_BEZIER_KNOTS.);
#1327 = CARTESIAN_POINT('',(6.6,41.));
#1328 = CARTESIAN_POINT('',(6.6,0.));
#1329 = ( GEOMETRIC_REPRESENTATION_CONTEXT(2) 
PARAMETRIC_REPRESENTATION_CONTEXT() REPRESENTATION_CONTEXT('2D SPACE',''
  ) );
#1330 = ORIENTED_EDGE('',*,*,#1331,.F.);
#1331 = EDGE_CURVE('',#1332,#1306,#1334,.T.);
#1332 = VERTEX_POINT('',#1333);
#1333 = CARTESIAN_POINT('',(12.7,0.,0.));
#1334 = SURFACE_CURVE('',#1335,(#1340,#1347),.PCURVE_S1.);
#1335 = CIRCLE('',#1336,12.7);
#1336 = AXIS2_PLACEMENT_3D('',#1337,#1338,#1339);
#1337 = CARTESIAN_POINT('',(0.,0.,0.));
#1338 = DIRECTION('',(0.,0.,1.));
#1339 = DIRECTION('',(1.,0.,0.));
#1340 = PCURVE('',#72,#1341);
#1341 = DEFINITIONAL_REPRESENTATION('',(#1342),#1346);
#1342 = CIRCLE('',#1343,12.7);
#1343 = AXIS2_PLACEMENT_2D('',#1344,#1345);
#1344 = CARTESIAN_POINT('',(35.,30.));
#1345 = DIRECTION('',(1.,0.));
#1346 = ( GEOMETRIC_REPRESENTATION_CONTEXT(2) 
PARAMETRIC_REPRESENTATION_CONTEXT() REPRESENTATION_CONTEXT('2D SPACE',''
  ) );
#1347 = PCURVE('',#1348,#1353);
#1348 = CYLINDRICAL_SURFACE('',#1349,12.7);
#1349 = AXIS2_PLACEMENT_3D('',#1350,#1351,#1352);
#1350 = CARTESIAN_POINT('',(0.,0.,0.));
#1351 = DIRECTION('',(-0.,-0.,-1.));
#1352 = DIRECTION('',(1.,0.,0.));
#1353 = DEFINITIONAL_REPRESENTATION('',(#1354),#1358);
#1354 = LINE('',#1355,#1356);
#1355 = CARTESIAN_POINT('',(-0.,0.));
#1356 = VECTOR('',#1357,1.);
#1357 = DIRECTION('',(-1.,0.));
#1358 = ( GEOMETRIC_REPRESENTATION_CONTEXT(2) 
PARAMETRIC_REPRESENTATION_CONTEXT() REPRESENTATION_CONTEXT('2D SPACE',''
  ) );
#1359 = ORIENTED_EDGE('',*,*,#1360,.F.);
#1360 = EDGE_CURVE('',#1361,#1332,#1363,.T.);
#1361 = VERTEX_POINT('',#1362);
#1362 = CARTESIAN_POINT('',(-7.82879301042,10.,0.));
#1363 = SURFACE_CURVE('',#1364,(#1369,#1376),.PCURVE_S1.);
#1364 = CIRCLE('',#1365,12.7);
#1365 = AXIS2_PLACEMENT_3D('',#1366,#1367,#1368);
#1366 = CARTESIAN_POINT('',(0.,0.,0.));
#1367 = DIRECTION('',(0.,0.,1.));
#1368 = DIRECTION('',(1.,0.,0.));
#1369 = PCURVE('',#72,#1370);
#1370 = DEFINITIONAL_REPRESENTATION('',(#1371),#1375);
#1371 = CIRCLE('',#1372,12.7);
#1372 = AXIS2_PLACEMENT_2D('',#1373,#1374);
#1373 = CARTESIAN_POINT('',(35.,30.));
#1374 = DIRECTION('',(1.,0.));
#1375 = ( GEOMETRIC_REPRESENTATION_CONTEXT(2) 
PARAMETRIC_REPRESENTATION_CONTEXT() REPRESENTATION_CONTEXT('2D SPACE',''
  ) );
#1376 = PCURVE('',#1348,#1377);
#1377 = DEFINITIONAL_REPRESENTATION('',(#1378),#1382);
#1378 = LINE('',#1379,#1380);
#1379 = CARTESIAN_POINT('',(-0.,0.));
#1380 = VECTOR('',#1381,1.);
#1381 = DIRECTION('',(-1.,0.));
#1382 = ( GEOMETRIC_REPRESENTATION_CONTEXT(2) 
PARAMETRIC_REPRESENTATION_CONTEXT() REPRESENTATION_CONTEXT('2D SPACE',''
  ) );
#1383 = ORIENTED_EDGE('',*,*,#1384,.T.);
#1384 = EDGE_CURVE('',#1361,#1385,#1387,.T.);
#1385 = VERTEX_POINT('',#1386);
#1386 = CARTESIAN_POINT('',(-20.5,10.,0.));
#1387 = SURFACE_CURVE('',#1388,(#1392,#1398),.PCURVE_S1.);
#1388 = LINE('',#1389,#1390);
#1389 = CARTESIAN_POINT('',(-27.75,10.,0.));
#1390 = VECTOR('',#1391,1.);
#1391 = DIRECTION('',(-1.,0.,0.));
#1392 = PCURVE('',#72,#1393);
#1393 = DEFINITIONAL_REPRESENTATION('',(#1394),#1397);
#1394 = B_SPLINE_CURVE_WITH_KNOTS('',1,(#1395,#1396),.UNSPECIFIED.,.F.,
  .F.,(2,2),(-48.25,-7.25),.PIECEWISE_BEZIER_KNOTS.);
#1395 = CARTESIAN_POINT('',(55.5,40.));
#1396 = CARTESIAN_POINT('',(14.5,40.));
#1397 = ( GEOMETRIC_REPRESENTATION_CONTEXT(2) 
PARAMETRIC_REPRESENTATION_CONTEXT() REPRESENTATION_CONTEXT('2D SPACE',''
  ) );
#1398 = PCURVE('',#1399,#1404);
#1399 = PLANE('',#1400);
#1400 = AXIS2_PLACEMENT_3D('',#1401,#1402,#1403);
#1401 = CARTESIAN_POINT('',(-20.5,10.,-6.6));
#1402 = DIRECTION('',(0.,1.,0.));
#1403 = DIRECTION('',(0.,0.,1.));
#1404 = DEFINITIONAL_REPRESENTATION('',(#1405),#1408);
#1405 = B_SPLINE_CURVE_WITH_KNOTS('',1,(#1406,#1407),.UNSPECIFIED.,.F.,
  .F.,(2,2),(-48.25,-7.25),.PIECEWISE_BEZIER_KNOTS.);
#1406 = CARTESIAN_POINT('',(6.6,41.));
#1407 = CARTESIAN_POINT('',(6.6,0.));
#1408 = ( GEOMETRIC_REPRESENTATION_CONTEXT(2) 
PARAMETRIC_REPRESENTATION_CONTEXT() REPRESENTATION_CONTEXT('2D SPACE',''
  ) );
#1409 = ORIENTED_EDGE('',*,*,#1410,.T.);
#1410 = EDGE_CURVE('',#1385,#1104,#1411,.T.);
#1411 = SURFACE_CURVE('',#1412,(#1416,#1422),.PCURVE_S1.);
#1412 = LINE('',#1413,#1414);
#1413 = CARTESIAN_POINT('',(-20.5,-10.,0.));
#1414 = VECTOR('',#1415,1.);
#1415 = DIRECTION('',(0.,1.,0.));
#1416 = PCURVE('',#72,#1417);
#1417 = DEFINITIONAL_REPRESENTATION('',(#1418),#1421);
#1418 = B_SPLINE_CURVE_WITH_KNOTS('',1,(#1419,#1420),.UNSPECIFIED.,.F.,
  .F.,(2,2),(20.,40.),.PIECEWISE_BEZIER_KNOTS.);
#1419 = CARTESIAN_POINT('',(14.5,40.));
#1420 = CARTESIAN_POINT('',(14.5,60.));
#1421 = ( GEOMETRIC_REPRESENTATION_CONTEXT(2) 
PARAMETRIC_REPRESENTATION_CONTEXT() REPRESENTATION_CONTEXT('2D SPACE',''
  ) );
#1422 = PCURVE('',#1244,#1423);
#1423 = DEFINITIONAL_REPRESENTATION('',(#1424),#1427);
#1424 = B_SPLINE_CURVE_WITH_KNOTS('',1,(#1425,#1426),.UNSPECIFIED.,.F.,
  .F.,(2,2),(20.,40.),.PIECEWISE_BEZIER_KNOTS.);
#1425 = CARTESIAN_POINT('',(6.6,0.));
#1426 = CARTESIAN_POINT('',(6.6,-20.));
#1427 = ( GEOMETRIC_REPRESENTATION_CONTEXT(2) 
PARAMETRIC_REPRESENTATION_CONTEXT() REPRESENTATION_CONTEXT('2D SPACE',''
  ) );
#1428 = FACE_BOUND('',#1429,.F.);
#1429 = EDGE_LOOP('',(#1430));
#1430 = ORIENTED_EDGE('',*,*,#1431,.F.);
#1431 = EDGE_CURVE('',#1432,#1432,#1434,.T.);
#1432 = VERTEX_POINT('',#1433);
#1433 = CARTESIAN_POINT('',(-23.15,20.,0.));
#1434 = SURFACE_CURVE('',#1435,(#1440,#1447),.PCURVE_S1.);
#1435 = CIRCLE('',#1436,1.6);
#1436 = AXIS2_PLACEMENT_3D('',#1437,#1438,#1439);
#1437 = CARTESIAN_POINT('',(-24.75,20.,0.));
#1438 = DIRECTION('',(0.,0.,1.));
#1439 = DIRECTION('',(1.,0.,0.));
#1440 = PCURVE('',#72,#1441);
#1441 = DEFINITIONAL_REPRESENTATION('',(#1442),#1446);
#1442 = CIRCLE('',#1443,1.6);
#1443 = AXIS2_PLACEMENT_2D('',#1444,#1445);
#1444 = CARTESIAN_POINT('',(10.25,50.));
#1445 = DIRECTION('',(1.,0.));
#1446 = ( GEOMETRIC_REPRESENTATION_CONTEXT(2) 
PARAMETRIC_REPRESENTATION_CONTEXT() REPRESENTATION_CONTEXT('2D SPACE',''
  ) );
#1447 = PCURVE('',#939,#1448);
#1448 = DEFINITIONAL_REPRESENTATION('',(#1449),#1453);
#1449 = LINE('',#1450,#1451);
#1450 = CARTESIAN_POINT('',(-0.,0.));
#1451 = VECTOR('',#1452,1.);
#1452 = DIRECTION('',(-1.,0.));
#1453 = ( GEOMETRIC_REPRESENTATION_CONTEXT(2) 
PARAMETRIC_REPRESENTATION_CONTEXT() REPRESENTATION_CONTEXT('2D SPACE',''
  ) );
#1454 = FACE_BOUND('',#1455,.F.);
#1455 = EDGE_LOOP('',(#1456));
#1456 = ORIENTED_EDGE('',*,*,#1457,.F.);
#1457 = EDGE_CURVE('',#1458,#1458,#1460,.T.);
#1458 = VERTEX_POINT('',#1459);
#1459 = CARTESIAN_POINT('',(26.35,20.,0.));
#1460 = SURFACE_CURVE('',#1461,(#1466,#1473),.PCURVE_S1.);
#1461 = CIRCLE('',#1462,1.6);
#1462 = AXIS2_PLACEMENT_3D('',#1463,#1464,#1465);
#1463 = CARTESIAN_POINT('',(24.75,20.,0.));
#1464 = DIRECTION('',(0.,0.,1.));
#1465 = DIRECTION('',(1.,0.,0.));
#1466 = PCURVE('',#72,#1467);
#1467 = DEFINITIONAL_REPRESENTATION('',(#1468),#1472);
#1468 = CIRCLE('',#1469,1.6);
#1469 = AXIS2_PLACEMENT_2D('',#1470,#1471);
#1470 = CARTESIAN_POINT('',(59.75,50.));
#1471 = DIRECTION('',(1.,0.));
#1472 = ( GEOMETRIC_REPRESENTATION_CONTEXT(2) 
PARAMETRIC_REPRESENTATION_CONTEXT() REPRESENTATION_CONTEXT('2D SPACE',''
  ) );
#1473 = PCURVE('',#1088,#1474);
#1474 = DEFINITIONAL_REPRESENTATION('',(#1475),#1479);
#1475 = LINE('',#1476,#1477);
#1476 = CARTESIAN_POINT('',(-0.,0.));
#1477 = VECTOR('',#1478,1.);
#1478 = DIRECTION('',(-1.,0.));
#1479 = ( GEOMETRIC_REPRESENTATION_CONTEXT(2) 
PARAMETRIC_REPRESENTATION_CONTEXT() REPRESENTATION_CONTEXT('2D SPACE',''
  ) );
#1480 = ADVANCED_FACE('',(#1481),#270,.T.);
#1481 = FACE_BOUND('',#1482,.T.);
#1482 = EDGE_LOOP('',(#1483,#1506,#1507,#1530));
#1483 = ORIENTED_EDGE('',*,*,#1484,.F.);
#1484 = EDGE_CURVE('',#253,#1485,#1487,.T.);
#1485 = VERTEX_POINT('',#1486);
#1486 = CARTESIAN_POINT('',(-25.2,-9.6,18.9));
#1487 = SURFACE_CURVE('',#1488,(#1492,#1499),.PCURVE_S1.);
#1488 = LINE('',#1489,#1490);
#1489 = CARTESIAN_POINT('',(-35.,-9.6,18.9));
#1490 = VECTOR('',#1491,1.);
#1491 = DIRECTION('',(1.,0.,0.));
#1492 = PCURVE('',#270,#1493);
#1493 = DEFINITIONAL_REPRESENTATION('',(#1494),#1498);
#1494 = LINE('',#1495,#1496);
#1495 = CARTESIAN_POINT('',(0.,0.));
#1496 = VECTOR('',#1497,1.);
#1497 = DIRECTION('',(0.,1.));
#1498 = ( GEOMETRIC_REPRESENTATION_CONTEXT(2) 
PARAMETRIC_REPRESENTATION_CONTEXT() REPRESENTATION_CONTEXT('2D SPACE',''
  ) );
#1499 = PCURVE('',#352,#1500);
#1500 = DEFINITIONAL_REPRESENTATION('',(#1501),#1505);
#1501 = LINE('',#1502,#1503);
#1502 = CARTESIAN_POINT('',(0.,0.));
#1503 = VECTOR('',#1504,1.);
#1504 = DIRECTION('',(1.,0.));
#1505 = ( GEOMETRIC_REPRESENTATION_CONTEXT(2) 
PARAMETRIC_REPRESENTATION_CONTEXT() REPRESENTATION_CONTEXT('2D SPACE',''
  ) );
#1506 = ORIENTED_EDGE('',*,*,#252,.T.);
#1507 = ORIENTED_EDGE('',*,*,#1508,.T.);
#1508 = EDGE_CURVE('',#255,#1509,#1511,.T.);
#1509 = VERTEX_POINT('',#1510);
#1510 = CARTESIAN_POINT('',(-25.2,-9.6,41.1));
#1511 = SURFACE_CURVE('',#1512,(#1516,#1523),.PCURVE_S1.);
#1512 = LINE('',#1513,#1514);
#1513 = CARTESIAN_POINT('',(-35.,-9.6,41.1));
#1514 = VECTOR('',#1515,1.);
#1515 = DIRECTION('',(1.,0.,0.));
#1516 = PCURVE('',#270,#1517);
#1517 = DEFINITIONAL_REPRESENTATION('',(#1518),#1522);
#1518 = LINE('',#1519,#1520);
#1519 = CARTESIAN_POINT('',(22.2,0.));
#1520 = VECTOR('',#1521,1.);
#1521 = DIRECTION('',(0.,1.));
#1522 = ( GEOMETRIC_REPRESENTATION_CONTEXT(2) 
PARAMETRIC_REPRESENTATION_CONTEXT() REPRESENTATION_CONTEXT('2D SPACE',''
  ) );
#1523 = PCURVE('',#298,#1524);
#1524 = DEFINITIONAL_REPRESENTATION('',(#1525),#1529);
#1525 = LINE('',#1526,#1527);
#1526 = CARTESIAN_POINT('',(0.,0.));
#1527 = VECTOR('',#1528,1.);
#1528 = DIRECTION('',(1.,0.));
#1529 = ( GEOMETRIC_REPRESENTATION_CONTEXT(2) 
PARAMETRIC_REPRESENTATION_CONTEXT() REPRESENTATION_CONTEXT('2D SPACE',''
  ) );
#1530 = ORIENTED_EDGE('',*,*,#1531,.F.);
#1531 = EDGE_CURVE('',#1485,#1509,#1532,.T.);
#1532 = SURFACE_CURVE('',#1533,(#1537,#1544),.PCURVE_S1.);
#1533 = LINE('',#1534,#1535);
#1534 = CARTESIAN_POINT('',(-25.2,-9.6,18.9));
#1535 = VECTOR('',#1536,1.);
#1536 = DIRECTION('',(0.,0.,1.));
#1537 = PCURVE('',#270,#1538);
#1538 = DEFINITIONAL_REPRESENTATION('',(#1539),#1543);
#1539 = LINE('',#1540,#1541);
#1540 = CARTESIAN_POINT('',(0.,9.8));
#1541 = VECTOR('',#1542,1.);
#1542 = DIRECTION('',(1.,0.));
#1543 = ( GEOMETRIC_REPRESENTATION_CONTEXT(2) 
PARAMETRIC_REPRESENTATION_CONTEXT() REPRESENTATION_CONTEXT('2D SPACE',''
  ) );
#1544 = PCURVE('',#1545,#1550);
#1545 = PLANE('',#1546);
#1546 = AXIS2_PLACEMENT_3D('',#1547,#1548,#1549);
#1547 = CARTESIAN_POINT('',(-25.2,-9.6,18.9));
#1548 = DIRECTION('',(1.,0.,0.));
#1549 = DIRECTION('',(0.,0.,1.));
#1550 = DEFINITIONAL_REPRESENTATION('',(#1551),#1555);
#1551 = LINE('',#1552,#1553);
#1552 = CARTESIAN_POINT('',(0.,0.));
#1553 = VECTOR('',#1554,1.);
#1554 = DIRECTION('',(1.,0.));
#1555 = ( GEOMETRIC_REPRESENTATION_CONTEXT(2) 
PARAMETRIC_REPRESENTATION_CONTEXT() REPRESENTATION_CONTEXT('2D SPACE',''
  ) );
#1556 = ADVANCED_FACE('',(#1557),#298,.F.);
#1557 = FACE_BOUND('',#1558,.F.);
#1558 = EDGE_LOOP('',(#1559,#1560,#1561,#1584));
#1559 = ORIENTED_EDGE('',*,*,#282,.F.);
#1560 = ORIENTED_EDGE('',*,*,#1508,.T.);
#1561 = ORIENTED_EDGE('',*,*,#1562,.T.);
#1562 = EDGE_CURVE('',#1509,#1563,#1565,.T.);
#1563 = VERTEX_POINT('',#1564);
#1564 = CARTESIAN_POINT('',(-25.2,9.6,41.1));
#1565 = SURFACE_CURVE('',#1566,(#1570,#1577),.PCURVE_S1.);
#1566 = LINE('',#1567,#1568);
#1567 = CARTESIAN_POINT('',(-25.2,-9.6,41.1));
#1568 = VECTOR('',#1569,1.);
#1569 = DIRECTION('',(0.,1.,0.));
#1570 = PCURVE('',#298,#1571);
#1571 = DEFINITIONAL_REPRESENTATION('',(#1572),#1576);
#1572 = LINE('',#1573,#1574);
#1573 = CARTESIAN_POINT('',(9.8,0.));
#1574 = VECTOR('',#1575,1.);
#1575 = DIRECTION('',(0.,1.));
#1576 = ( GEOMETRIC_REPRESENTATION_CONTEXT(2) 
PARAMETRIC_REPRESENTATION_CONTEXT() REPRESENTATION_CONTEXT('2D SPACE',''
  ) );
#1577 = PCURVE('',#1545,#1578);
#1578 = DEFINITIONAL_REPRESENTATION('',(#1579),#1583);
#1579 = LINE('',#1580,#1581);
#1580 = CARTESIAN_POINT('',(22.2,0.));
#1581 = VECTOR('',#1582,1.);
#1582 = DIRECTION('',(0.,-1.));
#1583 = ( GEOMETRIC_REPRESENTATION_CONTEXT(2) 
PARAMETRIC_REPRESENTATION_CONTEXT() REPRESENTATION_CONTEXT('2D SPACE',''
  ) );
#1584 = ORIENTED_EDGE('',*,*,#1585,.F.);
#1585 = EDGE_CURVE('',#283,#1563,#1586,.T.);
#1586 = SURFACE_CURVE('',#1587,(#1591,#1598),.PCURVE_S1.);
#1587 = LINE('',#1588,#1589);
#1588 = CARTESIAN_POINT('',(-35.,9.6,41.1));
#1589 = VECTOR('',#1590,1.);
#1590 = DIRECTION('',(1.,0.,0.));
#1591 = PCURVE('',#298,#1592);
#1592 = DEFINITIONAL_REPRESENTATION('',(#1593),#1597);
#1593 = LINE('',#1594,#1595);
#1594 = CARTESIAN_POINT('',(0.,19.2));
#1595 = VECTOR('',#1596,1.);
#1596 = DIRECTION('',(1.,0.));
#1597 = ( GEOMETRIC_REPRESENTATION_CONTEXT(2) 
PARAMETRIC_REPRESENTATION_CONTEXT() REPRESENTATION_CONTEXT('2D SPACE',''
  ) );
#1598 = PCURVE('',#326,#1599);
#1599 = DEFINITIONAL_REPRESENTATION('',(#1600),#1604);
#1600 = LINE('',#1601,#1602);
#1601 = CARTESIAN_POINT('',(22.2,0.));
#1602 = VECTOR('',#1603,1.);
#1603 = DIRECTION('',(0.,1.));
#1604 = ( GEOMETRIC_REPRESENTATION_CONTEXT(2) 
PARAMETRIC_REPRESENTATION_CONTEXT() REPRESENTATION_CONTEXT('2D SPACE',''
  ) );
#1605 = ADVANCED_FACE('',(#1606),#352,.T.);
#1606 = FACE_BOUND('',#1607,.T.);
#1607 = EDGE_LOOP('',(#1608,#1609,#1610,#1633));
#1608 = ORIENTED_EDGE('',*,*,#338,.F.);
#1609 = ORIENTED_EDGE('',*,*,#1484,.T.);
#1610 = ORIENTED_EDGE('',*,*,#1611,.T.);
#1611 = EDGE_CURVE('',#1485,#1612,#1614,.T.);
#1612 = VERTEX_POINT('',#1613);
#1613 = CARTESIAN_POINT('',(-25.2,9.6,18.9));
#1614 = SURFACE_CURVE('',#1615,(#1619,#1626),.PCURVE_S1.);
#1615 = LINE('',#1616,#1617);
#1616 = CARTESIAN_POINT('',(-25.2,-9.6,18.9));
#1617 = VECTOR('',#1618,1.);
#1618 = DIRECTION('',(0.,1.,0.));
#1619 = PCURVE('',#352,#1620);
#1620 = DEFINITIONAL_REPRESENTATION('',(#1621),#1625);
#1621 = LINE('',#1622,#1623);
#1622 = CARTESIAN_POINT('',(9.8,0.));
#1623 = VECTOR('',#1624,1.);
#1624 = DIRECTION('',(0.,1.));
#1625 = ( GEOMETRIC_REPRESENTATION_CONTEXT(2) 
PARAMETRIC_REPRESENTATION_CONTEXT() REPRESENTATION_CONTEXT('2D SPACE',''
  ) );
#1626 = PCURVE('',#1545,#1627);
#1627 = DEFINITIONAL_REPRESENTATION('',(#1628),#1632);
#1628 = LINE('',#1629,#1630);
#1629 = CARTESIAN_POINT('',(0.,0.));
#1630 = VECTOR('',#1631,1.);
#1631 = DIRECTION('',(0.,-1.));
#1632 = ( GEOMETRIC_REPRESENTATION_CONTEXT(2) 
PARAMETRIC_REPRESENTATION_CONTEXT() REPRESENTATION_CONTEXT('2D SPACE',''
  ) );
#1633 = ORIENTED_EDGE('',*,*,#1634,.F.);
#1634 = EDGE_CURVE('',#311,#1612,#1635,.T.);
#1635 = SURFACE_CURVE('',#1636,(#1640,#1647),.PCURVE_S1.);
#1636 = LINE('',#1637,#1638);
#1637 = CARTESIAN_POINT('',(-35.,9.6,18.9));
#1638 = VECTOR('',#1639,1.);
#1639 = DIRECTION('',(1.,0.,0.));
#1640 = PCURVE('',#352,#1641);
#1641 = DEFINITIONAL_REPRESENTATION('',(#1642),#1646);
#1642 = LINE('',#1643,#1644);
#1643 = CARTESIAN_POINT('',(0.,19.2));
#1644 = VECTOR('',#1645,1.);
#1645 = DIRECTION('',(1.,0.));
#1646 = ( GEOMETRIC_REPRESENTATION_CONTEXT(2) 
PARAMETRIC_REPRESENTATION_CONTEXT() REPRESENTATION_CONTEXT('2D SPACE',''
  ) );
#1647 = PCURVE('',#326,#1648);
#1648 = DEFINITIONAL_REPRESENTATION('',(#1649),#1653);
#1649 = LINE('',#1650,#1651);
#1650 = CARTESIAN_POINT('',(0.,0.));
#1651 = VECTOR('',#1652,1.);
#1652 = DIRECTION('',(0.,1.));
#1653 = ( GEOMETRIC_REPRESENTATION_CONTEXT(2) 
PARAMETRIC_REPRESENTATION_CONTEXT() REPRESENTATION_CONTEXT('2D SPACE',''
  ) );
#1654 = ADVANCED_FACE('',(#1655),#326,.F.);
#1655 = FACE_BOUND('',#1656,.F.);
#1656 = EDGE_LOOP('',(#1657,#1658,#1659,#1660));
#1657 = ORIENTED_EDGE('',*,*,#1634,.F.);
#1658 = ORIENTED_EDGE('',*,*,#310,.T.);
#1659 = ORIENTED_EDGE('',*,*,#1585,.T.);
#1660 = ORIENTED_EDGE('',*,*,#1661,.F.);
#1661 = EDGE_CURVE('',#1612,#1563,#1662,.T.);
#1662 = SURFACE_CURVE('',#1663,(#1667,#1674),.PCURVE_S1.);
#1663 = LINE('',#1664,#1665);
#1664 = CARTESIAN_POINT('',(-25.2,9.6,18.9));
#1665 = VECTOR('',#1666,1.);
#1666 = DIRECTION('',(0.,0.,1.));
#1667 = PCURVE('',#326,#1668);
#1668 = DEFINITIONAL_REPRESENTATION('',(#1669),#1673);
#1669 = LINE('',#1670,#1671);
#1670 = CARTESIAN_POINT('',(0.,9.8));
#1671 = VECTOR('',#1672,1.);
#1672 = DIRECTION('',(1.,0.));
#1673 = ( GEOMETRIC_REPRESENTATION_CONTEXT(2) 
PARAMETRIC_REPRESENTATION_CONTEXT() REPRESENTATION_CONTEXT('2D SPACE',''
  ) );
#1674 = PCURVE('',#1545,#1675);
#1675 = DEFINITIONAL_REPRESENTATION('',(#1676),#1680);
#1676 = LINE('',#1677,#1678);
#1677 = CARTESIAN_POINT('',(0.,-19.2));
#1678 = VECTOR('',#1679,1.);
#1679 = DIRECTION('',(1.,0.));
#1680 = ( GEOMETRIC_REPRESENTATION_CONTEXT(2) 
PARAMETRIC_REPRESENTATION_CONTEXT() REPRESENTATION_CONTEXT('2D SPACE',''
  ) );
#1681 = ADVANCED_FACE('',(#1682),#385,.T.);
#1682 = FACE_BOUND('',#1683,.T.);
#1683 = EDGE_LOOP('',(#1684,#1685,#1686,#1687,#1688,#1711,#1744,#1765,
    #1766,#1767,#1768,#1769));
#1684 = ORIENTED_EDGE('',*,*,#367,.F.);
#1685 = ORIENTED_EDGE('',*,*,#1262,.T.);
#1686 = ORIENTED_EDGE('',*,*,#1128,.T.);
#1687 = ORIENTED_EDGE('',*,*,#895,.F.);
#1688 = ORIENTED_EDGE('',*,*,#1689,.F.);
#1689 = EDGE_CURVE('',#1690,#868,#1692,.T.);
#1690 = VERTEX_POINT('',#1691);
#1691 = CARTESIAN_POINT('',(35.,2.,129.74578760586));
#1692 = SURFACE_CURVE('',#1693,(#1697,#1704),.PCURVE_S1.);
#1693 = LINE('',#1694,#1695);
#1694 = CARTESIAN_POINT('',(35.,2.,125.));
#1695 = VECTOR('',#1696,1.);
#1696 = DIRECTION('',(0.,0.,1.));
#1697 = PCURVE('',#385,#1698);
#1698 = DEFINITIONAL_REPRESENTATION('',(#1699),#1703);
#1699 = LINE('',#1700,#1701);
#1700 = CARTESIAN_POINT('',(125.,-32.));
#1701 = VECTOR('',#1702,1.);
#1702 = DIRECTION('',(1.,0.));
#1703 = ( GEOMETRIC_REPRESENTATION_CONTEXT(2) 
PARAMETRIC_REPRESENTATION_CONTEXT() REPRESENTATION_CONTEXT('2D SPACE',''
  ) );
#1704 = PCURVE('',#883,#1705);
#1705 = DEFINITIONAL_REPRESENTATION('',(#1706),#1710);
#1706 = LINE('',#1707,#1708);
#1707 = CARTESIAN_POINT('',(0.,3.));
#1708 = VECTOR('',#1709,1.);
#1709 = DIRECTION('',(1.,0.));
#1710 = ( GEOMETRIC_REPRESENTATION_CONTEXT(2) 
PARAMETRIC_REPRESENTATION_CONTEXT() REPRESENTATION_CONTEXT('2D SPACE',''
  ) );
#1711 = ORIENTED_EDGE('',*,*,#1712,.T.);
#1712 = EDGE_CURVE('',#1690,#1713,#1715,.T.);
#1713 = VERTEX_POINT('',#1714);
#1714 = CARTESIAN_POINT('',(35.,-2.,129.74578760586));
#1715 = SURFACE_CURVE('',#1716,(#1721,#1732),.PCURVE_S1.);
#1716 = CIRCLE('',#1717,5.15);
#1717 = AXIS2_PLACEMENT_3D('',#1718,#1719,#1720);
#1718 = CARTESIAN_POINT('',(35.,0.,125.));
#1719 = DIRECTION('',(-1.,0.,0.));
#1720 = DIRECTION('',(0.,0.388349514563,0.921512156479));
#1721 = PCURVE('',#385,#1722);
#1722 = DEFINITIONAL_REPRESENTATION('',(#1723),#1731);
#1723 = ( BOUNDED_CURVE() B_SPLINE_CURVE(2,(#1724,#1725,#1726,#1727,
#1728,#1729,#1730),.UNSPECIFIED.,.T.,.F.) B_SPLINE_CURVE_WITH_KNOTS((1,2
    ,2,2,2,1),(-2.094395102393,0.,2.094395102393,4.188790204786,
6.28318530718,8.377580409573),.UNSPECIFIED.) CURVE() 
GEOMETRIC_REPRESENTATION_ITEM() RATIONAL_B_SPLINE_CURVE((1.,0.5,1.,0.5,
1.,0.5,1.)) REPRESENTATION_ITEM('') );
#1724 = CARTESIAN_POINT('',(129.74578760586,-32.));
#1725 = CARTESIAN_POINT('',(126.28168599072,-40.21994525529));
#1726 = CARTESIAN_POINT('',(120.89505538949,-33.10997262764));
#1727 = CARTESIAN_POINT('',(115.50842478826,-26.));
#1728 = CARTESIAN_POINT('',(124.35915700463,-24.89002737235));
#1729 = CARTESIAN_POINT('',(133.209889221,-23.7800547447));
#1730 = CARTESIAN_POINT('',(129.74578760586,-32.));
#1731 = ( GEOMETRIC_REPRESENTATION_CONTEXT(2) 
PARAMETRIC_REPRESENTATION_CONTEXT() REPRESENTATION_CONTEXT('2D SPACE',''
  ) );
#1732 = PCURVE('',#1733,#1738);
#1733 = CYLINDRICAL_SURFACE('',#1734,5.15);
#1734 = AXIS2_PLACEMENT_3D('',#1735,#1736,#1737);
#1735 = CARTESIAN_POINT('',(35.,0.,125.));
#1736 = DIRECTION('',(1.,0.,0.));
#1737 = DIRECTION('',(0.,1.,0.));
#1738 = DEFINITIONAL_REPRESENTATION('',(#1739),#1743);
#1739 = LINE('',#1740,#1741);
#1740 = CARTESIAN_POINT('',(7.455141780724,0.));
#1741 = VECTOR('',#1742,1.);
#1742 = DIRECTION('',(-1.,-0.));
#1743 = ( GEOMETRIC_REPRESENTATION_CONTEXT(2) 
PARAMETRIC_REPRESENTATION_CONTEXT() REPRESENTATION_CONTEXT('2D SPACE',''
  ) );
#1744 = ORIENTED_EDGE('',*,*,#1745,.T.);
#1745 = EDGE_CURVE('',#1713,#789,#1746,.T.);
#1746 = SURFACE_CURVE('',#1747,(#1751,#1758),.PCURVE_S1.);
#1747 = LINE('',#1748,#1749);
#1748 = CARTESIAN_POINT('',(35.,-2.,125.));
#1749 = VECTOR('',#1750,1.);
#1750 = DIRECTION('',(0.,0.,1.));
#1751 = PCURVE('',#385,#1752);
#1752 = DEFINITIONAL_REPRESENTATION('',(#1753),#1757);
#1753 = LINE('',#1754,#1755);
#1754 = CARTESIAN_POINT('',(125.,-28.));
#1755 = VECTOR('',#1756,1.);
#1756 = DIRECTION('',(1.,0.));
#1757 = ( GEOMETRIC_REPRESENTATION_CONTEXT(2) 
PARAMETRIC_REPRESENTATION_CONTEXT() REPRESENTATION_CONTEXT('2D SPACE',''
  ) );
#1758 = PCURVE('',#827,#1759);
#1759 = DEFINITIONAL_REPRESENTATION('',(#1760),#1764);
#1760 = LINE('',#1761,#1762);
#1761 = CARTESIAN_POINT('',(0.,3.));
#1762 = VECTOR('',#1763,1.);
#1763 = DIRECTION('',(1.,0.));
#1764 = ( GEOMETRIC_REPRESENTATION_CONTEXT(2) 
PARAMETRIC_REPRESENTATION_CONTEXT() REPRESENTATION_CONTEXT('2D SPACE',''
  ) );
#1765 = ORIENTED_EDGE('',*,*,#788,.F.);
#1766 = ORIENTED_EDGE('',*,*,#714,.F.);
#1767 = ORIENTED_EDGE('',*,*,#689,.T.);
#1768 = ORIENTED_EDGE('',*,*,#517,.F.);
#1769 = ORIENTED_EDGE('',*,*,#445,.F.);
#1770 = ADVANCED_FACE('',(#1771),#557,.F.);
#1771 = FACE_BOUND('',#1772,.T.);
#1772 = EDGE_LOOP('',(#1773,#1802,#1823,#1824));
#1773 = ORIENTED_EDGE('',*,*,#1774,.F.);
#1774 = EDGE_CURVE('',#1775,#1775,#1777,.T.);
#1775 = VERTEX_POINT('',#1776);
#1776 = CARTESIAN_POINT('',(-27.55,0.,83.5));
#1777 = SURFACE_CURVE('',#1778,(#1783,#1790),.PCURVE_S1.);
#1778 = CIRCLE('',#1779,1.45);
#1779 = AXIS2_PLACEMENT_3D('',#1780,#1781,#1782);
#1780 = CARTESIAN_POINT('',(-29.,0.,83.5));
#1781 = DIRECTION('',(0.,-1.,0.));
#1782 = DIRECTION('',(1.,0.,0.));
#1783 = PCURVE('',#557,#1784);
#1784 = DEFINITIONAL_REPRESENTATION('',(#1785),#1789);
#1785 = LINE('',#1786,#1787);
#1786 = CARTESIAN_POINT('',(-0.,0.));
#1787 = VECTOR('',#1788,1.);
#1788 = DIRECTION('',(-1.,0.));
#1789 = ( GEOMETRIC_REPRESENTATION_CONTEXT(2) 
PARAMETRIC_REPRESENTATION_CONTEXT() REPRESENTATION_CONTEXT('2D SPACE',''
  ) );
#1790 = PCURVE('',#1791,#1796);
#1791 = PLANE('',#1792);
#1792 = AXIS2_PLACEMENT_3D('',#1793,#1794,#1795);
#1793 = CARTESIAN_POINT('',(29.,0.,106.5));
#1794 = DIRECTION('',(-0.,-1.,-0.));
#1795 = DIRECTION('',(0.,0.,-1.));
#1796 = DEFINITIONAL_REPRESENTATION('',(#1797),#1801);
#1797 = CIRCLE('',#1798,1.45);
#1798 = AXIS2_PLACEMENT_2D('',#1799,#1800);
#1799 = CARTESIAN_POINT('',(23.,-58.));
#1800 = DIRECTION('',(0.,1.));
#1801 = ( GEOMETRIC_REPRESENTATION_CONTEXT(2) 
PARAMETRIC_REPRESENTATION_CONTEXT() REPRESENTATION_CONTEXT('2D SPACE',''
  ) );
#1802 = ORIENTED_EDGE('',*,*,#1803,.T.);
#1803 = EDGE_CURVE('',#1775,#541,#1804,.T.);
#1804 = SEAM_CURVE('',#1805,(#1809,#1816),.PCURVE_S1.);
#1805 = LINE('',#1806,#1807);
#1806 = CARTESIAN_POINT('',(-27.55,0.,83.5));
#1807 = VECTOR('',#1808,1.);
#1808 = DIRECTION('',(0.,-1.,0.));
#1809 = PCURVE('',#557,#1810);
#1810 = DEFINITIONAL_REPRESENTATION('',(#1811),#1815);
#1811 = LINE('',#1812,#1813);
#1812 = CARTESIAN_POINT('',(-6.28318530718,0.));
#1813 = VECTOR('',#1814,1.);
#1814 = DIRECTION('',(-0.,-1.));
#1815 = ( GEOMETRIC_REPRESENTATION_CONTEXT(2) 
PARAMETRIC_REPRESENTATION_CONTEXT() REPRESENTATION_CONTEXT('2D SPACE',''
  ) );
#1816 = PCURVE('',#557,#1817);
#1817 = DEFINITIONAL_REPRESENTATION('',(#1818),#1822);
#1818 = LINE('',#1819,#1820);
#1819 = CARTESIAN_POINT('',(-0.,0.));
#1820 = VECTOR('',#1821,1.);
#1821 = DIRECTION('',(-0.,-1.));
#1822 = ( GEOMETRIC_REPRESENTATION_CONTEXT(2) 
PARAMETRIC_REPRESENTATION_CONTEXT() REPRESENTATION_CONTEXT('2D SPACE',''
  ) );
#1823 = ORIENTED_EDGE('',*,*,#540,.F.);
#1824 = ORIENTED_EDGE('',*,*,#1803,.F.);
#1825 = ADVANCED_FACE('',(#1826),#588,.F.);
#1826 = FACE_BOUND('',#1827,.T.);
#1827 = EDGE_LOOP('',(#1828,#1857,#1878,#1879));
#1828 = ORIENTED_EDGE('',*,*,#1829,.F.);
#1829 = EDGE_CURVE('',#1830,#1830,#1832,.T.);
#1830 = VERTEX_POINT('',#1831);
#1831 = CARTESIAN_POINT('',(-27.55,0.,106.5));
#1832 = SURFACE_CURVE('',#1833,(#1838,#1845),.PCURVE_S1.);
#1833 = CIRCLE('',#1834,1.45);
#1834 = AXIS2_PLACEMENT_3D('',#1835,#1836,#1837);
#1835 = CARTESIAN_POINT('',(-29.,0.,106.5));
#1836 = DIRECTION('',(0.,-1.,0.));
#1837 = DIRECTION('',(1.,0.,0.));
#1838 = PCURVE('',#588,#1839);
#1839 = DEFINITIONAL_REPRESENTATION('',(#1840),#1844);
#1840 = LINE('',#1841,#1842);
#1841 = CARTESIAN_POINT('',(-0.,0.));
#1842 = VECTOR('',#1843,1.);
#1843 = DIRECTION('',(-1.,0.));
#1844 = ( GEOMETRIC_REPRESENTATION_CONTEXT(2) 
PARAMETRIC_REPRESENTATION_CONTEXT() REPRESENTATION_CONTEXT('2D SPACE',''
  ) );
#1845 = PCURVE('',#1846,#1851);
#1846 = PLANE('',#1847);
#1847 = AXIS2_PLACEMENT_3D('',#1848,#1849,#1850);
#1848 = CARTESIAN_POINT('',(29.,0.,106.5));
#1849 = DIRECTION('',(-0.,-1.,-0.));
#1850 = DIRECTION('',(0.,0.,-1.));
#1851 = DEFINITIONAL_REPRESENTATION('',(#1852),#1856);
#1852 = CIRCLE('',#1853,1.45);
#1853 = AXIS2_PLACEMENT_2D('',#1854,#1855);
#1854 = CARTESIAN_POINT('',(0.,-58.));
#1855 = DIRECTION('',(0.,1.));
#1856 = ( GEOMETRIC_REPRESENTATION_CONTEXT(2) 
PARAMETRIC_REPRESENTATION_CONTEXT() REPRESENTATION_CONTEXT('2D SPACE',''
  ) );
#1857 = ORIENTED_EDGE('',*,*,#1858,.T.);
#1858 = EDGE_CURVE('',#1830,#572,#1859,.T.);
#1859 = SEAM_CURVE('',#1860,(#1864,#1871),.PCURVE_S1.);
#1860 = LINE('',#1861,#1862);
#1861 = CARTESIAN_POINT('',(-27.55,0.,106.5));
#1862 = VECTOR('',#1863,1.);
#1863 = DIRECTION('',(0.,-1.,0.));
#1864 = PCURVE('',#588,#1865);
#1865 = DEFINITIONAL_REPRESENTATION('',(#1866),#1870);
#1866 = LINE('',#1867,#1868);
#1867 = CARTESIAN_POINT('',(-6.28318530718,0.));
#1868 = VECTOR('',#1869,1.);
#1869 = DIRECTION('',(-0.,-1.));
#1870 = ( GEOMETRIC_REPRESENTATION_CONTEXT(2) 
PARAMETRIC_REPRESENTATION_CONTEXT() REPRESENTATION_CONTEXT('2D SPACE',''
  ) );
#1871 = PCURVE('',#588,#1872);
#1872 = DEFINITIONAL_REPRESENTATION('',(#1873),#1877);
#1873 = LINE('',#1874,#1875);
#1874 = CARTESIAN_POINT('',(-0.,0.));
#1875 = VECTOR('',#1876,1.);
#1876 = DIRECTION('',(-0.,-1.));
#1877 = ( GEOMETRIC_REPRESENTATION_CONTEXT(2) 
PARAMETRIC_REPRESENTATION_CONTEXT() REPRESENTATION_CONTEXT('2D SPACE',''
  ) );
#1878 = ORIENTED_EDGE('',*,*,#571,.F.);
#1879 = ORIENTED_EDGE('',*,*,#1858,.F.);
#1880 = ADVANCED_FACE('',(#1881),#619,.F.);
#1881 = FACE_BOUND('',#1882,.T.);
#1882 = EDGE_LOOP('',(#1883,#1912,#1933,#1934));
#1883 = ORIENTED_EDGE('',*,*,#1884,.F.);
#1884 = EDGE_CURVE('',#1885,#1885,#1887,.T.);
#1885 = VERTEX_POINT('',#1886);
#1886 = CARTESIAN_POINT('',(30.45,0.,83.5));
#1887 = SURFACE_CURVE('',#1888,(#1893,#1900),.PCURVE_S1.);
#1888 = CIRCLE('',#1889,1.45);
#1889 = AXIS2_PLACEMENT_3D('',#1890,#1891,#1892);
#1890 = CARTESIAN_POINT('',(29.,0.,83.5));
#1891 = DIRECTION('',(0.,-1.,0.));
#1892 = DIRECTION('',(1.,0.,0.));
#1893 = PCURVE('',#619,#1894);
#1894 = DEFINITIONAL_REPRESENTATION('',(#1895),#1899);
#1895 = LINE('',#1896,#1897);
#1896 = CARTESIAN_POINT('',(-0.,0.));
#1897 = VECTOR('',#1898,1.);
#1898 = DIRECTION('',(-1.,0.));
#1899 = ( GEOMETRIC_REPRESENTATION_CONTEXT(2) 
PARAMETRIC_REPRESENTATION_CONTEXT() REPRESENTATION_CONTEXT('2D SPACE',''
  ) );
#1900 = PCURVE('',#1901,#1906);
#1901 = PLANE('',#1902);
#1902 = AXIS2_PLACEMENT_3D('',#1903,#1904,#1905);
#1903 = CARTESIAN_POINT('',(29.,0.,106.5));
#1904 = DIRECTION('',(-0.,-1.,-0.));
#1905 = DIRECTION('',(0.,0.,-1.));
#1906 = DEFINITIONAL_REPRESENTATION('',(#1907),#1911);
#1907 = CIRCLE('',#1908,1.45);
#1908 = AXIS2_PLACEMENT_2D('',#1909,#1910);
#1909 = CARTESIAN_POINT('',(23.,0.));
#1910 = DIRECTION('',(0.,1.));
#1911 = ( GEOMETRIC_REPRESENTATION_CONTEXT(2) 
PARAMETRIC_REPRESENTATION_CONTEXT() REPRESENTATION_CONTEXT('2D SPACE',''
  ) );
#1912 = ORIENTED_EDGE('',*,*,#1913,.T.);
#1913 = EDGE_CURVE('',#1885,#603,#1914,.T.);
#1914 = SEAM_CURVE('',#1915,(#1919,#1926),.PCURVE_S1.);
#1915 = LINE('',#1916,#1917);
#1916 = CARTESIAN_POINT('',(30.45,0.,83.5));
#1917 = VECTOR('',#1918,1.);
#1918 = DIRECTION('',(0.,-1.,0.));
#1919 = PCURVE('',#619,#1920);
#1920 = DEFINITIONAL_REPRESENTATION('',(#1921),#1925);
#1921 = LINE('',#1922,#1923);
#1922 = CARTESIAN_POINT('',(-6.28318530718,0.));
#1923 = VECTOR('',#1924,1.);
#1924 = DIRECTION('',(-0.,-1.));
#1925 = ( GEOMETRIC_REPRESENTATION_CONTEXT(2) 
PARAMETRIC_REPRESENTATION_CONTEXT() REPRESENTATION_CONTEXT('2D SPACE',''
  ) );
#1926 = PCURVE('',#619,#1927);
#1927 = DEFINITIONAL_REPRESENTATION('',(#1928),#1932);
#1928 = LINE('',#1929,#1930);
#1929 = CARTESIAN_POINT('',(-0.,0.));
#1930 = VECTOR('',#1931,1.);
#1931 = DIRECTION('',(-0.,-1.));
#1932 = ( GEOMETRIC_REPRESENTATION_CONTEXT(2) 
PARAMETRIC_REPRESENTATION_CONTEXT() REPRESENTATION_CONTEXT('2D SPACE',''
  ) );
#1933 = ORIENTED_EDGE('',*,*,#602,.F.);
#1934 = ORIENTED_EDGE('',*,*,#1913,.F.);
#1935 = ADVANCED_FACE('',(#1936),#650,.F.);
#1936 = FACE_BOUND('',#1937,.T.);
#1937 = EDGE_LOOP('',(#1938,#1967,#1988,#1989));
#1938 = ORIENTED_EDGE('',*,*,#1939,.F.);
#1939 = EDGE_CURVE('',#1940,#1940,#1942,.T.);
#1940 = VERTEX_POINT('',#1941);
#1941 = CARTESIAN_POINT('',(30.45,0.,106.5));
#1942 = SURFACE_CURVE('',#1943,(#1948,#1955),.PCURVE_S1.);
#1943 = CIRCLE('',#1944,1.45);
#1944 = AXIS2_PLACEMENT_3D('',#1945,#1946,#1947);
#1945 = CARTESIAN_POINT('',(29.,0.,106.5));
#1946 = DIRECTION('',(0.,-1.,0.));
#1947 = DIRECTION('',(1.,0.,0.));
#1948 = PCURVE('',#650,#1949);
#1949 = DEFINITIONAL_REPRESENTATION('',(#1950),#1954);
#1950 = LINE('',#1951,#1952);
#1951 = CARTESIAN_POINT('',(-0.,0.));
#1952 = VECTOR('',#1953,1.);
#1953 = DIRECTION('',(-1.,0.));
#1954 = ( GEOMETRIC_REPRESENTATION_CONTEXT(2) 
PARAMETRIC_REPRESENTATION_CONTEXT() REPRESENTATION_CONTEXT('2D SPACE',''
  ) );
#1955 = PCURVE('',#1956,#1961);
#1956 = PLANE('',#1957);
#1957 = AXIS2_PLACEMENT_3D('',#1958,#1959,#1960);
#1958 = CARTESIAN_POINT('',(29.,0.,106.5));
#1959 = DIRECTION('',(-0.,-1.,-0.));
#1960 = DIRECTION('',(0.,0.,-1.));
#1961 = DEFINITIONAL_REPRESENTATION('',(#1962),#1966);
#1962 = CIRCLE('',#1963,1.45);
#1963 = AXIS2_PLACEMENT_2D('',#1964,#1965);
#1964 = CARTESIAN_POINT('',(0.,0.));
#1965 = DIRECTION('',(0.,1.));
#1966 = ( GEOMETRIC_REPRESENTATION_CONTEXT(2) 
PARAMETRIC_REPRESENTATION_CONTEXT() REPRESENTATION_CONTEXT('2D SPACE',''
  ) );
#1967 = ORIENTED_EDGE('',*,*,#1968,.T.);
#1968 = EDGE_CURVE('',#1940,#634,#1969,.T.);
#1969 = SEAM_CURVE('',#1970,(#1974,#1981),.PCURVE_S1.);
#1970 = LINE('',#1971,#1972);
#1971 = CARTESIAN_POINT('',(30.45,0.,106.5));
#1972 = VECTOR('',#1973,1.);
#1973 = DIRECTION('',(0.,-1.,0.));
#1974 = PCURVE('',#650,#1975);
#1975 = DEFINITIONAL_REPRESENTATION('',(#1976),#1980);
#1976 = LINE('',#1977,#1978);
#1977 = CARTESIAN_POINT('',(-6.28318530718,0.));
#1978 = VECTOR('',#1979,1.);
#1979 = DIRECTION('',(-0.,-1.));
#1980 = ( GEOMETRIC_REPRESENTATION_CONTEXT(2) 
PARAMETRIC_REPRESENTATION_CONTEXT() REPRESENTATION_CONTEXT('2D SPACE',''
  ) );
#1981 = PCURVE('',#650,#1982);
#1982 = DEFINITIONAL_REPRESENTATION('',(#1983),#1987);
#1983 = LINE('',#1984,#1985);
#1984 = CARTESIAN_POINT('',(-0.,0.));
#1985 = VECTOR('',#1986,1.);
#1986 = DIRECTION('',(-0.,-1.));
#1987 = ( GEOMETRIC_REPRESENTATION_CONTEXT(2) 
PARAMETRIC_REPRESENTATION_CONTEXT() REPRESENTATION_CONTEXT('2D SPACE',''
  ) );
#1988 = ORIENTED_EDGE('',*,*,#633,.F.);
#1989 = ORIENTED_EDGE('',*,*,#1968,.F.);
#1990 = ADVANCED_FACE('',(#1991),#883,.F.);
#1991 = FACE_BOUND('',#1992,.F.);
#1992 = EDGE_LOOP('',(#1993,#2023,#2044,#2045,#2046,#2067));
#1993 = ORIENTED_EDGE('',*,*,#1994,.F.);
#1994 = EDGE_CURVE('',#1995,#1997,#1999,.T.);
#1995 = VERTEX_POINT('',#1996);
#1996 = CARTESIAN_POINT('',(32.,2.,125.));
#1997 = VERTEX_POINT('',#1998);
#1998 = CARTESIAN_POINT('',(32.1,2.,125.));
#1999 = SURFACE_CURVE('',#2000,(#2004,#2011),.PCURVE_S1.);
#2000 = LINE('',#2001,#2002);
#2001 = CARTESIAN_POINT('',(32.,2.,125.));
#2002 = VECTOR('',#2003,1.);
#2003 = DIRECTION('',(1.,0.,0.));
#2004 = PCURVE('',#883,#2005);
#2005 = DEFINITIONAL_REPRESENTATION('',(#2006),#2010);
#2006 = LINE('',#2007,#2008);
#2007 = CARTESIAN_POINT('',(0.,0.));
#2008 = VECTOR('',#2009,1.);
#2009 = DIRECTION('',(0.,1.));
#2010 = ( GEOMETRIC_REPRESENTATION_CONTEXT(2) 
PARAMETRIC_REPRESENTATION_CONTEXT() REPRESENTATION_CONTEXT('2D SPACE',''
  ) );
#2011 = PCURVE('',#2012,#2017);
#2012 = PLANE('',#2013);
#2013 = AXIS2_PLACEMENT_3D('',#2014,#2015,#2016);
#2014 = CARTESIAN_POINT('',(32.,-2.,125.));
#2015 = DIRECTION('',(0.,0.,1.));
#2016 = DIRECTION('',(1.,0.,0.));
#2017 = DEFINITIONAL_REPRESENTATION('',(#2018),#2022);
#2018 = LINE('',#2019,#2020);
#2019 = CARTESIAN_POINT('',(0.,4.));
#2020 = VECTOR('',#2021,1.);
#2021 = DIRECTION('',(1.,0.));
#2022 = ( GEOMETRIC_REPRESENTATION_CONTEXT(2) 
PARAMETRIC_REPRESENTATION_CONTEXT() REPRESENTATION_CONTEXT('2D SPACE',''
  ) );
#2023 = ORIENTED_EDGE('',*,*,#2024,.T.);
#2024 = EDGE_CURVE('',#1995,#840,#2025,.T.);
#2025 = SURFACE_CURVE('',#2026,(#2030,#2037),.PCURVE_S1.);
#2026 = LINE('',#2027,#2028);
#2027 = CARTESIAN_POINT('',(32.,2.,125.));
#2028 = VECTOR('',#2029,1.);
#2029 = DIRECTION('',(0.,0.,1.));
#2030 = PCURVE('',#883,#2031);
#2031 = DEFINITIONAL_REPRESENTATION('',(#2032),#2036);
#2032 = LINE('',#2033,#2034);
#2033 = CARTESIAN_POINT('',(0.,0.));
#2034 = VECTOR('',#2035,1.);
#2035 = DIRECTION('',(1.,0.));
#2036 = ( GEOMETRIC_REPRESENTATION_CONTEXT(2) 
PARAMETRIC_REPRESENTATION_CONTEXT() REPRESENTATION_CONTEXT('2D SPACE',''
  ) );
#2037 = PCURVE('',#855,#2038);
#2038 = DEFINITIONAL_REPRESENTATION('',(#2039),#2043);
#2039 = LINE('',#2040,#2041);
#2040 = CARTESIAN_POINT('',(0.,-4.));
#2041 = VECTOR('',#2042,1.);
#2042 = DIRECTION('',(1.,0.));
#2043 = ( GEOMETRIC_REPRESENTATION_CONTEXT(2) 
PARAMETRIC_REPRESENTATION_CONTEXT() REPRESENTATION_CONTEXT('2D SPACE',''
  ) );
#2044 = ORIENTED_EDGE('',*,*,#867,.T.);
#2045 = ORIENTED_EDGE('',*,*,#1689,.F.);
#2046 = ORIENTED_EDGE('',*,*,#2047,.F.);
#2047 = EDGE_CURVE('',#2048,#1690,#2050,.T.);
#2048 = VERTEX_POINT('',#2049);
#2049 = CARTESIAN_POINT('',(32.1,2.,129.74578760586));
#2050 = SURFACE_CURVE('',#2051,(#2055,#2061),.PCURVE_S1.);
#2051 = LINE('',#2052,#2053);
#2052 = CARTESIAN_POINT('',(35.,2.,129.74578760586));
#2053 = VECTOR('',#2054,1.);
#2054 = DIRECTION('',(1.,0.,0.));
#2055 = PCURVE('',#883,#2056);
#2056 = DEFINITIONAL_REPRESENTATION('',(#2057),#2060);
#2057 = B_SPLINE_CURVE_WITH_KNOTS('',1,(#2058,#2059),.UNSPECIFIED.,.F.,
  .F.,(2,2),(-2.9000006,5.999999999062E-07),.PIECEWISE_BEZIER_KNOTS.);
#2058 = CARTESIAN_POINT('',(4.745787605867,9.99994E-02));
#2059 = CARTESIAN_POINT('',(4.745787605867,3.0000006));
#2060 = ( GEOMETRIC_REPRESENTATION_CONTEXT(2) 
PARAMETRIC_REPRESENTATION_CONTEXT() REPRESENTATION_CONTEXT('2D SPACE',''
  ) );
#2061 = PCURVE('',#1733,#2062);
#2062 = DEFINITIONAL_REPRESENTATION('',(#2063),#2066);
#2063 = B_SPLINE_CURVE_WITH_KNOTS('',1,(#2064,#2065),.UNSPECIFIED.,.F.,
  .F.,(2,2),(-2.9,0.),.PIECEWISE_BEZIER_KNOTS.);
#2064 = CARTESIAN_POINT('',(7.455141780724,-2.9));
#2065 = CARTESIAN_POINT('',(7.455141780724,0.));
#2066 = ( GEOMETRIC_REPRESENTATION_CONTEXT(2) 
PARAMETRIC_REPRESENTATION_CONTEXT() REPRESENTATION_CONTEXT('2D SPACE',''
  ) );
#2067 = ORIENTED_EDGE('',*,*,#2068,.F.);
#2068 = EDGE_CURVE('',#1997,#2048,#2069,.T.);
#2069 = SURFACE_CURVE('',#2070,(#2074,#2080),.PCURVE_S1.);
#2070 = LINE('',#2071,#2072);
#2071 = CARTESIAN_POINT('',(32.1,2.,125.));
#2072 = VECTOR('',#2073,1.);
#2073 = DIRECTION('',(0.,0.,1.));
#2074 = PCURVE('',#883,#2075);
#2075 = DEFINITIONAL_REPRESENTATION('',(#2076),#2079);
#2076 = B_SPLINE_CURVE_WITH_KNOTS('',1,(#2077,#2078),.UNSPECIFIED.,.F.,
  .F.,(2,2),(0.,5.15),.PIECEWISE_BEZIER_KNOTS.);
#2077 = CARTESIAN_POINT('',(0.,0.1));
#2078 = CARTESIAN_POINT('',(5.15,0.1));
#2079 = ( GEOMETRIC_REPRESENTATION_CONTEXT(2) 
PARAMETRIC_REPRESENTATION_CONTEXT() REPRESENTATION_CONTEXT('2D SPACE',''
  ) );
#2080 = PCURVE('',#2081,#2086);
#2081 = PLANE('',#2082);
#2082 = AXIS2_PLACEMENT_3D('',#2083,#2084,#2085);
#2083 = CARTESIAN_POINT('',(32.1,6.638058895822E-16,125.));
#2084 = DIRECTION('',(1.,0.,0.));
#2085 = DIRECTION('',(-0.,0.,1.));
#2086 = DEFINITIONAL_REPRESENTATION('',(#2087),#2090);
#2087 = B_SPLINE_CURVE_WITH_KNOTS('',1,(#2088,#2089),.UNSPECIFIED.,.F.,
  .F.,(2,2),(0.,5.15),.PIECEWISE_BEZIER_KNOTS.);
#2088 = CARTESIAN_POINT('',(1.42108547152E-14,-2.));
#2089 = CARTESIAN_POINT('',(5.15,-2.));
#2090 = ( GEOMETRIC_REPRESENTATION_CONTEXT(2) 
PARAMETRIC_REPRESENTATION_CONTEXT() REPRESENTATION_CONTEXT('2D SPACE',''
  ) );
#2091 = ADVANCED_FACE('',(#2092,#2140),#855,.T.);
#2092 = FACE_BOUND('',#2093,.T.);
#2093 = EDGE_LOOP('',(#2094,#2117,#2138,#2139));
#2094 = ORIENTED_EDGE('',*,*,#2095,.F.);
#2095 = EDGE_CURVE('',#2096,#812,#2098,.T.);
#2096 = VERTEX_POINT('',#2097);
#2097 = CARTESIAN_POINT('',(32.,-2.,125.));
#2098 = SURFACE_CURVE('',#2099,(#2103,#2110),.PCURVE_S1.);
#2099 = LINE('',#2100,#2101);
#2100 = CARTESIAN_POINT('',(32.,-2.,125.));
#2101 = VECTOR('',#2102,1.);
#2102 = DIRECTION('',(0.,0.,1.));
#2103 = PCURVE('',#855,#2104);
#2104 = DEFINITIONAL_REPRESENTATION('',(#2105),#2109);
#2105 = LINE('',#2106,#2107);
#2106 = CARTESIAN_POINT('',(0.,0.));
#2107 = VECTOR('',#2108,1.);
#2108 = DIRECTION('',(1.,0.));
#2109 = ( GEOMETRIC_REPRESENTATION_CONTEXT(2) 
PARAMETRIC_REPRESENTATION_CONTEXT() REPRESENTATION_CONTEXT('2D SPACE',''
  ) );
#2110 = PCURVE('',#827,#2111);
#2111 = DEFINITIONAL_REPRESENTATION('',(#2112),#2116);
#2112 = LINE('',#2113,#2114);
#2113 = CARTESIAN_POINT('',(0.,0.));
#2114 = VECTOR('',#2115,1.);
#2115 = DIRECTION('',(1.,0.));
#2116 = ( GEOMETRIC_REPRESENTATION_CONTEXT(2) 
PARAMETRIC_REPRESENTATION_CONTEXT() REPRESENTATION_CONTEXT('2D SPACE',''
  ) );
#2117 = ORIENTED_EDGE('',*,*,#2118,.T.);
#2118 = EDGE_CURVE('',#2096,#1995,#2119,.T.);
#2119 = SURFACE_CURVE('',#2120,(#2124,#2131),.PCURVE_S1.);
#2120 = LINE('',#2121,#2122);
#2121 = CARTESIAN_POINT('',(32.,-2.,125.));
#2122 = VECTOR('',#2123,1.);
#2123 = DIRECTION('',(0.,1.,0.));
#2124 = PCURVE('',#855,#2125);
#2125 = DEFINITIONAL_REPRESENTATION('',(#2126),#2130);
#2126 = LINE('',#2127,#2128);
#2127 = CARTESIAN_POINT('',(0.,0.));
#2128 = VECTOR('',#2129,1.);
#2129 = DIRECTION('',(0.,-1.));
#2130 = ( GEOMETRIC_REPRESENTATION_CONTEXT(2) 
PARAMETRIC_REPRESENTATION_CONTEXT() REPRESENTATION_CONTEXT('2D SPACE',''
  ) );
#2131 = PCURVE('',#2012,#2132);
#2132 = DEFINITIONAL_REPRESENTATION('',(#2133),#2137);
#2133 = LINE('',#2134,#2135);
#2134 = CARTESIAN_POINT('',(0.,0.));
#2135 = VECTOR('',#2136,1.);
#2136 = DIRECTION('',(0.,1.));
#2137 = ( GEOMETRIC_REPRESENTATION_CONTEXT(2) 
PARAMETRIC_REPRESENTATION_CONTEXT() REPRESENTATION_CONTEXT('2D SPACE',''
  ) );
#2138 = ORIENTED_EDGE('',*,*,#2024,.T.);
#2139 = ORIENTED_EDGE('',*,*,#839,.F.);
#2140 = FACE_BOUND('',#2141,.T.);
#2141 = EDGE_LOOP('',(#2142,#2170,#2196,#2222));
#2142 = ORIENTED_EDGE('',*,*,#2143,.F.);
#2143 = EDGE_CURVE('',#2144,#2146,#2148,.T.);
#2144 = VERTEX_POINT('',#2145);
#2145 = CARTESIAN_POINT('',(32.,-0.75,132.65));
#2146 = VERTEX_POINT('',#2147);
#2147 = CARTESIAN_POINT('',(32.,-0.75,130.65));
#2148 = SURFACE_CURVE('',#2149,(#2153,#2159),.PCURVE_S1.);
#2149 = LINE('',#2150,#2151);
#2150 = CARTESIAN_POINT('',(32.,-0.75,127.825));
#2151 = VECTOR('',#2152,1.);
#2152 = DIRECTION('',(0.,0.,-1.));
#2153 = PCURVE('',#855,#2154);
#2154 = DEFINITIONAL_REPRESENTATION('',(#2155),#2158);
#2155 = B_SPLINE_CURVE_WITH_KNOTS('',1,(#2156,#2157),.UNSPECIFIED.,.F.,
  .F.,(2,2),(-4.825,-2.825),.PIECEWISE_BEZIER_KNOTS.);
#2156 = CARTESIAN_POINT('',(7.65,-1.25));
#2157 = CARTESIAN_POINT('',(5.65,-1.25));
#2158 = ( GEOMETRIC_REPRESENTATION_CONTEXT(2) 
PARAMETRIC_REPRESENTATION_CONTEXT() REPRESENTATION_CONTEXT('2D SPACE',''
  ) );
#2159 = PCURVE('',#2160,#2165);
#2160 = PLANE('',#2161);
#2161 = AXIS2_PLACEMENT_3D('',#2162,#2163,#2164);
#2162 = CARTESIAN_POINT('',(30.1,-0.75,130.65));
#2163 = DIRECTION('',(0.,1.,0.));
#2164 = DIRECTION('',(0.,0.,1.));
#2165 = DEFINITIONAL_REPRESENTATION('',(#2166),#2169);
#2166 = B_SPLINE_CURVE_WITH_KNOTS('',1,(#2167,#2168),.UNSPECIFIED.,.F.,
  .F.,(2,2),(-4.825,-2.825),.PIECEWISE_BEZIER_KNOTS.);
#2167 = CARTESIAN_POINT('',(2.,1.9));
#2168 = CARTESIAN_POINT('',(0.,1.9));
#2169 = ( GEOMETRIC_REPRESENTATION_CONTEXT(2) 
PARAMETRIC_REPRESENTATION_CONTEXT() REPRESENTATION_CONTEXT('2D SPACE',''
  ) );
#2170 = ORIENTED_EDGE('',*,*,#2171,.T.);
#2171 = EDGE_CURVE('',#2144,#2172,#2174,.T.);
#2172 = VERTEX_POINT('',#2173);
#2173 = CARTESIAN_POINT('',(32.,0.75,132.65));
#2174 = SURFACE_CURVE('',#2175,(#2179,#2185),.PCURVE_S1.);
#2175 = LINE('',#2176,#2177);
#2176 = CARTESIAN_POINT('',(32.,-1.375,132.65));
#2177 = VECTOR('',#2178,1.);
#2178 = DIRECTION('',(0.,1.,0.));
#2179 = PCURVE('',#855,#2180);
#2180 = DEFINITIONAL_REPRESENTATION('',(#2181),#2184);
#2181 = B_SPLINE_CURVE_WITH_KNOTS('',1,(#2182,#2183),.UNSPECIFIED.,.F.,
  .F.,(2,2),(0.625,2.125),.PIECEWISE_BEZIER_KNOTS.);
#2182 = CARTESIAN_POINT('',(7.65,-1.25));
#2183 = CARTESIAN_POINT('',(7.65,-2.75));
#2184 = ( GEOMETRIC_REPRESENTATION_CONTEXT(2) 
PARAMETRIC_REPRESENTATION_CONTEXT() REPRESENTATION_CONTEXT('2D SPACE',''
  ) );
#2185 = PCURVE('',#2186,#2191);
#2186 = PLANE('',#2187);
#2187 = AXIS2_PLACEMENT_3D('',#2188,#2189,#2190);
#2188 = CARTESIAN_POINT('',(30.1,-0.75,132.65));
#2189 = DIRECTION('',(0.,0.,1.));
#2190 = DIRECTION('',(1.,0.,0.));
#2191 = DEFINITIONAL_REPRESENTATION('',(#2192),#2195);
#2192 = B_SPLINE_CURVE_WITH_KNOTS('',1,(#2193,#2194),.UNSPECIFIED.,.F.,
  .F.,(2,2),(0.625,2.125),.PIECEWISE_BEZIER_KNOTS.);
#2193 = CARTESIAN_POINT('',(1.9,0.));
#2194 = CARTESIAN_POINT('',(1.9,1.5));
#2195 = ( GEOMETRIC_REPRESENTATION_CONTEXT(2) 
PARAMETRIC_REPRESENTATION_CONTEXT() REPRESENTATION_CONTEXT('2D SPACE',''
  ) );
#2196 = ORIENTED_EDGE('',*,*,#2197,.T.);
#2197 = EDGE_CURVE('',#2172,#2198,#2200,.T.);
#2198 = VERTEX_POINT('',#2199);
#2199 = CARTESIAN_POINT('',(32.,0.75,130.65));
#2200 = SURFACE_CURVE('',#2201,(#2205,#2211),.PCURVE_S1.);
#2201 = LINE('',#2202,#2203);
#2202 = CARTESIAN_POINT('',(32.,0.75,127.825));
#2203 = VECTOR('',#2204,1.);
#2204 = DIRECTION('',(0.,0.,-1.));
#2205 = PCURVE('',#855,#2206);
#2206 = DEFINITIONAL_REPRESENTATION('',(#2207),#2210);
#2207 = B_SPLINE_CURVE_WITH_KNOTS('',1,(#2208,#2209),.UNSPECIFIED.,.F.,
  .F.,(2,2),(-4.825,-2.825),.PIECEWISE_BEZIER_KNOTS.);
#2208 = CARTESIAN_POINT('',(7.65,-2.75));
#2209 = CARTESIAN_POINT('',(5.65,-2.75));
#2210 = ( GEOMETRIC_REPRESENTATION_CONTEXT(2) 
PARAMETRIC_REPRESENTATION_CONTEXT() REPRESENTATION_CONTEXT('2D SPACE',''
  ) );
#2211 = PCURVE('',#2212,#2217);
#2212 = PLANE('',#2213);
#2213 = AXIS2_PLACEMENT_3D('',#2214,#2215,#2216);
#2214 = CARTESIAN_POINT('',(30.1,0.75,130.65));
#2215 = DIRECTION('',(0.,1.,0.));
#2216 = DIRECTION('',(0.,0.,1.));
#2217 = DEFINITIONAL_REPRESENTATION('',(#2218),#2221);
#2218 = B_SPLINE_CURVE_WITH_KNOTS('',1,(#2219,#2220),.UNSPECIFIED.,.F.,
  .F.,(2,2),(-4.825,-2.825),.PIECEWISE_BEZIER_KNOTS.);
#2219 = CARTESIAN_POINT('',(2.,1.9));
#2220 = CARTESIAN_POINT('',(0.,1.9));
#2221 = ( GEOMETRIC_REPRESENTATION_CONTEXT(2) 
PARAMETRIC_REPRESENTATION_CONTEXT() REPRESENTATION_CONTEXT('2D SPACE',''
  ) );
#2222 = ORIENTED_EDGE('',*,*,#2223,.F.);
#2223 = EDGE_CURVE('',#2146,#2198,#2224,.T.);
#2224 = SURFACE_CURVE('',#2225,(#2229,#2235),.PCURVE_S1.);
#2225 = LINE('',#2226,#2227);
#2226 = CARTESIAN_POINT('',(32.,-1.375,130.65));
#2227 = VECTOR('',#2228,1.);
#2228 = DIRECTION('',(0.,1.,0.));
#2229 = PCURVE('',#855,#2230);
#2230 = DEFINITIONAL_REPRESENTATION('',(#2231),#2234);
#2231 = B_SPLINE_CURVE_WITH_KNOTS('',1,(#2232,#2233),.UNSPECIFIED.,.F.,
  .F.,(2,2),(0.625,2.125),.PIECEWISE_BEZIER_KNOTS.);
#2232 = CARTESIAN_POINT('',(5.65,-1.25));
#2233 = CARTESIAN_POINT('',(5.65,-2.75));
#2234 = ( GEOMETRIC_REPRESENTATION_CONTEXT(2) 
PARAMETRIC_REPRESENTATION_CONTEXT() REPRESENTATION_CONTEXT('2D SPACE',''
  ) );
#2235 = PCURVE('',#2236,#2241);
#2236 = PLANE('',#2237);
#2237 = AXIS2_PLACEMENT_3D('',#2238,#2239,#2240);
#2238 = CARTESIAN_POINT('',(30.1,-0.75,130.65));
#2239 = DIRECTION('',(0.,0.,1.));
#2240 = DIRECTION('',(1.,0.,0.));
#2241 = DEFINITIONAL_REPRESENTATION('',(#2242),#2245);
#2242 = B_SPLINE_CURVE_WITH_KNOTS('',1,(#2243,#2244),.UNSPECIFIED.,.F.,
  .F.,(2,2),(0.625,2.125),.PIECEWISE_BEZIER_KNOTS.);
#2243 = CARTESIAN_POINT('',(1.9,0.));
#2244 = CARTESIAN_POINT('',(1.9,1.5));
#2245 = ( GEOMETRIC_REPRESENTATION_CONTEXT(2) 
PARAMETRIC_REPRESENTATION_CONTEXT() REPRESENTATION_CONTEXT('2D SPACE',''
  ) );
#2246 = ADVANCED_FACE('',(#2247),#827,.T.);
#2247 = FACE_BOUND('',#2248,.T.);
#2248 = EDGE_LOOP('',(#2249,#2272,#2273,#2274,#2275,#2296));
#2249 = ORIENTED_EDGE('',*,*,#2250,.F.);
#2250 = EDGE_CURVE('',#2096,#2251,#2253,.T.);
#2251 = VERTEX_POINT('',#2252);
#2252 = CARTESIAN_POINT('',(32.1,-2.,125.));
#2253 = SURFACE_CURVE('',#2254,(#2258,#2265),.PCURVE_S1.);
#2254 = LINE('',#2255,#2256);
#2255 = CARTESIAN_POINT('',(32.,-2.,125.));
#2256 = VECTOR('',#2257,1.);
#2257 = DIRECTION('',(1.,0.,0.));
#2258 = PCURVE('',#827,#2259);
#2259 = DEFINITIONAL_REPRESENTATION('',(#2260),#2264);
#2260 = LINE('',#2261,#2262);
#2261 = CARTESIAN_POINT('',(0.,0.));
#2262 = VECTOR('',#2263,1.);
#2263 = DIRECTION('',(0.,1.));
#2264 = ( GEOMETRIC_REPRESENTATION_CONTEXT(2) 
PARAMETRIC_REPRESENTATION_CONTEXT() REPRESENTATION_CONTEXT('2D SPACE',''
  ) );
#2265 = PCURVE('',#2012,#2266);
#2266 = DEFINITIONAL_REPRESENTATION('',(#2267),#2271);
#2267 = LINE('',#2268,#2269);
#2268 = CARTESIAN_POINT('',(0.,0.));
#2269 = VECTOR('',#2270,1.);
#2270 = DIRECTION('',(1.,0.));
#2271 = ( GEOMETRIC_REPRESENTATION_CONTEXT(2) 
PARAMETRIC_REPRESENTATION_CONTEXT() REPRESENTATION_CONTEXT('2D SPACE',''
  ) );
#2272 = ORIENTED_EDGE('',*,*,#2095,.T.);
#2273 = ORIENTED_EDGE('',*,*,#811,.T.);
#2274 = ORIENTED_EDGE('',*,*,#1745,.F.);
#2275 = ORIENTED_EDGE('',*,*,#2276,.F.);
#2276 = EDGE_CURVE('',#2277,#1713,#2279,.T.);
#2277 = VERTEX_POINT('',#2278);
#2278 = CARTESIAN_POINT('',(32.1,-2.,129.74578760586));
#2279 = SURFACE_CURVE('',#2280,(#2284,#2290),.PCURVE_S1.);
#2280 = LINE('',#2281,#2282);
#2281 = CARTESIAN_POINT('',(35.,-2.,129.74578760586));
#2282 = VECTOR('',#2283,1.);
#2283 = DIRECTION('',(1.,0.,0.));
#2284 = PCURVE('',#827,#2285);
#2285 = DEFINITIONAL_REPRESENTATION('',(#2286),#2289);
#2286 = B_SPLINE_CURVE_WITH_KNOTS('',1,(#2287,#2288),.UNSPECIFIED.,.F.,
  .F.,(2,2),(-2.9000006,5.999999999062E-07),.PIECEWISE_BEZIER_KNOTS.);
#2287 = CARTESIAN_POINT('',(4.745787605867,9.99994E-02));
#2288 = CARTESIAN_POINT('',(4.745787605867,3.0000006));
#2289 = ( GEOMETRIC_REPRESENTATION_CONTEXT(2) 
PARAMETRIC_REPRESENTATION_CONTEXT() REPRESENTATION_CONTEXT('2D SPACE',''
  ) );
#2290 = PCURVE('',#1733,#2291);
#2291 = DEFINITIONAL_REPRESENTATION('',(#2292),#2295);
#2292 = B_SPLINE_CURVE_WITH_KNOTS('',1,(#2293,#2294),.UNSPECIFIED.,.F.,
  .F.,(2,2),(-2.9,0.),.PIECEWISE_BEZIER_KNOTS.);
#2293 = CARTESIAN_POINT('',(1.969636180045,-2.9));
#2294 = CARTESIAN_POINT('',(1.969636180045,0.));
#2295 = ( GEOMETRIC_REPRESENTATION_CONTEXT(2) 
PARAMETRIC_REPRESENTATION_CONTEXT() REPRESENTATION_CONTEXT('2D SPACE',''
  ) );
#2296 = ORIENTED_EDGE('',*,*,#2297,.F.);
#2297 = EDGE_CURVE('',#2251,#2277,#2298,.T.);
#2298 = SURFACE_CURVE('',#2299,(#2303,#2309),.PCURVE_S1.);
#2299 = LINE('',#2300,#2301);
#2300 = CARTESIAN_POINT('',(32.1,-2.,125.));
#2301 = VECTOR('',#2302,1.);
#2302 = DIRECTION('',(0.,0.,1.));
#2303 = PCURVE('',#827,#2304);
#2304 = DEFINITIONAL_REPRESENTATION('',(#2305),#2308);
#2305 = B_SPLINE_CURVE_WITH_KNOTS('',1,(#2306,#2307),.UNSPECIFIED.,.F.,
  .F.,(2,2),(0.,5.15),.PIECEWISE_BEZIER_KNOTS.);
#2306 = CARTESIAN_POINT('',(0.,0.1));
#2307 = CARTESIAN_POINT('',(5.15,0.1));
#2308 = ( GEOMETRIC_REPRESENTATION_CONTEXT(2) 
PARAMETRIC_REPRESENTATION_CONTEXT() REPRESENTATION_CONTEXT('2D SPACE',''
  ) );
#2309 = PCURVE('',#2081,#2310);
#2310 = DEFINITIONAL_REPRESENTATION('',(#2311),#2314);
#2311 = B_SPLINE_CURVE_WITH_KNOTS('',1,(#2312,#2313),.UNSPECIFIED.,.F.,
  .F.,(2,2),(0.,5.15),.PIECEWISE_BEZIER_KNOTS.);
#2312 = CARTESIAN_POINT('',(1.42108547152E-14,2.));
#2313 = CARTESIAN_POINT('',(5.15,2.));
#2314 = ( GEOMETRIC_REPRESENTATION_CONTEXT(2) 
PARAMETRIC_REPRESENTATION_CONTEXT() REPRESENTATION_CONTEXT('2D SPACE',''
  ) );
#2315 = ADVANCED_FACE('',(#2316),#939,.F.);
#2316 = FACE_BOUND('',#2317,.T.);
#2317 = EDGE_LOOP('',(#2318,#2319,#2340,#2341));
#2318 = ORIENTED_EDGE('',*,*,#1431,.F.);
#2319 = ORIENTED_EDGE('',*,*,#2320,.T.);
#2320 = EDGE_CURVE('',#1432,#919,#2321,.T.);
#2321 = SEAM_CURVE('',#2322,(#2326,#2333),.PCURVE_S1.);
#2322 = LINE('',#2323,#2324);
#2323 = CARTESIAN_POINT('',(-23.15,20.,0.));
#2324 = VECTOR('',#2325,1.);
#2325 = DIRECTION('',(0.,0.,1.));
#2326 = PCURVE('',#939,#2327);
#2327 = DEFINITIONAL_REPRESENTATION('',(#2328),#2332);
#2328 = LINE('',#2329,#2330);
#2329 = CARTESIAN_POINT('',(-6.28318530718,0.));
#2330 = VECTOR('',#2331,1.);
#2331 = DIRECTION('',(-0.,-1.));
#2332 = ( GEOMETRIC_REPRESENTATION_CONTEXT(2) 
PARAMETRIC_REPRESENTATION_CONTEXT() REPRESENTATION_CONTEXT('2D SPACE',''
  ) );
#2333 = PCURVE('',#939,#2334);
#2334 = DEFINITIONAL_REPRESENTATION('',(#2335),#2339);
#2335 = LINE('',#2336,#2337);
#2336 = CARTESIAN_POINT('',(-0.,0.));
#2337 = VECTOR('',#2338,1.);
#2338 = DIRECTION('',(-0.,-1.));
#2339 = ( GEOMETRIC_REPRESENTATION_CONTEXT(2) 
PARAMETRIC_REPRESENTATION_CONTEXT() REPRESENTATION_CONTEXT('2D SPACE',''
  ) );
#2340 = ORIENTED_EDGE('',*,*,#918,.F.);
#2341 = ORIENTED_EDGE('',*,*,#2320,.F.);
#2342 = ADVANCED_FACE('',(#2343),#971,.F.);
#2343 = FACE_BOUND('',#2344,.F.);
#2344 = EDGE_LOOP('',(#2345,#2368,#2369,#2392));
#2345 = ORIENTED_EDGE('',*,*,#2346,.F.);
#2346 = EDGE_CURVE('',#954,#2347,#2349,.T.);
#2347 = VERTEX_POINT('',#2348);
#2348 = CARTESIAN_POINT('',(-22.,-22.,304.));
#2349 = SURFACE_CURVE('',#2350,(#2354,#2361),.PCURVE_S1.);
#2350 = LINE('',#2351,#2352);
#2351 = CARTESIAN_POINT('',(-22.,-22.,300.));
#2352 = VECTOR('',#2353,1.);
#2353 = DIRECTION('',(0.,0.,1.));
#2354 = PCURVE('',#971,#2355);
#2355 = DEFINITIONAL_REPRESENTATION('',(#2356),#2360);
#2356 = LINE('',#2357,#2358);
#2357 = CARTESIAN_POINT('',(0.,0.));
#2358 = VECTOR('',#2359,1.);
#2359 = DIRECTION('',(1.,0.));
#2360 = ( GEOMETRIC_REPRESENTATION_CONTEXT(2) 
PARAMETRIC_REPRESENTATION_CONTEXT() REPRESENTATION_CONTEXT('2D SPACE',''
  ) );
#2361 = PCURVE('',#1053,#2362);
#2362 = DEFINITIONAL_REPRESENTATION('',(#2363),#2367);
#2363 = LINE('',#2364,#2365);
#2364 = CARTESIAN_POINT('',(0.,0.));
#2365 = VECTOR('',#2366,1.);
#2366 = DIRECTION('',(1.,0.));
#2367 = ( GEOMETRIC_REPRESENTATION_CONTEXT(2) 
PARAMETRIC_REPRESENTATION_CONTEXT() REPRESENTATION_CONTEXT('2D SPACE',''
  ) );
#2368 = ORIENTED_EDGE('',*,*,#953,.T.);
#2369 = ORIENTED_EDGE('',*,*,#2370,.T.);
#2370 = EDGE_CURVE('',#956,#2371,#2373,.T.);
#2371 = VERTEX_POINT('',#2372);
#2372 = CARTESIAN_POINT('',(-22.,22.,304.));
#2373 = SURFACE_CURVE('',#2374,(#2378,#2385),.PCURVE_S1.);
#2374 = LINE('',#2375,#2376);
#2375 = CARTESIAN_POINT('',(-22.,22.,300.));
#2376 = VECTOR('',#2377,1.);
#2377 = DIRECTION('',(0.,0.,1.));
#2378 = PCURVE('',#971,#2379);
#2379 = DEFINITIONAL_REPRESENTATION('',(#2380),#2384);
#2380 = LINE('',#2381,#2382);
#2381 = CARTESIAN_POINT('',(0.,-44.));
#2382 = VECTOR('',#2383,1.);
#2383 = DIRECTION('',(1.,0.));
#2384 = ( GEOMETRIC_REPRESENTATION_CONTEXT(2) 
PARAMETRIC_REPRESENTATION_CONTEXT() REPRESENTATION_CONTEXT('2D SPACE',''
  ) );
#2385 = PCURVE('',#999,#2386);
#2386 = DEFINITIONAL_REPRESENTATION('',(#2387),#2391);
#2387 = LINE('',#2388,#2389);
#2388 = CARTESIAN_POINT('',(0.,0.));
#2389 = VECTOR('',#2390,1.);
#2390 = DIRECTION('',(1.,0.));
#2391 = ( GEOMETRIC_REPRESENTATION_CONTEXT(2) 
PARAMETRIC_REPRESENTATION_CONTEXT() REPRESENTATION_CONTEXT('2D SPACE',''
  ) );
#2392 = ORIENTED_EDGE('',*,*,#2393,.F.);
#2393 = EDGE_CURVE('',#2347,#2371,#2394,.T.);
#2394 = SURFACE_CURVE('',#2395,(#2399,#2406),.PCURVE_S1.);
#2395 = LINE('',#2396,#2397);
#2396 = CARTESIAN_POINT('',(-22.,-22.,304.));
#2397 = VECTOR('',#2398,1.);
#2398 = DIRECTION('',(0.,1.,0.));
#2399 = PCURVE('',#971,#2400);
#2400 = DEFINITIONAL_REPRESENTATION('',(#2401),#2405);
#2401 = LINE('',#2402,#2403);
#2402 = CARTESIAN_POINT('',(4.,0.));
#2403 = VECTOR('',#2404,1.);
#2404 = DIRECTION('',(0.,-1.));
#2405 = ( GEOMETRIC_REPRESENTATION_CONTEXT(2) 
PARAMETRIC_REPRESENTATION_CONTEXT() REPRESENTATION_CONTEXT('2D SPACE',''
  ) );
#2406 = PCURVE('',#2407,#2412);
#2407 = PLANE('',#2408);
#2408 = AXIS2_PLACEMENT_3D('',#2409,#2410,#2411);
#2409 = CARTESIAN_POINT('',(-22.,-22.,304.));
#2410 = DIRECTION('',(0.,0.,1.));
#2411 = DIRECTION('',(1.,0.,0.));
#2412 = DEFINITIONAL_REPRESENTATION('',(#2413),#2417);
#2413 = LINE('',#2414,#2415);
#2414 = CARTESIAN_POINT('',(0.,0.));
#2415 = VECTOR('',#2416,1.);
#2416 = DIRECTION('',(0.,1.));
#2417 = ( GEOMETRIC_REPRESENTATION_CONTEXT(2) 
PARAMETRIC_REPRESENTATION_CONTEXT() REPRESENTATION_CONTEXT('2D SPACE',''
  ) );
#2418 = ADVANCED_FACE('',(#2419),#999,.T.);
#2419 = FACE_BOUND('',#2420,.T.);
#2420 = EDGE_LOOP('',(#2421,#2422,#2423,#2446));
#2421 = ORIENTED_EDGE('',*,*,#983,.F.);
#2422 = ORIENTED_EDGE('',*,*,#2370,.T.);
#2423 = ORIENTED_EDGE('',*,*,#2424,.T.);
#2424 = EDGE_CURVE('',#2371,#2425,#2427,.T.);
#2425 = VERTEX_POINT('',#2426);
#2426 = CARTESIAN_POINT('',(22.,22.,304.));
#2427 = SURFACE_CURVE('',#2428,(#2432,#2439),.PCURVE_S1.);
#2428 = LINE('',#2429,#2430);
#2429 = CARTESIAN_POINT('',(-22.,22.,304.));
#2430 = VECTOR('',#2431,1.);
#2431 = DIRECTION('',(1.,0.,0.));
#2432 = PCURVE('',#999,#2433);
#2433 = DEFINITIONAL_REPRESENTATION('',(#2434),#2438);
#2434 = LINE('',#2435,#2436);
#2435 = CARTESIAN_POINT('',(4.,0.));
#2436 = VECTOR('',#2437,1.);
#2437 = DIRECTION('',(0.,1.));
#2438 = ( GEOMETRIC_REPRESENTATION_CONTEXT(2) 
PARAMETRIC_REPRESENTATION_CONTEXT() REPRESENTATION_CONTEXT('2D SPACE',''
  ) );
#2439 = PCURVE('',#2407,#2440);
#2440 = DEFINITIONAL_REPRESENTATION('',(#2441),#2445);
#2441 = LINE('',#2442,#2443);
#2442 = CARTESIAN_POINT('',(0.,44.));
#2443 = VECTOR('',#2444,1.);
#2444 = DIRECTION('',(1.,0.));
#2445 = ( GEOMETRIC_REPRESENTATION_CONTEXT(2) 
PARAMETRIC_REPRESENTATION_CONTEXT() REPRESENTATION_CONTEXT('2D SPACE',''
  ) );
#2446 = ORIENTED_EDGE('',*,*,#2447,.F.);
#2447 = EDGE_CURVE('',#984,#2425,#2448,.T.);
#2448 = SURFACE_CURVE('',#2449,(#2453,#2460),.PCURVE_S1.);
#2449 = LINE('',#2450,#2451);
#2450 = CARTESIAN_POINT('',(22.,22.,300.));
#2451 = VECTOR('',#2452,1.);
#2452 = DIRECTION('',(0.,0.,1.));
#2453 = PCURVE('',#999,#2454);
#2454 = DEFINITIONAL_REPRESENTATION('',(#2455),#2459);
#2455 = LINE('',#2456,#2457);
#2456 = CARTESIAN_POINT('',(0.,44.));
#2457 = VECTOR('',#2458,1.);
#2458 = DIRECTION('',(1.,0.));
#2459 = ( GEOMETRIC_REPRESENTATION_CONTEXT(2) 
PARAMETRIC_REPRESENTATION_CONTEXT() REPRESENTATION_CONTEXT('2D SPACE',''
  ) );
#2460 = PCURVE('',#1027,#2461);
#2461 = DEFINITIONAL_REPRESENTATION('',(#2462),#2466);
#2462 = LINE('',#2463,#2464);
#2463 = CARTESIAN_POINT('',(0.,-44.));
#2464 = VECTOR('',#2465,1.);
#2465 = DIRECTION('',(1.,0.));
#2466 = ( GEOMETRIC_REPRESENTATION_CONTEXT(2) 
PARAMETRIC_REPRESENTATION_CONTEXT() REPRESENTATION_CONTEXT('2D SPACE',''
  ) );
#2467 = ADVANCED_FACE('',(#2468),#1053,.F.);
#2468 = FACE_BOUND('',#2469,.F.);
#2469 = EDGE_LOOP('',(#2470,#2471,#2472,#2495));
#2470 = ORIENTED_EDGE('',*,*,#1039,.F.);
#2471 = ORIENTED_EDGE('',*,*,#2346,.T.);
#2472 = ORIENTED_EDGE('',*,*,#2473,.T.);
#2473 = EDGE_CURVE('',#2347,#2474,#2476,.T.);
#2474 = VERTEX_POINT('',#2475);
#2475 = CARTESIAN_POINT('',(22.,-22.,304.));
#2476 = SURFACE_CURVE('',#2477,(#2481,#2488),.PCURVE_S1.);
#2477 = LINE('',#2478,#2479);
#2478 = CARTESIAN_POINT('',(-22.,-22.,304.));
#2479 = VECTOR('',#2480,1.);
#2480 = DIRECTION('',(1.,0.,0.));
#2481 = PCURVE('',#1053,#2482);
#2482 = DEFINITIONAL_REPRESENTATION('',(#2483),#2487);
#2483 = LINE('',#2484,#2485);
#2484 = CARTESIAN_POINT('',(4.,0.));
#2485 = VECTOR('',#2486,1.);
#2486 = DIRECTION('',(0.,1.));
#2487 = ( GEOMETRIC_REPRESENTATION_CONTEXT(2) 
PARAMETRIC_REPRESENTATION_CONTEXT() REPRESENTATION_CONTEXT('2D SPACE',''
  ) );
#2488 = PCURVE('',#2407,#2489);
#2489 = DEFINITIONAL_REPRESENTATION('',(#2490),#2494);
#2490 = LINE('',#2491,#2492);
#2491 = CARTESIAN_POINT('',(0.,0.));
#2492 = VECTOR('',#2493,1.);
#2493 = DIRECTION('',(1.,0.));
#2494 = ( GEOMETRIC_REPRESENTATION_CONTEXT(2) 
PARAMETRIC_REPRESENTATION_CONTEXT() REPRESENTATION_CONTEXT('2D SPACE',''
  ) );
#2495 = ORIENTED_EDGE('',*,*,#2496,.F.);
#2496 = EDGE_CURVE('',#1012,#2474,#2497,.T.);
#2497 = SURFACE_CURVE('',#2498,(#2502,#2509),.PCURVE_S1.);
#2498 = LINE('',#2499,#2500);
#2499 = CARTESIAN_POINT('',(22.,-22.,300.));
#2500 = VECTOR('',#2501,1.);
#2501 = DIRECTION('',(0.,0.,1.));
#2502 = PCURVE('',#1053,#2503);
#2503 = DEFINITIONAL_REPRESENTATION('',(#2504),#2508);
#2504 = LINE('',#2505,#2506);
#2505 = CARTESIAN_POINT('',(0.,44.));
#2506 = VECTOR('',#2507,1.);
#2507 = DIRECTION('',(1.,0.));
#2508 = ( GEOMETRIC_REPRESENTATION_CONTEXT(2) 
PARAMETRIC_REPRESENTATION_CONTEXT() REPRESENTATION_CONTEXT('2D SPACE',''
  ) );
#2509 = PCURVE('',#1027,#2510);
#2510 = DEFINITIONAL_REPRESENTATION('',(#2511),#2515);
#2511 = LINE('',#2512,#2513);
#2512 = CARTESIAN_POINT('',(0.,0.));
#2513 = VECTOR('',#2514,1.);
#2514 = DIRECTION('',(1.,0.));
#2515 = ( GEOMETRIC_REPRESENTATION_CONTEXT(2) 
PARAMETRIC_REPRESENTATION_CONTEXT() REPRESENTATION_CONTEXT('2D SPACE',''
  ) );
#2516 = ADVANCED_FACE('',(#2517),#1027,.T.);
#2517 = FACE_BOUND('',#2518,.T.);
#2518 = EDGE_LOOP('',(#2519,#2520,#2521,#2522));
#2519 = ORIENTED_EDGE('',*,*,#2496,.F.);
#2520 = ORIENTED_EDGE('',*,*,#1011,.T.);
#2521 = ORIENTED_EDGE('',*,*,#2447,.T.);
#2522 = ORIENTED_EDGE('',*,*,#2523,.F.);
#2523 = EDGE_CURVE('',#2474,#2425,#2524,.T.);
#2524 = SURFACE_CURVE('',#2525,(#2529,#2536),.PCURVE_S1.);
#2525 = LINE('',#2526,#2527);
#2526 = CARTESIAN_POINT('',(22.,-22.,304.));
#2527 = VECTOR('',#2528,1.);
#2528 = DIRECTION('',(0.,1.,0.));
#2529 = PCURVE('',#1027,#2530);
#2530 = DEFINITIONAL_REPRESENTATION('',(#2531),#2535);
#2531 = LINE('',#2532,#2533);
#2532 = CARTESIAN_POINT('',(4.,0.));
#2533 = VECTOR('',#2534,1.);
#2534 = DIRECTION('',(0.,-1.));
#2535 = ( GEOMETRIC_REPRESENTATION_CONTEXT(2) 
PARAMETRIC_REPRESENTATION_CONTEXT() REPRESENTATION_CONTEXT('2D SPACE',''
  ) );
#2536 = PCURVE('',#2407,#2537);
#2537 = DEFINITIONAL_REPRESENTATION('',(#2538),#2542);
#2538 = LINE('',#2539,#2540);
#2539 = CARTESIAN_POINT('',(44.,0.));
#2540 = VECTOR('',#2541,1.);
#2541 = DIRECTION('',(0.,1.));
#2542 = ( GEOMETRIC_REPRESENTATION_CONTEXT(2) 
PARAMETRIC_REPRESENTATION_CONTEXT() REPRESENTATION_CONTEXT('2D SPACE',''
  ) );
#2543 = ADVANCED_FACE('',(#2544),#1088,.F.);
#2544 = FACE_BOUND('',#2545,.T.);
#2545 = EDGE_LOOP('',(#2546,#2547,#2568,#2569));
#2546 = ORIENTED_EDGE('',*,*,#1457,.F.);
#2547 = ORIENTED_EDGE('',*,*,#2548,.T.);
#2548 = EDGE_CURVE('',#1458,#1068,#2549,.T.);
#2549 = SEAM_CURVE('',#2550,(#2554,#2561),.PCURVE_S1.);
#2550 = LINE('',#2551,#2552);
#2551 = CARTESIAN_POINT('',(26.35,20.,0.));
#2552 = VECTOR('',#2553,1.);
#2553 = DIRECTION('',(0.,0.,1.));
#2554 = PCURVE('',#1088,#2555);
#2555 = DEFINITIONAL_REPRESENTATION('',(#2556),#2560);
#2556 = LINE('',#2557,#2558);
#2557 = CARTESIAN_POINT('',(-6.28318530718,0.));
#2558 = VECTOR('',#2559,1.);
#2559 = DIRECTION('',(-0.,-1.));
#2560 = ( GEOMETRIC_REPRESENTATION_CONTEXT(2) 
PARAMETRIC_REPRESENTATION_CONTEXT() REPRESENTATION_CONTEXT('2D SPACE',''
  ) );
#2561 = PCURVE('',#1088,#2562);
#2562 = DEFINITIONAL_REPRESENTATION('',(#2563),#2567);
#2563 = LINE('',#2564,#2565);
#2564 = CARTESIAN_POINT('',(-0.,0.));
#2565 = VECTOR('',#2566,1.);
#2566 = DIRECTION('',(-0.,-1.));
#2567 = ( GEOMETRIC_REPRESENTATION_CONTEXT(2) 
PARAMETRIC_REPRESENTATION_CONTEXT() REPRESENTATION_CONTEXT('2D SPACE',''
  ) );
#2568 = ORIENTED_EDGE('',*,*,#1067,.F.);
#2569 = ORIENTED_EDGE('',*,*,#2548,.F.);
#2570 = ADVANCED_FACE('',(#2571),#1244,.T.);
#2571 = FACE_BOUND('',#2572,.T.);
#2572 = EDGE_LOOP('',(#2573,#2596,#2597,#2598));
#2573 = ORIENTED_EDGE('',*,*,#2574,.F.);
#2574 = EDGE_CURVE('',#1385,#2575,#2577,.T.);
#2575 = VERTEX_POINT('',#2576);
#2576 = CARTESIAN_POINT('',(-20.5,10.,36.6));
#2577 = SURFACE_CURVE('',#2578,(#2582,#2589),.PCURVE_S1.);
#2578 = LINE('',#2579,#2580);
#2579 = CARTESIAN_POINT('',(-20.5,10.,-6.6));
#2580 = VECTOR('',#2581,1.);
#2581 = DIRECTION('',(0.,0.,1.));
#2582 = PCURVE('',#1244,#2583);
#2583 = DEFINITIONAL_REPRESENTATION('',(#2584),#2588);
#2584 = LINE('',#2585,#2586);
#2585 = CARTESIAN_POINT('',(0.,0.));
#2586 = VECTOR('',#2587,1.);
#2587 = DIRECTION('',(1.,0.));
#2588 = ( GEOMETRIC_REPRESENTATION_CONTEXT(2) 
PARAMETRIC_REPRESENTATION_CONTEXT() REPRESENTATION_CONTEXT('2D SPACE',''
  ) );
#2589 = PCURVE('',#1399,#2590);
#2590 = DEFINITIONAL_REPRESENTATION('',(#2591),#2595);
#2591 = LINE('',#2592,#2593);
#2592 = CARTESIAN_POINT('',(0.,0.));
#2593 = VECTOR('',#2594,1.);
#2594 = DIRECTION('',(1.,0.));
#2595 = ( GEOMETRIC_REPRESENTATION_CONTEXT(2) 
PARAMETRIC_REPRESENTATION_CONTEXT() REPRESENTATION_CONTEXT('2D SPACE',''
  ) );
#2596 = ORIENTED_EDGE('',*,*,#1410,.T.);
#2597 = ORIENTED_EDGE('',*,*,#1230,.T.);
#2598 = ORIENTED_EDGE('',*,*,#2599,.F.);
#2599 = EDGE_CURVE('',#2575,#1203,#2600,.T.);
#2600 = SURFACE_CURVE('',#2601,(#2605,#2612),.PCURVE_S1.);
#2601 = LINE('',#2602,#2603);
#2602 = CARTESIAN_POINT('',(-20.5,10.,36.6));
#2603 = VECTOR('',#2604,1.);
#2604 = DIRECTION('',(0.,1.,0.));
#2605 = PCURVE('',#1244,#2606);
#2606 = DEFINITIONAL_REPRESENTATION('',(#2607),#2611);
#2607 = LINE('',#2608,#2609);
#2608 = CARTESIAN_POINT('',(43.2,0.));
#2609 = VECTOR('',#2610,1.);
#2610 = DIRECTION('',(0.,-1.));
#2611 = ( GEOMETRIC_REPRESENTATION_CONTEXT(2) 
PARAMETRIC_REPRESENTATION_CONTEXT() REPRESENTATION_CONTEXT('2D SPACE',''
  ) );
#2612 = PCURVE('',#1218,#2613);
#2613 = DEFINITIONAL_REPRESENTATION('',(#2614),#2618);
#2614 = LINE('',#2615,#2616);
#2615 = CARTESIAN_POINT('',(0.,0.));
#2616 = VECTOR('',#2617,1.);
#2617 = DIRECTION('',(0.,1.));
#2618 = ( GEOMETRIC_REPRESENTATION_CONTEXT(2) 
PARAMETRIC_REPRESENTATION_CONTEXT() REPRESENTATION_CONTEXT('2D SPACE',''
  ) );
#2619 = ADVANCED_FACE('',(#2620),#1218,.F.);
#2620 = FACE_BOUND('',#2621,.F.);
#2621 = EDGE_LOOP('',(#2622,#2623,#2624,#2647,#2675,#2698));
#2622 = ORIENTED_EDGE('',*,*,#1202,.F.);
#2623 = ORIENTED_EDGE('',*,*,#2599,.F.);
#2624 = ORIENTED_EDGE('',*,*,#2625,.T.);
#2625 = EDGE_CURVE('',#2575,#2626,#2628,.T.);
#2626 = VERTEX_POINT('',#2627);
#2627 = CARTESIAN_POINT('',(-7.82879301042,10.,36.6));
#2628 = SURFACE_CURVE('',#2629,(#2633,#2640),.PCURVE_S1.);
#2629 = LINE('',#2630,#2631);
#2630 = CARTESIAN_POINT('',(-20.5,10.,36.6));
#2631 = VECTOR('',#2632,1.);
#2632 = DIRECTION('',(1.,0.,0.));
#2633 = PCURVE('',#1218,#2634);
#2634 = DEFINITIONAL_REPRESENTATION('',(#2635),#2639);
#2635 = LINE('',#2636,#2637);
#2636 = CARTESIAN_POINT('',(0.,0.));
#2637 = VECTOR('',#2638,1.);
#2638 = DIRECTION('',(1.,0.));
#2639 = ( GEOMETRIC_REPRESENTATION_CONTEXT(2) 
PARAMETRIC_REPRESENTATION_CONTEXT() REPRESENTATION_CONTEXT('2D SPACE',''
  ) );
#2640 = PCURVE('',#1399,#2641);
#2641 = DEFINITIONAL_REPRESENTATION('',(#2642),#2646);
#2642 = LINE('',#2643,#2644);
#2643 = CARTESIAN_POINT('',(43.2,0.));
#2644 = VECTOR('',#2645,1.);
#2645 = DIRECTION('',(0.,1.));
#2646 = ( GEOMETRIC_REPRESENTATION_CONTEXT(2) 
PARAMETRIC_REPRESENTATION_CONTEXT() REPRESENTATION_CONTEXT('2D SPACE',''
  ) );
#2647 = ORIENTED_EDGE('',*,*,#2648,.T.);
#2648 = EDGE_CURVE('',#2626,#2649,#2651,.T.);
#2649 = VERTEX_POINT('',#2650);
#2650 = CARTESIAN_POINT('',(7.82879301042,10.,36.6));
#2651 = SURFACE_CURVE('',#2652,(#2657,#2668),.PCURVE_S1.);
#2652 = CIRCLE('',#2653,12.7);
#2653 = AXIS2_PLACEMENT_3D('',#2654,#2655,#2656);
#2654 = CARTESIAN_POINT('',(0.,0.,36.6));
#2655 = DIRECTION('',(0.,0.,-1.));
#2656 = DIRECTION('',(1.,0.,0.));
#2657 = PCURVE('',#1218,#2658);
#2658 = DEFINITIONAL_REPRESENTATION('',(#2659),#2667);
#2659 = ( BOUNDED_CURVE() B_SPLINE_CURVE(2,(#2660,#2661,#2662,#2663,
#2664,#2665,#2666),.UNSPECIFIED.,.T.,.F.) B_SPLINE_CURVE_WITH_KNOTS((1,2
    ,2,2,2,1),(-2.094395102393,0.,2.094395102393,4.188790204786,
6.28318530718,8.377580409573),.UNSPECIFIED.) CURVE() 
GEOMETRIC_REPRESENTATION_ITEM() RATIONAL_B_SPLINE_CURVE((1.,0.5,1.,0.5,
1.,0.5,1.)) REPRESENTATION_ITEM('') );
#2660 = CARTESIAN_POINT('',(33.2,-10.));
#2661 = CARTESIAN_POINT('',(33.2,-31.99704525612));
#2662 = CARTESIAN_POINT('',(14.15,-20.99852262806));
#2663 = CARTESIAN_POINT('',(-4.9,-10.));
#2664 = CARTESIAN_POINT('',(14.15,0.998522628062));
#2665 = CARTESIAN_POINT('',(33.2,11.997045256125));
#2666 = CARTESIAN_POINT('',(33.2,-10.));
#2667 = ( GEOMETRIC_REPRESENTATION_CONTEXT(2) 
PARAMETRIC_REPRESENTATION_CONTEXT() REPRESENTATION_CONTEXT('2D SPACE',''
  ) );
#2668 = PCURVE('',#1348,#2669);
#2669 = DEFINITIONAL_REPRESENTATION('',(#2670),#2674);
#2670 = LINE('',#2671,#2672);
#2671 = CARTESIAN_POINT('',(-6.28318530718,-36.6));
#2672 = VECTOR('',#2673,1.);
#2673 = DIRECTION('',(1.,-0.));
#2674 = ( GEOMETRIC_REPRESENTATION_CONTEXT(2) 
PARAMETRIC_REPRESENTATION_CONTEXT() REPRESENTATION_CONTEXT('2D SPACE',''
  ) );
#2675 = ORIENTED_EDGE('',*,*,#2676,.T.);
#2676 = EDGE_CURVE('',#2649,#2677,#2679,.T.);
#2677 = VERTEX_POINT('',#2678);
#2678 = CARTESIAN_POINT('',(20.5,10.,36.6));
#2679 = SURFACE_CURVE('',#2680,(#2684,#2691),.PCURVE_S1.);
#2680 = LINE('',#2681,#2682);
#2681 = CARTESIAN_POINT('',(-20.5,10.,36.6));
#2682 = VECTOR('',#2683,1.);
#2683 = DIRECTION('',(1.,0.,0.));
#2684 = PCURVE('',#1218,#2685);
#2685 = DEFINITIONAL_REPRESENTATION('',(#2686),#2690);
#2686 = LINE('',#2687,#2688);
#2687 = CARTESIAN_POINT('',(0.,0.));
#2688 = VECTOR('',#2689,1.);
#2689 = DIRECTION('',(1.,0.));
#2690 = ( GEOMETRIC_REPRESENTATION_CONTEXT(2) 
PARAMETRIC_REPRESENTATION_CONTEXT() REPRESENTATION_CONTEXT('2D SPACE',''
  ) );
#2691 = PCURVE('',#1320,#2692);
#2692 = DEFINITIONAL_REPRESENTATION('',(#2693),#2697);
#2693 = LINE('',#2694,#2695);
#2694 = CARTESIAN_POINT('',(43.2,0.));
#2695 = VECTOR('',#2696,1.);
#2696 = DIRECTION('',(0.,1.));
#2697 = ( GEOMETRIC_REPRESENTATION_CONTEXT(2) 
PARAMETRIC_REPRESENTATION_CONTEXT() REPRESENTATION_CONTEXT('2D SPACE',''
  ) );
#2698 = ORIENTED_EDGE('',*,*,#2699,.T.);
#2699 = EDGE_CURVE('',#2677,#1175,#2700,.T.);
#2700 = SURFACE_CURVE('',#2701,(#2705,#2712),.PCURVE_S1.);
#2701 = LINE('',#2702,#2703);
#2702 = CARTESIAN_POINT('',(20.5,10.,36.6));
#2703 = VECTOR('',#2704,1.);
#2704 = DIRECTION('',(0.,1.,0.));
#2705 = PCURVE('',#1218,#2706);
#2706 = DEFINITIONAL_REPRESENTATION('',(#2707),#2711);
#2707 = LINE('',#2708,#2709);
#2708 = CARTESIAN_POINT('',(41.,0.));
#2709 = VECTOR('',#2710,1.);
#2710 = DIRECTION('',(0.,1.));
#2711 = ( GEOMETRIC_REPRESENTATION_CONTEXT(2) 
PARAMETRIC_REPRESENTATION_CONTEXT() REPRESENTATION_CONTEXT('2D SPACE',''
  ) );
#2712 = PCURVE('',#1190,#2713);
#2713 = DEFINITIONAL_REPRESENTATION('',(#2714),#2718);
#2714 = LINE('',#2715,#2716);
#2715 = CARTESIAN_POINT('',(43.2,0.));
#2716 = VECTOR('',#2717,1.);
#2717 = DIRECTION('',(0.,-1.));
#2718 = ( GEOMETRIC_REPRESENTATION_CONTEXT(2) 
PARAMETRIC_REPRESENTATION_CONTEXT() REPRESENTATION_CONTEXT('2D SPACE',''
  ) );
#2719 = ADVANCED_FACE('',(#2720),#1190,.F.);
#2720 = FACE_BOUND('',#2721,.F.);
#2721 = EDGE_LOOP('',(#2722,#2743,#2744,#2745));
#2722 = ORIENTED_EDGE('',*,*,#2723,.F.);
#2723 = EDGE_CURVE('',#1285,#2677,#2724,.T.);
#2724 = SURFACE_CURVE('',#2725,(#2729,#2736),.PCURVE_S1.);
#2725 = LINE('',#2726,#2727);
#2726 = CARTESIAN_POINT('',(20.5,10.,-6.6));
#2727 = VECTOR('',#2728,1.);
#2728 = DIRECTION('',(0.,0.,1.));
#2729 = PCURVE('',#1190,#2730);
#2730 = DEFINITIONAL_REPRESENTATION('',(#2731),#2735);
#2731 = LINE('',#2732,#2733);
#2732 = CARTESIAN_POINT('',(0.,0.));
#2733 = VECTOR('',#2734,1.);
#2734 = DIRECTION('',(1.,0.));
#2735 = ( GEOMETRIC_REPRESENTATION_CONTEXT(2) 
PARAMETRIC_REPRESENTATION_CONTEXT() REPRESENTATION_CONTEXT('2D SPACE',''
  ) );
#2736 = PCURVE('',#1320,#2737);
#2737 = DEFINITIONAL_REPRESENTATION('',(#2738),#2742);
#2738 = LINE('',#2739,#2740);
#2739 = CARTESIAN_POINT('',(0.,41.));
#2740 = VECTOR('',#2741,1.);
#2741 = DIRECTION('',(1.,0.));
#2742 = ( GEOMETRIC_REPRESENTATION_CONTEXT(2) 
PARAMETRIC_REPRESENTATION_CONTEXT() REPRESENTATION_CONTEXT('2D SPACE',''
  ) );
#2743 = ORIENTED_EDGE('',*,*,#1284,.T.);
#2744 = ORIENTED_EDGE('',*,*,#1174,.T.);
#2745 = ORIENTED_EDGE('',*,*,#2699,.F.);
#2746 = ADVANCED_FACE('',(#2747),#1399,.T.);
#2747 = FACE_BOUND('',#2748,.T.);
#2748 = EDGE_LOOP('',(#2749,#2750,#2751,#2752));
#2749 = ORIENTED_EDGE('',*,*,#1384,.T.);
#2750 = ORIENTED_EDGE('',*,*,#2574,.T.);
#2751 = ORIENTED_EDGE('',*,*,#2625,.T.);
#2752 = ORIENTED_EDGE('',*,*,#2753,.T.);
#2753 = EDGE_CURVE('',#2626,#1361,#2754,.T.);
#2754 = SURFACE_CURVE('',#2755,(#2759,#2765),.PCURVE_S1.);
#2755 = LINE('',#2756,#2757);
#2756 = CARTESIAN_POINT('',(-7.82879301042,10.,0.));
#2757 = VECTOR('',#2758,1.);
#2758 = DIRECTION('',(-0.,-0.,-1.));
#2759 = PCURVE('',#1399,#2760);
#2760 = DEFINITIONAL_REPRESENTATION('',(#2761),#2764);
#2761 = B_SPLINE_CURVE_WITH_KNOTS('',1,(#2762,#2763),.UNSPECIFIED.,.F.,
  .F.,(2,2),(-40.92,6.E-07),.PIECEWISE_BEZIER_KNOTS.);
#2762 = CARTESIAN_POINT('',(47.52,12.67120698958));
#2763 = CARTESIAN_POINT('',(6.5999994,12.67120698958));
#2764 = ( GEOMETRIC_REPRESENTATION_CONTEXT(2) 
PARAMETRIC_REPRESENTATION_CONTEXT() REPRESENTATION_CONTEXT('2D SPACE',''
  ) );
#2765 = PCURVE('',#1348,#2766);
#2766 = DEFINITIONAL_REPRESENTATION('',(#2767),#2770);
#2767 = B_SPLINE_CURVE_WITH_KNOTS('',1,(#2768,#2769),.UNSPECIFIED.,.F.,
  .F.,(2,2),(-40.92,6.E-07),.PIECEWISE_BEZIER_KNOTS.);
#2768 = CARTESIAN_POINT('',(-2.235010287337,-40.92));
#2769 = CARTESIAN_POINT('',(-2.235010287337,6.E-07));
#2770 = ( GEOMETRIC_REPRESENTATION_CONTEXT(2) 
PARAMETRIC_REPRESENTATION_CONTEXT() REPRESENTATION_CONTEXT('2D SPACE',''
  ) );
#2771 = ADVANCED_FACE('',(#2772,#2848),#1348,.F.);
#2772 = FACE_BOUND('',#2773,.T.);
#2773 = EDGE_LOOP('',(#2774,#2797,#2798,#2799,#2800,#2819,#2820,#2821));
#2774 = ORIENTED_EDGE('',*,*,#2775,.F.);
#2775 = EDGE_CURVE('',#1332,#2776,#2778,.T.);
#2776 = VERTEX_POINT('',#2777);
#2777 = CARTESIAN_POINT('',(12.7,0.,250.));
#2778 = SEAM_CURVE('',#2779,(#2783,#2790),.PCURVE_S1.);
#2779 = LINE('',#2780,#2781);
#2780 = CARTESIAN_POINT('',(12.7,0.,0.));
#2781 = VECTOR('',#2782,1.);
#2782 = DIRECTION('',(0.,0.,1.));
#2783 = PCURVE('',#1348,#2784);
#2784 = DEFINITIONAL_REPRESENTATION('',(#2785),#2789);
#2785 = LINE('',#2786,#2787);
#2786 = CARTESIAN_POINT('',(-6.28318530718,0.));
#2787 = VECTOR('',#2788,1.);
#2788 = DIRECTION('',(-0.,-1.));
#2789 = ( GEOMETRIC_REPRESENTATION_CONTEXT(2) 
PARAMETRIC_REPRESENTATION_CONTEXT() REPRESENTATION_CONTEXT('2D SPACE',''
  ) );
#2790 = PCURVE('',#1348,#2791);
#2791 = DEFINITIONAL_REPRESENTATION('',(#2792),#2796);
#2792 = LINE('',#2793,#2794);
#2793 = CARTESIAN_POINT('',(-0.,0.));
#2794 = VECTOR('',#2795,1.);
#2795 = DIRECTION('',(-0.,-1.));
#2796 = ( GEOMETRIC_REPRESENTATION_CONTEXT(2) 
PARAMETRIC_REPRESENTATION_CONTEXT() REPRESENTATION_CONTEXT('2D SPACE',''
  ) );
#2797 = ORIENTED_EDGE('',*,*,#1360,.F.);
#2798 = ORIENTED_EDGE('',*,*,#2753,.F.);
#2799 = ORIENTED_EDGE('',*,*,#2648,.T.);
#2800 = ORIENTED_EDGE('',*,*,#2801,.T.);
#2801 = EDGE_CURVE('',#2649,#1306,#2802,.T.);
#2802 = SURFACE_CURVE('',#2803,(#2807,#2813),.PCURVE_S1.);
#2803 = LINE('',#2804,#2805);
#2804 = CARTESIAN_POINT('',(7.82879301042,10.,0.));
#2805 = VECTOR('',#2806,1.);
#2806 = DIRECTION('',(-0.,-0.,-1.));
#2807 = PCURVE('',#1348,#2808);
#2808 = DEFINITIONAL_REPRESENTATION('',(#2809),#2812);
#2809 = B_SPLINE_CURVE_WITH_KNOTS('',1,(#2810,#2811),.UNSPECIFIED.,.F.,
  .F.,(2,2),(-40.92,6.E-07),.PIECEWISE_BEZIER_KNOTS.);
#2810 = CARTESIAN_POINT('',(-0.906582366253,-40.92));
#2811 = CARTESIAN_POINT('',(-0.906582366253,6.E-07));
#2812 = ( GEOMETRIC_REPRESENTATION_CONTEXT(2) 
PARAMETRIC_REPRESENTATION_CONTEXT() REPRESENTATION_CONTEXT('2D SPACE',''
  ) );
#2813 = PCURVE('',#1320,#2814);
#2814 = DEFINITIONAL_REPRESENTATION('',(#2815),#2818);
#2815 = B_SPLINE_CURVE_WITH_KNOTS('',1,(#2816,#2817),.UNSPECIFIED.,.F.,
  .F.,(2,2),(-40.92,6.E-07),.PIECEWISE_BEZIER_KNOTS.);
#2816 = CARTESIAN_POINT('',(47.52,28.32879301042));
#2817 = CARTESIAN_POINT('',(6.5999994,28.32879301042));
#2818 = ( GEOMETRIC_REPRESENTATION_CONTEXT(2) 
PARAMETRIC_REPRESENTATION_CONTEXT() REPRESENTATION_CONTEXT('2D SPACE',''
  ) );
#2819 = ORIENTED_EDGE('',*,*,#1331,.F.);
#2820 = ORIENTED_EDGE('',*,*,#2775,.T.);
#2821 = ORIENTED_EDGE('',*,*,#2822,.T.);
#2822 = EDGE_CURVE('',#2776,#2776,#2823,.T.);
#2823 = SURFACE_CURVE('',#2824,(#2829,#2836),.PCURVE_S1.);
#2824 = CIRCLE('',#2825,12.7);
#2825 = AXIS2_PLACEMENT_3D('',#2826,#2827,#2828);
#2826 = CARTESIAN_POINT('',(0.,0.,250.));
#2827 = DIRECTION('',(0.,0.,1.));
#2828 = DIRECTION('',(1.,0.,0.));
#2829 = PCURVE('',#1348,#2830);
#2830 = DEFINITIONAL_REPRESENTATION('',(#2831),#2835);
#2831 = LINE('',#2832,#2833);
#2832 = CARTESIAN_POINT('',(-0.,-250.));
#2833 = VECTOR('',#2834,1.);
#2834 = DIRECTION('',(-1.,0.));
#2835 = ( GEOMETRIC_REPRESENTATION_CONTEXT(2) 
PARAMETRIC_REPRESENTATION_CONTEXT() REPRESENTATION_CONTEXT('2D SPACE',''
  ) );
#2836 = PCURVE('',#2837,#2842);
#2837 = PLANE('',#2838);
#2838 = AXIS2_PLACEMENT_3D('',#2839,#2840,#2841);
#2839 = CARTESIAN_POINT('',(0.,1.204325410458E-15,250.));
#2840 = DIRECTION('',(0.,0.,1.));
#2841 = DIRECTION('',(1.,0.,-0.));
#2842 = DEFINITIONAL_REPRESENTATION('',(#2843),#2847);
#2843 = CIRCLE('',#2844,12.7);
#2844 = AXIS2_PLACEMENT_2D('',#2845,#2846);
#2845 = CARTESIAN_POINT('',(0.,-1.204325410458E-15));
#2846 = DIRECTION('',(1.,0.));
#2847 = ( GEOMETRIC_REPRESENTATION_CONTEXT(2) 
PARAMETRIC_REPRESENTATION_CONTEXT() REPRESENTATION_CONTEXT('2D SPACE',''
  ) );
#2848 = FACE_BOUND('',#2849,.T.);
#2849 = EDGE_LOOP('',(#2850,#2878,#2911,#2937));
#2850 = ORIENTED_EDGE('',*,*,#2851,.F.);
#2851 = EDGE_CURVE('',#2852,#2854,#2856,.T.);
#2852 = VERTEX_POINT('',#2853);
#2853 = CARTESIAN_POINT('',(-12.63833454217,-1.25,33.));
#2854 = VERTEX_POINT('',#2855);
#2855 = CARTESIAN_POINT('',(-12.63833454217,-1.25,27.));
#2856 = SURFACE_CURVE('',#2857,(#2861,#2867),.PCURVE_S1.);
#2857 = LINE('',#2858,#2859);
#2858 = CARTESIAN_POINT('',(-12.63833454217,-1.25,0.));
#2859 = VECTOR('',#2860,1.);
#2860 = DIRECTION('',(-0.,-0.,-1.));
#2861 = PCURVE('',#1348,#2862);
#2862 = DEFINITIONAL_REPRESENTATION('',(#2863),#2866);
#2863 = B_SPLINE_CURVE_WITH_KNOTS('',1,(#2864,#2865),.UNSPECIFIED.,.F.,
  .F.,(2,2),(-33.6,-26.4),.PIECEWISE_BEZIER_KNOTS.);
#2864 = CARTESIAN_POINT('',(-3.240177463238,-33.6));
#2865 = CARTESIAN_POINT('',(-3.240177463238,-26.4));
#2866 = ( GEOMETRIC_REPRESENTATION_CONTEXT(2) 
PARAMETRIC_REPRESENTATION_CONTEXT() REPRESENTATION_CONTEXT('2D SPACE',''
  ) );
#2867 = PCURVE('',#2868,#2873);
#2868 = PLANE('',#2869);
#2869 = AXIS2_PLACEMENT_3D('',#2870,#2871,#2872);
#2870 = CARTESIAN_POINT('',(-25.2,-1.25,27.));
#2871 = DIRECTION('',(0.,1.,0.));
#2872 = DIRECTION('',(0.,0.,1.));
#2873 = DEFINITIONAL_REPRESENTATION('',(#2874),#2877);
#2874 = B_SPLINE_CURVE_WITH_KNOTS('',1,(#2875,#2876),.UNSPECIFIED.,.F.,
  .F.,(2,2),(-33.6,-26.4),.PIECEWISE_BEZIER_KNOTS.);
#2875 = CARTESIAN_POINT('',(6.6,12.561665457822));
#2876 = CARTESIAN_POINT('',(-0.6,12.561665457822));
#2877 = ( GEOMETRIC_REPRESENTATION_CONTEXT(2) 
PARAMETRIC_REPRESENTATION_CONTEXT() REPRESENTATION_CONTEXT('2D SPACE',''
  ) );
#2878 = ORIENTED_EDGE('',*,*,#2879,.T.);
#2879 = EDGE_CURVE('',#2852,#2880,#2882,.T.);
#2880 = VERTEX_POINT('',#2881);
#2881 = CARTESIAN_POINT('',(-12.63833454217,1.25,33.));
#2882 = SURFACE_CURVE('',#2883,(#2888,#2895),.PCURVE_S1.);
#2883 = CIRCLE('',#2884,12.7);
#2884 = AXIS2_PLACEMENT_3D('',#2885,#2886,#2887);
#2885 = CARTESIAN_POINT('',(0.,0.,33.));
#2886 = DIRECTION('',(0.,0.,-1.));
#2887 = DIRECTION('',(1.,0.,0.));
#2888 = PCURVE('',#1348,#2889);
#2889 = DEFINITIONAL_REPRESENTATION('',(#2890),#2894);
#2890 = LINE('',#2891,#2892);
#2891 = CARTESIAN_POINT('',(-6.28318530718,-33.));
#2892 = VECTOR('',#2893,1.);
#2893 = DIRECTION('',(1.,-0.));
#2894 = ( GEOMETRIC_REPRESENTATION_CONTEXT(2) 
PARAMETRIC_REPRESENTATION_CONTEXT() REPRESENTATION_CONTEXT('2D SPACE',''
  ) );
#2895 = PCURVE('',#2896,#2901);
#2896 = PLANE('',#2897);
#2897 = AXIS2_PLACEMENT_3D('',#2898,#2899,#2900);
#2898 = CARTESIAN_POINT('',(-25.2,-1.25,33.));
#2899 = DIRECTION('',(0.,0.,1.));
#2900 = DIRECTION('',(1.,0.,0.));
#2901 = DEFINITIONAL_REPRESENTATION('',(#2902),#2910);
#2902 = ( BOUNDED_CURVE() B_SPLINE_CURVE(2,(#2903,#2904,#2905,#2906,
#2907,#2908,#2909),.UNSPECIFIED.,.T.,.F.) B_SPLINE_CURVE_WITH_KNOTS((1,2
    ,2,2,2,1),(-2.094395102393,0.,2.094395102393,4.188790204786,
6.28318530718,8.377580409573),.UNSPECIFIED.) CURVE() 
GEOMETRIC_REPRESENTATION_ITEM() RATIONAL_B_SPLINE_CURVE((1.,0.5,1.,0.5,
1.,0.5,1.)) REPRESENTATION_ITEM('') );
#2903 = CARTESIAN_POINT('',(37.9,1.25));
#2904 = CARTESIAN_POINT('',(37.9,-20.74704525612));
#2905 = CARTESIAN_POINT('',(18.85,-9.748522628062));
#2906 = CARTESIAN_POINT('',(-0.2,1.25));
#2907 = CARTESIAN_POINT('',(18.85,12.248522628062));
#2908 = CARTESIAN_POINT('',(37.9,23.247045256125));
#2909 = CARTESIAN_POINT('',(37.9,1.25));
#2910 = ( GEOMETRIC_REPRESENTATION_CONTEXT(2) 
PARAMETRIC_REPRESENTATION_CONTEXT() REPRESENTATION_CONTEXT('2D SPACE',''
  ) );
#2911 = ORIENTED_EDGE('',*,*,#2912,.T.);
#2912 = EDGE_CURVE('',#2880,#2913,#2915,.T.);
#2913 = VERTEX_POINT('',#2914);
#2914 = CARTESIAN_POINT('',(-12.63833454217,1.25,27.));
#2915 = SURFACE_CURVE('',#2916,(#2920,#2926),.PCURVE_S1.);
#2916 = LINE('',#2917,#2918);
#2917 = CARTESIAN_POINT('',(-12.63833454217,1.25,0.));
#2918 = VECTOR('',#2919,1.);
#2919 = DIRECTION('',(-0.,-0.,-1.));
#2920 = PCURVE('',#1348,#2921);
#2921 = DEFINITIONAL_REPRESENTATION('',(#2922),#2925);
#2922 = B_SPLINE_CURVE_WITH_KNOTS('',1,(#2923,#2924),.UNSPECIFIED.,.F.,
  .F.,(2,2),(-33.6,-26.4),.PIECEWISE_BEZIER_KNOTS.);
#2923 = CARTESIAN_POINT('',(-3.043007843942,-33.6));
#2924 = CARTESIAN_POINT('',(-3.043007843942,-26.4));
#2925 = ( GEOMETRIC_REPRESENTATION_CONTEXT(2) 
PARAMETRIC_REPRESENTATION_CONTEXT() REPRESENTATION_CONTEXT('2D SPACE',''
  ) );
#2926 = PCURVE('',#2927,#2932);
#2927 = PLANE('',#2928);
#2928 = AXIS2_PLACEMENT_3D('',#2929,#2930,#2931);
#2929 = CARTESIAN_POINT('',(-25.2,1.25,27.));
#2930 = DIRECTION('',(0.,1.,0.));
#2931 = DIRECTION('',(0.,0.,1.));
#2932 = DEFINITIONAL_REPRESENTATION('',(#2933),#2936);
#2933 = B_SPLINE_CURVE_WITH_KNOTS('',1,(#2934,#2935),.UNSPECIFIED.,.F.,
  .F.,(2,2),(-33.6,-26.4),.PIECEWISE_BEZIER_KNOTS.);
#2934 = CARTESIAN_POINT('',(6.6,12.561665457822));
#2935 = CARTESIAN_POINT('',(-0.6,12.561665457822));
#2936 = ( GEOMETRIC_REPRESENTATION_CONTEXT(2) 
PARAMETRIC_REPRESENTATION_CONTEXT() REPRESENTATION_CONTEXT('2D SPACE',''
  ) );
#2937 = ORIENTED_EDGE('',*,*,#2938,.F.);
#2938 = EDGE_CURVE('',#2854,#2913,#2939,.T.);
#2939 = SURFACE_CURVE('',#2940,(#2945,#2952),.PCURVE_S1.);
#2940 = CIRCLE('',#2941,12.7);
#2941 = AXIS2_PLACEMENT_3D('',#2942,#2943,#2944);
#2942 = CARTESIAN_POINT('',(0.,0.,27.));
#2943 = DIRECTION('',(0.,0.,-1.));
#2944 = DIRECTION('',(1.,0.,0.));
#2945 = PCURVE('',#1348,#2946);
#2946 = DEFINITIONAL_REPRESENTATION('',(#2947),#2951);
#2947 = LINE('',#2948,#2949);
#2948 = CARTESIAN_POINT('',(-6.28318530718,-27.));
#2949 = VECTOR('',#2950,1.);
#2950 = DIRECTION('',(1.,-0.));
#2951 = ( GEOMETRIC_REPRESENTATION_CONTEXT(2) 
PARAMETRIC_REPRESENTATION_CONTEXT() REPRESENTATION_CONTEXT('2D SPACE',''
  ) );
#2952 = PCURVE('',#2953,#2958);
#2953 = PLANE('',#2954);
#2954 = AXIS2_PLACEMENT_3D('',#2955,#2956,#2957);
#2955 = CARTESIAN_POINT('',(-25.2,-1.25,27.));
#2956 = DIRECTION('',(0.,0.,1.));
#2957 = DIRECTION('',(1.,0.,0.));
#2958 = DEFINITIONAL_REPRESENTATION('',(#2959),#2967);
#2959 = ( BOUNDED_CURVE() B_SPLINE_CURVE(2,(#2960,#2961,#2962,#2963,
#2964,#2965,#2966),.UNSPECIFIED.,.T.,.F.) B_SPLINE_CURVE_WITH_KNOTS((1,2
    ,2,2,2,1),(-2.094395102393,0.,2.094395102393,4.188790204786,
6.28318530718,8.377580409573),.UNSPECIFIED.) CURVE() 
GEOMETRIC_REPRESENTATION_ITEM() RATIONAL_B_SPLINE_CURVE((1.,0.5,1.,0.5,
1.,0.5,1.)) REPRESENTATION_ITEM('') );
#2960 = CARTESIAN_POINT('',(37.9,1.25));
#2961 = CARTESIAN_POINT('',(37.9,-20.74704525612));
#2962 = CARTESIAN_POINT('',(18.85,-9.748522628062));
#2963 = CARTESIAN_POINT('',(-0.2,1.25));
#2964 = CARTESIAN_POINT('',(18.85,12.248522628062));
#2965 = CARTESIAN_POINT('',(37.9,23.247045256125));
#2966 = CARTESIAN_POINT('',(37.9,1.25));
#2967 = ( GEOMETRIC_REPRESENTATION_CONTEXT(2) 
PARAMETRIC_REPRESENTATION_CONTEXT() REPRESENTATION_CONTEXT('2D SPACE',''
  ) );
#2968 = ADVANCED_FACE('',(#2969),#1320,.T.);
#2969 = FACE_BOUND('',#2970,.T.);
#2970 = EDGE_LOOP('',(#2971,#2972,#2973,#2974));
#2971 = ORIENTED_EDGE('',*,*,#2723,.F.);
#2972 = ORIENTED_EDGE('',*,*,#1305,.T.);
#2973 = ORIENTED_EDGE('',*,*,#2801,.F.);
#2974 = ORIENTED_EDGE('',*,*,#2676,.T.);
#2975 = ADVANCED_FACE('',(#2976,#2982),#1545,.F.);
#2976 = FACE_BOUND('',#2977,.F.);
#2977 = EDGE_LOOP('',(#2978,#2979,#2980,#2981));
#2978 = ORIENTED_EDGE('',*,*,#1531,.F.);
#2979 = ORIENTED_EDGE('',*,*,#1611,.T.);
#2980 = ORIENTED_EDGE('',*,*,#1661,.T.);
#2981 = ORIENTED_EDGE('',*,*,#1562,.F.);
#2982 = FACE_BOUND('',#2983,.F.);
#2983 = EDGE_LOOP('',(#2984,#3009,#3032,#3055));
#2984 = ORIENTED_EDGE('',*,*,#2985,.T.);
#2985 = EDGE_CURVE('',#2986,#2988,#2990,.T.);
#2986 = VERTEX_POINT('',#2987);
#2987 = CARTESIAN_POINT('',(-25.2,-1.25,27.));
#2988 = VERTEX_POINT('',#2989);
#2989 = CARTESIAN_POINT('',(-25.2,-1.25,33.));
#2990 = SURFACE_CURVE('',#2991,(#2995,#3002),.PCURVE_S1.);
#2991 = LINE('',#2992,#2993);
#2992 = CARTESIAN_POINT('',(-25.2,-1.25,27.));
#2993 = VECTOR('',#2994,1.);
#2994 = DIRECTION('',(0.,0.,1.));
#2995 = PCURVE('',#1545,#2996);
#2996 = DEFINITIONAL_REPRESENTATION('',(#2997),#3001);
#2997 = LINE('',#2998,#2999);
#2998 = CARTESIAN_POINT('',(8.1,-8.35));
#2999 = VECTOR('',#3000,1.);
#3000 = DIRECTION('',(1.,0.));
#3001 = ( GEOMETRIC_REPRESENTATION_CONTEXT(2) 
PARAMETRIC_REPRESENTATION_CONTEXT() REPRESENTATION_CONTEXT('2D SPACE',''
  ) );
#3002 = PCURVE('',#2868,#3003);
#3003 = DEFINITIONAL_REPRESENTATION('',(#3004),#3008);
#3004 = LINE('',#3005,#3006);
#3005 = CARTESIAN_POINT('',(0.,0.));
#3006 = VECTOR('',#3007,1.);
#3007 = DIRECTION('',(1.,0.));
#3008 = ( GEOMETRIC_REPRESENTATION_CONTEXT(2) 
PARAMETRIC_REPRESENTATION_CONTEXT() REPRESENTATION_CONTEXT('2D SPACE',''
  ) );
#3009 = ORIENTED_EDGE('',*,*,#3010,.T.);
#3010 = EDGE_CURVE('',#2988,#3011,#3013,.T.);
#3011 = VERTEX_POINT('',#3012);
#3012 = CARTESIAN_POINT('',(-25.2,1.25,33.));
#3013 = SURFACE_CURVE('',#3014,(#3018,#3025),.PCURVE_S1.);
#3014 = LINE('',#3015,#3016);
#3015 = CARTESIAN_POINT('',(-25.2,-1.25,33.));
#3016 = VECTOR('',#3017,1.);
#3017 = DIRECTION('',(0.,1.,0.));
#3018 = PCURVE('',#1545,#3019);
#3019 = DEFINITIONAL_REPRESENTATION('',(#3020),#3024);
#3020 = LINE('',#3021,#3022);
#3021 = CARTESIAN_POINT('',(14.1,-8.35));
#3022 = VECTOR('',#3023,1.);
#3023 = DIRECTION('',(0.,-1.));
#3024 = ( GEOMETRIC_REPRESENTATION_CONTEXT(2) 
PARAMETRIC_REPRESENTATION_CONTEXT() REPRESENTATION_CONTEXT('2D SPACE',''
  ) );
#3025 = PCURVE('',#2896,#3026);
#3026 = DEFINITIONAL_REPRESENTATION('',(#3027),#3031);
#3027 = LINE('',#3028,#3029);
#3028 = CARTESIAN_POINT('',(0.,0.));
#3029 = VECTOR('',#3030,1.);
#3030 = DIRECTION('',(0.,1.));
#3031 = ( GEOMETRIC_REPRESENTATION_CONTEXT(2) 
PARAMETRIC_REPRESENTATION_CONTEXT() REPRESENTATION_CONTEXT('2D SPACE',''
  ) );
#3032 = ORIENTED_EDGE('',*,*,#3033,.F.);
#3033 = EDGE_CURVE('',#3034,#3011,#3036,.T.);
#3034 = VERTEX_POINT('',#3035);
#3035 = CARTESIAN_POINT('',(-25.2,1.25,27.));
#3036 = SURFACE_CURVE('',#3037,(#3041,#3048),.PCURVE_S1.);
#3037 = LINE('',#3038,#3039);
#3038 = CARTESIAN_POINT('',(-25.2,1.25,27.));
#3039 = VECTOR('',#3040,1.);
#3040 = DIRECTION('',(0.,0.,1.));
#3041 = PCURVE('',#1545,#3042);
#3042 = DEFINITIONAL_REPRESENTATION('',(#3043),#3047);
#3043 = LINE('',#3044,#3045);
#3044 = CARTESIAN_POINT('',(8.1,-10.85));
#3045 = VECTOR('',#3046,1.);
#3046 = DIRECTION('',(1.,0.));
#3047 = ( GEOMETRIC_REPRESENTATION_CONTEXT(2) 
PARAMETRIC_REPRESENTATION_CONTEXT() REPRESENTATION_CONTEXT('2D SPACE',''
  ) );
#3048 = PCURVE('',#2927,#3049);
#3049 = DEFINITIONAL_REPRESENTATION('',(#3050),#3054);
#3050 = LINE('',#3051,#3052);
#3051 = CARTESIAN_POINT('',(0.,0.));
#3052 = VECTOR('',#3053,1.);
#3053 = DIRECTION('',(1.,0.));
#3054 = ( GEOMETRIC_REPRESENTATION_CONTEXT(2) 
PARAMETRIC_REPRESENTATION_CONTEXT() REPRESENTATION_CONTEXT('2D SPACE',''
  ) );
#3055 = ORIENTED_EDGE('',*,*,#3056,.F.);
#3056 = EDGE_CURVE('',#2986,#3034,#3057,.T.);
#3057 = SURFACE_CURVE('',#3058,(#3062,#3069),.PCURVE_S1.);
#3058 = LINE('',#3059,#3060);
#3059 = CARTESIAN_POINT('',(-25.2,-1.25,27.));
#3060 = VECTOR('',#3061,1.);
#3061 = DIRECTION('',(0.,1.,0.));
#3062 = PCURVE('',#1545,#3063);
#3063 = DEFINITIONAL_REPRESENTATION('',(#3064),#3068);
#3064 = LINE('',#3065,#3066);
#3065 = CARTESIAN_POINT('',(8.1,-8.35));
#3066 = VECTOR('',#3067,1.);
#3067 = DIRECTION('',(0.,-1.));
#3068 = ( GEOMETRIC_REPRESENTATION_CONTEXT(2) 
PARAMETRIC_REPRESENTATION_CONTEXT() REPRESENTATION_CONTEXT('2D SPACE',''
  ) );
#3069 = PCURVE('',#2953,#3070);
#3070 = DEFINITIONAL_REPRESENTATION('',(#3071),#3075);
#3071 = LINE('',#3072,#3073);
#3072 = CARTESIAN_POINT('',(0.,0.));
#3073 = VECTOR('',#3074,1.);
#3074 = DIRECTION('',(0.,1.));
#3075 = ( GEOMETRIC_REPRESENTATION_CONTEXT(2) 
PARAMETRIC_REPRESENTATION_CONTEXT() REPRESENTATION_CONTEXT('2D SPACE',''
  ) );
#3076 = ADVANCED_FACE('',(#3077),#1733,.F.);
#3077 = FACE_BOUND('',#3078,.F.);
#3078 = EDGE_LOOP('',(#3079,#3105,#3106,#3107));
#3079 = ORIENTED_EDGE('',*,*,#3080,.F.);
#3080 = EDGE_CURVE('',#2048,#2277,#3081,.T.);
#3081 = SURFACE_CURVE('',#3082,(#3087,#3094),.PCURVE_S1.);
#3082 = CIRCLE('',#3083,5.15);
#3083 = AXIS2_PLACEMENT_3D('',#3084,#3085,#3086);
#3084 = CARTESIAN_POINT('',(32.1,0.,125.));
#3085 = DIRECTION('',(-1.,0.,0.));
#3086 = DIRECTION('',(0.,0.388349514563,0.921512156479));
#3087 = PCURVE('',#1733,#3088);
#3088 = DEFINITIONAL_REPRESENTATION('',(#3089),#3093);
#3089 = LINE('',#3090,#3091);
#3090 = CARTESIAN_POINT('',(7.455141780724,-2.9));
#3091 = VECTOR('',#3092,1.);
#3092 = DIRECTION('',(-1.,-0.));
#3093 = ( GEOMETRIC_REPRESENTATION_CONTEXT(2) 
PARAMETRIC_REPRESENTATION_CONTEXT() REPRESENTATION_CONTEXT('2D SPACE',''
  ) );
#3094 = PCURVE('',#2081,#3095);
#3095 = DEFINITIONAL_REPRESENTATION('',(#3096),#3104);
#3096 = ( BOUNDED_CURVE() B_SPLINE_CURVE(2,(#3097,#3098,#3099,#3100,
#3101,#3102,#3103),.UNSPECIFIED.,.T.,.F.) B_SPLINE_CURVE_WITH_KNOTS((1,2
    ,2,2,2,1),(-2.094395102393,0.,2.094395102393,4.188790204786,
6.28318530718,8.377580409573),.UNSPECIFIED.) CURVE() 
GEOMETRIC_REPRESENTATION_ITEM() RATIONAL_B_SPLINE_CURVE((1.,0.5,1.,0.5,
1.,0.5,1.)) REPRESENTATION_ITEM('') );
#3097 = CARTESIAN_POINT('',(4.745787605867,-2.));
#3098 = CARTESIAN_POINT('',(1.281685990729,-10.21994525529));
#3099 = CARTESIAN_POINT('',(-4.104944610502,-3.109972627646));
#3100 = CARTESIAN_POINT('',(-9.491575211734,4.));
#3101 = CARTESIAN_POINT('',(-0.640842995365,5.109972627646));
#3102 = CARTESIAN_POINT('',(8.209889221005,6.219945255292));
#3103 = CARTESIAN_POINT('',(4.745787605867,-2.));
#3104 = ( GEOMETRIC_REPRESENTATION_CONTEXT(2) 
PARAMETRIC_REPRESENTATION_CONTEXT() REPRESENTATION_CONTEXT('2D SPACE',''
  ) );
#3105 = ORIENTED_EDGE('',*,*,#2047,.T.);
#3106 = ORIENTED_EDGE('',*,*,#1712,.T.);
#3107 = ORIENTED_EDGE('',*,*,#2276,.F.);
#3108 = ADVANCED_FACE('',(#3109),#1791,.T.);
#3109 = FACE_BOUND('',#3110,.T.);
#3110 = EDGE_LOOP('',(#3111));
#3111 = ORIENTED_EDGE('',*,*,#1774,.T.);
#3112 = ADVANCED_FACE('',(#3113),#1846,.T.);
#3113 = FACE_BOUND('',#3114,.T.);
#3114 = EDGE_LOOP('',(#3115));
#3115 = ORIENTED_EDGE('',*,*,#1829,.T.);
#3116 = ADVANCED_FACE('',(#3117),#1901,.T.);
#3117 = FACE_BOUND('',#3118,.T.);
#3118 = EDGE_LOOP('',(#3119));
#3119 = ORIENTED_EDGE('',*,*,#1884,.T.);
#3120 = ADVANCED_FACE('',(#3121),#1956,.T.);
#3121 = FACE_BOUND('',#3122,.T.);
#3122 = EDGE_LOOP('',(#3123));
#3123 = ORIENTED_EDGE('',*,*,#1939,.T.);
#3124 = ADVANCED_FACE('',(#3125),#2012,.T.);
#3125 = FACE_BOUND('',#3126,.T.);
#3126 = EDGE_LOOP('',(#3127,#3128,#3129,#3130));
#3127 = ORIENTED_EDGE('',*,*,#1994,.F.);
#3128 = ORIENTED_EDGE('',*,*,#2118,.F.);
#3129 = ORIENTED_EDGE('',*,*,#2250,.T.);
#3130 = ORIENTED_EDGE('',*,*,#3131,.F.);
#3131 = EDGE_CURVE('',#1997,#2251,#3132,.T.);
#3132 = SURFACE_CURVE('',#3133,(#3137,#3143),.PCURVE_S1.);
#3133 = LINE('',#3134,#3135);
#3134 = CARTESIAN_POINT('',(32.1,-1.,125.));
#3135 = VECTOR('',#3136,1.);
#3136 = DIRECTION('',(0.,-1.,0.));
#3137 = PCURVE('',#2012,#3138);
#3138 = DEFINITIONAL_REPRESENTATION('',(#3139),#3142);
#3139 = B_SPLINE_CURVE_WITH_KNOTS('',1,(#3140,#3141),.UNSPECIFIED.,.F.,
  .F.,(2,2),(-3.,1.),.PIECEWISE_BEZIER_KNOTS.);
#3140 = CARTESIAN_POINT('',(0.1,4.));
#3141 = CARTESIAN_POINT('',(0.1,0.));
#3142 = ( GEOMETRIC_REPRESENTATION_CONTEXT(2) 
PARAMETRIC_REPRESENTATION_CONTEXT() REPRESENTATION_CONTEXT('2D SPACE',''
  ) );
#3143 = PCURVE('',#2081,#3144);
#3144 = DEFINITIONAL_REPRESENTATION('',(#3145),#3148);
#3145 = B_SPLINE_CURVE_WITH_KNOTS('',1,(#3146,#3147),.UNSPECIFIED.,.F.,
  .F.,(2,2),(-3.,1.),.PIECEWISE_BEZIER_KNOTS.);
#3146 = CARTESIAN_POINT('',(1.42108547152E-14,-2.));
#3147 = CARTESIAN_POINT('',(1.42108547152E-14,2.));
#3148 = ( GEOMETRIC_REPRESENTATION_CONTEXT(2) 
PARAMETRIC_REPRESENTATION_CONTEXT() REPRESENTATION_CONTEXT('2D SPACE',''
  ) );
#3149 = ADVANCED_FACE('',(#3150),#2081,.T.);
#3150 = FACE_BOUND('',#3151,.T.);
#3151 = EDGE_LOOP('',(#3152,#3153,#3154,#3155));
#3152 = ORIENTED_EDGE('',*,*,#2297,.T.);
#3153 = ORIENTED_EDGE('',*,*,#3080,.F.);
#3154 = ORIENTED_EDGE('',*,*,#2068,.F.);
#3155 = ORIENTED_EDGE('',*,*,#3131,.T.);
#3156 = ADVANCED_FACE('',(#3157),#2160,.T.);
#3157 = FACE_BOUND('',#3158,.T.);
#3158 = EDGE_LOOP('',(#3159,#3182,#3210,#3231));
#3159 = ORIENTED_EDGE('',*,*,#3160,.F.);
#3160 = EDGE_CURVE('',#3161,#2146,#3163,.T.);
#3161 = VERTEX_POINT('',#3162);
#3162 = CARTESIAN_POINT('',(30.1,-0.75,130.65));
#3163 = SURFACE_CURVE('',#3164,(#3168,#3175),.PCURVE_S1.);
#3164 = LINE('',#3165,#3166);
#3165 = CARTESIAN_POINT('',(30.1,-0.75,130.65));
#3166 = VECTOR('',#3167,1.);
#3167 = DIRECTION('',(1.,0.,0.));
#3168 = PCURVE('',#2160,#3169);
#3169 = DEFINITIONAL_REPRESENTATION('',(#3170),#3174);
#3170 = LINE('',#3171,#3172);
#3171 = CARTESIAN_POINT('',(0.,0.));
#3172 = VECTOR('',#3173,1.);
#3173 = DIRECTION('',(0.,1.));
#3174 = ( GEOMETRIC_REPRESENTATION_CONTEXT(2) 
PARAMETRIC_REPRESENTATION_CONTEXT() REPRESENTATION_CONTEXT('2D SPACE',''
  ) );
#3175 = PCURVE('',#2236,#3176);
#3176 = DEFINITIONAL_REPRESENTATION('',(#3177),#3181);
#3177 = LINE('',#3178,#3179);
#3178 = CARTESIAN_POINT('',(0.,0.));
#3179 = VECTOR('',#3180,1.);
#3180 = DIRECTION('',(1.,0.));
#3181 = ( GEOMETRIC_REPRESENTATION_CONTEXT(2) 
PARAMETRIC_REPRESENTATION_CONTEXT() REPRESENTATION_CONTEXT('2D SPACE',''
  ) );
#3182 = ORIENTED_EDGE('',*,*,#3183,.T.);
#3183 = EDGE_CURVE('',#3161,#3184,#3186,.T.);
#3184 = VERTEX_POINT('',#3185);
#3185 = CARTESIAN_POINT('',(30.1,-0.75,132.65));
#3186 = SURFACE_CURVE('',#3187,(#3191,#3198),.PCURVE_S1.);
#3187 = LINE('',#3188,#3189);
#3188 = CARTESIAN_POINT('',(30.1,-0.75,130.65));
#3189 = VECTOR('',#3190,1.);
#3190 = DIRECTION('',(0.,0.,1.));
#3191 = PCURVE('',#2160,#3192);
#3192 = DEFINITIONAL_REPRESENTATION('',(#3193),#3197);
#3193 = LINE('',#3194,#3195);
#3194 = CARTESIAN_POINT('',(0.,0.));
#3195 = VECTOR('',#3196,1.);
#3196 = DIRECTION('',(1.,0.));
#3197 = ( GEOMETRIC_REPRESENTATION_CONTEXT(2) 
PARAMETRIC_REPRESENTATION_CONTEXT() REPRESENTATION_CONTEXT('2D SPACE',''
  ) );
#3198 = PCURVE('',#3199,#3204);
#3199 = PLANE('',#3200);
#3200 = AXIS2_PLACEMENT_3D('',#3201,#3202,#3203);
#3201 = CARTESIAN_POINT('',(30.1,-0.75,130.65));
#3202 = DIRECTION('',(1.,0.,0.));
#3203 = DIRECTION('',(0.,0.,1.));
#3204 = DEFINITIONAL_REPRESENTATION('',(#3205),#3209);
#3205 = LINE('',#3206,#3207);
#3206 = CARTESIAN_POINT('',(0.,0.));
#3207 = VECTOR('',#3208,1.);
#3208 = DIRECTION('',(1.,0.));
#3209 = ( GEOMETRIC_REPRESENTATION_CONTEXT(2) 
PARAMETRIC_REPRESENTATION_CONTEXT() REPRESENTATION_CONTEXT('2D SPACE',''
  ) );
#3210 = ORIENTED_EDGE('',*,*,#3211,.T.);
#3211 = EDGE_CURVE('',#3184,#2144,#3212,.T.);
#3212 = SURFACE_CURVE('',#3213,(#3217,#3224),.PCURVE_S1.);
#3213 = LINE('',#3214,#3215);
#3214 = CARTESIAN_POINT('',(30.1,-0.75,132.65));
#3215 = VECTOR('',#3216,1.);
#3216 = DIRECTION('',(1.,0.,0.));
#3217 = PCURVE('',#2160,#3218);
#3218 = DEFINITIONAL_REPRESENTATION('',(#3219),#3223);
#3219 = LINE('',#3220,#3221);
#3220 = CARTESIAN_POINT('',(2.,0.));
#3221 = VECTOR('',#3222,1.);
#3222 = DIRECTION('',(0.,1.));
#3223 = ( GEOMETRIC_REPRESENTATION_CONTEXT(2) 
PARAMETRIC_REPRESENTATION_CONTEXT() REPRESENTATION_CONTEXT('2D SPACE',''
  ) );
#3224 = PCURVE('',#2186,#3225);
#3225 = DEFINITIONAL_REPRESENTATION('',(#3226),#3230);
#3226 = LINE('',#3227,#3228);
#3227 = CARTESIAN_POINT('',(0.,0.));
#3228 = VECTOR('',#3229,1.);
#3229 = DIRECTION('',(1.,0.));
#3230 = ( GEOMETRIC_REPRESENTATION_CONTEXT(2) 
PARAMETRIC_REPRESENTATION_CONTEXT() REPRESENTATION_CONTEXT('2D SPACE',''
  ) );
#3231 = ORIENTED_EDGE('',*,*,#2143,.T.);
#3232 = ADVANCED_FACE('',(#3233),#2236,.T.);
#3233 = FACE_BOUND('',#3234,.T.);
#3234 = EDGE_LOOP('',(#3235,#3258,#3279,#3280));
#3235 = ORIENTED_EDGE('',*,*,#3236,.F.);
#3236 = EDGE_CURVE('',#3237,#2198,#3239,.T.);
#3237 = VERTEX_POINT('',#3238);
#3238 = CARTESIAN_POINT('',(30.1,0.75,130.65));
#3239 = SURFACE_CURVE('',#3240,(#3244,#3251),.PCURVE_S1.);
#3240 = LINE('',#3241,#3242);
#3241 = CARTESIAN_POINT('',(30.1,0.75,130.65));
#3242 = VECTOR('',#3243,1.);
#3243 = DIRECTION('',(1.,0.,0.));
#3244 = PCURVE('',#2236,#3245);
#3245 = DEFINITIONAL_REPRESENTATION('',(#3246),#3250);
#3246 = LINE('',#3247,#3248);
#3247 = CARTESIAN_POINT('',(0.,1.5));
#3248 = VECTOR('',#3249,1.);
#3249 = DIRECTION('',(1.,0.));
#3250 = ( GEOMETRIC_REPRESENTATION_CONTEXT(2) 
PARAMETRIC_REPRESENTATION_CONTEXT() REPRESENTATION_CONTEXT('2D SPACE',''
  ) );
#3251 = PCURVE('',#2212,#3252);
#3252 = DEFINITIONAL_REPRESENTATION('',(#3253),#3257);
#3253 = LINE('',#3254,#3255);
#3254 = CARTESIAN_POINT('',(0.,0.));
#3255 = VECTOR('',#3256,1.);
#3256 = DIRECTION('',(0.,1.));
#3257 = ( GEOMETRIC_REPRESENTATION_CONTEXT(2) 
PARAMETRIC_REPRESENTATION_CONTEXT() REPRESENTATION_CONTEXT('2D SPACE',''
  ) );
#3258 = ORIENTED_EDGE('',*,*,#3259,.F.);
#3259 = EDGE_CURVE('',#3161,#3237,#3260,.T.);
#3260 = SURFACE_CURVE('',#3261,(#3265,#3272),.PCURVE_S1.);
#3261 = LINE('',#3262,#3263);
#3262 = CARTESIAN_POINT('',(30.1,-0.75,130.65));
#3263 = VECTOR('',#3264,1.);
#3264 = DIRECTION('',(0.,1.,0.));
#3265 = PCURVE('',#2236,#3266);
#3266 = DEFINITIONAL_REPRESENTATION('',(#3267),#3271);
#3267 = LINE('',#3268,#3269);
#3268 = CARTESIAN_POINT('',(0.,0.));
#3269 = VECTOR('',#3270,1.);
#3270 = DIRECTION('',(0.,1.));
#3271 = ( GEOMETRIC_REPRESENTATION_CONTEXT(2) 
PARAMETRIC_REPRESENTATION_CONTEXT() REPRESENTATION_CONTEXT('2D SPACE',''
  ) );
#3272 = PCURVE('',#3199,#3273);
#3273 = DEFINITIONAL_REPRESENTATION('',(#3274),#3278);
#3274 = LINE('',#3275,#3276);
#3275 = CARTESIAN_POINT('',(0.,0.));
#3276 = VECTOR('',#3277,1.);
#3277 = DIRECTION('',(0.,-1.));
#3278 = ( GEOMETRIC_REPRESENTATION_CONTEXT(2) 
PARAMETRIC_REPRESENTATION_CONTEXT() REPRESENTATION_CONTEXT('2D SPACE',''
  ) );
#3279 = ORIENTED_EDGE('',*,*,#3160,.T.);
#3280 = ORIENTED_EDGE('',*,*,#2223,.T.);
#3281 = ADVANCED_FACE('',(#3282),#2212,.F.);
#3282 = FACE_BOUND('',#3283,.F.);
#3283 = EDGE_LOOP('',(#3284,#3285,#3308,#3329));
#3284 = ORIENTED_EDGE('',*,*,#3236,.F.);
#3285 = ORIENTED_EDGE('',*,*,#3286,.T.);
#3286 = EDGE_CURVE('',#3237,#3287,#3289,.T.);
#3287 = VERTEX_POINT('',#3288);
#3288 = CARTESIAN_POINT('',(30.1,0.75,132.65));
#3289 = SURFACE_CURVE('',#3290,(#3294,#3301),.PCURVE_S1.);
#3290 = LINE('',#3291,#3292);
#3291 = CARTESIAN_POINT('',(30.1,0.75,130.65));
#3292 = VECTOR('',#3293,1.);
#3293 = DIRECTION('',(0.,0.,1.));
#3294 = PCURVE('',#2212,#3295);
#3295 = DEFINITIONAL_REPRESENTATION('',(#3296),#3300);
#3296 = LINE('',#3297,#3298);
#3297 = CARTESIAN_POINT('',(0.,0.));
#3298 = VECTOR('',#3299,1.);
#3299 = DIRECTION('',(1.,0.));
#3300 = ( GEOMETRIC_REPRESENTATION_CONTEXT(2) 
PARAMETRIC_REPRESENTATION_CONTEXT() REPRESENTATION_CONTEXT('2D SPACE',''
  ) );
#3301 = PCURVE('',#3199,#3302);
#3302 = DEFINITIONAL_REPRESENTATION('',(#3303),#3307);
#3303 = LINE('',#3304,#3305);
#3304 = CARTESIAN_POINT('',(0.,-1.5));
#3305 = VECTOR('',#3306,1.);
#3306 = DIRECTION('',(1.,0.));
#3307 = ( GEOMETRIC_REPRESENTATION_CONTEXT(2) 
PARAMETRIC_REPRESENTATION_CONTEXT() REPRESENTATION_CONTEXT('2D SPACE',''
  ) );
#3308 = ORIENTED_EDGE('',*,*,#3309,.T.);
#3309 = EDGE_CURVE('',#3287,#2172,#3310,.T.);
#3310 = SURFACE_CURVE('',#3311,(#3315,#3322),.PCURVE_S1.);
#3311 = LINE('',#3312,#3313);
#3312 = CARTESIAN_POINT('',(30.1,0.75,132.65));
#3313 = VECTOR('',#3314,1.);
#3314 = DIRECTION('',(1.,0.,0.));
#3315 = PCURVE('',#2212,#3316);
#3316 = DEFINITIONAL_REPRESENTATION('',(#3317),#3321);
#3317 = LINE('',#3318,#3319);
#3318 = CARTESIAN_POINT('',(2.,0.));
#3319 = VECTOR('',#3320,1.);
#3320 = DIRECTION('',(0.,1.));
#3321 = ( GEOMETRIC_REPRESENTATION_CONTEXT(2) 
PARAMETRIC_REPRESENTATION_CONTEXT() REPRESENTATION_CONTEXT('2D SPACE',''
  ) );
#3322 = PCURVE('',#2186,#3323);
#3323 = DEFINITIONAL_REPRESENTATION('',(#3324),#3328);
#3324 = LINE('',#3325,#3326);
#3325 = CARTESIAN_POINT('',(0.,1.5));
#3326 = VECTOR('',#3327,1.);
#3327 = DIRECTION('',(1.,0.));
#3328 = ( GEOMETRIC_REPRESENTATION_CONTEXT(2) 
PARAMETRIC_REPRESENTATION_CONTEXT() REPRESENTATION_CONTEXT('2D SPACE',''
  ) );
#3329 = ORIENTED_EDGE('',*,*,#2197,.T.);
#3330 = ADVANCED_FACE('',(#3331),#2186,.F.);
#3331 = FACE_BOUND('',#3332,.F.);
#3332 = EDGE_LOOP('',(#3333,#3334,#3355,#3356));
#3333 = ORIENTED_EDGE('',*,*,#3309,.F.);
#3334 = ORIENTED_EDGE('',*,*,#3335,.F.);
#3335 = EDGE_CURVE('',#3184,#3287,#3336,.T.);
#3336 = SURFACE_CURVE('',#3337,(#3341,#3348),.PCURVE_S1.);
#3337 = LINE('',#3338,#3339);
#3338 = CARTESIAN_POINT('',(30.1,-0.75,132.65));
#3339 = VECTOR('',#3340,1.);
#3340 = DIRECTION('',(0.,1.,0.));
#3341 = PCURVE('',#2186,#3342);
#3342 = DEFINITIONAL_REPRESENTATION('',(#3343),#3347);
#3343 = LINE('',#3344,#3345);
#3344 = CARTESIAN_POINT('',(0.,0.));
#3345 = VECTOR('',#3346,1.);
#3346 = DIRECTION('',(0.,1.));
#3347 = ( GEOMETRIC_REPRESENTATION_CONTEXT(2) 
PARAMETRIC_REPRESENTATION_CONTEXT() REPRESENTATION_CONTEXT('2D SPACE',''
  ) );
#3348 = PCURVE('',#3199,#3349);
#3349 = DEFINITIONAL_REPRESENTATION('',(#3350),#3354);
#3350 = LINE('',#3351,#3352);
#3351 = CARTESIAN_POINT('',(2.,0.));
#3352 = VECTOR('',#3353,1.);
#3353 = DIRECTION('',(0.,-1.));
#3354 = ( GEOMETRIC_REPRESENTATION_CONTEXT(2) 
PARAMETRIC_REPRESENTATION_CONTEXT() REPRESENTATION_CONTEXT('2D SPACE',''
  ) );
#3355 = ORIENTED_EDGE('',*,*,#3211,.T.);
#3356 = ORIENTED_EDGE('',*,*,#2171,.T.);
#3357 = ADVANCED_FACE('',(#3358,#3364,#3399,#3434,#3469,#3504),#2407,.T.
  );
#3358 = FACE_BOUND('',#3359,.T.);
#3359 = EDGE_LOOP('',(#3360,#3361,#3362,#3363));
#3360 = ORIENTED_EDGE('',*,*,#2393,.F.);
#3361 = ORIENTED_EDGE('',*,*,#2473,.T.);
#3362 = ORIENTED_EDGE('',*,*,#2523,.T.);
#3363 = ORIENTED_EDGE('',*,*,#2424,.F.);
#3364 = FACE_BOUND('',#3365,.T.);
#3365 = EDGE_LOOP('',(#3366));
#3366 = ORIENTED_EDGE('',*,*,#3367,.T.);
#3367 = EDGE_CURVE('',#3368,#3368,#3370,.T.);
#3368 = VERTEX_POINT('',#3369);
#3369 = CARTESIAN_POINT('',(-10.,-11.5,304.));
#3370 = SURFACE_CURVE('',#3371,(#3376,#3387),.PCURVE_S1.);
#3371 = CIRCLE('',#3372,1.5);
#3372 = AXIS2_PLACEMENT_3D('',#3373,#3374,#3375);
#3373 = CARTESIAN_POINT('',(-11.5,-11.5,304.));
#3374 = DIRECTION('',(0.,0.,-1.));
#3375 = DIRECTION('',(1.,0.,0.));
#3376 = PCURVE('',#2407,#3377);
#3377 = DEFINITIONAL_REPRESENTATION('',(#3378),#3386);
#3378 = ( BOUNDED_CURVE() B_SPLINE_CURVE(2,(#3379,#3380,#3381,#3382,
#3383,#3384,#3385),.UNSPECIFIED.,.T.,.F.) B_SPLINE_CURVE_WITH_KNOTS((1,2
    ,2,2,2,1),(-2.094395102393,0.,2.094395102393,4.188790204786,
6.28318530718,8.377580409573),.UNSPECIFIED.) CURVE() 
GEOMETRIC_REPRESENTATION_ITEM() RATIONAL_B_SPLINE_CURVE((1.,0.5,1.,0.5,
1.,0.5,1.)) REPRESENTATION_ITEM('') );
#3379 = CARTESIAN_POINT('',(12.,10.5));
#3380 = CARTESIAN_POINT('',(12.,7.901923788647));
#3381 = CARTESIAN_POINT('',(9.75,9.200961894323));
#3382 = CARTESIAN_POINT('',(7.5,10.5));
#3383 = CARTESIAN_POINT('',(9.75,11.799038105677));
#3384 = CARTESIAN_POINT('',(12.,13.098076211353));
#3385 = CARTESIAN_POINT('',(12.,10.5));
#3386 = ( GEOMETRIC_REPRESENTATION_CONTEXT(2) 
PARAMETRIC_REPRESENTATION_CONTEXT() REPRESENTATION_CONTEXT('2D SPACE',''
  ) );
#3387 = PCURVE('',#3388,#3393);
#3388 = CYLINDRICAL_SURFACE('',#3389,1.5);
#3389 = AXIS2_PLACEMENT_3D('',#3390,#3391,#3392);
#3390 = CARTESIAN_POINT('',(-11.5,-11.5,300.));
#3391 = DIRECTION('',(-0.,-0.,-1.));
#3392 = DIRECTION('',(1.,0.,0.));
#3393 = DEFINITIONAL_REPRESENTATION('',(#3394),#3398);
#3394 = LINE('',#3395,#3396);
#3395 = CARTESIAN_POINT('',(-6.28318530718,-4.));
#3396 = VECTOR('',#3397,1.);
#3397 = DIRECTION('',(1.,-0.));
#3398 = ( GEOMETRIC_REPRESENTATION_CONTEXT(2) 
PARAMETRIC_REPRESENTATION_CONTEXT() REPRESENTATION_CONTEXT('2D SPACE',''
  ) );
#3399 = FACE_BOUND('',#3400,.T.);
#3400 = EDGE_LOOP('',(#3401));
#3401 = ORIENTED_EDGE('',*,*,#3402,.T.);
#3402 = EDGE_CURVE('',#3403,#3403,#3405,.T.);
#3403 = VERTEX_POINT('',#3404);
#3404 = CARTESIAN_POINT('',(13.,-11.5,304.));
#3405 = SURFACE_CURVE('',#3406,(#3411,#3422),.PCURVE_S1.);
#3406 = CIRCLE('',#3407,1.5);
#3407 = AXIS2_PLACEMENT_3D('',#3408,#3409,#3410);
#3408 = CARTESIAN_POINT('',(11.5,-11.5,304.));
#3409 = DIRECTION('',(0.,0.,-1.));
#3410 = DIRECTION('',(1.,0.,0.));
#3411 = PCURVE('',#2407,#3412);
#3412 = DEFINITIONAL_REPRESENTATION('',(#3413),#3421);
#3413 = ( BOUNDED_CURVE() B_SPLINE_CURVE(2,(#3414,#3415,#3416,#3417,
#3418,#3419,#3420),.UNSPECIFIED.,.T.,.F.) B_SPLINE_CURVE_WITH_KNOTS((1,2
    ,2,2,2,1),(-2.094395102393,0.,2.094395102393,4.188790204786,
6.28318530718,8.377580409573),.UNSPECIFIED.) CURVE() 
GEOMETRIC_REPRESENTATION_ITEM() RATIONAL_B_SPLINE_CURVE((1.,0.5,1.,0.5,
1.,0.5,1.)) REPRESENTATION_ITEM('') );
#3414 = CARTESIAN_POINT('',(35.,10.5));
#3415 = CARTESIAN_POINT('',(35.,7.901923788647));
#3416 = CARTESIAN_POINT('',(32.75,9.200961894323));
#3417 = CARTESIAN_POINT('',(30.5,10.5));
#3418 = CARTESIAN_POINT('',(32.75,11.799038105677));
#3419 = CARTESIAN_POINT('',(35.,13.098076211353));
#3420 = CARTESIAN_POINT('',(35.,10.5));
#3421 = ( GEOMETRIC_REPRESENTATION_CONTEXT(2) 
PARAMETRIC_REPRESENTATION_CONTEXT() REPRESENTATION_CONTEXT('2D SPACE',''
  ) );
#3422 = PCURVE('',#3423,#3428);
#3423 = CYLINDRICAL_SURFACE('',#3424,1.5);
#3424 = AXIS2_PLACEMENT_3D('',#3425,#3426,#3427);
#3425 = CARTESIAN_POINT('',(11.5,-11.5,300.));
#3426 = DIRECTION('',(-0.,-0.,-1.));
#3427 = DIRECTION('',(1.,0.,0.));
#3428 = DEFINITIONAL_REPRESENTATION('',(#3429),#3433);
#3429 = LINE('',#3430,#3431);
#3430 = CARTESIAN_POINT('',(-6.28318530718,-4.));
#3431 = VECTOR('',#3432,1.);
#3432 = DIRECTION('',(1.,-0.));
#3433 = ( GEOMETRIC_REPRESENTATION_CONTEXT(2) 
PARAMETRIC_REPRESENTATION_CONTEXT() REPRESENTATION_CONTEXT('2D SPACE',''
  ) );
#3434 = FACE_BOUND('',#3435,.T.);
#3435 = EDGE_LOOP('',(#3436));
#3436 = ORIENTED_EDGE('',*,*,#3437,.T.);
#3437 = EDGE_CURVE('',#3438,#3438,#3440,.T.);
#3438 = VERTEX_POINT('',#3439);
#3439 = CARTESIAN_POINT('',(-10.,11.5,304.));
#3440 = SURFACE_CURVE('',#3441,(#3446,#3457),.PCURVE_S1.);
#3441 = CIRCLE('',#3442,1.5);
#3442 = AXIS2_PLACEMENT_3D('',#3443,#3444,#3445);
#3443 = CARTESIAN_POINT('',(-11.5,11.5,304.));
#3444 = DIRECTION('',(0.,0.,-1.));
#3445 = DIRECTION('',(1.,0.,0.));
#3446 = PCURVE('',#2407,#3447);
#3447 = DEFINITIONAL_REPRESENTATION('',(#3448),#3456);
#3448 = ( BOUNDED_CURVE() B_SPLINE_CURVE(2,(#3449,#3450,#3451,#3452,
#3453,#3454,#3455),.UNSPECIFIED.,.T.,.F.) B_SPLINE_CURVE_WITH_KNOTS((1,2
    ,2,2,2,1),(-2.094395102393,0.,2.094395102393,4.188790204786,
6.28318530718,8.377580409573),.UNSPECIFIED.) CURVE() 
GEOMETRIC_REPRESENTATION_ITEM() RATIONAL_B_SPLINE_CURVE((1.,0.5,1.,0.5,
1.,0.5,1.)) REPRESENTATION_ITEM('') );
#3449 = CARTESIAN_POINT('',(12.,33.5));
#3450 = CARTESIAN_POINT('',(12.,30.901923788647));
#3451 = CARTESIAN_POINT('',(9.75,32.200961894323));
#3452 = CARTESIAN_POINT('',(7.5,33.5));
#3453 = CARTESIAN_POINT('',(9.75,34.799038105677));
#3454 = CARTESIAN_POINT('',(12.,36.098076211353));
#3455 = CARTESIAN_POINT('',(12.,33.5));
#3456 = ( GEOMETRIC_REPRESENTATION_CONTEXT(2) 
PARAMETRIC_REPRESENTATION_CONTEXT() REPRESENTATION_CONTEXT('2D SPACE',''
  ) );
#3457 = PCURVE('',#3458,#3463);
#3458 = CYLINDRICAL_SURFACE('',#3459,1.5);
#3459 = AXIS2_PLACEMENT_3D('',#3460,#3461,#3462);
#3460 = CARTESIAN_POINT('',(-11.5,11.5,300.));
#3461 = DIRECTION('',(-0.,-0.,-1.));
#3462 = DIRECTION('',(1.,0.,0.));
#3463 = DEFINITIONAL_REPRESENTATION('',(#3464),#3468);
#3464 = LINE('',#3465,#3466);
#3465 = CARTESIAN_POINT('',(-6.28318530718,-4.));
#3466 = VECTOR('',#3467,1.);
#3467 = DIRECTION('',(1.,-0.));
#3468 = ( GEOMETRIC_REPRESENTATION_CONTEXT(2) 
PARAMETRIC_REPRESENTATION_CONTEXT() REPRESENTATION_CONTEXT('2D SPACE',''
  ) );
#3469 = FACE_BOUND('',#3470,.T.);
#3470 = EDGE_LOOP('',(#3471));
#3471 = ORIENTED_EDGE('',*,*,#3472,.T.);
#3472 = EDGE_CURVE('',#3473,#3473,#3475,.T.);
#3473 = VERTEX_POINT('',#3474);
#3474 = CARTESIAN_POINT('',(11.,0.,304.));
#3475 = SURFACE_CURVE('',#3476,(#3481,#3492),.PCURVE_S1.);
#3476 = CIRCLE('',#3477,11.);
#3477 = AXIS2_PLACEMENT_3D('',#3478,#3479,#3480);
#3478 = CARTESIAN_POINT('',(0.,0.,304.));
#3479 = DIRECTION('',(0.,0.,-1.));
#3480 = DIRECTION('',(1.,0.,0.));
#3481 = PCURVE('',#2407,#3482);
#3482 = DEFINITIONAL_REPRESENTATION('',(#3483),#3491);
#3483 = ( BOUNDED_CURVE() B_SPLINE_CURVE(2,(#3484,#3485,#3486,#3487,
#3488,#3489,#3490),.UNSPECIFIED.,.T.,.F.) B_SPLINE_CURVE_WITH_KNOTS((1,2
    ,2,2,2,1),(-2.094395102393,0.,2.094395102393,4.188790204786,
6.28318530718,8.377580409573),.UNSPECIFIED.) CURVE() 
GEOMETRIC_REPRESENTATION_ITEM() RATIONAL_B_SPLINE_CURVE((1.,0.5,1.,0.5,
1.,0.5,1.)) REPRESENTATION_ITEM('') );
#3484 = CARTESIAN_POINT('',(33.,22.));
#3485 = CARTESIAN_POINT('',(33.,2.947441116742));
#3486 = CARTESIAN_POINT('',(16.5,12.473720558371));
#3487 = CARTESIAN_POINT('',(3.552713678801E-15,22.));
#3488 = CARTESIAN_POINT('',(16.5,31.526279441629));
#3489 = CARTESIAN_POINT('',(33.,41.052558883258));
#3490 = CARTESIAN_POINT('',(33.,22.));
#3491 = ( GEOMETRIC_REPRESENTATION_CONTEXT(2) 
PARAMETRIC_REPRESENTATION_CONTEXT() REPRESENTATION_CONTEXT('2D SPACE',''
  ) );
#3492 = PCURVE('',#3493,#3498);
#3493 = CYLINDRICAL_SURFACE('',#3494,11.);
#3494 = AXIS2_PLACEMENT_3D('',#3495,#3496,#3497);
#3495 = CARTESIAN_POINT('',(0.,0.,300.));
#3496 = DIRECTION('',(-0.,-0.,-1.));
#3497 = DIRECTION('',(1.,0.,0.));
#3498 = DEFINITIONAL_REPRESENTATION('',(#3499),#3503);
#3499 = LINE('',#3500,#3501);
#3500 = CARTESIAN_POINT('',(-6.28318530718,-4.));
#3501 = VECTOR('',#3502,1.);
#3502 = DIRECTION('',(1.,-0.));
#3503 = ( GEOMETRIC_REPRESENTATION_CONTEXT(2) 
PARAMETRIC_REPRESENTATION_CONTEXT() REPRESENTATION_CONTEXT('2D SPACE',''
  ) );
#3504 = FACE_BOUND('',#3505,.T.);
#3505 = EDGE_LOOP('',(#3506));
#3506 = ORIENTED_EDGE('',*,*,#3507,.T.);
#3507 = EDGE_CURVE('',#3508,#3508,#3510,.T.);
#3508 = VERTEX_POINT('',#3509);
#3509 = CARTESIAN_POINT('',(13.,11.5,304.));
#3510 = SURFACE_CURVE('',#3511,(#3516,#3527),.PCURVE_S1.);
#3511 = CIRCLE('',#3512,1.5);
#3512 = AXIS2_PLACEMENT_3D('',#3513,#3514,#3515);
#3513 = CARTESIAN_POINT('',(11.5,11.5,304.));
#3514 = DIRECTION('',(0.,0.,-1.));
#3515 = DIRECTION('',(1.,0.,0.));
#3516 = PCURVE('',#2407,#3517);
#3517 = DEFINITIONAL_REPRESENTATION('',(#3518),#3526);
#3518 = ( BOUNDED_CURVE() B_SPLINE_CURVE(2,(#3519,#3520,#3521,#3522,
#3523,#3524,#3525),.UNSPECIFIED.,.T.,.F.) B_SPLINE_CURVE_WITH_KNOTS((1,2
    ,2,2,2,1),(-2.094395102393,0.,2.094395102393,4.188790204786,
6.28318530718,8.377580409573),.UNSPECIFIED.) CURVE() 
GEOMETRIC_REPRESENTATION_ITEM() RATIONAL_B_SPLINE_CURVE((1.,0.5,1.,0.5,
1.,0.5,1.)) REPRESENTATION_ITEM('') );
#3519 = CARTESIAN_POINT('',(35.,33.5));
#3520 = CARTESIAN_POINT('',(35.,30.901923788647));
#3521 = CARTESIAN_POINT('',(32.75,32.200961894323));
#3522 = CARTESIAN_POINT('',(30.5,33.5));
#3523 = CARTESIAN_POINT('',(32.75,34.799038105677));
#3524 = CARTESIAN_POINT('',(35.,36.098076211353));
#3525 = CARTESIAN_POINT('',(35.,33.5));
#3526 = ( GEOMETRIC_REPRESENTATION_CONTEXT(2) 
PARAMETRIC_REPRESENTATION_CONTEXT() REPRESENTATION_CONTEXT('2D SPACE',''
  ) );
#3527 = PCURVE('',#3528,#3533);
#3528 = CYLINDRICAL_SURFACE('',#3529,1.5);
#3529 = AXIS2_PLACEMENT_3D('',#3530,#3531,#3532);
#3530 = CARTESIAN_POINT('',(11.5,11.5,300.));
#3531 = DIRECTION('',(-0.,-0.,-1.));
#3532 = DIRECTION('',(1.,0.,0.));
#3533 = DEFINITIONAL_REPRESENTATION('',(#3534),#3538);
#3534 = LINE('',#3535,#3536);
#3535 = CARTESIAN_POINT('',(-6.28318530718,-4.));
#3536 = VECTOR('',#3537,1.);
#3537 = DIRECTION('',(1.,-0.));
#3538 = ( GEOMETRIC_REPRESENTATION_CONTEXT(2) 
PARAMETRIC_REPRESENTATION_CONTEXT() REPRESENTATION_CONTEXT('2D SPACE',''
  ) );
#3539 = ADVANCED_FACE('',(#3540),#2837,.F.);
#3540 = FACE_BOUND('',#3541,.F.);
#3541 = EDGE_LOOP('',(#3542));
#3542 = ORIENTED_EDGE('',*,*,#2822,.T.);
#3543 = ADVANCED_FACE('',(#3544),#2868,.T.);
#3544 = FACE_BOUND('',#3545,.T.);
#3545 = EDGE_LOOP('',(#3546,#3567,#3568,#3589));
#3546 = ORIENTED_EDGE('',*,*,#3547,.F.);
#3547 = EDGE_CURVE('',#2986,#2854,#3548,.T.);
#3548 = SURFACE_CURVE('',#3549,(#3553,#3560),.PCURVE_S1.);
#3549 = LINE('',#3550,#3551);
#3550 = CARTESIAN_POINT('',(-25.2,-1.25,27.));
#3551 = VECTOR('',#3552,1.);
#3552 = DIRECTION('',(1.,0.,0.));
#3553 = PCURVE('',#2868,#3554);
#3554 = DEFINITIONAL_REPRESENTATION('',(#3555),#3559);
#3555 = LINE('',#3556,#3557);
#3556 = CARTESIAN_POINT('',(0.,0.));
#3557 = VECTOR('',#3558,1.);
#3558 = DIRECTION('',(0.,1.));
#3559 = ( GEOMETRIC_REPRESENTATION_CONTEXT(2) 
PARAMETRIC_REPRESENTATION_CONTEXT() REPRESENTATION_CONTEXT('2D SPACE',''
  ) );
#3560 = PCURVE('',#2953,#3561);
#3561 = DEFINITIONAL_REPRESENTATION('',(#3562),#3566);
#3562 = LINE('',#3563,#3564);
#3563 = CARTESIAN_POINT('',(0.,0.));
#3564 = VECTOR('',#3565,1.);
#3565 = DIRECTION('',(1.,0.));
#3566 = ( GEOMETRIC_REPRESENTATION_CONTEXT(2) 
PARAMETRIC_REPRESENTATION_CONTEXT() REPRESENTATION_CONTEXT('2D SPACE',''
  ) );
#3567 = ORIENTED_EDGE('',*,*,#2985,.T.);
#3568 = ORIENTED_EDGE('',*,*,#3569,.T.);
#3569 = EDGE_CURVE('',#2988,#2852,#3570,.T.);
#3570 = SURFACE_CURVE('',#3571,(#3575,#3582),.PCURVE_S1.);
#3571 = LINE('',#3572,#3573);
#3572 = CARTESIAN_POINT('',(-25.2,-1.25,33.));
#3573 = VECTOR('',#3574,1.);
#3574 = DIRECTION('',(1.,0.,0.));
#3575 = PCURVE('',#2868,#3576);
#3576 = DEFINITIONAL_REPRESENTATION('',(#3577),#3581);
#3577 = LINE('',#3578,#3579);
#3578 = CARTESIAN_POINT('',(6.,0.));
#3579 = VECTOR('',#3580,1.);
#3580 = DIRECTION('',(0.,1.));
#3581 = ( GEOMETRIC_REPRESENTATION_CONTEXT(2) 
PARAMETRIC_REPRESENTATION_CONTEXT() REPRESENTATION_CONTEXT('2D SPACE',''
  ) );
#3582 = PCURVE('',#2896,#3583);
#3583 = DEFINITIONAL_REPRESENTATION('',(#3584),#3588);
#3584 = LINE('',#3585,#3586);
#3585 = CARTESIAN_POINT('',(0.,0.));
#3586 = VECTOR('',#3587,1.);
#3587 = DIRECTION('',(1.,0.));
#3588 = ( GEOMETRIC_REPRESENTATION_CONTEXT(2) 
PARAMETRIC_REPRESENTATION_CONTEXT() REPRESENTATION_CONTEXT('2D SPACE',''
  ) );
#3589 = ORIENTED_EDGE('',*,*,#2851,.T.);
#3590 = ADVANCED_FACE('',(#3591),#2896,.F.);
#3591 = FACE_BOUND('',#3592,.F.);
#3592 = EDGE_LOOP('',(#3593,#3614,#3615,#3616));
#3593 = ORIENTED_EDGE('',*,*,#3594,.F.);
#3594 = EDGE_CURVE('',#3011,#2880,#3595,.T.);
#3595 = SURFACE_CURVE('',#3596,(#3600,#3607),.PCURVE_S1.);
#3596 = LINE('',#3597,#3598);
#3597 = CARTESIAN_POINT('',(-25.2,1.25,33.));
#3598 = VECTOR('',#3599,1.);
#3599 = DIRECTION('',(1.,0.,0.));
#3600 = PCURVE('',#2896,#3601);
#3601 = DEFINITIONAL_REPRESENTATION('',(#3602),#3606);
#3602 = LINE('',#3603,#3604);
#3603 = CARTESIAN_POINT('',(0.,2.5));
#3604 = VECTOR('',#3605,1.);
#3605 = DIRECTION('',(1.,0.));
#3606 = ( GEOMETRIC_REPRESENTATION_CONTEXT(2) 
PARAMETRIC_REPRESENTATION_CONTEXT() REPRESENTATION_CONTEXT('2D SPACE',''
  ) );
#3607 = PCURVE('',#2927,#3608);
#3608 = DEFINITIONAL_REPRESENTATION('',(#3609),#3613);
#3609 = LINE('',#3610,#3611);
#3610 = CARTESIAN_POINT('',(6.,0.));
#3611 = VECTOR('',#3612,1.);
#3612 = DIRECTION('',(0.,1.));
#3613 = ( GEOMETRIC_REPRESENTATION_CONTEXT(2) 
PARAMETRIC_REPRESENTATION_CONTEXT() REPRESENTATION_CONTEXT('2D SPACE',''
  ) );
#3614 = ORIENTED_EDGE('',*,*,#3010,.F.);
#3615 = ORIENTED_EDGE('',*,*,#3569,.T.);
#3616 = ORIENTED_EDGE('',*,*,#2879,.T.);
#3617 = ADVANCED_FACE('',(#3618),#2953,.T.);
#3618 = FACE_BOUND('',#3619,.T.);
#3619 = EDGE_LOOP('',(#3620,#3641,#3642,#3643));
#3620 = ORIENTED_EDGE('',*,*,#3621,.F.);
#3621 = EDGE_CURVE('',#3034,#2913,#3622,.T.);
#3622 = SURFACE_CURVE('',#3623,(#3627,#3634),.PCURVE_S1.);
#3623 = LINE('',#3624,#3625);
#3624 = CARTESIAN_POINT('',(-25.2,1.25,27.));
#3625 = VECTOR('',#3626,1.);
#3626 = DIRECTION('',(1.,0.,0.));
#3627 = PCURVE('',#2953,#3628);
#3628 = DEFINITIONAL_REPRESENTATION('',(#3629),#3633);
#3629 = LINE('',#3630,#3631);
#3630 = CARTESIAN_POINT('',(0.,2.5));
#3631 = VECTOR('',#3632,1.);
#3632 = DIRECTION('',(1.,0.));
#3633 = ( GEOMETRIC_REPRESENTATION_CONTEXT(2) 
PARAMETRIC_REPRESENTATION_CONTEXT() REPRESENTATION_CONTEXT('2D SPACE',''
  ) );
#3634 = PCURVE('',#2927,#3635);
#3635 = DEFINITIONAL_REPRESENTATION('',(#3636),#3640);
#3636 = LINE('',#3637,#3638);
#3637 = CARTESIAN_POINT('',(0.,0.));
#3638 = VECTOR('',#3639,1.);
#3639 = DIRECTION('',(0.,1.));
#3640 = ( GEOMETRIC_REPRESENTATION_CONTEXT(2) 
PARAMETRIC_REPRESENTATION_CONTEXT() REPRESENTATION_CONTEXT('2D SPACE',''
  ) );
#3641 = ORIENTED_EDGE('',*,*,#3056,.F.);
#3642 = ORIENTED_EDGE('',*,*,#3547,.T.);
#3643 = ORIENTED_EDGE('',*,*,#2938,.T.);
#3644 = ADVANCED_FACE('',(#3645),#2927,.F.);
#3645 = FACE_BOUND('',#3646,.F.);
#3646 = EDGE_LOOP('',(#3647,#3648,#3649,#3650));
#3647 = ORIENTED_EDGE('',*,*,#3621,.F.);
#3648 = ORIENTED_EDGE('',*,*,#3033,.T.);
#3649 = ORIENTED_EDGE('',*,*,#3594,.T.);
#3650 = ORIENTED_EDGE('',*,*,#2912,.T.);
#3651 = ADVANCED_FACE('',(#3652),#3199,.T.);
#3652 = FACE_BOUND('',#3653,.T.);
#3653 = EDGE_LOOP('',(#3654,#3655,#3656,#3657));
#3654 = ORIENTED_EDGE('',*,*,#3183,.F.);
#3655 = ORIENTED_EDGE('',*,*,#3259,.T.);
#3656 = ORIENTED_EDGE('',*,*,#3286,.T.);
#3657 = ORIENTED_EDGE('',*,*,#3335,.F.);
#3658 = ADVANCED_FACE('',(#3659),#3388,.F.);
#3659 = FACE_BOUND('',#3660,.T.);
#3660 = EDGE_LOOP('',(#3661,#3690,#3711,#3712));
#3661 = ORIENTED_EDGE('',*,*,#3662,.F.);
#3662 = EDGE_CURVE('',#3663,#3663,#3665,.T.);
#3663 = VERTEX_POINT('',#3664);
#3664 = CARTESIAN_POINT('',(-10.,-11.5,300.));
#3665 = SURFACE_CURVE('',#3666,(#3671,#3678),.PCURVE_S1.);
#3666 = CIRCLE('',#3667,1.5);
#3667 = AXIS2_PLACEMENT_3D('',#3668,#3669,#3670);
#3668 = CARTESIAN_POINT('',(-11.5,-11.5,300.));
#3669 = DIRECTION('',(0.,0.,1.));
#3670 = DIRECTION('',(1.,0.,0.));
#3671 = PCURVE('',#3388,#3672);
#3672 = DEFINITIONAL_REPRESENTATION('',(#3673),#3677);
#3673 = LINE('',#3674,#3675);
#3674 = CARTESIAN_POINT('',(-0.,0.));
#3675 = VECTOR('',#3676,1.);
#3676 = DIRECTION('',(-1.,0.));
#3677 = ( GEOMETRIC_REPRESENTATION_CONTEXT(2) 
PARAMETRIC_REPRESENTATION_CONTEXT() REPRESENTATION_CONTEXT('2D SPACE',''
  ) );
#3678 = PCURVE('',#3679,#3684);
#3679 = PLANE('',#3680);
#3680 = AXIS2_PLACEMENT_3D('',#3681,#3682,#3683);
#3681 = CARTESIAN_POINT('',(11.5,11.5,300.));
#3682 = DIRECTION('',(0.,0.,1.));
#3683 = DIRECTION('',(1.,0.,-0.));
#3684 = DEFINITIONAL_REPRESENTATION('',(#3685),#3689);
#3685 = CIRCLE('',#3686,1.5);
#3686 = AXIS2_PLACEMENT_2D('',#3687,#3688);
#3687 = CARTESIAN_POINT('',(-23.,-23.));
#3688 = DIRECTION('',(1.,0.));
#3689 = ( GEOMETRIC_REPRESENTATION_CONTEXT(2) 
PARAMETRIC_REPRESENTATION_CONTEXT() REPRESENTATION_CONTEXT('2D SPACE',''
  ) );
#3690 = ORIENTED_EDGE('',*,*,#3691,.T.);
#3691 = EDGE_CURVE('',#3663,#3368,#3692,.T.);
#3692 = SEAM_CURVE('',#3693,(#3697,#3704),.PCURVE_S1.);
#3693 = LINE('',#3694,#3695);
#3694 = CARTESIAN_POINT('',(-10.,-11.5,300.));
#3695 = VECTOR('',#3696,1.);
#3696 = DIRECTION('',(0.,0.,1.));
#3697 = PCURVE('',#3388,#3698);
#3698 = DEFINITIONAL_REPRESENTATION('',(#3699),#3703);
#3699 = LINE('',#3700,#3701);
#3700 = CARTESIAN_POINT('',(-6.28318530718,0.));
#3701 = VECTOR('',#3702,1.);
#3702 = DIRECTION('',(-0.,-1.));
#3703 = ( GEOMETRIC_REPRESENTATION_CONTEXT(2) 
PARAMETRIC_REPRESENTATION_CONTEXT() REPRESENTATION_CONTEXT('2D SPACE',''
  ) );
#3704 = PCURVE('',#3388,#3705);
#3705 = DEFINITIONAL_REPRESENTATION('',(#3706),#3710);
#3706 = LINE('',#3707,#3708);
#3707 = CARTESIAN_POINT('',(-0.,0.));
#3708 = VECTOR('',#3709,1.);
#3709 = DIRECTION('',(-0.,-1.));
#3710 = ( GEOMETRIC_REPRESENTATION_CONTEXT(2) 
PARAMETRIC_REPRESENTATION_CONTEXT() REPRESENTATION_CONTEXT('2D SPACE',''
  ) );
#3711 = ORIENTED_EDGE('',*,*,#3367,.F.);
#3712 = ORIENTED_EDGE('',*,*,#3691,.F.);
#3713 = ADVANCED_FACE('',(#3714),#3423,.F.);
#3714 = FACE_BOUND('',#3715,.T.);
#3715 = EDGE_LOOP('',(#3716,#3745,#3766,#3767));
#3716 = ORIENTED_EDGE('',*,*,#3717,.F.);
#3717 = EDGE_CURVE('',#3718,#3718,#3720,.T.);
#3718 = VERTEX_POINT('',#3719);
#3719 = CARTESIAN_POINT('',(13.,-11.5,300.));
#3720 = SURFACE_CURVE('',#3721,(#3726,#3733),.PCURVE_S1.);
#3721 = CIRCLE('',#3722,1.5);
#3722 = AXIS2_PLACEMENT_3D('',#3723,#3724,#3725);
#3723 = CARTESIAN_POINT('',(11.5,-11.5,300.));
#3724 = DIRECTION('',(0.,0.,1.));
#3725 = DIRECTION('',(1.,0.,0.));
#3726 = PCURVE('',#3423,#3727);
#3727 = DEFINITIONAL_REPRESENTATION('',(#3728),#3732);
#3728 = LINE('',#3729,#3730);
#3729 = CARTESIAN_POINT('',(-0.,0.));
#3730 = VECTOR('',#3731,1.);
#3731 = DIRECTION('',(-1.,0.));
#3732 = ( GEOMETRIC_REPRESENTATION_CONTEXT(2) 
PARAMETRIC_REPRESENTATION_CONTEXT() REPRESENTATION_CONTEXT('2D SPACE',''
  ) );
#3733 = PCURVE('',#3734,#3739);
#3734 = PLANE('',#3735);
#3735 = AXIS2_PLACEMENT_3D('',#3736,#3737,#3738);
#3736 = CARTESIAN_POINT('',(11.5,11.5,300.));
#3737 = DIRECTION('',(0.,0.,1.));
#3738 = DIRECTION('',(1.,0.,-0.));
#3739 = DEFINITIONAL_REPRESENTATION('',(#3740),#3744);
#3740 = CIRCLE('',#3741,1.5);
#3741 = AXIS2_PLACEMENT_2D('',#3742,#3743);
#3742 = CARTESIAN_POINT('',(0.,-23.));
#3743 = DIRECTION('',(1.,0.));
#3744 = ( GEOMETRIC_REPRESENTATION_CONTEXT(2) 
PARAMETRIC_REPRESENTATION_CONTEXT() REPRESENTATION_CONTEXT('2D SPACE',''
  ) );
#3745 = ORIENTED_EDGE('',*,*,#3746,.T.);
#3746 = EDGE_CURVE('',#3718,#3403,#3747,.T.);
#3747 = SEAM_CURVE('',#3748,(#3752,#3759),.PCURVE_S1.);
#3748 = LINE('',#3749,#3750);
#3749 = CARTESIAN_POINT('',(13.,-11.5,300.));
#3750 = VECTOR('',#3751,1.);
#3751 = DIRECTION('',(0.,0.,1.));
#3752 = PCURVE('',#3423,#3753);
#3753 = DEFINITIONAL_REPRESENTATION('',(#3754),#3758);
#3754 = LINE('',#3755,#3756);
#3755 = CARTESIAN_POINT('',(-6.28318530718,0.));
#3756 = VECTOR('',#3757,1.);
#3757 = DIRECTION('',(-0.,-1.));
#3758 = ( GEOMETRIC_REPRESENTATION_CONTEXT(2) 
PARAMETRIC_REPRESENTATION_CONTEXT() REPRESENTATION_CONTEXT('2D SPACE',''
  ) );
#3759 = PCURVE('',#3423,#3760);
#3760 = DEFINITIONAL_REPRESENTATION('',(#3761),#3765);
#3761 = LINE('',#3762,#3763);
#3762 = CARTESIAN_POINT('',(-0.,0.));
#3763 = VECTOR('',#3764,1.);
#3764 = DIRECTION('',(-0.,-1.));
#3765 = ( GEOMETRIC_REPRESENTATION_CONTEXT(2) 
PARAMETRIC_REPRESENTATION_CONTEXT() REPRESENTATION_CONTEXT('2D SPACE',''
  ) );
#3766 = ORIENTED_EDGE('',*,*,#3402,.F.);
#3767 = ORIENTED_EDGE('',*,*,#3746,.F.);
#3768 = ADVANCED_FACE('',(#3769),#3458,.F.);
#3769 = FACE_BOUND('',#3770,.T.);
#3770 = EDGE_LOOP('',(#3771,#3800,#3821,#3822));
#3771 = ORIENTED_EDGE('',*,*,#3772,.F.);
#3772 = EDGE_CURVE('',#3773,#3773,#3775,.T.);
#3773 = VERTEX_POINT('',#3774);
#3774 = CARTESIAN_POINT('',(-10.,11.5,300.));
#3775 = SURFACE_CURVE('',#3776,(#3781,#3788),.PCURVE_S1.);
#3776 = CIRCLE('',#3777,1.5);
#3777 = AXIS2_PLACEMENT_3D('',#3778,#3779,#3780);
#3778 = CARTESIAN_POINT('',(-11.5,11.5,300.));
#3779 = DIRECTION('',(0.,0.,1.));
#3780 = DIRECTION('',(1.,0.,0.));
#3781 = PCURVE('',#3458,#3782);
#3782 = DEFINITIONAL_REPRESENTATION('',(#3783),#3787);
#3783 = LINE('',#3784,#3785);
#3784 = CARTESIAN_POINT('',(-0.,0.));
#3785 = VECTOR('',#3786,1.);
#3786 = DIRECTION('',(-1.,0.));
#3787 = ( GEOMETRIC_REPRESENTATION_CONTEXT(2) 
PARAMETRIC_REPRESENTATION_CONTEXT() REPRESENTATION_CONTEXT('2D SPACE',''
  ) );
#3788 = PCURVE('',#3789,#3794);
#3789 = PLANE('',#3790);
#3790 = AXIS2_PLACEMENT_3D('',#3791,#3792,#3793);
#3791 = CARTESIAN_POINT('',(11.5,11.5,300.));
#3792 = DIRECTION('',(0.,0.,1.));
#3793 = DIRECTION('',(1.,0.,-0.));
#3794 = DEFINITIONAL_REPRESENTATION('',(#3795),#3799);
#3795 = CIRCLE('',#3796,1.5);
#3796 = AXIS2_PLACEMENT_2D('',#3797,#3798);
#3797 = CARTESIAN_POINT('',(-23.,0.));
#3798 = DIRECTION('',(1.,0.));
#3799 = ( GEOMETRIC_REPRESENTATION_CONTEXT(2) 
PARAMETRIC_REPRESENTATION_CONTEXT() REPRESENTATION_CONTEXT('2D SPACE',''
  ) );
#3800 = ORIENTED_EDGE('',*,*,#3801,.T.);
#3801 = EDGE_CURVE('',#3773,#3438,#3802,.T.);
#3802 = SEAM_CURVE('',#3803,(#3807,#3814),.PCURVE_S1.);
#3803 = LINE('',#3804,#3805);
#3804 = CARTESIAN_POINT('',(-10.,11.5,300.));
#3805 = VECTOR('',#3806,1.);
#3806 = DIRECTION('',(0.,0.,1.));
#3807 = PCURVE('',#3458,#3808);
#3808 = DEFINITIONAL_REPRESENTATION('',(#3809),#3813);
#3809 = LINE('',#3810,#3811);
#3810 = CARTESIAN_POINT('',(-6.28318530718,0.));
#3811 = VECTOR('',#3812,1.);
#3812 = DIRECTION('',(-0.,-1.));
#3813 = ( GEOMETRIC_REPRESENTATION_CONTEXT(2) 
PARAMETRIC_REPRESENTATION_CONTEXT() REPRESENTATION_CONTEXT('2D SPACE',''
  ) );
#3814 = PCURVE('',#3458,#3815);
#3815 = DEFINITIONAL_REPRESENTATION('',(#3816),#3820);
#3816 = LINE('',#3817,#3818);
#3817 = CARTESIAN_POINT('',(-0.,0.));
#3818 = VECTOR('',#3819,1.);
#3819 = DIRECTION('',(-0.,-1.));
#3820 = ( GEOMETRIC_REPRESENTATION_CONTEXT(2) 
PARAMETRIC_REPRESENTATION_CONTEXT() REPRESENTATION_CONTEXT('2D SPACE',''
  ) );
#3821 = ORIENTED_EDGE('',*,*,#3437,.F.);
#3822 = ORIENTED_EDGE('',*,*,#3801,.F.);
#3823 = ADVANCED_FACE('',(#3824),#3493,.F.);
#3824 = FACE_BOUND('',#3825,.T.);
#3825 = EDGE_LOOP('',(#3826,#3855,#3876,#3877));
#3826 = ORIENTED_EDGE('',*,*,#3827,.F.);
#3827 = EDGE_CURVE('',#3828,#3828,#3830,.T.);
#3828 = VERTEX_POINT('',#3829);
#3829 = CARTESIAN_POINT('',(11.,0.,300.));
#3830 = SURFACE_CURVE('',#3831,(#3836,#3843),.PCURVE_S1.);
#3831 = CIRCLE('',#3832,11.);
#3832 = AXIS2_PLACEMENT_3D('',#3833,#3834,#3835);
#3833 = CARTESIAN_POINT('',(0.,0.,300.));
#3834 = DIRECTION('',(0.,0.,1.));
#3835 = DIRECTION('',(1.,0.,0.));
#3836 = PCURVE('',#3493,#3837);
#3837 = DEFINITIONAL_REPRESENTATION('',(#3838),#3842);
#3838 = LINE('',#3839,#3840);
#3839 = CARTESIAN_POINT('',(-0.,0.));
#3840 = VECTOR('',#3841,1.);
#3841 = DIRECTION('',(-1.,0.));
#3842 = ( GEOMETRIC_REPRESENTATION_CONTEXT(2) 
PARAMETRIC_REPRESENTATION_CONTEXT() REPRESENTATION_CONTEXT('2D SPACE',''
  ) );
#3843 = PCURVE('',#3844,#3849);
#3844 = PLANE('',#3845);
#3845 = AXIS2_PLACEMENT_3D('',#3846,#3847,#3848);
#3846 = CARTESIAN_POINT('',(-7.458764359306E-16,-4.490371596874E-16,300.
    ));
#3847 = DIRECTION('',(0.,0.,1.));
#3848 = DIRECTION('',(1.,0.,-0.));
#3849 = DEFINITIONAL_REPRESENTATION('',(#3850),#3854);
#3850 = CIRCLE('',#3851,11.);
#3851 = AXIS2_PLACEMENT_2D('',#3852,#3853);
#3852 = CARTESIAN_POINT('',(7.458764359306E-16,4.490371596874E-16));
#3853 = DIRECTION('',(1.,0.));
#3854 = ( GEOMETRIC_REPRESENTATION_CONTEXT(2) 
PARAMETRIC_REPRESENTATION_CONTEXT() REPRESENTATION_CONTEXT('2D SPACE',''
  ) );
#3855 = ORIENTED_EDGE('',*,*,#3856,.T.);
#3856 = EDGE_CURVE('',#3828,#3473,#3857,.T.);
#3857 = SEAM_CURVE('',#3858,(#3862,#3869),.PCURVE_S1.);
#3858 = LINE('',#3859,#3860);
#3859 = CARTESIAN_POINT('',(11.,0.,300.));
#3860 = VECTOR('',#3861,1.);
#3861 = DIRECTION('',(0.,0.,1.));
#3862 = PCURVE('',#3493,#3863);
#3863 = DEFINITIONAL_REPRESENTATION('',(#3864),#3868);
#3864 = LINE('',#3865,#3866);
#3865 = CARTESIAN_POINT('',(-6.28318530718,0.));
#3866 = VECTOR('',#3867,1.);
#3867 = DIRECTION('',(-0.,-1.));
#3868 = ( GEOMETRIC_REPRESENTATION_CONTEXT(2) 
PARAMETRIC_REPRESENTATION_CONTEXT() REPRESENTATION_CONTEXT('2D SPACE',''
  ) );
#3869 = PCURVE('',#3493,#3870);
#3870 = DEFINITIONAL_REPRESENTATION('',(#3871),#3875);
#3871 = LINE('',#3872,#3873);
#3872 = CARTESIAN_POINT('',(-0.,0.));
#3873 = VECTOR('',#3874,1.);
#3874 = DIRECTION('',(-0.,-1.));
#3875 = ( GEOMETRIC_REPRESENTATION_CONTEXT(2) 
PARAMETRIC_REPRESENTATION_CONTEXT() REPRESENTATION_CONTEXT('2D SPACE',''
  ) );
#3876 = ORIENTED_EDGE('',*,*,#3472,.F.);
#3877 = ORIENTED_EDGE('',*,*,#3856,.F.);
#3878 = ADVANCED_FACE('',(#3879),#3528,.F.);
#3879 = FACE_BOUND('',#3880,.T.);
#3880 = EDGE_LOOP('',(#3881,#3910,#3931,#3932));
#3881 = ORIENTED_EDGE('',*,*,#3882,.F.);
#3882 = EDGE_CURVE('',#3883,#3883,#3885,.T.);
#3883 = VERTEX_POINT('',#3884);
#3884 = CARTESIAN_POINT('',(13.,11.5,300.));
#3885 = SURFACE_CURVE('',#3886,(#3891,#3898),.PCURVE_S1.);
#3886 = CIRCLE('',#3887,1.5);
#3887 = AXIS2_PLACEMENT_3D('',#3888,#3889,#3890);
#3888 = CARTESIAN_POINT('',(11.5,11.5,300.));
#3889 = DIRECTION('',(0.,0.,1.));
#3890 = DIRECTION('',(1.,0.,0.));
#3891 = PCURVE('',#3528,#3892);
#3892 = DEFINITIONAL_REPRESENTATION('',(#3893),#3897);
#3893 = LINE('',#3894,#3895);
#3894 = CARTESIAN_POINT('',(-0.,0.));
#3895 = VECTOR('',#3896,1.);
#3896 = DIRECTION('',(-1.,0.));
#3897 = ( GEOMETRIC_REPRESENTATION_CONTEXT(2) 
PARAMETRIC_REPRESENTATION_CONTEXT() REPRESENTATION_CONTEXT('2D SPACE',''
  ) );
#3898 = PCURVE('',#3899,#3904);
#3899 = PLANE('',#3900);
#3900 = AXIS2_PLACEMENT_3D('',#3901,#3902,#3903);
#3901 = CARTESIAN_POINT('',(11.5,11.5,300.));
#3902 = DIRECTION('',(0.,0.,1.));
#3903 = DIRECTION('',(1.,0.,-0.));
#3904 = DEFINITIONAL_REPRESENTATION('',(#3905),#3909);
#3905 = CIRCLE('',#3906,1.5);
#3906 = AXIS2_PLACEMENT_2D('',#3907,#3908);
#3907 = CARTESIAN_POINT('',(0.,0.));
#3908 = DIRECTION('',(1.,0.));
#3909 = ( GEOMETRIC_REPRESENTATION_CONTEXT(2) 
PARAMETRIC_REPRESENTATION_CONTEXT() REPRESENTATION_CONTEXT('2D SPACE',''
  ) );
#3910 = ORIENTED_EDGE('',*,*,#3911,.T.);
#3911 = EDGE_CURVE('',#3883,#3508,#3912,.T.);
#3912 = SEAM_CURVE('',#3913,(#3917,#3924),.PCURVE_S1.);
#3913 = LINE('',#3914,#3915);
#3914 = CARTESIAN_POINT('',(13.,11.5,300.));
#3915 = VECTOR('',#3916,1.);
#3916 = DIRECTION('',(0.,0.,1.));
#3917 = PCURVE('',#3528,#3918);
#3918 = DEFINITIONAL_REPRESENTATION('',(#3919),#3923);
#3919 = LINE('',#3920,#3921);
#3920 = CARTESIAN_POINT('',(-6.28318530718,0.));
#3921 = VECTOR('',#3922,1.);
#3922 = DIRECTION('',(-0.,-1.));
#3923 = ( GEOMETRIC_REPRESENTATION_CONTEXT(2) 
PARAMETRIC_REPRESENTATION_CONTEXT() REPRESENTATION_CONTEXT('2D SPACE',''
  ) );
#3924 = PCURVE('',#3528,#3925);
#3925 = DEFINITIONAL_REPRESENTATION('',(#3926),#3930);
#3926 = LINE('',#3927,#3928);
#3927 = CARTESIAN_POINT('',(-0.,0.));
#3928 = VECTOR('',#3929,1.);
#3929 = DIRECTION('',(-0.,-1.));
#3930 = ( GEOMETRIC_REPRESENTATION_CONTEXT(2) 
PARAMETRIC_REPRESENTATION_CONTEXT() REPRESENTATION_CONTEXT('2D SPACE',''
  ) );
#3931 = ORIENTED_EDGE('',*,*,#3507,.F.);
#3932 = ORIENTED_EDGE('',*,*,#3911,.F.);
#3933 = ADVANCED_FACE('',(#3934),#3679,.T.);
#3934 = FACE_BOUND('',#3935,.T.);
#3935 = EDGE_LOOP('',(#3936));
#3936 = ORIENTED_EDGE('',*,*,#3662,.T.);
#3937 = ADVANCED_FACE('',(#3938),#3734,.T.);
#3938 = FACE_BOUND('',#3939,.T.);
#3939 = EDGE_LOOP('',(#3940));
#3940 = ORIENTED_EDGE('',*,*,#3717,.T.);
#3941 = ADVANCED_FACE('',(#3942),#3789,.T.);
#3942 = FACE_BOUND('',#3943,.T.);
#3943 = EDGE_LOOP('',(#3944));
#3944 = ORIENTED_EDGE('',*,*,#3772,.T.);
#3945 = ADVANCED_FACE('',(#3946,#3949),#3844,.T.);
#3946 = FACE_BOUND('',#3947,.T.);
#3947 = EDGE_LOOP('',(#3948));
#3948 = ORIENTED_EDGE('',*,*,#3827,.T.);
#3949 = FACE_BOUND('',#3950,.T.);
#3950 = EDGE_LOOP('',(#3951));
#3951 = ORIENTED_EDGE('',*,*,#3952,.F.);
#3952 = EDGE_CURVE('',#3953,#3953,#3955,.T.);
#3953 = VERTEX_POINT('',#3954);
#3954 = CARTESIAN_POINT('',(9.5,0.,300.));
#3955 = SURFACE_CURVE('',#3956,(#3961,#3968),.PCURVE_S1.);
#3956 = CIRCLE('',#3957,9.5);
#3957 = AXIS2_PLACEMENT_3D('',#3958,#3959,#3960);
#3958 = CARTESIAN_POINT('',(0.,0.,300.));
#3959 = DIRECTION('',(0.,0.,1.));
#3960 = DIRECTION('',(1.,0.,0.));
#3961 = PCURVE('',#3844,#3962);
#3962 = DEFINITIONAL_REPRESENTATION('',(#3963),#3967);
#3963 = CIRCLE('',#3964,9.5);
#3964 = AXIS2_PLACEMENT_2D('',#3965,#3966);
#3965 = CARTESIAN_POINT('',(7.458764359306E-16,4.490371596874E-16));
#3966 = DIRECTION('',(1.,0.));
#3967 = ( GEOMETRIC_REPRESENTATION_CONTEXT(2) 
PARAMETRIC_REPRESENTATION_CONTEXT() REPRESENTATION_CONTEXT('2D SPACE',''
  ) );
#3968 = PCURVE('',#3969,#3974);
#3969 = CYLINDRICAL_SURFACE('',#3970,9.5);
#3970 = AXIS2_PLACEMENT_3D('',#3971,#3972,#3973);
#3971 = CARTESIAN_POINT('',(0.,0.,274.));
#3972 = DIRECTION('',(-0.,-0.,-1.));
#3973 = DIRECTION('',(1.,0.,0.));
#3974 = DEFINITIONAL_REPRESENTATION('',(#3975),#3979);
#3975 = LINE('',#3976,#3977);
#3976 = CARTESIAN_POINT('',(-0.,-26.));
#3977 = VECTOR('',#3978,1.);
#3978 = DIRECTION('',(-1.,0.));
#3979 = ( GEOMETRIC_REPRESENTATION_CONTEXT(2) 
PARAMETRIC_REPRESENTATION_CONTEXT() REPRESENTATION_CONTEXT('2D SPACE',''
  ) );
#3980 = ADVANCED_FACE('',(#3981),#3899,.T.);
#3981 = FACE_BOUND('',#3982,.T.);
#3982 = EDGE_LOOP('',(#3983));
#3983 = ORIENTED_EDGE('',*,*,#3882,.T.);
#3984 = ADVANCED_FACE('',(#3985),#3969,.F.);
#3985 = FACE_BOUND('',#3986,.T.);
#3986 = EDGE_LOOP('',(#3987,#4010,#4011,#4012));
#3987 = ORIENTED_EDGE('',*,*,#3988,.T.);
#3988 = EDGE_CURVE('',#3989,#3953,#3991,.T.);
#3989 = VERTEX_POINT('',#3990);
#3990 = CARTESIAN_POINT('',(9.5,0.,274.));
#3991 = SEAM_CURVE('',#3992,(#3996,#4003),.PCURVE_S1.);
#3992 = LINE('',#3993,#3994);
#3993 = CARTESIAN_POINT('',(9.5,0.,274.));
#3994 = VECTOR('',#3995,1.);
#3995 = DIRECTION('',(0.,0.,1.));
#3996 = PCURVE('',#3969,#3997);
#3997 = DEFINITIONAL_REPRESENTATION('',(#3998),#4002);
#3998 = LINE('',#3999,#4000);
#3999 = CARTESIAN_POINT('',(-0.,0.));
#4000 = VECTOR('',#4001,1.);
#4001 = DIRECTION('',(-0.,-1.));
#4002 = ( GEOMETRIC_REPRESENTATION_CONTEXT(2) 
PARAMETRIC_REPRESENTATION_CONTEXT() REPRESENTATION_CONTEXT('2D SPACE',''
  ) );
#4003 = PCURVE('',#3969,#4004);
#4004 = DEFINITIONAL_REPRESENTATION('',(#4005),#4009);
#4005 = LINE('',#4006,#4007);
#4006 = CARTESIAN_POINT('',(-6.28318530718,0.));
#4007 = VECTOR('',#4008,1.);
#4008 = DIRECTION('',(-0.,-1.));
#4009 = ( GEOMETRIC_REPRESENTATION_CONTEXT(2) 
PARAMETRIC_REPRESENTATION_CONTEXT() REPRESENTATION_CONTEXT('2D SPACE',''
  ) );
#4010 = ORIENTED_EDGE('',*,*,#3952,.T.);
#4011 = ORIENTED_EDGE('',*,*,#3988,.F.);
#4012 = ORIENTED_EDGE('',*,*,#4013,.F.);
#4013 = EDGE_CURVE('',#3989,#3989,#4014,.T.);
#4014 = SURFACE_CURVE('',#4015,(#4020,#4027),.PCURVE_S1.);
#4015 = CIRCLE('',#4016,9.5);
#4016 = AXIS2_PLACEMENT_3D('',#4017,#4018,#4019);
#4017 = CARTESIAN_POINT('',(0.,0.,274.));
#4018 = DIRECTION('',(0.,0.,1.));
#4019 = DIRECTION('',(1.,0.,0.));
#4020 = PCURVE('',#3969,#4021);
#4021 = DEFINITIONAL_REPRESENTATION('',(#4022),#4026);
#4022 = LINE('',#4023,#4024);
#4023 = CARTESIAN_POINT('',(-0.,0.));
#4024 = VECTOR('',#4025,1.);
#4025 = DIRECTION('',(-1.,0.));
#4026 = ( GEOMETRIC_REPRESENTATION_CONTEXT(2) 
PARAMETRIC_REPRESENTATION_CONTEXT() REPRESENTATION_CONTEXT('2D SPACE',''
  ) );
#4027 = PCURVE('',#4028,#4033);
#4028 = PLANE('',#4029);
#4029 = AXIS2_PLACEMENT_3D('',#4030,#4031,#4032);
#4030 = CARTESIAN_POINT('',(-8.636463994986E-16,1.879594466024E-16,274.)
  );
#4031 = DIRECTION('',(0.,0.,1.));
#4032 = DIRECTION('',(1.,0.,-0.));
#4033 = DEFINITIONAL_REPRESENTATION('',(#4034),#4038);
#4034 = CIRCLE('',#4035,9.5);
#4035 = AXIS2_PLACEMENT_2D('',#4036,#4037);
#4036 = CARTESIAN_POINT('',(8.636463994986E-16,-1.879594466024E-16));
#4037 = DIRECTION('',(1.,0.));
#4038 = ( GEOMETRIC_REPRESENTATION_CONTEXT(2) 
PARAMETRIC_REPRESENTATION_CONTEXT() REPRESENTATION_CONTEXT('2D SPACE',''
  ) );
#4039 = ADVANCED_FACE('',(#4040),#4028,.T.);
#4040 = FACE_BOUND('',#4041,.T.);
#4041 = EDGE_LOOP('',(#4042));
#4042 = ORIENTED_EDGE('',*,*,#4013,.T.);
#4043 = ( GEOMETRIC_REPRESENTATION_CONTEXT(3) 
GLOBAL_UNCERTAINTY_ASSIGNED_CONTEXT((#4047)) 
GLOBAL_UNIT_ASSIGNED_CONTEXT((#4044,#4045,#4046)) REPRESENTATION_CONTEXT
('Context #1','3D Context with UNIT and UNCERTAINTY') );
#4044 = ( LENGTH_UNIT() NAMED_UNIT(*) SI_UNIT(.MILLI.,.METRE.) );
#4045 = ( NAMED_UNIT(*) PLANE_ANGLE_UNIT() SI_UNIT($,.RADIAN.) );
#4046 = ( NAMED_UNIT(*) SI_UNIT($,.STERADIAN.) SOLID_ANGLE_UNIT() );
#4047 = UNCERTAINTY_MEASURE_WITH_UNIT(LENGTH_MEASURE(1.E-07),#4044,
  'distance_accuracy_value','confusion accuracy');
#4048 = PRODUCT_RELATED_PRODUCT_CATEGORY('part',$,(#7));
ENDSEC;
END-ISO-10303-21;
