ISO-10303-21;
HEADER;
FILE_DESCRIPTION(('Open CASCADE Model'),'2;1');
FILE_NAME('Open CASCADE Shape Model','2026-05-15T23:02:45',('Author'),(
    'Open CASCADE'),'Open CASCADE STEP processor 7.8','Open CASCADE 7.8'
  ,'Unknown');
FILE_SCHEMA(('AUTOMOTIVE_DESIGN { 1 0 10303 214 1 1 1 1 }'));
ENDSEC;
DATA;
#1 = APPLICATION_PROTOCOL_DEFINITION('international standard',
  'automotive_design',2000,#2);
#2 = APPLICATION_CONTEXT(
  'core data for automotive mechanical design processes');
#3 = SHAPE_DEFINITION_REPRESENTATION(#4,#10);
#4 = PRODUCT_DEFINITION_SHAPE('','',#5);
#5 = PRODUCT_DEFINITION('design','',#6,#9);
#6 = PRODUCT_DEFINITION_FORMATION('','',#7);
#7 = PRODUCT('Open CASCADE STEP translator 7.8 2',
  'Open CASCADE STEP translator 7.8 2','',(#8));
#8 = PRODUCT_CONTEXT('',#2,'mechanical');
#9 = PRODUCT_DEFINITION_CONTEXT('part definition',#2,'design');
#10 = SHAPE_REPRESENTATION('',(#11,#15,#19),#23);
#11 = AXIS2_PLACEMENT_3D('',#12,#13,#14);
#12 = CARTESIAN_POINT('',(0.,0.,0.));
#13 = DIRECTION('',(0.,0.,1.));
#14 = DIRECTION('',(1.,0.,-0.));
#15 = AXIS2_PLACEMENT_3D('',#16,#17,#18);
#16 = CARTESIAN_POINT('',(0.,0.,0.));
#17 = DIRECTION('',(0.,0.,1.));
#18 = DIRECTION('',(1.,0.,-0.));
#19 = AXIS2_PLACEMENT_3D('',#20,#21,#22);
#20 = CARTESIAN_POINT('',(0.,0.,0.));
#21 = DIRECTION('',(0.,0.,1.));
#22 = DIRECTION('',(1.,0.,-0.));
#23 = ( GEOMETRIC_REPRESENTATION_CONTEXT(3) 
GLOBAL_UNCERTAINTY_ASSIGNED_CONTEXT((#27)) GLOBAL_UNIT_ASSIGNED_CONTEXT(
(#24,#25,#26)) REPRESENTATION_CONTEXT('Context #1',
  '3D Context with UNIT and UNCERTAINTY') );
#24 = ( LENGTH_UNIT() NAMED_UNIT(*) SI_UNIT(.MILLI.,.METRE.) );
#25 = ( NAMED_UNIT(*) PLANE_ANGLE_UNIT() SI_UNIT($,.RADIAN.) );
#26 = ( NAMED_UNIT(*) SI_UNIT($,.STERADIAN.) SOLID_ANGLE_UNIT() );
#27 = UNCERTAINTY_MEASURE_WITH_UNIT(LENGTH_MEASURE(5.E-06),#24,
  'distance_accuracy_value','confusion accuracy');
#28 = PRODUCT_RELATED_PRODUCT_CATEGORY('part',$,(#7));
#29 = SHAPE_DEFINITION_REPRESENTATION(#30,#36);
#30 = PRODUCT_DEFINITION_SHAPE('','',#31);
#31 = PRODUCT_DEFINITION('design','',#32,#35);
#32 = PRODUCT_DEFINITION_FORMATION('','',#33);
#33 = PRODUCT('Open CASCADE STEP translator 7.8 2.1',
  'Open CASCADE STEP translator 7.8 2.1','',(#34));
#34 = PRODUCT_CONTEXT('',#2,'mechanical');
#35 = PRODUCT_DEFINITION_CONTEXT('part definition',#2,'design');
#36 = ADVANCED_BREP_SHAPE_REPRESENTATION('',(#11,#37),#2189);
#37 = MANIFOLD_SOLID_BREP('',#38);
#38 = CLOSED_SHELL('',(#39,#127,#162,#625,#679,#755,#832,#881,#931,#1002
    ,#1079,#1151,#1178,#1233,#1304,#1381,#1453,#1480,#1551,#1628,#1700,
    #1727,#1777,#1888,#1916,#1944,#1948,#2000,#2028,#2091,#2130,#2185));
#39 = ADVANCED_FACE('',(#40),#54,.T.);
#40 = FACE_BOUND('',#41,.F.);
#41 = EDGE_LOOP('',(#42,#72,#99,#100));
#42 = ORIENTED_EDGE('',*,*,#43,.T.);
#43 = EDGE_CURVE('',#44,#46,#48,.T.);
#44 = VERTEX_POINT('',#45);
#45 = CARTESIAN_POINT('',(12.5,0.,0.));
#46 = VERTEX_POINT('',#47);
#47 = CARTESIAN_POINT('',(12.5,0.,250.));
#48 = SEAM_CURVE('',#49,(#53,#65),.PCURVE_S1.);
#49 = LINE('',#50,#51);
#50 = CARTESIAN_POINT('',(12.5,0.,0.));
#51 = VECTOR('',#52,1.);
#52 = DIRECTION('',(0.,0.,1.));
#53 = PCURVE('',#54,#59);
#54 = CYLINDRICAL_SURFACE('',#55,12.5);
#55 = AXIS2_PLACEMENT_3D('',#56,#57,#58);
#56 = CARTESIAN_POINT('',(0.,0.,0.));
#57 = DIRECTION('',(-0.,-0.,-1.));
#58 = DIRECTION('',(1.,0.,0.));
#59 = DEFINITIONAL_REPRESENTATION('',(#60),#64);
#60 = LINE('',#61,#62);
#61 = CARTESIAN_POINT('',(-0.,0.));
#62 = VECTOR('',#63,1.);
#63 = DIRECTION('',(-0.,-1.));
#64 = ( GEOMETRIC_REPRESENTATION_CONTEXT(2) 
PARAMETRIC_REPRESENTATION_CONTEXT() REPRESENTATION_CONTEXT('2D SPACE',''
  ) );
#65 = PCURVE('',#54,#66);
#66 = DEFINITIONAL_REPRESENTATION('',(#67),#71);
#67 = LINE('',#68,#69);
#68 = CARTESIAN_POINT('',(-6.28318530718,0.));
#69 = VECTOR('',#70,1.);
#70 = DIRECTION('',(-0.,-1.));
#71 = ( GEOMETRIC_REPRESENTATION_CONTEXT(2) 
PARAMETRIC_REPRESENTATION_CONTEXT() REPRESENTATION_CONTEXT('2D SPACE',''
  ) );
#72 = ORIENTED_EDGE('',*,*,#73,.T.);
#73 = EDGE_CURVE('',#46,#46,#74,.T.);
#74 = SURFACE_CURVE('',#75,(#80,#87),.PCURVE_S1.);
#75 = CIRCLE('',#76,12.5);
#76 = AXIS2_PLACEMENT_3D('',#77,#78,#79);
#77 = CARTESIAN_POINT('',(0.,0.,250.));
#78 = DIRECTION('',(0.,0.,1.));
#79 = DIRECTION('',(1.,0.,0.));
#80 = PCURVE('',#54,#81);
#81 = DEFINITIONAL_REPRESENTATION('',(#82),#86);
#82 = LINE('',#83,#84);
#83 = CARTESIAN_POINT('',(-0.,-250.));
#84 = VECTOR('',#85,1.);
#85 = DIRECTION('',(-1.,0.));
#86 = ( GEOMETRIC_REPRESENTATION_CONTEXT(2) 
PARAMETRIC_REPRESENTATION_CONTEXT() REPRESENTATION_CONTEXT('2D SPACE',''
  ) );
#87 = PCURVE('',#88,#93);
#88 = PLANE('',#89);
#89 = AXIS2_PLACEMENT_3D('',#90,#91,#92);
#90 = CARTESIAN_POINT('',(-4.375808424126E-16,8.024730275931E-16,250.));
#91 = DIRECTION('',(0.,0.,1.));
#92 = DIRECTION('',(1.,0.,-0.));
#93 = DEFINITIONAL_REPRESENTATION('',(#94),#98);
#94 = CIRCLE('',#95,12.5);
#95 = AXIS2_PLACEMENT_2D('',#96,#97);
#96 = CARTESIAN_POINT('',(4.375808424126E-16,-8.024730275931E-16));
#97 = DIRECTION('',(1.,0.));
#98 = ( GEOMETRIC_REPRESENTATION_CONTEXT(2) 
PARAMETRIC_REPRESENTATION_CONTEXT() REPRESENTATION_CONTEXT('2D SPACE',''
  ) );
#99 = ORIENTED_EDGE('',*,*,#43,.F.);
#100 = ORIENTED_EDGE('',*,*,#101,.F.);
#101 = EDGE_CURVE('',#44,#44,#102,.T.);
#102 = SURFACE_CURVE('',#103,(#108,#115),.PCURVE_S1.);
#103 = CIRCLE('',#104,12.5);
#104 = AXIS2_PLACEMENT_3D('',#105,#106,#107);
#105 = CARTESIAN_POINT('',(0.,0.,0.));
#106 = DIRECTION('',(0.,0.,1.));
#107 = DIRECTION('',(1.,0.,0.));
#108 = PCURVE('',#54,#109);
#109 = DEFINITIONAL_REPRESENTATION('',(#110),#114);
#110 = LINE('',#111,#112);
#111 = CARTESIAN_POINT('',(-0.,0.));
#112 = VECTOR('',#113,1.);
#113 = DIRECTION('',(-1.,0.));
#114 = ( GEOMETRIC_REPRESENTATION_CONTEXT(2) 
PARAMETRIC_REPRESENTATION_CONTEXT() REPRESENTATION_CONTEXT('2D SPACE',''
  ) );
#115 = PCURVE('',#116,#121);
#116 = PLANE('',#117);
#117 = AXIS2_PLACEMENT_3D('',#118,#119,#120);
#118 = CARTESIAN_POINT('',(-4.375808424126E-16,8.024730275931E-16,0.));
#119 = DIRECTION('',(0.,0.,1.));
#120 = DIRECTION('',(1.,0.,-0.));
#121 = DEFINITIONAL_REPRESENTATION('',(#122),#126);
#122 = CIRCLE('',#123,12.5);
#123 = AXIS2_PLACEMENT_2D('',#124,#125);
#124 = CARTESIAN_POINT('',(4.375808424126E-16,-8.024730275931E-16));
#125 = DIRECTION('',(1.,0.));
#126 = ( GEOMETRIC_REPRESENTATION_CONTEXT(2) 
PARAMETRIC_REPRESENTATION_CONTEXT() REPRESENTATION_CONTEXT('2D SPACE',''
  ) );
#127 = ADVANCED_FACE('',(#128,#131),#116,.F.);
#128 = FACE_BOUND('',#129,.F.);
#129 = EDGE_LOOP('',(#130));
#130 = ORIENTED_EDGE('',*,*,#101,.T.);
#131 = FACE_BOUND('',#132,.F.);
#132 = EDGE_LOOP('',(#133));
#133 = ORIENTED_EDGE('',*,*,#134,.F.);
#134 = EDGE_CURVE('',#135,#135,#137,.T.);
#135 = VERTEX_POINT('',#136);
#136 = CARTESIAN_POINT('',(1.5,-3.673940397442E-16,0.));
#137 = SURFACE_CURVE('',#138,(#143,#150),.PCURVE_S1.);
#138 = CIRCLE('',#139,1.5);
#139 = AXIS2_PLACEMENT_3D('',#140,#141,#142);
#140 = CARTESIAN_POINT('',(0.,0.,0.));
#141 = DIRECTION('',(0.,0.,1.));
#142 = DIRECTION('',(1.,0.,-0.));
#143 = PCURVE('',#116,#144);
#144 = DEFINITIONAL_REPRESENTATION('',(#145),#149);
#145 = CIRCLE('',#146,1.5);
#146 = AXIS2_PLACEMENT_2D('',#147,#148);
#147 = CARTESIAN_POINT('',(4.375808424126E-16,-8.024730275931E-16));
#148 = DIRECTION('',(1.,0.));
#149 = ( GEOMETRIC_REPRESENTATION_CONTEXT(2) 
PARAMETRIC_REPRESENTATION_CONTEXT() REPRESENTATION_CONTEXT('2D SPACE',''
  ) );
#150 = PCURVE('',#151,#156);
#151 = CONICAL_SURFACE('',#152,1.5,0.643501108793);
#152 = AXIS2_PLACEMENT_3D('',#153,#154,#155);
#153 = CARTESIAN_POINT('',(0.,0.,0.));
#154 = DIRECTION('',(0.,0.,1.));
#155 = DIRECTION('',(1.,0.,-0.));
#156 = DEFINITIONAL_REPRESENTATION('',(#157),#161);
#157 = LINE('',#158,#159);
#158 = CARTESIAN_POINT('',(0.,0.));
#159 = VECTOR('',#160,1.);
#160 = DIRECTION('',(1.,0.));
#161 = ( GEOMETRIC_REPRESENTATION_CONTEXT(2) 
PARAMETRIC_REPRESENTATION_CONTEXT() REPRESENTATION_CONTEXT('2D SPACE',''
  ) );
#162 = ADVANCED_FACE('',(#163,#166,#272,#378,#413,#519),#88,.T.);
#163 = FACE_BOUND('',#164,.T.);
#164 = EDGE_LOOP('',(#165));
#165 = ORIENTED_EDGE('',*,*,#73,.T.);
#166 = FACE_BOUND('',#167,.T.);
#167 = EDGE_LOOP('',(#168,#196,#222,#248));
#168 = ORIENTED_EDGE('',*,*,#169,.T.);
#169 = EDGE_CURVE('',#170,#172,#174,.T.);
#170 = VERTEX_POINT('',#171);
#171 = CARTESIAN_POINT('',(2.,-10.,250.));
#172 = VERTEX_POINT('',#173);
#173 = CARTESIAN_POINT('',(-2.,-10.,250.));
#174 = SURFACE_CURVE('',#175,(#179,#185),.PCURVE_S1.);
#175 = LINE('',#176,#177);
#176 = CARTESIAN_POINT('',(-1.,-10.,250.));
#177 = VECTOR('',#178,1.);
#178 = DIRECTION('',(-1.,2.22044604925E-16,0.));
#179 = PCURVE('',#88,#180);
#180 = DEFINITIONAL_REPRESENTATION('',(#181),#184);
#181 = B_SPLINE_CURVE_WITH_KNOTS('',1,(#182,#183),.UNSPECIFIED.,.F.,.F.,
  (2,2),(-3.,1.),.PIECEWISE_BEZIER_KNOTS.);
#182 = CARTESIAN_POINT('',(2.,-10.));
#183 = CARTESIAN_POINT('',(-2.,-10.));
#184 = ( GEOMETRIC_REPRESENTATION_CONTEXT(2) 
PARAMETRIC_REPRESENTATION_CONTEXT() REPRESENTATION_CONTEXT('2D SPACE',''
  ) );
#185 = PCURVE('',#186,#191);
#186 = PLANE('',#187);
#187 = AXIS2_PLACEMENT_3D('',#188,#189,#190);
#188 = CARTESIAN_POINT('',(-2.,-10.,244.));
#189 = DIRECTION('',(2.22044604925E-16,1.,0.));
#190 = DIRECTION('',(1.,-2.22044604925E-16,0.));
#191 = DEFINITIONAL_REPRESENTATION('',(#192),#195);
#192 = B_SPLINE_CURVE_WITH_KNOTS('',1,(#193,#194),.UNSPECIFIED.,.F.,.F.,
  (2,2),(-3.,1.),.PIECEWISE_BEZIER_KNOTS.);
#193 = CARTESIAN_POINT('',(4.,-6.));
#194 = CARTESIAN_POINT('',(0.,-6.));
#195 = ( GEOMETRIC_REPRESENTATION_CONTEXT(2) 
PARAMETRIC_REPRESENTATION_CONTEXT() REPRESENTATION_CONTEXT('2D SPACE',''
  ) );
#196 = ORIENTED_EDGE('',*,*,#197,.T.);
#197 = EDGE_CURVE('',#172,#198,#200,.T.);
#198 = VERTEX_POINT('',#199);
#199 = CARTESIAN_POINT('',(-2.,-3.,250.));
#200 = SURFACE_CURVE('',#201,(#205,#211),.PCURVE_S1.);
#201 = LINE('',#202,#203);
#202 = CARTESIAN_POINT('',(-2.,-1.5,250.));
#203 = VECTOR('',#204,1.);
#204 = DIRECTION('',(2.22044604925E-16,1.,-0.));
#205 = PCURVE('',#88,#206);
#206 = DEFINITIONAL_REPRESENTATION('',(#207),#210);
#207 = B_SPLINE_CURVE_WITH_KNOTS('',1,(#208,#209),.UNSPECIFIED.,.F.,.F.,
  (2,2),(-8.5,-1.5),.PIECEWISE_BEZIER_KNOTS.);
#208 = CARTESIAN_POINT('',(-2.,-10.));
#209 = CARTESIAN_POINT('',(-2.,-3.));
#210 = ( GEOMETRIC_REPRESENTATION_CONTEXT(2) 
PARAMETRIC_REPRESENTATION_CONTEXT() REPRESENTATION_CONTEXT('2D SPACE',''
  ) );
#211 = PCURVE('',#212,#217);
#212 = PLANE('',#213);
#213 = AXIS2_PLACEMENT_3D('',#214,#215,#216);
#214 = CARTESIAN_POINT('',(-2.,-3.,244.));
#215 = DIRECTION('',(1.,-2.22044604925E-16,0.));
#216 = DIRECTION('',(-2.22044604925E-16,-1.,0.));
#217 = DEFINITIONAL_REPRESENTATION('',(#218),#221);
#218 = B_SPLINE_CURVE_WITH_KNOTS('',1,(#219,#220),.UNSPECIFIED.,.F.,.F.,
  (2,2),(-8.5,-1.5),.PIECEWISE_BEZIER_KNOTS.);
#219 = CARTESIAN_POINT('',(7.,-6.));
#220 = CARTESIAN_POINT('',(0.,-6.));
#221 = ( GEOMETRIC_REPRESENTATION_CONTEXT(2) 
PARAMETRIC_REPRESENTATION_CONTEXT() REPRESENTATION_CONTEXT('2D SPACE',''
  ) );
#222 = ORIENTED_EDGE('',*,*,#223,.T.);
#223 = EDGE_CURVE('',#198,#224,#226,.T.);
#224 = VERTEX_POINT('',#225);
#225 = CARTESIAN_POINT('',(2.,-3.,250.));
#226 = SURFACE_CURVE('',#227,(#231,#237),.PCURVE_S1.);
#227 = LINE('',#228,#229);
#228 = CARTESIAN_POINT('',(1.,-3.,250.));
#229 = VECTOR('',#230,1.);
#230 = DIRECTION('',(1.,-2.22044604925E-16,0.));
#231 = PCURVE('',#88,#232);
#232 = DEFINITIONAL_REPRESENTATION('',(#233),#236);
#233 = B_SPLINE_CURVE_WITH_KNOTS('',1,(#234,#235),.UNSPECIFIED.,.F.,.F.,
  (2,2),(-3.,1.),.PIECEWISE_BEZIER_KNOTS.);
#234 = CARTESIAN_POINT('',(-2.,-3.));
#235 = CARTESIAN_POINT('',(2.,-3.));
#236 = ( GEOMETRIC_REPRESENTATION_CONTEXT(2) 
PARAMETRIC_REPRESENTATION_CONTEXT() REPRESENTATION_CONTEXT('2D SPACE',''
  ) );
#237 = PCURVE('',#238,#243);
#238 = PLANE('',#239);
#239 = AXIS2_PLACEMENT_3D('',#240,#241,#242);
#240 = CARTESIAN_POINT('',(2.,-3.,244.));
#241 = DIRECTION('',(-2.22044604925E-16,-1.,0.));
#242 = DIRECTION('',(-1.,2.22044604925E-16,0.));
#243 = DEFINITIONAL_REPRESENTATION('',(#244),#247);
#244 = B_SPLINE_CURVE_WITH_KNOTS('',1,(#245,#246),.UNSPECIFIED.,.F.,.F.,
  (2,2),(-3.,1.),.PIECEWISE_BEZIER_KNOTS.);
#245 = CARTESIAN_POINT('',(4.,-6.));
#246 = CARTESIAN_POINT('',(0.,-6.));
#247 = ( GEOMETRIC_REPRESENTATION_CONTEXT(2) 
PARAMETRIC_REPRESENTATION_CONTEXT() REPRESENTATION_CONTEXT('2D SPACE',''
  ) );
#248 = ORIENTED_EDGE('',*,*,#249,.T.);
#249 = EDGE_CURVE('',#224,#170,#250,.T.);
#250 = SURFACE_CURVE('',#251,(#255,#261),.PCURVE_S1.);
#251 = LINE('',#252,#253);
#252 = CARTESIAN_POINT('',(2.,-5.,250.));
#253 = VECTOR('',#254,1.);
#254 = DIRECTION('',(-2.22044604925E-16,-1.,0.));
#255 = PCURVE('',#88,#256);
#256 = DEFINITIONAL_REPRESENTATION('',(#257),#260);
#257 = B_SPLINE_CURVE_WITH_KNOTS('',1,(#258,#259),.UNSPECIFIED.,.F.,.F.,
  (2,2),(-2.,5.),.PIECEWISE_BEZIER_KNOTS.);
#258 = CARTESIAN_POINT('',(2.,-3.));
#259 = CARTESIAN_POINT('',(2.,-10.));
#260 = ( GEOMETRIC_REPRESENTATION_CONTEXT(2) 
PARAMETRIC_REPRESENTATION_CONTEXT() REPRESENTATION_CONTEXT('2D SPACE',''
  ) );
#261 = PCURVE('',#262,#267);
#262 = PLANE('',#263);
#263 = AXIS2_PLACEMENT_3D('',#264,#265,#266);
#264 = CARTESIAN_POINT('',(2.,-10.,244.));
#265 = DIRECTION('',(-1.,2.22044604925E-16,0.));
#266 = DIRECTION('',(2.22044604925E-16,1.,0.));
#267 = DEFINITIONAL_REPRESENTATION('',(#268),#271);
#268 = B_SPLINE_CURVE_WITH_KNOTS('',1,(#269,#270),.UNSPECIFIED.,.F.,.F.,
  (2,2),(-2.,5.),.PIECEWISE_BEZIER_KNOTS.);
#269 = CARTESIAN_POINT('',(7.,-6.));
#270 = CARTESIAN_POINT('',(0.,-6.));
#271 = ( GEOMETRIC_REPRESENTATION_CONTEXT(2) 
PARAMETRIC_REPRESENTATION_CONTEXT() REPRESENTATION_CONTEXT('2D SPACE',''
  ) );
#272 = FACE_BOUND('',#273,.T.);
#273 = EDGE_LOOP('',(#274,#302,#328,#354));
#274 = ORIENTED_EDGE('',*,*,#275,.T.);
#275 = EDGE_CURVE('',#276,#278,#280,.T.);
#276 = VERTEX_POINT('',#277);
#277 = CARTESIAN_POINT('',(-10.,-2.,250.));
#278 = VERTEX_POINT('',#279);
#279 = CARTESIAN_POINT('',(-10.,2.,250.));
#280 = SURFACE_CURVE('',#281,(#285,#291),.PCURVE_S1.);
#281 = LINE('',#282,#283);
#282 = CARTESIAN_POINT('',(-10.,1.,250.));
#283 = VECTOR('',#284,1.);
#284 = DIRECTION('',(1.224646799147E-16,1.,-0.));
#285 = PCURVE('',#88,#286);
#286 = DEFINITIONAL_REPRESENTATION('',(#287),#290);
#287 = B_SPLINE_CURVE_WITH_KNOTS('',1,(#288,#289),.UNSPECIFIED.,.F.,.F.,
  (2,2),(-3.,1.),.PIECEWISE_BEZIER_KNOTS.);
#288 = CARTESIAN_POINT('',(-10.,-2.));
#289 = CARTESIAN_POINT('',(-10.,2.));
#290 = ( GEOMETRIC_REPRESENTATION_CONTEXT(2) 
PARAMETRIC_REPRESENTATION_CONTEXT() REPRESENTATION_CONTEXT('2D SPACE',''
  ) );
#291 = PCURVE('',#292,#297);
#292 = PLANE('',#293);
#293 = AXIS2_PLACEMENT_3D('',#294,#295,#296);
#294 = CARTESIAN_POINT('',(-10.,2.,244.));
#295 = DIRECTION('',(1.,-1.224646799147E-16,0.));
#296 = DIRECTION('',(-1.224646799147E-16,-1.,0.));
#297 = DEFINITIONAL_REPRESENTATION('',(#298),#301);
#298 = B_SPLINE_CURVE_WITH_KNOTS('',1,(#299,#300),.UNSPECIFIED.,.F.,.F.,
  (2,2),(-3.,1.),.PIECEWISE_BEZIER_KNOTS.);
#299 = CARTESIAN_POINT('',(4.,-6.));
#300 = CARTESIAN_POINT('',(0.,-6.));
#301 = ( GEOMETRIC_REPRESENTATION_CONTEXT(2) 
PARAMETRIC_REPRESENTATION_CONTEXT() REPRESENTATION_CONTEXT('2D SPACE',''
  ) );
#302 = ORIENTED_EDGE('',*,*,#303,.T.);
#303 = EDGE_CURVE('',#278,#304,#306,.T.);
#304 = VERTEX_POINT('',#305);
#305 = CARTESIAN_POINT('',(-3.,2.,250.));
#306 = SURFACE_CURVE('',#307,(#311,#317),.PCURVE_S1.);
#307 = LINE('',#308,#309);
#308 = CARTESIAN_POINT('',(-1.5,2.,250.));
#309 = VECTOR('',#310,1.);
#310 = DIRECTION('',(1.,-1.224646799147E-16,0.));
#311 = PCURVE('',#88,#312);
#312 = DEFINITIONAL_REPRESENTATION('',(#313),#316);
#313 = B_SPLINE_CURVE_WITH_KNOTS('',1,(#314,#315),.UNSPECIFIED.,.F.,.F.,
  (2,2),(-8.5,-1.5),.PIECEWISE_BEZIER_KNOTS.);
#314 = CARTESIAN_POINT('',(-10.,2.));
#315 = CARTESIAN_POINT('',(-3.,2.));
#316 = ( GEOMETRIC_REPRESENTATION_CONTEXT(2) 
PARAMETRIC_REPRESENTATION_CONTEXT() REPRESENTATION_CONTEXT('2D SPACE',''
  ) );
#317 = PCURVE('',#318,#323);
#318 = PLANE('',#319);
#319 = AXIS2_PLACEMENT_3D('',#320,#321,#322);
#320 = CARTESIAN_POINT('',(-3.,2.,244.));
#321 = DIRECTION('',(-1.224646799147E-16,-1.,0.));
#322 = DIRECTION('',(-1.,1.224646799147E-16,0.));
#323 = DEFINITIONAL_REPRESENTATION('',(#324),#327);
#324 = B_SPLINE_CURVE_WITH_KNOTS('',1,(#325,#326),.UNSPECIFIED.,.F.,.F.,
  (2,2),(-8.5,-1.5),.PIECEWISE_BEZIER_KNOTS.);
#325 = CARTESIAN_POINT('',(7.,-6.));
#326 = CARTESIAN_POINT('',(0.,-6.));
#327 = ( GEOMETRIC_REPRESENTATION_CONTEXT(2) 
PARAMETRIC_REPRESENTATION_CONTEXT() REPRESENTATION_CONTEXT('2D SPACE',''
  ) );
#328 = ORIENTED_EDGE('',*,*,#329,.T.);
#329 = EDGE_CURVE('',#304,#330,#332,.T.);
#330 = VERTEX_POINT('',#331);
#331 = CARTESIAN_POINT('',(-3.,-2.,250.));
#332 = SURFACE_CURVE('',#333,(#337,#343),.PCURVE_S1.);
#333 = LINE('',#334,#335);
#334 = CARTESIAN_POINT('',(-3.,-1.,250.));
#335 = VECTOR('',#336,1.);
#336 = DIRECTION('',(-1.224646799147E-16,-1.,0.));
#337 = PCURVE('',#88,#338);
#338 = DEFINITIONAL_REPRESENTATION('',(#339),#342);
#339 = B_SPLINE_CURVE_WITH_KNOTS('',1,(#340,#341),.UNSPECIFIED.,.F.,.F.,
  (2,2),(-3.,1.),.PIECEWISE_BEZIER_KNOTS.);
#340 = CARTESIAN_POINT('',(-3.,2.));
#341 = CARTESIAN_POINT('',(-3.,-2.));
#342 = ( GEOMETRIC_REPRESENTATION_CONTEXT(2) 
PARAMETRIC_REPRESENTATION_CONTEXT() REPRESENTATION_CONTEXT('2D SPACE',''
  ) );
#343 = PCURVE('',#344,#349);
#344 = PLANE('',#345);
#345 = AXIS2_PLACEMENT_3D('',#346,#347,#348);
#346 = CARTESIAN_POINT('',(-3.,-2.,244.));
#347 = DIRECTION('',(-1.,1.224646799147E-16,0.));
#348 = DIRECTION('',(1.224646799147E-16,1.,0.));
#349 = DEFINITIONAL_REPRESENTATION('',(#350),#353);
#350 = B_SPLINE_CURVE_WITH_KNOTS('',1,(#351,#352),.UNSPECIFIED.,.F.,.F.,
  (2,2),(-3.,1.),.PIECEWISE_BEZIER_KNOTS.);
#351 = CARTESIAN_POINT('',(4.,-6.));
#352 = CARTESIAN_POINT('',(0.,-6.));
#353 = ( GEOMETRIC_REPRESENTATION_CONTEXT(2) 
PARAMETRIC_REPRESENTATION_CONTEXT() REPRESENTATION_CONTEXT('2D SPACE',''
  ) );
#354 = ORIENTED_EDGE('',*,*,#355,.T.);
#355 = EDGE_CURVE('',#330,#276,#356,.T.);
#356 = SURFACE_CURVE('',#357,(#361,#367),.PCURVE_S1.);
#357 = LINE('',#358,#359);
#358 = CARTESIAN_POINT('',(-5.,-2.,250.));
#359 = VECTOR('',#360,1.);
#360 = DIRECTION('',(-1.,1.224646799147E-16,0.));
#361 = PCURVE('',#88,#362);
#362 = DEFINITIONAL_REPRESENTATION('',(#363),#366);
#363 = B_SPLINE_CURVE_WITH_KNOTS('',1,(#364,#365),.UNSPECIFIED.,.F.,.F.,
  (2,2),(-2.,5.),.PIECEWISE_BEZIER_KNOTS.);
#364 = CARTESIAN_POINT('',(-3.,-2.));
#365 = CARTESIAN_POINT('',(-10.,-2.));
#366 = ( GEOMETRIC_REPRESENTATION_CONTEXT(2) 
PARAMETRIC_REPRESENTATION_CONTEXT() REPRESENTATION_CONTEXT('2D SPACE',''
  ) );
#367 = PCURVE('',#368,#373);
#368 = PLANE('',#369);
#369 = AXIS2_PLACEMENT_3D('',#370,#371,#372);
#370 = CARTESIAN_POINT('',(-10.,-2.,244.));
#371 = DIRECTION('',(1.224646799147E-16,1.,0.));
#372 = DIRECTION('',(1.,-1.224646799147E-16,0.));
#373 = DEFINITIONAL_REPRESENTATION('',(#374),#377);
#374 = B_SPLINE_CURVE_WITH_KNOTS('',1,(#375,#376),.UNSPECIFIED.,.F.,.F.,
  (2,2),(-2.,5.),.PIECEWISE_BEZIER_KNOTS.);
#375 = CARTESIAN_POINT('',(7.,-6.));
#376 = CARTESIAN_POINT('',(0.,-6.));
#377 = ( GEOMETRIC_REPRESENTATION_CONTEXT(2) 
PARAMETRIC_REPRESENTATION_CONTEXT() REPRESENTATION_CONTEXT('2D SPACE',''
  ) );
#378 = FACE_BOUND('',#379,.T.);
#379 = EDGE_LOOP('',(#380));
#380 = ORIENTED_EDGE('',*,*,#381,.T.);
#381 = EDGE_CURVE('',#382,#382,#384,.T.);
#382 = VERTEX_POINT('',#383);
#383 = CARTESIAN_POINT('',(1.25,0.,250.));
#384 = SURFACE_CURVE('',#385,(#390,#401),.PCURVE_S1.);
#385 = CIRCLE('',#386,1.25);
#386 = AXIS2_PLACEMENT_3D('',#387,#388,#389);
#387 = CARTESIAN_POINT('',(0.,0.,250.));
#388 = DIRECTION('',(0.,0.,-1.));
#389 = DIRECTION('',(1.,0.,0.));
#390 = PCURVE('',#88,#391);
#391 = DEFINITIONAL_REPRESENTATION('',(#392),#400);
#392 = ( BOUNDED_CURVE() B_SPLINE_CURVE(2,(#393,#394,#395,#396,#397,#398
,#399),.UNSPECIFIED.,.T.,.F.) B_SPLINE_CURVE_WITH_KNOTS((1,2,2,2,2,1),(
    -2.094395102393,0.,2.094395102393,4.188790204786,6.28318530718,
8.377580409573),.UNSPECIFIED.) CURVE() GEOMETRIC_REPRESENTATION_ITEM() 
RATIONAL_B_SPLINE_CURVE((1.,0.5,1.,0.5,1.,0.5,1.)) REPRESENTATION_ITEM(
  '') );
#393 = CARTESIAN_POINT('',(1.25,-8.024730275931E-16));
#394 = CARTESIAN_POINT('',(1.25,-2.165063509461));
#395 = CARTESIAN_POINT('',(-0.625,-1.082531754731));
#396 = CARTESIAN_POINT('',(-2.5,-1.10863472738E-15));
#397 = CARTESIAN_POINT('',(-0.625,1.082531754731));
#398 = CARTESIAN_POINT('',(1.25,2.165063509461));
#399 = CARTESIAN_POINT('',(1.25,-8.024730275931E-16));
#400 = ( GEOMETRIC_REPRESENTATION_CONTEXT(2) 
PARAMETRIC_REPRESENTATION_CONTEXT() REPRESENTATION_CONTEXT('2D SPACE',''
  ) );
#401 = PCURVE('',#402,#407);
#402 = CYLINDRICAL_SURFACE('',#403,1.25);
#403 = AXIS2_PLACEMENT_3D('',#404,#405,#406);
#404 = CARTESIAN_POINT('',(0.,0.,238.));
#405 = DIRECTION('',(-0.,-0.,-1.));
#406 = DIRECTION('',(1.,0.,0.));
#407 = DEFINITIONAL_REPRESENTATION('',(#408),#412);
#408 = LINE('',#409,#410);
#409 = CARTESIAN_POINT('',(-6.28318530718,-12.));
#410 = VECTOR('',#411,1.);
#411 = DIRECTION('',(1.,-0.));
#412 = ( GEOMETRIC_REPRESENTATION_CONTEXT(2) 
PARAMETRIC_REPRESENTATION_CONTEXT() REPRESENTATION_CONTEXT('2D SPACE',''
  ) );
#413 = FACE_BOUND('',#414,.T.);
#414 = EDGE_LOOP('',(#415,#443,#469,#495));
#415 = ORIENTED_EDGE('',*,*,#416,.T.);
#416 = EDGE_CURVE('',#417,#419,#421,.T.);
#417 = VERTEX_POINT('',#418);
#418 = CARTESIAN_POINT('',(10.,2.,250.));
#419 = VERTEX_POINT('',#420);
#420 = CARTESIAN_POINT('',(10.,-2.,250.));
#421 = SURFACE_CURVE('',#422,(#426,#432),.PCURVE_S1.);
#422 = LINE('',#423,#424);
#423 = CARTESIAN_POINT('',(10.,-1.,250.));
#424 = VECTOR('',#425,1.);
#425 = DIRECTION('',(0.,-1.,0.));
#426 = PCURVE('',#88,#427);
#427 = DEFINITIONAL_REPRESENTATION('',(#428),#431);
#428 = B_SPLINE_CURVE_WITH_KNOTS('',1,(#429,#430),.UNSPECIFIED.,.F.,.F.,
  (2,2),(-3.,1.),.PIECEWISE_BEZIER_KNOTS.);
#429 = CARTESIAN_POINT('',(10.,2.));
#430 = CARTESIAN_POINT('',(10.,-2.));
#431 = ( GEOMETRIC_REPRESENTATION_CONTEXT(2) 
PARAMETRIC_REPRESENTATION_CONTEXT() REPRESENTATION_CONTEXT('2D SPACE',''
  ) );
#432 = PCURVE('',#433,#438);
#433 = PLANE('',#434);
#434 = AXIS2_PLACEMENT_3D('',#435,#436,#437);
#435 = CARTESIAN_POINT('',(10.,-2.,244.));
#436 = DIRECTION('',(-1.,0.,0.));
#437 = DIRECTION('',(0.,1.,0.));
#438 = DEFINITIONAL_REPRESENTATION('',(#439),#442);
#439 = B_SPLINE_CURVE_WITH_KNOTS('',1,(#440,#441),.UNSPECIFIED.,.F.,.F.,
  (2,2),(-3.,1.),.PIECEWISE_BEZIER_KNOTS.);
#440 = CARTESIAN_POINT('',(4.,-6.));
#441 = CARTESIAN_POINT('',(0.,-6.));
#442 = ( GEOMETRIC_REPRESENTATION_CONTEXT(2) 
PARAMETRIC_REPRESENTATION_CONTEXT() REPRESENTATION_CONTEXT('2D SPACE',''
  ) );
#443 = ORIENTED_EDGE('',*,*,#444,.T.);
#444 = EDGE_CURVE('',#419,#445,#447,.T.);
#445 = VERTEX_POINT('',#446);
#446 = CARTESIAN_POINT('',(3.,-2.,250.));
#447 = SURFACE_CURVE('',#448,(#452,#458),.PCURVE_S1.);
#448 = LINE('',#449,#450);
#449 = CARTESIAN_POINT('',(1.5,-2.,250.));
#450 = VECTOR('',#451,1.);
#451 = DIRECTION('',(-1.,0.,0.));
#452 = PCURVE('',#88,#453);
#453 = DEFINITIONAL_REPRESENTATION('',(#454),#457);
#454 = B_SPLINE_CURVE_WITH_KNOTS('',1,(#455,#456),.UNSPECIFIED.,.F.,.F.,
  (2,2),(-8.5,-1.5),.PIECEWISE_BEZIER_KNOTS.);
#455 = CARTESIAN_POINT('',(10.,-2.));
#456 = CARTESIAN_POINT('',(3.,-2.));
#457 = ( GEOMETRIC_REPRESENTATION_CONTEXT(2) 
PARAMETRIC_REPRESENTATION_CONTEXT() REPRESENTATION_CONTEXT('2D SPACE',''
  ) );
#458 = PCURVE('',#459,#464);
#459 = PLANE('',#460);
#460 = AXIS2_PLACEMENT_3D('',#461,#462,#463);
#461 = CARTESIAN_POINT('',(3.,-2.,244.));
#462 = DIRECTION('',(0.,1.,0.));
#463 = DIRECTION('',(1.,0.,0.));
#464 = DEFINITIONAL_REPRESENTATION('',(#465),#468);
#465 = B_SPLINE_CURVE_WITH_KNOTS('',1,(#466,#467),.UNSPECIFIED.,.F.,.F.,
  (2,2),(-8.5,-1.5),.PIECEWISE_BEZIER_KNOTS.);
#466 = CARTESIAN_POINT('',(7.,-6.));
#467 = CARTESIAN_POINT('',(0.,-6.));
#468 = ( GEOMETRIC_REPRESENTATION_CONTEXT(2) 
PARAMETRIC_REPRESENTATION_CONTEXT() REPRESENTATION_CONTEXT('2D SPACE',''
  ) );
#469 = ORIENTED_EDGE('',*,*,#470,.T.);
#470 = EDGE_CURVE('',#445,#471,#473,.T.);
#471 = VERTEX_POINT('',#472);
#472 = CARTESIAN_POINT('',(3.,2.,250.));
#473 = SURFACE_CURVE('',#474,(#478,#484),.PCURVE_S1.);
#474 = LINE('',#475,#476);
#475 = CARTESIAN_POINT('',(3.,1.,250.));
#476 = VECTOR('',#477,1.);
#477 = DIRECTION('',(0.,1.,0.));
#478 = PCURVE('',#88,#479);
#479 = DEFINITIONAL_REPRESENTATION('',(#480),#483);
#480 = B_SPLINE_CURVE_WITH_KNOTS('',1,(#481,#482),.UNSPECIFIED.,.F.,.F.,
  (2,2),(-3.,1.),.PIECEWISE_BEZIER_KNOTS.);
#481 = CARTESIAN_POINT('',(3.,-2.));
#482 = CARTESIAN_POINT('',(3.,2.));
#483 = ( GEOMETRIC_REPRESENTATION_CONTEXT(2) 
PARAMETRIC_REPRESENTATION_CONTEXT() REPRESENTATION_CONTEXT('2D SPACE',''
  ) );
#484 = PCURVE('',#485,#490);
#485 = PLANE('',#486);
#486 = AXIS2_PLACEMENT_3D('',#487,#488,#489);
#487 = CARTESIAN_POINT('',(3.,2.,244.));
#488 = DIRECTION('',(1.,0.,0.));
#489 = DIRECTION('',(0.,-1.,0.));
#490 = DEFINITIONAL_REPRESENTATION('',(#491),#494);
#491 = B_SPLINE_CURVE_WITH_KNOTS('',1,(#492,#493),.UNSPECIFIED.,.F.,.F.,
  (2,2),(-3.,1.),.PIECEWISE_BEZIER_KNOTS.);
#492 = CARTESIAN_POINT('',(4.,-6.));
#493 = CARTESIAN_POINT('',(0.,-6.));
#494 = ( GEOMETRIC_REPRESENTATION_CONTEXT(2) 
PARAMETRIC_REPRESENTATION_CONTEXT() REPRESENTATION_CONTEXT('2D SPACE',''
  ) );
#495 = ORIENTED_EDGE('',*,*,#496,.T.);
#496 = EDGE_CURVE('',#471,#417,#497,.T.);
#497 = SURFACE_CURVE('',#498,(#502,#508),.PCURVE_S1.);
#498 = LINE('',#499,#500);
#499 = CARTESIAN_POINT('',(5.,2.,250.));
#500 = VECTOR('',#501,1.);
#501 = DIRECTION('',(1.,0.,-0.));
#502 = PCURVE('',#88,#503);
#503 = DEFINITIONAL_REPRESENTATION('',(#504),#507);
#504 = B_SPLINE_CURVE_WITH_KNOTS('',1,(#505,#506),.UNSPECIFIED.,.F.,.F.,
  (2,2),(-2.,5.),.PIECEWISE_BEZIER_KNOTS.);
#505 = CARTESIAN_POINT('',(3.,2.));
#506 = CARTESIAN_POINT('',(10.,2.));
#507 = ( GEOMETRIC_REPRESENTATION_CONTEXT(2) 
PARAMETRIC_REPRESENTATION_CONTEXT() REPRESENTATION_CONTEXT('2D SPACE',''
  ) );
#508 = PCURVE('',#509,#514);
#509 = PLANE('',#510);
#510 = AXIS2_PLACEMENT_3D('',#511,#512,#513);
#511 = CARTESIAN_POINT('',(10.,2.,244.));
#512 = DIRECTION('',(0.,-1.,0.));
#513 = DIRECTION('',(-1.,0.,0.));
#514 = DEFINITIONAL_REPRESENTATION('',(#515),#518);
#515 = B_SPLINE_CURVE_WITH_KNOTS('',1,(#516,#517),.UNSPECIFIED.,.F.,.F.,
  (2,2),(-2.,5.),.PIECEWISE_BEZIER_KNOTS.);
#516 = CARTESIAN_POINT('',(7.,-6.));
#517 = CARTESIAN_POINT('',(0.,-6.));
#518 = ( GEOMETRIC_REPRESENTATION_CONTEXT(2) 
PARAMETRIC_REPRESENTATION_CONTEXT() REPRESENTATION_CONTEXT('2D SPACE',''
  ) );
#519 = FACE_BOUND('',#520,.T.);
#520 = EDGE_LOOP('',(#521,#549,#575,#601));
#521 = ORIENTED_EDGE('',*,*,#522,.T.);
#522 = EDGE_CURVE('',#523,#525,#527,.T.);
#523 = VERTEX_POINT('',#524);
#524 = CARTESIAN_POINT('',(-2.,10.,250.));
#525 = VERTEX_POINT('',#526);
#526 = CARTESIAN_POINT('',(2.,10.,250.));
#527 = SURFACE_CURVE('',#528,(#532,#538),.PCURVE_S1.);
#528 = LINE('',#529,#530);
#529 = CARTESIAN_POINT('',(1.,10.,250.));
#530 = VECTOR('',#531,1.);
#531 = DIRECTION('',(1.,-1.110223024625E-16,0.));
#532 = PCURVE('',#88,#533);
#533 = DEFINITIONAL_REPRESENTATION('',(#534),#537);
#534 = B_SPLINE_CURVE_WITH_KNOTS('',1,(#535,#536),.UNSPECIFIED.,.F.,.F.,
  (2,2),(-3.,1.),.PIECEWISE_BEZIER_KNOTS.);
#535 = CARTESIAN_POINT('',(-2.,10.));
#536 = CARTESIAN_POINT('',(2.,10.));
#537 = ( GEOMETRIC_REPRESENTATION_CONTEXT(2) 
PARAMETRIC_REPRESENTATION_CONTEXT() REPRESENTATION_CONTEXT('2D SPACE',''
  ) );
#538 = PCURVE('',#539,#544);
#539 = PLANE('',#540);
#540 = AXIS2_PLACEMENT_3D('',#541,#542,#543);
#541 = CARTESIAN_POINT('',(2.,10.,244.));
#542 = DIRECTION('',(-1.110223024625E-16,-1.,0.));
#543 = DIRECTION('',(-1.,1.110223024625E-16,0.));
#544 = DEFINITIONAL_REPRESENTATION('',(#545),#548);
#545 = B_SPLINE_CURVE_WITH_KNOTS('',1,(#546,#547),.UNSPECIFIED.,.F.,.F.,
  (2,2),(-3.,1.),.PIECEWISE_BEZIER_KNOTS.);
#546 = CARTESIAN_POINT('',(4.,-6.));
#547 = CARTESIAN_POINT('',(0.,-6.));
#548 = ( GEOMETRIC_REPRESENTATION_CONTEXT(2) 
PARAMETRIC_REPRESENTATION_CONTEXT() REPRESENTATION_CONTEXT('2D SPACE',''
  ) );
#549 = ORIENTED_EDGE('',*,*,#550,.T.);
#550 = EDGE_CURVE('',#525,#551,#553,.T.);
#551 = VERTEX_POINT('',#552);
#552 = CARTESIAN_POINT('',(2.,3.,250.));
#553 = SURFACE_CURVE('',#554,(#558,#564),.PCURVE_S1.);
#554 = LINE('',#555,#556);
#555 = CARTESIAN_POINT('',(2.,1.5,250.));
#556 = VECTOR('',#557,1.);
#557 = DIRECTION('',(-1.110223024625E-16,-1.,0.));
#558 = PCURVE('',#88,#559);
#559 = DEFINITIONAL_REPRESENTATION('',(#560),#563);
#560 = B_SPLINE_CURVE_WITH_KNOTS('',1,(#561,#562),.UNSPECIFIED.,.F.,.F.,
  (2,2),(-8.5,-1.5),.PIECEWISE_BEZIER_KNOTS.);
#561 = CARTESIAN_POINT('',(2.,10.));
#562 = CARTESIAN_POINT('',(2.,3.));
#563 = ( GEOMETRIC_REPRESENTATION_CONTEXT(2) 
PARAMETRIC_REPRESENTATION_CONTEXT() REPRESENTATION_CONTEXT('2D SPACE',''
  ) );
#564 = PCURVE('',#565,#570);
#565 = PLANE('',#566);
#566 = AXIS2_PLACEMENT_3D('',#567,#568,#569);
#567 = CARTESIAN_POINT('',(2.,3.,244.));
#568 = DIRECTION('',(-1.,1.110223024625E-16,0.));
#569 = DIRECTION('',(1.110223024625E-16,1.,0.));
#570 = DEFINITIONAL_REPRESENTATION('',(#571),#574);
#571 = B_SPLINE_CURVE_WITH_KNOTS('',1,(#572,#573),.UNSPECIFIED.,.F.,.F.,
  (2,2),(-8.5,-1.5),.PIECEWISE_BEZIER_KNOTS.);
#572 = CARTESIAN_POINT('',(7.,-6.));
#573 = CARTESIAN_POINT('',(0.,-6.));
#574 = ( GEOMETRIC_REPRESENTATION_CONTEXT(2) 
PARAMETRIC_REPRESENTATION_CONTEXT() REPRESENTATION_CONTEXT('2D SPACE',''
  ) );
#575 = ORIENTED_EDGE('',*,*,#576,.T.);
#576 = EDGE_CURVE('',#551,#577,#579,.T.);
#577 = VERTEX_POINT('',#578);
#578 = CARTESIAN_POINT('',(-2.,3.,250.));
#579 = SURFACE_CURVE('',#580,(#584,#590),.PCURVE_S1.);
#580 = LINE('',#581,#582);
#581 = CARTESIAN_POINT('',(-1.,3.,250.));
#582 = VECTOR('',#583,1.);
#583 = DIRECTION('',(-1.,1.110223024625E-16,0.));
#584 = PCURVE('',#88,#585);
#585 = DEFINITIONAL_REPRESENTATION('',(#586),#589);
#586 = B_SPLINE_CURVE_WITH_KNOTS('',1,(#587,#588),.UNSPECIFIED.,.F.,.F.,
  (2,2),(-3.,1.),.PIECEWISE_BEZIER_KNOTS.);
#587 = CARTESIAN_POINT('',(2.,3.));
#588 = CARTESIAN_POINT('',(-2.,3.));
#589 = ( GEOMETRIC_REPRESENTATION_CONTEXT(2) 
PARAMETRIC_REPRESENTATION_CONTEXT() REPRESENTATION_CONTEXT('2D SPACE',''
  ) );
#590 = PCURVE('',#591,#596);
#591 = PLANE('',#592);
#592 = AXIS2_PLACEMENT_3D('',#593,#594,#595);
#593 = CARTESIAN_POINT('',(-2.,3.,244.));
#594 = DIRECTION('',(1.110223024625E-16,1.,0.));
#595 = DIRECTION('',(1.,-1.110223024625E-16,0.));
#596 = DEFINITIONAL_REPRESENTATION('',(#597),#600);
#597 = B_SPLINE_CURVE_WITH_KNOTS('',1,(#598,#599),.UNSPECIFIED.,.F.,.F.,
  (2,2),(-3.,1.),.PIECEWISE_BEZIER_KNOTS.);
#598 = CARTESIAN_POINT('',(4.,-6.));
#599 = CARTESIAN_POINT('',(0.,-6.));
#600 = ( GEOMETRIC_REPRESENTATION_CONTEXT(2) 
PARAMETRIC_REPRESENTATION_CONTEXT() REPRESENTATION_CONTEXT('2D SPACE',''
  ) );
#601 = ORIENTED_EDGE('',*,*,#602,.T.);
#602 = EDGE_CURVE('',#577,#523,#603,.T.);
#603 = SURFACE_CURVE('',#604,(#608,#614),.PCURVE_S1.);
#604 = LINE('',#605,#606);
#605 = CARTESIAN_POINT('',(-2.,5.,250.));
#606 = VECTOR('',#607,1.);
#607 = DIRECTION('',(1.110223024625E-16,1.,-0.));
#608 = PCURVE('',#88,#609);
#609 = DEFINITIONAL_REPRESENTATION('',(#610),#613);
#610 = B_SPLINE_CURVE_WITH_KNOTS('',1,(#611,#612),.UNSPECIFIED.,.F.,.F.,
  (2,2),(-2.,5.),.PIECEWISE_BEZIER_KNOTS.);
#611 = CARTESIAN_POINT('',(-2.,3.));
#612 = CARTESIAN_POINT('',(-2.,10.));
#613 = ( GEOMETRIC_REPRESENTATION_CONTEXT(2) 
PARAMETRIC_REPRESENTATION_CONTEXT() REPRESENTATION_CONTEXT('2D SPACE',''
  ) );
#614 = PCURVE('',#615,#620);
#615 = PLANE('',#616);
#616 = AXIS2_PLACEMENT_3D('',#617,#618,#619);
#617 = CARTESIAN_POINT('',(-2.,10.,244.));
#618 = DIRECTION('',(1.,-1.110223024625E-16,0.));
#619 = DIRECTION('',(-1.110223024625E-16,-1.,0.));
#620 = DEFINITIONAL_REPRESENTATION('',(#621),#624);
#621 = B_SPLINE_CURVE_WITH_KNOTS('',1,(#622,#623),.UNSPECIFIED.,.F.,.F.,
  (2,2),(-2.,5.),.PIECEWISE_BEZIER_KNOTS.);
#622 = CARTESIAN_POINT('',(7.,-6.));
#623 = CARTESIAN_POINT('',(0.,-6.));
#624 = ( GEOMETRIC_REPRESENTATION_CONTEXT(2) 
PARAMETRIC_REPRESENTATION_CONTEXT() REPRESENTATION_CONTEXT('2D SPACE',''
  ) );
#625 = ADVANCED_FACE('',(#626),#151,.F.);
#626 = FACE_BOUND('',#627,.F.);
#627 = EDGE_LOOP('',(#628,#656,#677,#678));
#628 = ORIENTED_EDGE('',*,*,#629,.F.);
#629 = EDGE_CURVE('',#630,#630,#632,.T.);
#630 = VERTEX_POINT('',#631);
#631 = CARTESIAN_POINT('',(10.5,-1.285879134693E-15,12.));
#632 = SURFACE_CURVE('',#633,(#638,#644),.PCURVE_S1.);
#633 = CIRCLE('',#634,10.5);
#634 = AXIS2_PLACEMENT_3D('',#635,#636,#637);
#635 = CARTESIAN_POINT('',(0.,0.,12.));
#636 = DIRECTION('',(0.,0.,1.));
#637 = DIRECTION('',(1.,0.,0.));
#638 = PCURVE('',#151,#639);
#639 = DEFINITIONAL_REPRESENTATION('',(#640),#643);
#640 = B_SPLINE_CURVE_WITH_KNOTS('',1,(#641,#642),.UNSPECIFIED.,.F.,.F.,
  (2,2),(0.,6.28318530718),.PIECEWISE_BEZIER_KNOTS.);
#641 = CARTESIAN_POINT('',(0.,12.));
#642 = CARTESIAN_POINT('',(6.28318530718,12.));
#643 = ( GEOMETRIC_REPRESENTATION_CONTEXT(2) 
PARAMETRIC_REPRESENTATION_CONTEXT() REPRESENTATION_CONTEXT('2D SPACE',''
  ) );
#644 = PCURVE('',#645,#650);
#645 = CYLINDRICAL_SURFACE('',#646,10.5);
#646 = AXIS2_PLACEMENT_3D('',#647,#648,#649);
#647 = CARTESIAN_POINT('',(0.,0.,12.));
#648 = DIRECTION('',(-0.,-0.,-1.));
#649 = DIRECTION('',(1.,0.,0.));
#650 = DEFINITIONAL_REPRESENTATION('',(#651),#655);
#651 = LINE('',#652,#653);
#652 = CARTESIAN_POINT('',(-0.,0.));
#653 = VECTOR('',#654,1.);
#654 = DIRECTION('',(-1.,0.));
#655 = ( GEOMETRIC_REPRESENTATION_CONTEXT(2) 
PARAMETRIC_REPRESENTATION_CONTEXT() REPRESENTATION_CONTEXT('2D SPACE',''
  ) );
#656 = ORIENTED_EDGE('',*,*,#657,.F.);
#657 = EDGE_CURVE('',#135,#630,#658,.T.);
#658 = SEAM_CURVE('',#659,(#663,#670),.PCURVE_S1.);
#659 = LINE('',#660,#661);
#660 = CARTESIAN_POINT('',(1.5,-3.673940397442E-16,0.));
#661 = VECTOR('',#662,1.);
#662 = DIRECTION('',(0.6,-1.469576158977E-16,0.8));
#663 = PCURVE('',#151,#664);
#664 = DEFINITIONAL_REPRESENTATION('',(#665),#669);
#665 = LINE('',#666,#667);
#666 = CARTESIAN_POINT('',(6.28318530718,-0.));
#667 = VECTOR('',#668,1.);
#668 = DIRECTION('',(0.,1.));
#669 = ( GEOMETRIC_REPRESENTATION_CONTEXT(2) 
PARAMETRIC_REPRESENTATION_CONTEXT() REPRESENTATION_CONTEXT('2D SPACE',''
  ) );
#670 = PCURVE('',#151,#671);
#671 = DEFINITIONAL_REPRESENTATION('',(#672),#676);
#672 = LINE('',#673,#674);
#673 = CARTESIAN_POINT('',(0.,-0.));
#674 = VECTOR('',#675,1.);
#675 = DIRECTION('',(0.,1.));
#676 = ( GEOMETRIC_REPRESENTATION_CONTEXT(2) 
PARAMETRIC_REPRESENTATION_CONTEXT() REPRESENTATION_CONTEXT('2D SPACE',''
  ) );
#677 = ORIENTED_EDGE('',*,*,#134,.T.);
#678 = ORIENTED_EDGE('',*,*,#657,.T.);
#679 = ADVANCED_FACE('',(#680),#186,.T.);
#680 = FACE_BOUND('',#681,.T.);
#681 = EDGE_LOOP('',(#682,#712,#733,#734));
#682 = ORIENTED_EDGE('',*,*,#683,.F.);
#683 = EDGE_CURVE('',#684,#686,#688,.T.);
#684 = VERTEX_POINT('',#685);
#685 = CARTESIAN_POINT('',(-2.,-10.,244.));
#686 = VERTEX_POINT('',#687);
#687 = CARTESIAN_POINT('',(2.,-10.,244.));
#688 = SURFACE_CURVE('',#689,(#693,#700),.PCURVE_S1.);
#689 = LINE('',#690,#691);
#690 = CARTESIAN_POINT('',(-2.,-10.,244.));
#691 = VECTOR('',#692,1.);
#692 = DIRECTION('',(1.,-2.22044604925E-16,0.));
#693 = PCURVE('',#186,#694);
#694 = DEFINITIONAL_REPRESENTATION('',(#695),#699);
#695 = LINE('',#696,#697);
#696 = CARTESIAN_POINT('',(0.,0.));
#697 = VECTOR('',#698,1.);
#698 = DIRECTION('',(1.,0.));
#699 = ( GEOMETRIC_REPRESENTATION_CONTEXT(2) 
PARAMETRIC_REPRESENTATION_CONTEXT() REPRESENTATION_CONTEXT('2D SPACE',''
  ) );
#700 = PCURVE('',#701,#706);
#701 = PLANE('',#702);
#702 = AXIS2_PLACEMENT_3D('',#703,#704,#705);
#703 = CARTESIAN_POINT('',(-5.209295743007E-16,9.230319459916E-17,244.)
  );
#704 = DIRECTION('',(0.,0.,1.));
#705 = DIRECTION('',(1.,0.,-0.));
#706 = DEFINITIONAL_REPRESENTATION('',(#707),#711);
#707 = LINE('',#708,#709);
#708 = CARTESIAN_POINT('',(-2.,-10.));
#709 = VECTOR('',#710,1.);
#710 = DIRECTION('',(1.,-2.22044604925E-16));
#711 = ( GEOMETRIC_REPRESENTATION_CONTEXT(2) 
PARAMETRIC_REPRESENTATION_CONTEXT() REPRESENTATION_CONTEXT('2D SPACE',''
  ) );
#712 = ORIENTED_EDGE('',*,*,#713,.T.);
#713 = EDGE_CURVE('',#684,#172,#714,.T.);
#714 = SURFACE_CURVE('',#715,(#719,#726),.PCURVE_S1.);
#715 = LINE('',#716,#717);
#716 = CARTESIAN_POINT('',(-2.,-10.,244.));
#717 = VECTOR('',#718,1.);
#718 = DIRECTION('',(0.,0.,1.));
#719 = PCURVE('',#186,#720);
#720 = DEFINITIONAL_REPRESENTATION('',(#721),#725);
#721 = LINE('',#722,#723);
#722 = CARTESIAN_POINT('',(0.,0.));
#723 = VECTOR('',#724,1.);
#724 = DIRECTION('',(0.,-1.));
#725 = ( GEOMETRIC_REPRESENTATION_CONTEXT(2) 
PARAMETRIC_REPRESENTATION_CONTEXT() REPRESENTATION_CONTEXT('2D SPACE',''
  ) );
#726 = PCURVE('',#212,#727);
#727 = DEFINITIONAL_REPRESENTATION('',(#728),#732);
#728 = LINE('',#729,#730);
#729 = CARTESIAN_POINT('',(7.,0.));
#730 = VECTOR('',#731,1.);
#731 = DIRECTION('',(0.,-1.));
#732 = ( GEOMETRIC_REPRESENTATION_CONTEXT(2) 
PARAMETRIC_REPRESENTATION_CONTEXT() REPRESENTATION_CONTEXT('2D SPACE',''
  ) );
#733 = ORIENTED_EDGE('',*,*,#169,.F.);
#734 = ORIENTED_EDGE('',*,*,#735,.F.);
#735 = EDGE_CURVE('',#686,#170,#736,.T.);
#736 = SURFACE_CURVE('',#737,(#741,#748),.PCURVE_S1.);
#737 = LINE('',#738,#739);
#738 = CARTESIAN_POINT('',(2.,-10.,244.));
#739 = VECTOR('',#740,1.);
#740 = DIRECTION('',(0.,0.,1.));
#741 = PCURVE('',#186,#742);
#742 = DEFINITIONAL_REPRESENTATION('',(#743),#747);
#743 = LINE('',#744,#745);
#744 = CARTESIAN_POINT('',(4.,0.));
#745 = VECTOR('',#746,1.);
#746 = DIRECTION('',(0.,-1.));
#747 = ( GEOMETRIC_REPRESENTATION_CONTEXT(2) 
PARAMETRIC_REPRESENTATION_CONTEXT() REPRESENTATION_CONTEXT('2D SPACE',''
  ) );
#748 = PCURVE('',#262,#749);
#749 = DEFINITIONAL_REPRESENTATION('',(#750),#754);
#750 = LINE('',#751,#752);
#751 = CARTESIAN_POINT('',(0.,0.));
#752 = VECTOR('',#753,1.);
#753 = DIRECTION('',(0.,-1.));
#754 = ( GEOMETRIC_REPRESENTATION_CONTEXT(2) 
PARAMETRIC_REPRESENTATION_CONTEXT() REPRESENTATION_CONTEXT('2D SPACE',''
  ) );
#755 = ADVANCED_FACE('',(#756),#262,.T.);
#756 = FACE_BOUND('',#757,.T.);
#757 = EDGE_LOOP('',(#758,#781,#782,#783,#806));
#758 = ORIENTED_EDGE('',*,*,#759,.F.);
#759 = EDGE_CURVE('',#686,#760,#762,.T.);
#760 = VERTEX_POINT('',#761);
#761 = CARTESIAN_POINT('',(2.,-3.464101615138,244.));
#762 = SURFACE_CURVE('',#763,(#767,#774),.PCURVE_S1.);
#763 = LINE('',#764,#765);
#764 = CARTESIAN_POINT('',(2.,-10.,244.));
#765 = VECTOR('',#766,1.);
#766 = DIRECTION('',(2.22044604925E-16,1.,0.));
#767 = PCURVE('',#262,#768);
#768 = DEFINITIONAL_REPRESENTATION('',(#769),#773);
#769 = LINE('',#770,#771);
#770 = CARTESIAN_POINT('',(0.,0.));
#771 = VECTOR('',#772,1.);
#772 = DIRECTION('',(1.,0.));
#773 = ( GEOMETRIC_REPRESENTATION_CONTEXT(2) 
PARAMETRIC_REPRESENTATION_CONTEXT() REPRESENTATION_CONTEXT('2D SPACE',''
  ) );
#774 = PCURVE('',#701,#775);
#775 = DEFINITIONAL_REPRESENTATION('',(#776),#780);
#776 = LINE('',#777,#778);
#777 = CARTESIAN_POINT('',(2.,-10.));
#778 = VECTOR('',#779,1.);
#779 = DIRECTION('',(2.22044604925E-16,1.));
#780 = ( GEOMETRIC_REPRESENTATION_CONTEXT(2) 
PARAMETRIC_REPRESENTATION_CONTEXT() REPRESENTATION_CONTEXT('2D SPACE',''
  ) );
#781 = ORIENTED_EDGE('',*,*,#735,.T.);
#782 = ORIENTED_EDGE('',*,*,#249,.F.);
#783 = ORIENTED_EDGE('',*,*,#784,.F.);
#784 = EDGE_CURVE('',#785,#224,#787,.T.);
#785 = VERTEX_POINT('',#786);
#786 = CARTESIAN_POINT('',(2.,-3.,244.));
#787 = SURFACE_CURVE('',#788,(#792,#799),.PCURVE_S1.);
#788 = LINE('',#789,#790);
#789 = CARTESIAN_POINT('',(2.,-3.,244.));
#790 = VECTOR('',#791,1.);
#791 = DIRECTION('',(0.,0.,1.));
#792 = PCURVE('',#262,#793);
#793 = DEFINITIONAL_REPRESENTATION('',(#794),#798);
#794 = LINE('',#795,#796);
#795 = CARTESIAN_POINT('',(7.,0.));
#796 = VECTOR('',#797,1.);
#797 = DIRECTION('',(0.,-1.));
#798 = ( GEOMETRIC_REPRESENTATION_CONTEXT(2) 
PARAMETRIC_REPRESENTATION_CONTEXT() REPRESENTATION_CONTEXT('2D SPACE',''
  ) );
#799 = PCURVE('',#238,#800);
#800 = DEFINITIONAL_REPRESENTATION('',(#801),#805);
#801 = LINE('',#802,#803);
#802 = CARTESIAN_POINT('',(0.,0.));
#803 = VECTOR('',#804,1.);
#804 = DIRECTION('',(0.,-1.));
#805 = ( GEOMETRIC_REPRESENTATION_CONTEXT(2) 
PARAMETRIC_REPRESENTATION_CONTEXT() REPRESENTATION_CONTEXT('2D SPACE',''
  ) );
#806 = ORIENTED_EDGE('',*,*,#807,.F.);
#807 = EDGE_CURVE('',#760,#785,#808,.T.);
#808 = SURFACE_CURVE('',#809,(#813,#820),.PCURVE_S1.);
#809 = LINE('',#810,#811);
#810 = CARTESIAN_POINT('',(2.,-10.,244.));
#811 = VECTOR('',#812,1.);
#812 = DIRECTION('',(2.22044604925E-16,1.,0.));
#813 = PCURVE('',#262,#814);
#814 = DEFINITIONAL_REPRESENTATION('',(#815),#819);
#815 = LINE('',#816,#817);
#816 = CARTESIAN_POINT('',(0.,0.));
#817 = VECTOR('',#818,1.);
#818 = DIRECTION('',(1.,0.));
#819 = ( GEOMETRIC_REPRESENTATION_CONTEXT(2) 
PARAMETRIC_REPRESENTATION_CONTEXT() REPRESENTATION_CONTEXT('2D SPACE',''
  ) );
#820 = PCURVE('',#821,#826);
#821 = PLANE('',#822);
#822 = AXIS2_PLACEMENT_3D('',#823,#824,#825);
#823 = CARTESIAN_POINT('',(-1.443289932013E-15,-6.5,244.));
#824 = DIRECTION('',(0.,0.,1.));
#825 = DIRECTION('',(-2.22044604925E-16,-1.,0.));
#826 = DEFINITIONAL_REPRESENTATION('',(#827),#831);
#827 = LINE('',#828,#829);
#828 = CARTESIAN_POINT('',(3.5,2.));
#829 = VECTOR('',#830,1.);
#830 = DIRECTION('',(-1.,0.));
#831 = ( GEOMETRIC_REPRESENTATION_CONTEXT(2) 
PARAMETRIC_REPRESENTATION_CONTEXT() REPRESENTATION_CONTEXT('2D SPACE',''
  ) );
#832 = ADVANCED_FACE('',(#833),#238,.T.);
#833 = FACE_BOUND('',#834,.T.);
#834 = EDGE_LOOP('',(#835,#858,#859,#860));
#835 = ORIENTED_EDGE('',*,*,#836,.F.);
#836 = EDGE_CURVE('',#785,#837,#839,.T.);
#837 = VERTEX_POINT('',#838);
#838 = CARTESIAN_POINT('',(-2.,-3.,244.));
#839 = SURFACE_CURVE('',#840,(#844,#851),.PCURVE_S1.);
#840 = LINE('',#841,#842);
#841 = CARTESIAN_POINT('',(2.,-3.,244.));
#842 = VECTOR('',#843,1.);
#843 = DIRECTION('',(-1.,2.22044604925E-16,0.));
#844 = PCURVE('',#238,#845);
#845 = DEFINITIONAL_REPRESENTATION('',(#846),#850);
#846 = LINE('',#847,#848);
#847 = CARTESIAN_POINT('',(0.,0.));
#848 = VECTOR('',#849,1.);
#849 = DIRECTION('',(1.,0.));
#850 = ( GEOMETRIC_REPRESENTATION_CONTEXT(2) 
PARAMETRIC_REPRESENTATION_CONTEXT() REPRESENTATION_CONTEXT('2D SPACE',''
  ) );
#851 = PCURVE('',#821,#852);
#852 = DEFINITIONAL_REPRESENTATION('',(#853),#857);
#853 = LINE('',#854,#855);
#854 = CARTESIAN_POINT('',(-3.5,2.));
#855 = VECTOR('',#856,1.);
#856 = DIRECTION('',(0.,-1.));
#857 = ( GEOMETRIC_REPRESENTATION_CONTEXT(2) 
PARAMETRIC_REPRESENTATION_CONTEXT() REPRESENTATION_CONTEXT('2D SPACE',''
  ) );
#858 = ORIENTED_EDGE('',*,*,#784,.T.);
#859 = ORIENTED_EDGE('',*,*,#223,.F.);
#860 = ORIENTED_EDGE('',*,*,#861,.F.);
#861 = EDGE_CURVE('',#837,#198,#862,.T.);
#862 = SURFACE_CURVE('',#863,(#867,#874),.PCURVE_S1.);
#863 = LINE('',#864,#865);
#864 = CARTESIAN_POINT('',(-2.,-3.,244.));
#865 = VECTOR('',#866,1.);
#866 = DIRECTION('',(0.,0.,1.));
#867 = PCURVE('',#238,#868);
#868 = DEFINITIONAL_REPRESENTATION('',(#869),#873);
#869 = LINE('',#870,#871);
#870 = CARTESIAN_POINT('',(4.,0.));
#871 = VECTOR('',#872,1.);
#872 = DIRECTION('',(0.,-1.));
#873 = ( GEOMETRIC_REPRESENTATION_CONTEXT(2) 
PARAMETRIC_REPRESENTATION_CONTEXT() REPRESENTATION_CONTEXT('2D SPACE',''
  ) );
#874 = PCURVE('',#212,#875);
#875 = DEFINITIONAL_REPRESENTATION('',(#876),#880);
#876 = LINE('',#877,#878);
#877 = CARTESIAN_POINT('',(0.,0.));
#878 = VECTOR('',#879,1.);
#879 = DIRECTION('',(0.,-1.));
#880 = ( GEOMETRIC_REPRESENTATION_CONTEXT(2) 
PARAMETRIC_REPRESENTATION_CONTEXT() REPRESENTATION_CONTEXT('2D SPACE',''
  ) );
#881 = ADVANCED_FACE('',(#882),#212,.T.);
#882 = FACE_BOUND('',#883,.T.);
#883 = EDGE_LOOP('',(#884,#907,#908,#909,#910));
#884 = ORIENTED_EDGE('',*,*,#885,.F.);
#885 = EDGE_CURVE('',#837,#886,#888,.T.);
#886 = VERTEX_POINT('',#887);
#887 = CARTESIAN_POINT('',(-2.,-3.464101615138,244.));
#888 = SURFACE_CURVE('',#889,(#893,#900),.PCURVE_S1.);
#889 = LINE('',#890,#891);
#890 = CARTESIAN_POINT('',(-2.,-3.,244.));
#891 = VECTOR('',#892,1.);
#892 = DIRECTION('',(-2.22044604925E-16,-1.,0.));
#893 = PCURVE('',#212,#894);
#894 = DEFINITIONAL_REPRESENTATION('',(#895),#899);
#895 = LINE('',#896,#897);
#896 = CARTESIAN_POINT('',(0.,0.));
#897 = VECTOR('',#898,1.);
#898 = DIRECTION('',(1.,0.));
#899 = ( GEOMETRIC_REPRESENTATION_CONTEXT(2) 
PARAMETRIC_REPRESENTATION_CONTEXT() REPRESENTATION_CONTEXT('2D SPACE',''
  ) );
#900 = PCURVE('',#821,#901);
#901 = DEFINITIONAL_REPRESENTATION('',(#902),#906);
#902 = LINE('',#903,#904);
#903 = CARTESIAN_POINT('',(-3.5,-2.));
#904 = VECTOR('',#905,1.);
#905 = DIRECTION('',(1.,0.));
#906 = ( GEOMETRIC_REPRESENTATION_CONTEXT(2) 
PARAMETRIC_REPRESENTATION_CONTEXT() REPRESENTATION_CONTEXT('2D SPACE',''
  ) );
#907 = ORIENTED_EDGE('',*,*,#861,.T.);
#908 = ORIENTED_EDGE('',*,*,#197,.F.);
#909 = ORIENTED_EDGE('',*,*,#713,.F.);
#910 = ORIENTED_EDGE('',*,*,#911,.F.);
#911 = EDGE_CURVE('',#886,#684,#912,.T.);
#912 = SURFACE_CURVE('',#913,(#917,#924),.PCURVE_S1.);
#913 = LINE('',#914,#915);
#914 = CARTESIAN_POINT('',(-2.,-3.,244.));
#915 = VECTOR('',#916,1.);
#916 = DIRECTION('',(-2.22044604925E-16,-1.,0.));
#917 = PCURVE('',#212,#918);
#918 = DEFINITIONAL_REPRESENTATION('',(#919),#923);
#919 = LINE('',#920,#921);
#920 = CARTESIAN_POINT('',(0.,0.));
#921 = VECTOR('',#922,1.);
#922 = DIRECTION('',(1.,0.));
#923 = ( GEOMETRIC_REPRESENTATION_CONTEXT(2) 
PARAMETRIC_REPRESENTATION_CONTEXT() REPRESENTATION_CONTEXT('2D SPACE',''
  ) );
#924 = PCURVE('',#701,#925);
#925 = DEFINITIONAL_REPRESENTATION('',(#926),#930);
#926 = LINE('',#927,#928);
#927 = CARTESIAN_POINT('',(-2.,-3.));
#928 = VECTOR('',#929,1.);
#929 = DIRECTION('',(-2.22044604925E-16,-1.));
#930 = ( GEOMETRIC_REPRESENTATION_CONTEXT(2) 
PARAMETRIC_REPRESENTATION_CONTEXT() REPRESENTATION_CONTEXT('2D SPACE',''
  ) );
#931 = ADVANCED_FACE('',(#932),#292,.T.);
#932 = FACE_BOUND('',#933,.T.);
#933 = EDGE_LOOP('',(#934,#959,#980,#981));
#934 = ORIENTED_EDGE('',*,*,#935,.F.);
#935 = EDGE_CURVE('',#936,#938,#940,.T.);
#936 = VERTEX_POINT('',#937);
#937 = CARTESIAN_POINT('',(-10.,2.,244.));
#938 = VERTEX_POINT('',#939);
#939 = CARTESIAN_POINT('',(-10.,-2.,244.));
#940 = SURFACE_CURVE('',#941,(#945,#952),.PCURVE_S1.);
#941 = LINE('',#942,#943);
#942 = CARTESIAN_POINT('',(-10.,2.,244.));
#943 = VECTOR('',#944,1.);
#944 = DIRECTION('',(-1.224646799147E-16,-1.,0.));
#945 = PCURVE('',#292,#946);
#946 = DEFINITIONAL_REPRESENTATION('',(#947),#951);
#947 = LINE('',#948,#949);
#948 = CARTESIAN_POINT('',(0.,0.));
#949 = VECTOR('',#950,1.);
#950 = DIRECTION('',(1.,0.));
#951 = ( GEOMETRIC_REPRESENTATION_CONTEXT(2) 
PARAMETRIC_REPRESENTATION_CONTEXT() REPRESENTATION_CONTEXT('2D SPACE',''
  ) );
#952 = PCURVE('',#701,#953);
#953 = DEFINITIONAL_REPRESENTATION('',(#954),#958);
#954 = LINE('',#955,#956);
#955 = CARTESIAN_POINT('',(-10.,2.));
#956 = VECTOR('',#957,1.);
#957 = DIRECTION('',(-1.224646799147E-16,-1.));
#958 = ( GEOMETRIC_REPRESENTATION_CONTEXT(2) 
PARAMETRIC_REPRESENTATION_CONTEXT() REPRESENTATION_CONTEXT('2D SPACE',''
  ) );
#959 = ORIENTED_EDGE('',*,*,#960,.T.);
#960 = EDGE_CURVE('',#936,#278,#961,.T.);
#961 = SURFACE_CURVE('',#962,(#966,#973),.PCURVE_S1.);
#962 = LINE('',#963,#964);
#963 = CARTESIAN_POINT('',(-10.,2.,244.));
#964 = VECTOR('',#965,1.);
#965 = DIRECTION('',(0.,0.,1.));
#966 = PCURVE('',#292,#967);
#967 = DEFINITIONAL_REPRESENTATION('',(#968),#972);
#968 = LINE('',#969,#970);
#969 = CARTESIAN_POINT('',(0.,0.));
#970 = VECTOR('',#971,1.);
#971 = DIRECTION('',(0.,-1.));
#972 = ( GEOMETRIC_REPRESENTATION_CONTEXT(2) 
PARAMETRIC_REPRESENTATION_CONTEXT() REPRESENTATION_CONTEXT('2D SPACE',''
  ) );
#973 = PCURVE('',#318,#974);
#974 = DEFINITIONAL_REPRESENTATION('',(#975),#979);
#975 = LINE('',#976,#977);
#976 = CARTESIAN_POINT('',(7.,0.));
#977 = VECTOR('',#978,1.);
#978 = DIRECTION('',(0.,-1.));
#979 = ( GEOMETRIC_REPRESENTATION_CONTEXT(2) 
PARAMETRIC_REPRESENTATION_CONTEXT() REPRESENTATION_CONTEXT('2D SPACE',''
  ) );
#980 = ORIENTED_EDGE('',*,*,#275,.F.);
#981 = ORIENTED_EDGE('',*,*,#982,.F.);
#982 = EDGE_CURVE('',#938,#276,#983,.T.);
#983 = SURFACE_CURVE('',#984,(#988,#995),.PCURVE_S1.);
#984 = LINE('',#985,#986);
#985 = CARTESIAN_POINT('',(-10.,-2.,244.));
#986 = VECTOR('',#987,1.);
#987 = DIRECTION('',(0.,0.,1.));
#988 = PCURVE('',#292,#989);
#989 = DEFINITIONAL_REPRESENTATION('',(#990),#994);
#990 = LINE('',#991,#992);
#991 = CARTESIAN_POINT('',(4.,-0.));
#992 = VECTOR('',#993,1.);
#993 = DIRECTION('',(0.,-1.));
#994 = ( GEOMETRIC_REPRESENTATION_CONTEXT(2) 
PARAMETRIC_REPRESENTATION_CONTEXT() REPRESENTATION_CONTEXT('2D SPACE',''
  ) );
#995 = PCURVE('',#368,#996);
#996 = DEFINITIONAL_REPRESENTATION('',(#997),#1001);
#997 = LINE('',#998,#999);
#998 = CARTESIAN_POINT('',(0.,0.));
#999 = VECTOR('',#1000,1.);
#1000 = DIRECTION('',(0.,-1.));
#1001 = ( GEOMETRIC_REPRESENTATION_CONTEXT(2) 
PARAMETRIC_REPRESENTATION_CONTEXT() REPRESENTATION_CONTEXT('2D SPACE',''
  ) );
#1002 = ADVANCED_FACE('',(#1003),#368,.T.);
#1003 = FACE_BOUND('',#1004,.T.);
#1004 = EDGE_LOOP('',(#1005,#1028,#1029,#1030,#1053));
#1005 = ORIENTED_EDGE('',*,*,#1006,.F.);
#1006 = EDGE_CURVE('',#938,#1007,#1009,.T.);
#1007 = VERTEX_POINT('',#1008);
#1008 = CARTESIAN_POINT('',(-3.464101615138,-2.,244.));
#1009 = SURFACE_CURVE('',#1010,(#1014,#1021),.PCURVE_S1.);
#1010 = LINE('',#1011,#1012);
#1011 = CARTESIAN_POINT('',(-10.,-2.,244.));
#1012 = VECTOR('',#1013,1.);
#1013 = DIRECTION('',(1.,-1.224646799147E-16,0.));
#1014 = PCURVE('',#368,#1015);
#1015 = DEFINITIONAL_REPRESENTATION('',(#1016),#1020);
#1016 = LINE('',#1017,#1018);
#1017 = CARTESIAN_POINT('',(0.,0.));
#1018 = VECTOR('',#1019,1.);
#1019 = DIRECTION('',(1.,0.));
#1020 = ( GEOMETRIC_REPRESENTATION_CONTEXT(2) 
PARAMETRIC_REPRESENTATION_CONTEXT() REPRESENTATION_CONTEXT('2D SPACE',''
  ) );
#1021 = PCURVE('',#701,#1022);
#1022 = DEFINITIONAL_REPRESENTATION('',(#1023),#1027);
#1023 = LINE('',#1024,#1025);
#1024 = CARTESIAN_POINT('',(-10.,-2.));
#1025 = VECTOR('',#1026,1.);
#1026 = DIRECTION('',(1.,-1.224646799147E-16));
#1027 = ( GEOMETRIC_REPRESENTATION_CONTEXT(2) 
PARAMETRIC_REPRESENTATION_CONTEXT() REPRESENTATION_CONTEXT('2D SPACE',''
  ) );
#1028 = ORIENTED_EDGE('',*,*,#982,.T.);
#1029 = ORIENTED_EDGE('',*,*,#355,.F.);
#1030 = ORIENTED_EDGE('',*,*,#1031,.F.);
#1031 = EDGE_CURVE('',#1032,#330,#1034,.T.);
#1032 = VERTEX_POINT('',#1033);
#1033 = CARTESIAN_POINT('',(-3.,-2.,244.));
#1034 = SURFACE_CURVE('',#1035,(#1039,#1046),.PCURVE_S1.);
#1035 = LINE('',#1036,#1037);
#1036 = CARTESIAN_POINT('',(-3.,-2.,244.));
#1037 = VECTOR('',#1038,1.);
#1038 = DIRECTION('',(0.,0.,1.));
#1039 = PCURVE('',#368,#1040);
#1040 = DEFINITIONAL_REPRESENTATION('',(#1041),#1045);
#1041 = LINE('',#1042,#1043);
#1042 = CARTESIAN_POINT('',(7.,0.));
#1043 = VECTOR('',#1044,1.);
#1044 = DIRECTION('',(0.,-1.));
#1045 = ( GEOMETRIC_REPRESENTATION_CONTEXT(2) 
PARAMETRIC_REPRESENTATION_CONTEXT() REPRESENTATION_CONTEXT('2D SPACE',''
  ) );
#1046 = PCURVE('',#344,#1047);
#1047 = DEFINITIONAL_REPRESENTATION('',(#1048),#1052);
#1048 = LINE('',#1049,#1050);
#1049 = CARTESIAN_POINT('',(0.,0.));
#1050 = VECTOR('',#1051,1.);
#1051 = DIRECTION('',(0.,-1.));
#1052 = ( GEOMETRIC_REPRESENTATION_CONTEXT(2) 
PARAMETRIC_REPRESENTATION_CONTEXT() REPRESENTATION_CONTEXT('2D SPACE',''
  ) );
#1053 = ORIENTED_EDGE('',*,*,#1054,.F.);
#1054 = EDGE_CURVE('',#1007,#1032,#1055,.T.);
#1055 = SURFACE_CURVE('',#1056,(#1060,#1067),.PCURVE_S1.);
#1056 = LINE('',#1057,#1058);
#1057 = CARTESIAN_POINT('',(-10.,-2.,244.));
#1058 = VECTOR('',#1059,1.);
#1059 = DIRECTION('',(1.,-1.224646799147E-16,0.));
#1060 = PCURVE('',#368,#1061);
#1061 = DEFINITIONAL_REPRESENTATION('',(#1062),#1066);
#1062 = LINE('',#1063,#1064);
#1063 = CARTESIAN_POINT('',(0.,0.));
#1064 = VECTOR('',#1065,1.);
#1065 = DIRECTION('',(1.,0.));
#1066 = ( GEOMETRIC_REPRESENTATION_CONTEXT(2) 
PARAMETRIC_REPRESENTATION_CONTEXT() REPRESENTATION_CONTEXT('2D SPACE',''
  ) );
#1067 = PCURVE('',#1068,#1073);
#1068 = PLANE('',#1069);
#1069 = AXIS2_PLACEMENT_3D('',#1070,#1071,#1072);
#1070 = CARTESIAN_POINT('',(-6.5,7.960204194458E-16,244.));
#1071 = DIRECTION('',(0.,0.,1.));
#1072 = DIRECTION('',(-1.,1.224646799147E-16,0.));
#1073 = DEFINITIONAL_REPRESENTATION('',(#1074),#1078);
#1074 = LINE('',#1075,#1076);
#1075 = CARTESIAN_POINT('',(3.5,2.));
#1076 = VECTOR('',#1077,1.);
#1077 = DIRECTION('',(-1.,0.));
#1078 = ( GEOMETRIC_REPRESENTATION_CONTEXT(2) 
PARAMETRIC_REPRESENTATION_CONTEXT() REPRESENTATION_CONTEXT('2D SPACE',''
  ) );
#1079 = ADVANCED_FACE('',(#1080),#318,.T.);
#1080 = FACE_BOUND('',#1081,.T.);
#1081 = EDGE_LOOP('',(#1082,#1107,#1128,#1129,#1130));
#1082 = ORIENTED_EDGE('',*,*,#1083,.F.);
#1083 = EDGE_CURVE('',#1084,#1086,#1088,.T.);
#1084 = VERTEX_POINT('',#1085);
#1085 = CARTESIAN_POINT('',(-3.,2.,244.));
#1086 = VERTEX_POINT('',#1087);
#1087 = CARTESIAN_POINT('',(-3.464101615138,2.,244.));
#1088 = SURFACE_CURVE('',#1089,(#1093,#1100),.PCURVE_S1.);
#1089 = LINE('',#1090,#1091);
#1090 = CARTESIAN_POINT('',(-3.,2.,244.));
#1091 = VECTOR('',#1092,1.);
#1092 = DIRECTION('',(-1.,1.224646799147E-16,0.));
#1093 = PCURVE('',#318,#1094);
#1094 = DEFINITIONAL_REPRESENTATION('',(#1095),#1099);
#1095 = LINE('',#1096,#1097);
#1096 = CARTESIAN_POINT('',(0.,0.));
#1097 = VECTOR('',#1098,1.);
#1098 = DIRECTION('',(1.,0.));
#1099 = ( GEOMETRIC_REPRESENTATION_CONTEXT(2) 
PARAMETRIC_REPRESENTATION_CONTEXT() REPRESENTATION_CONTEXT('2D SPACE',''
  ) );
#1100 = PCURVE('',#1068,#1101);
#1101 = DEFINITIONAL_REPRESENTATION('',(#1102),#1106);
#1102 = LINE('',#1103,#1104);
#1103 = CARTESIAN_POINT('',(-3.5,-2.));
#1104 = VECTOR('',#1105,1.);
#1105 = DIRECTION('',(1.,0.));
#1106 = ( GEOMETRIC_REPRESENTATION_CONTEXT(2) 
PARAMETRIC_REPRESENTATION_CONTEXT() REPRESENTATION_CONTEXT('2D SPACE',''
  ) );
#1107 = ORIENTED_EDGE('',*,*,#1108,.T.);
#1108 = EDGE_CURVE('',#1084,#304,#1109,.T.);
#1109 = SURFACE_CURVE('',#1110,(#1114,#1121),.PCURVE_S1.);
#1110 = LINE('',#1111,#1112);
#1111 = CARTESIAN_POINT('',(-3.,2.,244.));
#1112 = VECTOR('',#1113,1.);
#1113 = DIRECTION('',(0.,0.,1.));
#1114 = PCURVE('',#318,#1115);
#1115 = DEFINITIONAL_REPRESENTATION('',(#1116),#1120);
#1116 = LINE('',#1117,#1118);
#1117 = CARTESIAN_POINT('',(0.,0.));
#1118 = VECTOR('',#1119,1.);
#1119 = DIRECTION('',(0.,-1.));
#1120 = ( GEOMETRIC_REPRESENTATION_CONTEXT(2) 
PARAMETRIC_REPRESENTATION_CONTEXT() REPRESENTATION_CONTEXT('2D SPACE',''
  ) );
#1121 = PCURVE('',#344,#1122);
#1122 = DEFINITIONAL_REPRESENTATION('',(#1123),#1127);
#1123 = LINE('',#1124,#1125);
#1124 = CARTESIAN_POINT('',(4.,0.));
#1125 = VECTOR('',#1126,1.);
#1126 = DIRECTION('',(0.,-1.));
#1127 = ( GEOMETRIC_REPRESENTATION_CONTEXT(2) 
PARAMETRIC_REPRESENTATION_CONTEXT() REPRESENTATION_CONTEXT('2D SPACE',''
  ) );
#1128 = ORIENTED_EDGE('',*,*,#303,.F.);
#1129 = ORIENTED_EDGE('',*,*,#960,.F.);
#1130 = ORIENTED_EDGE('',*,*,#1131,.F.);
#1131 = EDGE_CURVE('',#1086,#936,#1132,.T.);
#1132 = SURFACE_CURVE('',#1133,(#1137,#1144),.PCURVE_S1.);
#1133 = LINE('',#1134,#1135);
#1134 = CARTESIAN_POINT('',(-3.,2.,244.));
#1135 = VECTOR('',#1136,1.);
#1136 = DIRECTION('',(-1.,1.224646799147E-16,0.));
#1137 = PCURVE('',#318,#1138);
#1138 = DEFINITIONAL_REPRESENTATION('',(#1139),#1143);
#1139 = LINE('',#1140,#1141);
#1140 = CARTESIAN_POINT('',(0.,0.));
#1141 = VECTOR('',#1142,1.);
#1142 = DIRECTION('',(1.,0.));
#1143 = ( GEOMETRIC_REPRESENTATION_CONTEXT(2) 
PARAMETRIC_REPRESENTATION_CONTEXT() REPRESENTATION_CONTEXT('2D SPACE',''
  ) );
#1144 = PCURVE('',#701,#1145);
#1145 = DEFINITIONAL_REPRESENTATION('',(#1146),#1150);
#1146 = LINE('',#1147,#1148);
#1147 = CARTESIAN_POINT('',(-3.,2.));
#1148 = VECTOR('',#1149,1.);
#1149 = DIRECTION('',(-1.,1.224646799147E-16));
#1150 = ( GEOMETRIC_REPRESENTATION_CONTEXT(2) 
PARAMETRIC_REPRESENTATION_CONTEXT() REPRESENTATION_CONTEXT('2D SPACE',''
  ) );
#1151 = ADVANCED_FACE('',(#1152),#344,.T.);
#1152 = FACE_BOUND('',#1153,.T.);
#1153 = EDGE_LOOP('',(#1154,#1175,#1176,#1177));
#1154 = ORIENTED_EDGE('',*,*,#1155,.F.);
#1155 = EDGE_CURVE('',#1032,#1084,#1156,.T.);
#1156 = SURFACE_CURVE('',#1157,(#1161,#1168),.PCURVE_S1.);
#1157 = LINE('',#1158,#1159);
#1158 = CARTESIAN_POINT('',(-3.,-2.,244.));
#1159 = VECTOR('',#1160,1.);
#1160 = DIRECTION('',(1.224646799147E-16,1.,0.));
#1161 = PCURVE('',#344,#1162);
#1162 = DEFINITIONAL_REPRESENTATION('',(#1163),#1167);
#1163 = LINE('',#1164,#1165);
#1164 = CARTESIAN_POINT('',(0.,0.));
#1165 = VECTOR('',#1166,1.);
#1166 = DIRECTION('',(1.,0.));
#1167 = ( GEOMETRIC_REPRESENTATION_CONTEXT(2) 
PARAMETRIC_REPRESENTATION_CONTEXT() REPRESENTATION_CONTEXT('2D SPACE',''
  ) );
#1168 = PCURVE('',#1068,#1169);
#1169 = DEFINITIONAL_REPRESENTATION('',(#1170),#1174);
#1170 = LINE('',#1171,#1172);
#1171 = CARTESIAN_POINT('',(-3.5,2.));
#1172 = VECTOR('',#1173,1.);
#1173 = DIRECTION('',(0.,-1.));
#1174 = ( GEOMETRIC_REPRESENTATION_CONTEXT(2) 
PARAMETRIC_REPRESENTATION_CONTEXT() REPRESENTATION_CONTEXT('2D SPACE',''
  ) );
#1175 = ORIENTED_EDGE('',*,*,#1031,.T.);
#1176 = ORIENTED_EDGE('',*,*,#329,.F.);
#1177 = ORIENTED_EDGE('',*,*,#1108,.F.);
#1178 = ADVANCED_FACE('',(#1179),#402,.F.);
#1179 = FACE_BOUND('',#1180,.T.);
#1180 = EDGE_LOOP('',(#1181,#1210,#1231,#1232));
#1181 = ORIENTED_EDGE('',*,*,#1182,.F.);
#1182 = EDGE_CURVE('',#1183,#1183,#1185,.T.);
#1183 = VERTEX_POINT('',#1184);
#1184 = CARTESIAN_POINT('',(1.25,0.,238.));
#1185 = SURFACE_CURVE('',#1186,(#1191,#1198),.PCURVE_S1.);
#1186 = CIRCLE('',#1187,1.25);
#1187 = AXIS2_PLACEMENT_3D('',#1188,#1189,#1190);
#1188 = CARTESIAN_POINT('',(0.,0.,238.));
#1189 = DIRECTION('',(0.,0.,1.));
#1190 = DIRECTION('',(1.,0.,0.));
#1191 = PCURVE('',#402,#1192);
#1192 = DEFINITIONAL_REPRESENTATION('',(#1193),#1197);
#1193 = LINE('',#1194,#1195);
#1194 = CARTESIAN_POINT('',(-0.,0.));
#1195 = VECTOR('',#1196,1.);
#1196 = DIRECTION('',(-1.,0.));
#1197 = ( GEOMETRIC_REPRESENTATION_CONTEXT(2) 
PARAMETRIC_REPRESENTATION_CONTEXT() REPRESENTATION_CONTEXT('2D SPACE',''
  ) );
#1198 = PCURVE('',#1199,#1204);
#1199 = PLANE('',#1200);
#1200 = AXIS2_PLACEMENT_3D('',#1201,#1202,#1203);
#1201 = CARTESIAN_POINT('',(-6.837200662697E-17,8.571706328947E-17,238.)
  );
#1202 = DIRECTION('',(0.,0.,1.));
#1203 = DIRECTION('',(1.,0.,-0.));
#1204 = DEFINITIONAL_REPRESENTATION('',(#1205),#1209);
#1205 = CIRCLE('',#1206,1.25);
#1206 = AXIS2_PLACEMENT_2D('',#1207,#1208);
#1207 = CARTESIAN_POINT('',(6.837200662697E-17,-8.571706328947E-17));
#1208 = DIRECTION('',(1.,0.));
#1209 = ( GEOMETRIC_REPRESENTATION_CONTEXT(2) 
PARAMETRIC_REPRESENTATION_CONTEXT() REPRESENTATION_CONTEXT('2D SPACE',''
  ) );
#1210 = ORIENTED_EDGE('',*,*,#1211,.T.);
#1211 = EDGE_CURVE('',#1183,#382,#1212,.T.);
#1212 = SEAM_CURVE('',#1213,(#1217,#1224),.PCURVE_S1.);
#1213 = LINE('',#1214,#1215);
#1214 = CARTESIAN_POINT('',(1.25,0.,238.));
#1215 = VECTOR('',#1216,1.);
#1216 = DIRECTION('',(0.,0.,1.));
#1217 = PCURVE('',#402,#1218);
#1218 = DEFINITIONAL_REPRESENTATION('',(#1219),#1223);
#1219 = LINE('',#1220,#1221);
#1220 = CARTESIAN_POINT('',(-6.28318530718,0.));
#1221 = VECTOR('',#1222,1.);
#1222 = DIRECTION('',(-0.,-1.));
#1223 = ( GEOMETRIC_REPRESENTATION_CONTEXT(2) 
PARAMETRIC_REPRESENTATION_CONTEXT() REPRESENTATION_CONTEXT('2D SPACE',''
  ) );
#1224 = PCURVE('',#402,#1225);
#1225 = DEFINITIONAL_REPRESENTATION('',(#1226),#1230);
#1226 = LINE('',#1227,#1228);
#1227 = CARTESIAN_POINT('',(-0.,0.));
#1228 = VECTOR('',#1229,1.);
#1229 = DIRECTION('',(-0.,-1.));
#1230 = ( GEOMETRIC_REPRESENTATION_CONTEXT(2) 
PARAMETRIC_REPRESENTATION_CONTEXT() REPRESENTATION_CONTEXT('2D SPACE',''
  ) );
#1231 = ORIENTED_EDGE('',*,*,#381,.F.);
#1232 = ORIENTED_EDGE('',*,*,#1211,.F.);
#1233 = ADVANCED_FACE('',(#1234),#433,.T.);
#1234 = FACE_BOUND('',#1235,.T.);
#1235 = EDGE_LOOP('',(#1236,#1261,#1282,#1283));
#1236 = ORIENTED_EDGE('',*,*,#1237,.F.);
#1237 = EDGE_CURVE('',#1238,#1240,#1242,.T.);
#1238 = VERTEX_POINT('',#1239);
#1239 = CARTESIAN_POINT('',(10.,-2.,244.));
#1240 = VERTEX_POINT('',#1241);
#1241 = CARTESIAN_POINT('',(10.,2.,244.));
#1242 = SURFACE_CURVE('',#1243,(#1247,#1254),.PCURVE_S1.);
#1243 = LINE('',#1244,#1245);
#1244 = CARTESIAN_POINT('',(10.,-2.,244.));
#1245 = VECTOR('',#1246,1.);
#1246 = DIRECTION('',(0.,1.,0.));
#1247 = PCURVE('',#433,#1248);
#1248 = DEFINITIONAL_REPRESENTATION('',(#1249),#1253);
#1249 = LINE('',#1250,#1251);
#1250 = CARTESIAN_POINT('',(0.,0.));
#1251 = VECTOR('',#1252,1.);
#1252 = DIRECTION('',(1.,0.));
#1253 = ( GEOMETRIC_REPRESENTATION_CONTEXT(2) 
PARAMETRIC_REPRESENTATION_CONTEXT() REPRESENTATION_CONTEXT('2D SPACE',''
  ) );
#1254 = PCURVE('',#701,#1255);
#1255 = DEFINITIONAL_REPRESENTATION('',(#1256),#1260);
#1256 = LINE('',#1257,#1258);
#1257 = CARTESIAN_POINT('',(10.,-2.));
#1258 = VECTOR('',#1259,1.);
#1259 = DIRECTION('',(0.,1.));
#1260 = ( GEOMETRIC_REPRESENTATION_CONTEXT(2) 
PARAMETRIC_REPRESENTATION_CONTEXT() REPRESENTATION_CONTEXT('2D SPACE',''
  ) );
#1261 = ORIENTED_EDGE('',*,*,#1262,.T.);
#1262 = EDGE_CURVE('',#1238,#419,#1263,.T.);
#1263 = SURFACE_CURVE('',#1264,(#1268,#1275),.PCURVE_S1.);
#1264 = LINE('',#1265,#1266);
#1265 = CARTESIAN_POINT('',(10.,-2.,244.));
#1266 = VECTOR('',#1267,1.);
#1267 = DIRECTION('',(0.,0.,1.));
#1268 = PCURVE('',#433,#1269);
#1269 = DEFINITIONAL_REPRESENTATION('',(#1270),#1274);
#1270 = LINE('',#1271,#1272);
#1271 = CARTESIAN_POINT('',(0.,0.));
#1272 = VECTOR('',#1273,1.);
#1273 = DIRECTION('',(0.,-1.));
#1274 = ( GEOMETRIC_REPRESENTATION_CONTEXT(2) 
PARAMETRIC_REPRESENTATION_CONTEXT() REPRESENTATION_CONTEXT('2D SPACE',''
  ) );
#1275 = PCURVE('',#459,#1276);
#1276 = DEFINITIONAL_REPRESENTATION('',(#1277),#1281);
#1277 = LINE('',#1278,#1279);
#1278 = CARTESIAN_POINT('',(7.,0.));
#1279 = VECTOR('',#1280,1.);
#1280 = DIRECTION('',(0.,-1.));
#1281 = ( GEOMETRIC_REPRESENTATION_CONTEXT(2) 
PARAMETRIC_REPRESENTATION_CONTEXT() REPRESENTATION_CONTEXT('2D SPACE',''
  ) );
#1282 = ORIENTED_EDGE('',*,*,#416,.F.);
#1283 = ORIENTED_EDGE('',*,*,#1284,.F.);
#1284 = EDGE_CURVE('',#1240,#417,#1285,.T.);
#1285 = SURFACE_CURVE('',#1286,(#1290,#1297),.PCURVE_S1.);
#1286 = LINE('',#1287,#1288);
#1287 = CARTESIAN_POINT('',(10.,2.,244.));
#1288 = VECTOR('',#1289,1.);
#1289 = DIRECTION('',(0.,0.,1.));
#1290 = PCURVE('',#433,#1291);
#1291 = DEFINITIONAL_REPRESENTATION('',(#1292),#1296);
#1292 = LINE('',#1293,#1294);
#1293 = CARTESIAN_POINT('',(4.,0.));
#1294 = VECTOR('',#1295,1.);
#1295 = DIRECTION('',(0.,-1.));
#1296 = ( GEOMETRIC_REPRESENTATION_CONTEXT(2) 
PARAMETRIC_REPRESENTATION_CONTEXT() REPRESENTATION_CONTEXT('2D SPACE',''
  ) );
#1297 = PCURVE('',#509,#1298);
#1298 = DEFINITIONAL_REPRESENTATION('',(#1299),#1303);
#1299 = LINE('',#1300,#1301);
#1300 = CARTESIAN_POINT('',(0.,-0.));
#1301 = VECTOR('',#1302,1.);
#1302 = DIRECTION('',(0.,-1.));
#1303 = ( GEOMETRIC_REPRESENTATION_CONTEXT(2) 
PARAMETRIC_REPRESENTATION_CONTEXT() REPRESENTATION_CONTEXT('2D SPACE',''
  ) );
#1304 = ADVANCED_FACE('',(#1305),#509,.T.);
#1305 = FACE_BOUND('',#1306,.T.);
#1306 = EDGE_LOOP('',(#1307,#1330,#1331,#1332,#1355));
#1307 = ORIENTED_EDGE('',*,*,#1308,.F.);
#1308 = EDGE_CURVE('',#1240,#1309,#1311,.T.);
#1309 = VERTEX_POINT('',#1310);
#1310 = CARTESIAN_POINT('',(3.464101615138,2.,244.));
#1311 = SURFACE_CURVE('',#1312,(#1316,#1323),.PCURVE_S1.);
#1312 = LINE('',#1313,#1314);
#1313 = CARTESIAN_POINT('',(10.,2.,244.));
#1314 = VECTOR('',#1315,1.);
#1315 = DIRECTION('',(-1.,0.,0.));
#1316 = PCURVE('',#509,#1317);
#1317 = DEFINITIONAL_REPRESENTATION('',(#1318),#1322);
#1318 = LINE('',#1319,#1320);
#1319 = CARTESIAN_POINT('',(0.,-0.));
#1320 = VECTOR('',#1321,1.);
#1321 = DIRECTION('',(1.,0.));
#1322 = ( GEOMETRIC_REPRESENTATION_CONTEXT(2) 
PARAMETRIC_REPRESENTATION_CONTEXT() REPRESENTATION_CONTEXT('2D SPACE',''
  ) );
#1323 = PCURVE('',#701,#1324);
#1324 = DEFINITIONAL_REPRESENTATION('',(#1325),#1329);
#1325 = LINE('',#1326,#1327);
#1326 = CARTESIAN_POINT('',(10.,2.));
#1327 = VECTOR('',#1328,1.);
#1328 = DIRECTION('',(-1.,0.));
#1329 = ( GEOMETRIC_REPRESENTATION_CONTEXT(2) 
PARAMETRIC_REPRESENTATION_CONTEXT() REPRESENTATION_CONTEXT('2D SPACE',''
  ) );
#1330 = ORIENTED_EDGE('',*,*,#1284,.T.);
#1331 = ORIENTED_EDGE('',*,*,#496,.F.);
#1332 = ORIENTED_EDGE('',*,*,#1333,.F.);
#1333 = EDGE_CURVE('',#1334,#471,#1336,.T.);
#1334 = VERTEX_POINT('',#1335);
#1335 = CARTESIAN_POINT('',(3.,2.,244.));
#1336 = SURFACE_CURVE('',#1337,(#1341,#1348),.PCURVE_S1.);
#1337 = LINE('',#1338,#1339);
#1338 = CARTESIAN_POINT('',(3.,2.,244.));
#1339 = VECTOR('',#1340,1.);
#1340 = DIRECTION('',(0.,0.,1.));
#1341 = PCURVE('',#509,#1342);
#1342 = DEFINITIONAL_REPRESENTATION('',(#1343),#1347);
#1343 = LINE('',#1344,#1345);
#1344 = CARTESIAN_POINT('',(7.,0.));
#1345 = VECTOR('',#1346,1.);
#1346 = DIRECTION('',(0.,-1.));
#1347 = ( GEOMETRIC_REPRESENTATION_CONTEXT(2) 
PARAMETRIC_REPRESENTATION_CONTEXT() REPRESENTATION_CONTEXT('2D SPACE',''
  ) );
#1348 = PCURVE('',#485,#1349);
#1349 = DEFINITIONAL_REPRESENTATION('',(#1350),#1354);
#1350 = LINE('',#1351,#1352);
#1351 = CARTESIAN_POINT('',(0.,0.));
#1352 = VECTOR('',#1353,1.);
#1353 = DIRECTION('',(0.,-1.));
#1354 = ( GEOMETRIC_REPRESENTATION_CONTEXT(2) 
PARAMETRIC_REPRESENTATION_CONTEXT() REPRESENTATION_CONTEXT('2D SPACE',''
  ) );
#1355 = ORIENTED_EDGE('',*,*,#1356,.F.);
#1356 = EDGE_CURVE('',#1309,#1334,#1357,.T.);
#1357 = SURFACE_CURVE('',#1358,(#1362,#1369),.PCURVE_S1.);
#1358 = LINE('',#1359,#1360);
#1359 = CARTESIAN_POINT('',(10.,2.,244.));
#1360 = VECTOR('',#1361,1.);
#1361 = DIRECTION('',(-1.,0.,0.));
#1362 = PCURVE('',#509,#1363);
#1363 = DEFINITIONAL_REPRESENTATION('',(#1364),#1368);
#1364 = LINE('',#1365,#1366);
#1365 = CARTESIAN_POINT('',(0.,-0.));
#1366 = VECTOR('',#1367,1.);
#1367 = DIRECTION('',(1.,0.));
#1368 = ( GEOMETRIC_REPRESENTATION_CONTEXT(2) 
PARAMETRIC_REPRESENTATION_CONTEXT() REPRESENTATION_CONTEXT('2D SPACE',''
  ) );
#1369 = PCURVE('',#1370,#1375);
#1370 = PLANE('',#1371);
#1371 = AXIS2_PLACEMENT_3D('',#1372,#1373,#1374);
#1372 = CARTESIAN_POINT('',(6.5,0.,244.));
#1373 = DIRECTION('',(0.,0.,1.));
#1374 = DIRECTION('',(1.,0.,0.));
#1375 = DEFINITIONAL_REPRESENTATION('',(#1376),#1380);
#1376 = LINE('',#1377,#1378);
#1377 = CARTESIAN_POINT('',(3.5,2.));
#1378 = VECTOR('',#1379,1.);
#1379 = DIRECTION('',(-1.,0.));
#1380 = ( GEOMETRIC_REPRESENTATION_CONTEXT(2) 
PARAMETRIC_REPRESENTATION_CONTEXT() REPRESENTATION_CONTEXT('2D SPACE',''
  ) );
#1381 = ADVANCED_FACE('',(#1382),#459,.T.);
#1382 = FACE_BOUND('',#1383,.T.);
#1383 = EDGE_LOOP('',(#1384,#1409,#1430,#1431,#1432));
#1384 = ORIENTED_EDGE('',*,*,#1385,.F.);
#1385 = EDGE_CURVE('',#1386,#1388,#1390,.T.);
#1386 = VERTEX_POINT('',#1387);
#1387 = CARTESIAN_POINT('',(3.,-2.,244.));
#1388 = VERTEX_POINT('',#1389);
#1389 = CARTESIAN_POINT('',(3.464101615138,-2.,244.));
#1390 = SURFACE_CURVE('',#1391,(#1395,#1402),.PCURVE_S1.);
#1391 = LINE('',#1392,#1393);
#1392 = CARTESIAN_POINT('',(3.,-2.,244.));
#1393 = VECTOR('',#1394,1.);
#1394 = DIRECTION('',(1.,0.,0.));
#1395 = PCURVE('',#459,#1396);
#1396 = DEFINITIONAL_REPRESENTATION('',(#1397),#1401);
#1397 = LINE('',#1398,#1399);
#1398 = CARTESIAN_POINT('',(0.,0.));
#1399 = VECTOR('',#1400,1.);
#1400 = DIRECTION('',(1.,0.));
#1401 = ( GEOMETRIC_REPRESENTATION_CONTEXT(2) 
PARAMETRIC_REPRESENTATION_CONTEXT() REPRESENTATION_CONTEXT('2D SPACE',''
  ) );
#1402 = PCURVE('',#1370,#1403);
#1403 = DEFINITIONAL_REPRESENTATION('',(#1404),#1408);
#1404 = LINE('',#1405,#1406);
#1405 = CARTESIAN_POINT('',(-3.5,-2.));
#1406 = VECTOR('',#1407,1.);
#1407 = DIRECTION('',(1.,0.));
#1408 = ( GEOMETRIC_REPRESENTATION_CONTEXT(2) 
PARAMETRIC_REPRESENTATION_CONTEXT() REPRESENTATION_CONTEXT('2D SPACE',''
  ) );
#1409 = ORIENTED_EDGE('',*,*,#1410,.T.);
#1410 = EDGE_CURVE('',#1386,#445,#1411,.T.);
#1411 = SURFACE_CURVE('',#1412,(#1416,#1423),.PCURVE_S1.);
#1412 = LINE('',#1413,#1414);
#1413 = CARTESIAN_POINT('',(3.,-2.,244.));
#1414 = VECTOR('',#1415,1.);
#1415 = DIRECTION('',(0.,0.,1.));
#1416 = PCURVE('',#459,#1417);
#1417 = DEFINITIONAL_REPRESENTATION('',(#1418),#1422);
#1418 = LINE('',#1419,#1420);
#1419 = CARTESIAN_POINT('',(0.,0.));
#1420 = VECTOR('',#1421,1.);
#1421 = DIRECTION('',(0.,-1.));
#1422 = ( GEOMETRIC_REPRESENTATION_CONTEXT(2) 
PARAMETRIC_REPRESENTATION_CONTEXT() REPRESENTATION_CONTEXT('2D SPACE',''
  ) );
#1423 = PCURVE('',#485,#1424);
#1424 = DEFINITIONAL_REPRESENTATION('',(#1425),#1429);
#1425 = LINE('',#1426,#1427);
#1426 = CARTESIAN_POINT('',(4.,0.));
#1427 = VECTOR('',#1428,1.);
#1428 = DIRECTION('',(0.,-1.));
#1429 = ( GEOMETRIC_REPRESENTATION_CONTEXT(2) 
PARAMETRIC_REPRESENTATION_CONTEXT() REPRESENTATION_CONTEXT('2D SPACE',''
  ) );
#1430 = ORIENTED_EDGE('',*,*,#444,.F.);
#1431 = ORIENTED_EDGE('',*,*,#1262,.F.);
#1432 = ORIENTED_EDGE('',*,*,#1433,.F.);
#1433 = EDGE_CURVE('',#1388,#1238,#1434,.T.);
#1434 = SURFACE_CURVE('',#1435,(#1439,#1446),.PCURVE_S1.);
#1435 = LINE('',#1436,#1437);
#1436 = CARTESIAN_POINT('',(3.,-2.,244.));
#1437 = VECTOR('',#1438,1.);
#1438 = DIRECTION('',(1.,0.,0.));
#1439 = PCURVE('',#459,#1440);
#1440 = DEFINITIONAL_REPRESENTATION('',(#1441),#1445);
#1441 = LINE('',#1442,#1443);
#1442 = CARTESIAN_POINT('',(0.,0.));
#1443 = VECTOR('',#1444,1.);
#1444 = DIRECTION('',(1.,0.));
#1445 = ( GEOMETRIC_REPRESENTATION_CONTEXT(2) 
PARAMETRIC_REPRESENTATION_CONTEXT() REPRESENTATION_CONTEXT('2D SPACE',''
  ) );
#1446 = PCURVE('',#701,#1447);
#1447 = DEFINITIONAL_REPRESENTATION('',(#1448),#1452);
#1448 = LINE('',#1449,#1450);
#1449 = CARTESIAN_POINT('',(3.,-2.));
#1450 = VECTOR('',#1451,1.);
#1451 = DIRECTION('',(1.,0.));
#1452 = ( GEOMETRIC_REPRESENTATION_CONTEXT(2) 
PARAMETRIC_REPRESENTATION_CONTEXT() REPRESENTATION_CONTEXT('2D SPACE',''
  ) );
#1453 = ADVANCED_FACE('',(#1454),#485,.T.);
#1454 = FACE_BOUND('',#1455,.T.);
#1455 = EDGE_LOOP('',(#1456,#1477,#1478,#1479));
#1456 = ORIENTED_EDGE('',*,*,#1457,.F.);
#1457 = EDGE_CURVE('',#1334,#1386,#1458,.T.);
#1458 = SURFACE_CURVE('',#1459,(#1463,#1470),.PCURVE_S1.);
#1459 = LINE('',#1460,#1461);
#1460 = CARTESIAN_POINT('',(3.,2.,244.));
#1461 = VECTOR('',#1462,1.);
#1462 = DIRECTION('',(0.,-1.,0.));
#1463 = PCURVE('',#485,#1464);
#1464 = DEFINITIONAL_REPRESENTATION('',(#1465),#1469);
#1465 = LINE('',#1466,#1467);
#1466 = CARTESIAN_POINT('',(0.,0.));
#1467 = VECTOR('',#1468,1.);
#1468 = DIRECTION('',(1.,0.));
#1469 = ( GEOMETRIC_REPRESENTATION_CONTEXT(2) 
PARAMETRIC_REPRESENTATION_CONTEXT() REPRESENTATION_CONTEXT('2D SPACE',''
  ) );
#1470 = PCURVE('',#1370,#1471);
#1471 = DEFINITIONAL_REPRESENTATION('',(#1472),#1476);
#1472 = LINE('',#1473,#1474);
#1473 = CARTESIAN_POINT('',(-3.5,2.));
#1474 = VECTOR('',#1475,1.);
#1475 = DIRECTION('',(0.,-1.));
#1476 = ( GEOMETRIC_REPRESENTATION_CONTEXT(2) 
PARAMETRIC_REPRESENTATION_CONTEXT() REPRESENTATION_CONTEXT('2D SPACE',''
  ) );
#1477 = ORIENTED_EDGE('',*,*,#1333,.T.);
#1478 = ORIENTED_EDGE('',*,*,#470,.F.);
#1479 = ORIENTED_EDGE('',*,*,#1410,.F.);
#1480 = ADVANCED_FACE('',(#1481),#539,.T.);
#1481 = FACE_BOUND('',#1482,.T.);
#1482 = EDGE_LOOP('',(#1483,#1508,#1529,#1530));
#1483 = ORIENTED_EDGE('',*,*,#1484,.F.);
#1484 = EDGE_CURVE('',#1485,#1487,#1489,.T.);
#1485 = VERTEX_POINT('',#1486);
#1486 = CARTESIAN_POINT('',(2.,10.,244.));
#1487 = VERTEX_POINT('',#1488);
#1488 = CARTESIAN_POINT('',(-2.,10.,244.));
#1489 = SURFACE_CURVE('',#1490,(#1494,#1501),.PCURVE_S1.);
#1490 = LINE('',#1491,#1492);
#1491 = CARTESIAN_POINT('',(2.,10.,244.));
#1492 = VECTOR('',#1493,1.);
#1493 = DIRECTION('',(-1.,1.110223024625E-16,0.));
#1494 = PCURVE('',#539,#1495);
#1495 = DEFINITIONAL_REPRESENTATION('',(#1496),#1500);
#1496 = LINE('',#1497,#1498);
#1497 = CARTESIAN_POINT('',(0.,0.));
#1498 = VECTOR('',#1499,1.);
#1499 = DIRECTION('',(1.,0.));
#1500 = ( GEOMETRIC_REPRESENTATION_CONTEXT(2) 
PARAMETRIC_REPRESENTATION_CONTEXT() REPRESENTATION_CONTEXT('2D SPACE',''
  ) );
#1501 = PCURVE('',#701,#1502);
#1502 = DEFINITIONAL_REPRESENTATION('',(#1503),#1507);
#1503 = LINE('',#1504,#1505);
#1504 = CARTESIAN_POINT('',(2.,10.));
#1505 = VECTOR('',#1506,1.);
#1506 = DIRECTION('',(-1.,1.110223024625E-16));
#1507 = ( GEOMETRIC_REPRESENTATION_CONTEXT(2) 
PARAMETRIC_REPRESENTATION_CONTEXT() REPRESENTATION_CONTEXT('2D SPACE',''
  ) );
#1508 = ORIENTED_EDGE('',*,*,#1509,.T.);
#1509 = EDGE_CURVE('',#1485,#525,#1510,.T.);
#1510 = SURFACE_CURVE('',#1511,(#1515,#1522),.PCURVE_S1.);
#1511 = LINE('',#1512,#1513);
#1512 = CARTESIAN_POINT('',(2.,10.,244.));
#1513 = VECTOR('',#1514,1.);
#1514 = DIRECTION('',(0.,0.,1.));
#1515 = PCURVE('',#539,#1516);
#1516 = DEFINITIONAL_REPRESENTATION('',(#1517),#1521);
#1517 = LINE('',#1518,#1519);
#1518 = CARTESIAN_POINT('',(0.,0.));
#1519 = VECTOR('',#1520,1.);
#1520 = DIRECTION('',(0.,-1.));
#1521 = ( GEOMETRIC_REPRESENTATION_CONTEXT(2) 
PARAMETRIC_REPRESENTATION_CONTEXT() REPRESENTATION_CONTEXT('2D SPACE',''
  ) );
#1522 = PCURVE('',#565,#1523);
#1523 = DEFINITIONAL_REPRESENTATION('',(#1524),#1528);
#1524 = LINE('',#1525,#1526);
#1525 = CARTESIAN_POINT('',(7.,0.));
#1526 = VECTOR('',#1527,1.);
#1527 = DIRECTION('',(0.,-1.));
#1528 = ( GEOMETRIC_REPRESENTATION_CONTEXT(2) 
PARAMETRIC_REPRESENTATION_CONTEXT() REPRESENTATION_CONTEXT('2D SPACE',''
  ) );
#1529 = ORIENTED_EDGE('',*,*,#522,.F.);
#1530 = ORIENTED_EDGE('',*,*,#1531,.F.);
#1531 = EDGE_CURVE('',#1487,#523,#1532,.T.);
#1532 = SURFACE_CURVE('',#1533,(#1537,#1544),.PCURVE_S1.);
#1533 = LINE('',#1534,#1535);
#1534 = CARTESIAN_POINT('',(-2.,10.,244.));
#1535 = VECTOR('',#1536,1.);
#1536 = DIRECTION('',(0.,0.,1.));
#1537 = PCURVE('',#539,#1538);
#1538 = DEFINITIONAL_REPRESENTATION('',(#1539),#1543);
#1539 = LINE('',#1540,#1541);
#1540 = CARTESIAN_POINT('',(4.,0.));
#1541 = VECTOR('',#1542,1.);
#1542 = DIRECTION('',(0.,-1.));
#1543 = ( GEOMETRIC_REPRESENTATION_CONTEXT(2) 
PARAMETRIC_REPRESENTATION_CONTEXT() REPRESENTATION_CONTEXT('2D SPACE',''
  ) );
#1544 = PCURVE('',#615,#1545);
#1545 = DEFINITIONAL_REPRESENTATION('',(#1546),#1550);
#1546 = LINE('',#1547,#1548);
#1547 = CARTESIAN_POINT('',(0.,0.));
#1548 = VECTOR('',#1549,1.);
#1549 = DIRECTION('',(0.,-1.));
#1550 = ( GEOMETRIC_REPRESENTATION_CONTEXT(2) 
PARAMETRIC_REPRESENTATION_CONTEXT() REPRESENTATION_CONTEXT('2D SPACE',''
  ) );
#1551 = ADVANCED_FACE('',(#1552),#615,.T.);
#1552 = FACE_BOUND('',#1553,.T.);
#1553 = EDGE_LOOP('',(#1554,#1577,#1578,#1579,#1602));
#1554 = ORIENTED_EDGE('',*,*,#1555,.F.);
#1555 = EDGE_CURVE('',#1487,#1556,#1558,.T.);
#1556 = VERTEX_POINT('',#1557);
#1557 = CARTESIAN_POINT('',(-2.,3.464101615138,244.));
#1558 = SURFACE_CURVE('',#1559,(#1563,#1570),.PCURVE_S1.);
#1559 = LINE('',#1560,#1561);
#1560 = CARTESIAN_POINT('',(-2.,10.,244.));
#1561 = VECTOR('',#1562,1.);
#1562 = DIRECTION('',(-1.110223024625E-16,-1.,0.));
#1563 = PCURVE('',#615,#1564);
#1564 = DEFINITIONAL_REPRESENTATION('',(#1565),#1569);
#1565 = LINE('',#1566,#1567);
#1566 = CARTESIAN_POINT('',(0.,0.));
#1567 = VECTOR('',#1568,1.);
#1568 = DIRECTION('',(1.,0.));
#1569 = ( GEOMETRIC_REPRESENTATION_CONTEXT(2) 
PARAMETRIC_REPRESENTATION_CONTEXT() REPRESENTATION_CONTEXT('2D SPACE',''
  ) );
#1570 = PCURVE('',#701,#1571);
#1571 = DEFINITIONAL_REPRESENTATION('',(#1572),#1576);
#1572 = LINE('',#1573,#1574);
#1573 = CARTESIAN_POINT('',(-2.,10.));
#1574 = VECTOR('',#1575,1.);
#1575 = DIRECTION('',(-1.110223024625E-16,-1.));
#1576 = ( GEOMETRIC_REPRESENTATION_CONTEXT(2) 
PARAMETRIC_REPRESENTATION_CONTEXT() REPRESENTATION_CONTEXT('2D SPACE',''
  ) );
#1577 = ORIENTED_EDGE('',*,*,#1531,.T.);
#1578 = ORIENTED_EDGE('',*,*,#602,.F.);
#1579 = ORIENTED_EDGE('',*,*,#1580,.F.);
#1580 = EDGE_CURVE('',#1581,#577,#1583,.T.);
#1581 = VERTEX_POINT('',#1582);
#1582 = CARTESIAN_POINT('',(-2.,3.,244.));
#1583 = SURFACE_CURVE('',#1584,(#1588,#1595),.PCURVE_S1.);
#1584 = LINE('',#1585,#1586);
#1585 = CARTESIAN_POINT('',(-2.,3.,244.));
#1586 = VECTOR('',#1587,1.);
#1587 = DIRECTION('',(0.,0.,1.));
#1588 = PCURVE('',#615,#1589);
#1589 = DEFINITIONAL_REPRESENTATION('',(#1590),#1594);
#1590 = LINE('',#1591,#1592);
#1591 = CARTESIAN_POINT('',(7.,0.));
#1592 = VECTOR('',#1593,1.);
#1593 = DIRECTION('',(0.,-1.));
#1594 = ( GEOMETRIC_REPRESENTATION_CONTEXT(2) 
PARAMETRIC_REPRESENTATION_CONTEXT() REPRESENTATION_CONTEXT('2D SPACE',''
  ) );
#1595 = PCURVE('',#591,#1596);
#1596 = DEFINITIONAL_REPRESENTATION('',(#1597),#1601);
#1597 = LINE('',#1598,#1599);
#1598 = CARTESIAN_POINT('',(0.,0.));
#1599 = VECTOR('',#1600,1.);
#1600 = DIRECTION('',(0.,-1.));
#1601 = ( GEOMETRIC_REPRESENTATION_CONTEXT(2) 
PARAMETRIC_REPRESENTATION_CONTEXT() REPRESENTATION_CONTEXT('2D SPACE',''
  ) );
#1602 = ORIENTED_EDGE('',*,*,#1603,.F.);
#1603 = EDGE_CURVE('',#1556,#1581,#1604,.T.);
#1604 = SURFACE_CURVE('',#1605,(#1609,#1616),.PCURVE_S1.);
#1605 = LINE('',#1606,#1607);
#1606 = CARTESIAN_POINT('',(-2.,10.,244.));
#1607 = VECTOR('',#1608,1.);
#1608 = DIRECTION('',(-1.110223024625E-16,-1.,0.));
#1609 = PCURVE('',#615,#1610);
#1610 = DEFINITIONAL_REPRESENTATION('',(#1611),#1615);
#1611 = LINE('',#1612,#1613);
#1612 = CARTESIAN_POINT('',(0.,0.));
#1613 = VECTOR('',#1614,1.);
#1614 = DIRECTION('',(1.,0.));
#1615 = ( GEOMETRIC_REPRESENTATION_CONTEXT(2) 
PARAMETRIC_REPRESENTATION_CONTEXT() REPRESENTATION_CONTEXT('2D SPACE',''
  ) );
#1616 = PCURVE('',#1617,#1622);
#1617 = PLANE('',#1618);
#1618 = AXIS2_PLACEMENT_3D('',#1619,#1620,#1621);
#1619 = CARTESIAN_POINT('',(7.216449660064E-16,6.5,244.));
#1620 = DIRECTION('',(0.,0.,1.));
#1621 = DIRECTION('',(1.110223024625E-16,1.,0.));
#1622 = DEFINITIONAL_REPRESENTATION('',(#1623),#1627);
#1623 = LINE('',#1624,#1625);
#1624 = CARTESIAN_POINT('',(3.5,2.));
#1625 = VECTOR('',#1626,1.);
#1626 = DIRECTION('',(-1.,0.));
#1627 = ( GEOMETRIC_REPRESENTATION_CONTEXT(2) 
PARAMETRIC_REPRESENTATION_CONTEXT() REPRESENTATION_CONTEXT('2D SPACE',''
  ) );
#1628 = ADVANCED_FACE('',(#1629),#565,.T.);
#1629 = FACE_BOUND('',#1630,.T.);
#1630 = EDGE_LOOP('',(#1631,#1656,#1677,#1678,#1679));
#1631 = ORIENTED_EDGE('',*,*,#1632,.F.);
#1632 = EDGE_CURVE('',#1633,#1635,#1637,.T.);
#1633 = VERTEX_POINT('',#1634);
#1634 = CARTESIAN_POINT('',(2.,3.,244.));
#1635 = VERTEX_POINT('',#1636);
#1636 = CARTESIAN_POINT('',(2.,3.464101615138,244.));
#1637 = SURFACE_CURVE('',#1638,(#1642,#1649),.PCURVE_S1.);
#1638 = LINE('',#1639,#1640);
#1639 = CARTESIAN_POINT('',(2.,3.,244.));
#1640 = VECTOR('',#1641,1.);
#1641 = DIRECTION('',(1.110223024625E-16,1.,0.));
#1642 = PCURVE('',#565,#1643);
#1643 = DEFINITIONAL_REPRESENTATION('',(#1644),#1648);
#1644 = LINE('',#1645,#1646);
#1645 = CARTESIAN_POINT('',(0.,0.));
#1646 = VECTOR('',#1647,1.);
#1647 = DIRECTION('',(1.,0.));
#1648 = ( GEOMETRIC_REPRESENTATION_CONTEXT(2) 
PARAMETRIC_REPRESENTATION_CONTEXT() REPRESENTATION_CONTEXT('2D SPACE',''
  ) );
#1649 = PCURVE('',#1617,#1650);
#1650 = DEFINITIONAL_REPRESENTATION('',(#1651),#1655);
#1651 = LINE('',#1652,#1653);
#1652 = CARTESIAN_POINT('',(-3.5,-2.));
#1653 = VECTOR('',#1654,1.);
#1654 = DIRECTION('',(1.,0.));
#1655 = ( GEOMETRIC_REPRESENTATION_CONTEXT(2) 
PARAMETRIC_REPRESENTATION_CONTEXT() REPRESENTATION_CONTEXT('2D SPACE',''
  ) );
#1656 = ORIENTED_EDGE('',*,*,#1657,.T.);
#1657 = EDGE_CURVE('',#1633,#551,#1658,.T.);
#1658 = SURFACE_CURVE('',#1659,(#1663,#1670),.PCURVE_S1.);
#1659 = LINE('',#1660,#1661);
#1660 = CARTESIAN_POINT('',(2.,3.,244.));
#1661 = VECTOR('',#1662,1.);
#1662 = DIRECTION('',(0.,0.,1.));
#1663 = PCURVE('',#565,#1664);
#1664 = DEFINITIONAL_REPRESENTATION('',(#1665),#1669);
#1665 = LINE('',#1666,#1667);
#1666 = CARTESIAN_POINT('',(0.,0.));
#1667 = VECTOR('',#1668,1.);
#1668 = DIRECTION('',(0.,-1.));
#1669 = ( GEOMETRIC_REPRESENTATION_CONTEXT(2) 
PARAMETRIC_REPRESENTATION_CONTEXT() REPRESENTATION_CONTEXT('2D SPACE',''
  ) );
#1670 = PCURVE('',#591,#1671);
#1671 = DEFINITIONAL_REPRESENTATION('',(#1672),#1676);
#1672 = LINE('',#1673,#1674);
#1673 = CARTESIAN_POINT('',(4.,0.));
#1674 = VECTOR('',#1675,1.);
#1675 = DIRECTION('',(0.,-1.));
#1676 = ( GEOMETRIC_REPRESENTATION_CONTEXT(2) 
PARAMETRIC_REPRESENTATION_CONTEXT() REPRESENTATION_CONTEXT('2D SPACE',''
  ) );
#1677 = ORIENTED_EDGE('',*,*,#550,.F.);
#1678 = ORIENTED_EDGE('',*,*,#1509,.F.);
#1679 = ORIENTED_EDGE('',*,*,#1680,.F.);
#1680 = EDGE_CURVE('',#1635,#1485,#1681,.T.);
#1681 = SURFACE_CURVE('',#1682,(#1686,#1693),.PCURVE_S1.);
#1682 = LINE('',#1683,#1684);
#1683 = CARTESIAN_POINT('',(2.,3.,244.));
#1684 = VECTOR('',#1685,1.);
#1685 = DIRECTION('',(1.110223024625E-16,1.,0.));
#1686 = PCURVE('',#565,#1687);
#1687 = DEFINITIONAL_REPRESENTATION('',(#1688),#1692);
#1688 = LINE('',#1689,#1690);
#1689 = CARTESIAN_POINT('',(0.,0.));
#1690 = VECTOR('',#1691,1.);
#1691 = DIRECTION('',(1.,0.));
#1692 = ( GEOMETRIC_REPRESENTATION_CONTEXT(2) 
PARAMETRIC_REPRESENTATION_CONTEXT() REPRESENTATION_CONTEXT('2D SPACE',''
  ) );
#1693 = PCURVE('',#701,#1694);
#1694 = DEFINITIONAL_REPRESENTATION('',(#1695),#1699);
#1695 = LINE('',#1696,#1697);
#1696 = CARTESIAN_POINT('',(2.,3.));
#1697 = VECTOR('',#1698,1.);
#1698 = DIRECTION('',(1.110223024625E-16,1.));
#1699 = ( GEOMETRIC_REPRESENTATION_CONTEXT(2) 
PARAMETRIC_REPRESENTATION_CONTEXT() REPRESENTATION_CONTEXT('2D SPACE',''
  ) );
#1700 = ADVANCED_FACE('',(#1701),#591,.T.);
#1701 = FACE_BOUND('',#1702,.T.);
#1702 = EDGE_LOOP('',(#1703,#1724,#1725,#1726));
#1703 = ORIENTED_EDGE('',*,*,#1704,.F.);
#1704 = EDGE_CURVE('',#1581,#1633,#1705,.T.);
#1705 = SURFACE_CURVE('',#1706,(#1710,#1717),.PCURVE_S1.);
#1706 = LINE('',#1707,#1708);
#1707 = CARTESIAN_POINT('',(-2.,3.,244.));
#1708 = VECTOR('',#1709,1.);
#1709 = DIRECTION('',(1.,-1.110223024625E-16,0.));
#1710 = PCURVE('',#591,#1711);
#1711 = DEFINITIONAL_REPRESENTATION('',(#1712),#1716);
#1712 = LINE('',#1713,#1714);
#1713 = CARTESIAN_POINT('',(0.,0.));
#1714 = VECTOR('',#1715,1.);
#1715 = DIRECTION('',(1.,0.));
#1716 = ( GEOMETRIC_REPRESENTATION_CONTEXT(2) 
PARAMETRIC_REPRESENTATION_CONTEXT() REPRESENTATION_CONTEXT('2D SPACE',''
  ) );
#1717 = PCURVE('',#1617,#1718);
#1718 = DEFINITIONAL_REPRESENTATION('',(#1719),#1723);
#1719 = LINE('',#1720,#1721);
#1720 = CARTESIAN_POINT('',(-3.5,2.));
#1721 = VECTOR('',#1722,1.);
#1722 = DIRECTION('',(0.,-1.));
#1723 = ( GEOMETRIC_REPRESENTATION_CONTEXT(2) 
PARAMETRIC_REPRESENTATION_CONTEXT() REPRESENTATION_CONTEXT('2D SPACE',''
  ) );
#1724 = ORIENTED_EDGE('',*,*,#1580,.T.);
#1725 = ORIENTED_EDGE('',*,*,#576,.F.);
#1726 = ORIENTED_EDGE('',*,*,#1657,.F.);
#1727 = ADVANCED_FACE('',(#1728),#645,.F.);
#1728 = FACE_BOUND('',#1729,.T.);
#1729 = EDGE_LOOP('',(#1730,#1753,#1775,#1776));
#1730 = ORIENTED_EDGE('',*,*,#1731,.T.);
#1731 = EDGE_CURVE('',#630,#1732,#1734,.T.);
#1732 = VERTEX_POINT('',#1733);
#1733 = CARTESIAN_POINT('',(10.5,0.,244.));
#1734 = SEAM_CURVE('',#1735,(#1739,#1746),.PCURVE_S1.);
#1735 = LINE('',#1736,#1737);
#1736 = CARTESIAN_POINT('',(10.5,0.,12.));
#1737 = VECTOR('',#1738,1.);
#1738 = DIRECTION('',(0.,0.,1.));
#1739 = PCURVE('',#645,#1740);
#1740 = DEFINITIONAL_REPRESENTATION('',(#1741),#1745);
#1741 = LINE('',#1742,#1743);
#1742 = CARTESIAN_POINT('',(-0.,0.));
#1743 = VECTOR('',#1744,1.);
#1744 = DIRECTION('',(-0.,-1.));
#1745 = ( GEOMETRIC_REPRESENTATION_CONTEXT(2) 
PARAMETRIC_REPRESENTATION_CONTEXT() REPRESENTATION_CONTEXT('2D SPACE',''
  ) );
#1746 = PCURVE('',#645,#1747);
#1747 = DEFINITIONAL_REPRESENTATION('',(#1748),#1752);
#1748 = LINE('',#1749,#1750);
#1749 = CARTESIAN_POINT('',(-6.28318530718,0.));
#1750 = VECTOR('',#1751,1.);
#1751 = DIRECTION('',(-0.,-1.));
#1752 = ( GEOMETRIC_REPRESENTATION_CONTEXT(2) 
PARAMETRIC_REPRESENTATION_CONTEXT() REPRESENTATION_CONTEXT('2D SPACE',''
  ) );
#1753 = ORIENTED_EDGE('',*,*,#1754,.T.);
#1754 = EDGE_CURVE('',#1732,#1732,#1755,.T.);
#1755 = SURFACE_CURVE('',#1756,(#1761,#1768),.PCURVE_S1.);
#1756 = CIRCLE('',#1757,10.5);
#1757 = AXIS2_PLACEMENT_3D('',#1758,#1759,#1760);
#1758 = CARTESIAN_POINT('',(0.,0.,244.));
#1759 = DIRECTION('',(0.,0.,1.));
#1760 = DIRECTION('',(1.,0.,0.));
#1761 = PCURVE('',#645,#1762);
#1762 = DEFINITIONAL_REPRESENTATION('',(#1763),#1767);
#1763 = LINE('',#1764,#1765);
#1764 = CARTESIAN_POINT('',(-0.,-232.));
#1765 = VECTOR('',#1766,1.);
#1766 = DIRECTION('',(-1.,0.));
#1767 = ( GEOMETRIC_REPRESENTATION_CONTEXT(2) 
PARAMETRIC_REPRESENTATION_CONTEXT() REPRESENTATION_CONTEXT('2D SPACE',''
  ) );
#1768 = PCURVE('',#701,#1769);
#1769 = DEFINITIONAL_REPRESENTATION('',(#1770),#1774);
#1770 = CIRCLE('',#1771,10.5);
#1771 = AXIS2_PLACEMENT_2D('',#1772,#1773);
#1772 = CARTESIAN_POINT('',(5.209295743007E-16,-9.230319459916E-17));
#1773 = DIRECTION('',(1.,0.));
#1774 = ( GEOMETRIC_REPRESENTATION_CONTEXT(2) 
PARAMETRIC_REPRESENTATION_CONTEXT() REPRESENTATION_CONTEXT('2D SPACE',''
  ) );
#1775 = ORIENTED_EDGE('',*,*,#1731,.F.);
#1776 = ORIENTED_EDGE('',*,*,#629,.F.);
#1777 = ADVANCED_FACE('',(#1778,#1781),#701,.F.);
#1778 = FACE_BOUND('',#1779,.F.);
#1779 = EDGE_LOOP('',(#1780));
#1780 = ORIENTED_EDGE('',*,*,#1754,.T.);
#1781 = FACE_BOUND('',#1782,.F.);
#1782 = EDGE_LOOP('',(#1783,#1810,#1811,#1812,#1813,#1835,#1836,#1837,
    #1838,#1860,#1861,#1862,#1863,#1885,#1886,#1887));
#1783 = ORIENTED_EDGE('',*,*,#1784,.F.);
#1784 = EDGE_CURVE('',#1309,#1635,#1785,.T.);
#1785 = SURFACE_CURVE('',#1786,(#1791,#1798),.PCURVE_S1.);
#1786 = CIRCLE('',#1787,4.);
#1787 = AXIS2_PLACEMENT_3D('',#1788,#1789,#1790);
#1788 = CARTESIAN_POINT('',(0.,0.,244.));
#1789 = DIRECTION('',(0.,0.,1.));
#1790 = DIRECTION('',(1.,0.,0.));
#1791 = PCURVE('',#701,#1792);
#1792 = DEFINITIONAL_REPRESENTATION('',(#1793),#1797);
#1793 = CIRCLE('',#1794,4.);
#1794 = AXIS2_PLACEMENT_2D('',#1795,#1796);
#1795 = CARTESIAN_POINT('',(5.209295743007E-16,-9.230319459916E-17));
#1796 = DIRECTION('',(1.,0.));
#1797 = ( GEOMETRIC_REPRESENTATION_CONTEXT(2) 
PARAMETRIC_REPRESENTATION_CONTEXT() REPRESENTATION_CONTEXT('2D SPACE',''
  ) );
#1798 = PCURVE('',#1799,#1804);
#1799 = CYLINDRICAL_SURFACE('',#1800,4.);
#1800 = AXIS2_PLACEMENT_3D('',#1801,#1802,#1803);
#1801 = CARTESIAN_POINT('',(0.,0.,238.));
#1802 = DIRECTION('',(-0.,-0.,-1.));
#1803 = DIRECTION('',(1.,0.,0.));
#1804 = DEFINITIONAL_REPRESENTATION('',(#1805),#1809);
#1805 = LINE('',#1806,#1807);
#1806 = CARTESIAN_POINT('',(-0.,-6.));
#1807 = VECTOR('',#1808,1.);
#1808 = DIRECTION('',(-1.,0.));
#1809 = ( GEOMETRIC_REPRESENTATION_CONTEXT(2) 
PARAMETRIC_REPRESENTATION_CONTEXT() REPRESENTATION_CONTEXT('2D SPACE',''
  ) );
#1810 = ORIENTED_EDGE('',*,*,#1308,.F.);
#1811 = ORIENTED_EDGE('',*,*,#1237,.F.);
#1812 = ORIENTED_EDGE('',*,*,#1433,.F.);
#1813 = ORIENTED_EDGE('',*,*,#1814,.F.);
#1814 = EDGE_CURVE('',#760,#1388,#1815,.T.);
#1815 = SURFACE_CURVE('',#1816,(#1821,#1828),.PCURVE_S1.);
#1816 = CIRCLE('',#1817,4.);
#1817 = AXIS2_PLACEMENT_3D('',#1818,#1819,#1820);
#1818 = CARTESIAN_POINT('',(0.,0.,244.));
#1819 = DIRECTION('',(0.,0.,1.));
#1820 = DIRECTION('',(1.,0.,0.));
#1821 = PCURVE('',#701,#1822);
#1822 = DEFINITIONAL_REPRESENTATION('',(#1823),#1827);
#1823 = CIRCLE('',#1824,4.);
#1824 = AXIS2_PLACEMENT_2D('',#1825,#1826);
#1825 = CARTESIAN_POINT('',(5.209295743007E-16,-9.230319459916E-17));
#1826 = DIRECTION('',(1.,0.));
#1827 = ( GEOMETRIC_REPRESENTATION_CONTEXT(2) 
PARAMETRIC_REPRESENTATION_CONTEXT() REPRESENTATION_CONTEXT('2D SPACE',''
  ) );
#1828 = PCURVE('',#1799,#1829);
#1829 = DEFINITIONAL_REPRESENTATION('',(#1830),#1834);
#1830 = LINE('',#1831,#1832);
#1831 = CARTESIAN_POINT('',(-0.,-6.));
#1832 = VECTOR('',#1833,1.);
#1833 = DIRECTION('',(-1.,0.));
#1834 = ( GEOMETRIC_REPRESENTATION_CONTEXT(2) 
PARAMETRIC_REPRESENTATION_CONTEXT() REPRESENTATION_CONTEXT('2D SPACE',''
  ) );
#1835 = ORIENTED_EDGE('',*,*,#759,.F.);
#1836 = ORIENTED_EDGE('',*,*,#683,.F.);
#1837 = ORIENTED_EDGE('',*,*,#911,.F.);
#1838 = ORIENTED_EDGE('',*,*,#1839,.F.);
#1839 = EDGE_CURVE('',#1007,#886,#1840,.T.);
#1840 = SURFACE_CURVE('',#1841,(#1846,#1853),.PCURVE_S1.);
#1841 = CIRCLE('',#1842,4.);
#1842 = AXIS2_PLACEMENT_3D('',#1843,#1844,#1845);
#1843 = CARTESIAN_POINT('',(0.,0.,244.));
#1844 = DIRECTION('',(0.,0.,1.));
#1845 = DIRECTION('',(1.,0.,0.));
#1846 = PCURVE('',#701,#1847);
#1847 = DEFINITIONAL_REPRESENTATION('',(#1848),#1852);
#1848 = CIRCLE('',#1849,4.);
#1849 = AXIS2_PLACEMENT_2D('',#1850,#1851);
#1850 = CARTESIAN_POINT('',(5.209295743007E-16,-9.230319459916E-17));
#1851 = DIRECTION('',(1.,0.));
#1852 = ( GEOMETRIC_REPRESENTATION_CONTEXT(2) 
PARAMETRIC_REPRESENTATION_CONTEXT() REPRESENTATION_CONTEXT('2D SPACE',''
  ) );
#1853 = PCURVE('',#1799,#1854);
#1854 = DEFINITIONAL_REPRESENTATION('',(#1855),#1859);
#1855 = LINE('',#1856,#1857);
#1856 = CARTESIAN_POINT('',(-0.,-6.));
#1857 = VECTOR('',#1858,1.);
#1858 = DIRECTION('',(-1.,0.));
#1859 = ( GEOMETRIC_REPRESENTATION_CONTEXT(2) 
PARAMETRIC_REPRESENTATION_CONTEXT() REPRESENTATION_CONTEXT('2D SPACE',''
  ) );
#1860 = ORIENTED_EDGE('',*,*,#1006,.F.);
#1861 = ORIENTED_EDGE('',*,*,#935,.F.);
#1862 = ORIENTED_EDGE('',*,*,#1131,.F.);
#1863 = ORIENTED_EDGE('',*,*,#1864,.F.);
#1864 = EDGE_CURVE('',#1556,#1086,#1865,.T.);
#1865 = SURFACE_CURVE('',#1866,(#1871,#1878),.PCURVE_S1.);
#1866 = CIRCLE('',#1867,4.);
#1867 = AXIS2_PLACEMENT_3D('',#1868,#1869,#1870);
#1868 = CARTESIAN_POINT('',(0.,0.,244.));
#1869 = DIRECTION('',(0.,0.,1.));
#1870 = DIRECTION('',(1.,0.,0.));
#1871 = PCURVE('',#701,#1872);
#1872 = DEFINITIONAL_REPRESENTATION('',(#1873),#1877);
#1873 = CIRCLE('',#1874,4.);
#1874 = AXIS2_PLACEMENT_2D('',#1875,#1876);
#1875 = CARTESIAN_POINT('',(5.209295743007E-16,-9.230319459916E-17));
#1876 = DIRECTION('',(1.,0.));
#1877 = ( GEOMETRIC_REPRESENTATION_CONTEXT(2) 
PARAMETRIC_REPRESENTATION_CONTEXT() REPRESENTATION_CONTEXT('2D SPACE',''
  ) );
#1878 = PCURVE('',#1799,#1879);
#1879 = DEFINITIONAL_REPRESENTATION('',(#1880),#1884);
#1880 = LINE('',#1881,#1882);
#1881 = CARTESIAN_POINT('',(-0.,-6.));
#1882 = VECTOR('',#1883,1.);
#1883 = DIRECTION('',(-1.,0.));
#1884 = ( GEOMETRIC_REPRESENTATION_CONTEXT(2) 
PARAMETRIC_REPRESENTATION_CONTEXT() REPRESENTATION_CONTEXT('2D SPACE',''
  ) );
#1885 = ORIENTED_EDGE('',*,*,#1555,.F.);
#1886 = ORIENTED_EDGE('',*,*,#1484,.F.);
#1887 = ORIENTED_EDGE('',*,*,#1680,.F.);
#1888 = ADVANCED_FACE('',(#1889),#821,.T.);
#1889 = FACE_BOUND('',#1890,.T.);
#1890 = EDGE_LOOP('',(#1891,#1892,#1893,#1915));
#1891 = ORIENTED_EDGE('',*,*,#836,.T.);
#1892 = ORIENTED_EDGE('',*,*,#885,.T.);
#1893 = ORIENTED_EDGE('',*,*,#1894,.T.);
#1894 = EDGE_CURVE('',#886,#760,#1895,.T.);
#1895 = SURFACE_CURVE('',#1896,(#1901,#1908),.PCURVE_S1.);
#1896 = CIRCLE('',#1897,4.);
#1897 = AXIS2_PLACEMENT_3D('',#1898,#1899,#1900);
#1898 = CARTESIAN_POINT('',(0.,0.,244.));
#1899 = DIRECTION('',(0.,0.,1.));
#1900 = DIRECTION('',(1.,0.,0.));
#1901 = PCURVE('',#821,#1902);
#1902 = DEFINITIONAL_REPRESENTATION('',(#1903),#1907);
#1903 = CIRCLE('',#1904,4.);
#1904 = AXIS2_PLACEMENT_2D('',#1905,#1906);
#1905 = CARTESIAN_POINT('',(-6.5,0.));
#1906 = DIRECTION('',(-2.22044604925E-16,1.));
#1907 = ( GEOMETRIC_REPRESENTATION_CONTEXT(2) 
PARAMETRIC_REPRESENTATION_CONTEXT() REPRESENTATION_CONTEXT('2D SPACE',''
  ) );
#1908 = PCURVE('',#1799,#1909);
#1909 = DEFINITIONAL_REPRESENTATION('',(#1910),#1914);
#1910 = LINE('',#1911,#1912);
#1911 = CARTESIAN_POINT('',(-0.,-6.));
#1912 = VECTOR('',#1913,1.);
#1913 = DIRECTION('',(-1.,0.));
#1914 = ( GEOMETRIC_REPRESENTATION_CONTEXT(2) 
PARAMETRIC_REPRESENTATION_CONTEXT() REPRESENTATION_CONTEXT('2D SPACE',''
  ) );
#1915 = ORIENTED_EDGE('',*,*,#807,.T.);
#1916 = ADVANCED_FACE('',(#1917),#1068,.T.);
#1917 = FACE_BOUND('',#1918,.T.);
#1918 = EDGE_LOOP('',(#1919,#1920,#1921,#1943));
#1919 = ORIENTED_EDGE('',*,*,#1155,.T.);
#1920 = ORIENTED_EDGE('',*,*,#1083,.T.);
#1921 = ORIENTED_EDGE('',*,*,#1922,.T.);
#1922 = EDGE_CURVE('',#1086,#1007,#1923,.T.);
#1923 = SURFACE_CURVE('',#1924,(#1929,#1936),.PCURVE_S1.);
#1924 = CIRCLE('',#1925,4.);
#1925 = AXIS2_PLACEMENT_3D('',#1926,#1927,#1928);
#1926 = CARTESIAN_POINT('',(0.,0.,244.));
#1927 = DIRECTION('',(0.,0.,1.));
#1928 = DIRECTION('',(1.,0.,0.));
#1929 = PCURVE('',#1068,#1930);
#1930 = DEFINITIONAL_REPRESENTATION('',(#1931),#1935);
#1931 = CIRCLE('',#1932,4.);
#1932 = AXIS2_PLACEMENT_2D('',#1933,#1934);
#1933 = CARTESIAN_POINT('',(-6.5,0.));
#1934 = DIRECTION('',(-1.,-1.224646799147E-16));
#1935 = ( GEOMETRIC_REPRESENTATION_CONTEXT(2) 
PARAMETRIC_REPRESENTATION_CONTEXT() REPRESENTATION_CONTEXT('2D SPACE',''
  ) );
#1936 = PCURVE('',#1799,#1937);
#1937 = DEFINITIONAL_REPRESENTATION('',(#1938),#1942);
#1938 = LINE('',#1939,#1940);
#1939 = CARTESIAN_POINT('',(-0.,-6.));
#1940 = VECTOR('',#1941,1.);
#1941 = DIRECTION('',(-1.,0.));
#1942 = ( GEOMETRIC_REPRESENTATION_CONTEXT(2) 
PARAMETRIC_REPRESENTATION_CONTEXT() REPRESENTATION_CONTEXT('2D SPACE',''
  ) );
#1943 = ORIENTED_EDGE('',*,*,#1054,.T.);
#1944 = ADVANCED_FACE('',(#1945),#1199,.T.);
#1945 = FACE_BOUND('',#1946,.T.);
#1946 = EDGE_LOOP('',(#1947));
#1947 = ORIENTED_EDGE('',*,*,#1182,.T.);
#1948 = ADVANCED_FACE('',(#1949),#1370,.T.);
#1949 = FACE_BOUND('',#1950,.T.);
#1950 = EDGE_LOOP('',(#1951,#1952,#1953,#1977,#1999));
#1951 = ORIENTED_EDGE('',*,*,#1457,.T.);
#1952 = ORIENTED_EDGE('',*,*,#1385,.T.);
#1953 = ORIENTED_EDGE('',*,*,#1954,.T.);
#1954 = EDGE_CURVE('',#1388,#1955,#1957,.T.);
#1955 = VERTEX_POINT('',#1956);
#1956 = CARTESIAN_POINT('',(4.,0.,244.));
#1957 = SURFACE_CURVE('',#1958,(#1963,#1970),.PCURVE_S1.);
#1958 = CIRCLE('',#1959,4.);
#1959 = AXIS2_PLACEMENT_3D('',#1960,#1961,#1962);
#1960 = CARTESIAN_POINT('',(0.,0.,244.));
#1961 = DIRECTION('',(0.,0.,1.));
#1962 = DIRECTION('',(1.,0.,0.));
#1963 = PCURVE('',#1370,#1964);
#1964 = DEFINITIONAL_REPRESENTATION('',(#1965),#1969);
#1965 = CIRCLE('',#1966,4.);
#1966 = AXIS2_PLACEMENT_2D('',#1967,#1968);
#1967 = CARTESIAN_POINT('',(-6.5,0.));
#1968 = DIRECTION('',(1.,0.));
#1969 = ( GEOMETRIC_REPRESENTATION_CONTEXT(2) 
PARAMETRIC_REPRESENTATION_CONTEXT() REPRESENTATION_CONTEXT('2D SPACE',''
  ) );
#1970 = PCURVE('',#1799,#1971);
#1971 = DEFINITIONAL_REPRESENTATION('',(#1972),#1976);
#1972 = LINE('',#1973,#1974);
#1973 = CARTESIAN_POINT('',(-0.,-6.));
#1974 = VECTOR('',#1975,1.);
#1975 = DIRECTION('',(-1.,0.));
#1976 = ( GEOMETRIC_REPRESENTATION_CONTEXT(2) 
PARAMETRIC_REPRESENTATION_CONTEXT() REPRESENTATION_CONTEXT('2D SPACE',''
  ) );
#1977 = ORIENTED_EDGE('',*,*,#1978,.T.);
#1978 = EDGE_CURVE('',#1955,#1309,#1979,.T.);
#1979 = SURFACE_CURVE('',#1980,(#1985,#1992),.PCURVE_S1.);
#1980 = CIRCLE('',#1981,4.);
#1981 = AXIS2_PLACEMENT_3D('',#1982,#1983,#1984);
#1982 = CARTESIAN_POINT('',(0.,0.,244.));
#1983 = DIRECTION('',(0.,0.,1.));
#1984 = DIRECTION('',(1.,0.,0.));
#1985 = PCURVE('',#1370,#1986);
#1986 = DEFINITIONAL_REPRESENTATION('',(#1987),#1991);
#1987 = CIRCLE('',#1988,4.);
#1988 = AXIS2_PLACEMENT_2D('',#1989,#1990);
#1989 = CARTESIAN_POINT('',(-6.5,0.));
#1990 = DIRECTION('',(1.,0.));
#1991 = ( GEOMETRIC_REPRESENTATION_CONTEXT(2) 
PARAMETRIC_REPRESENTATION_CONTEXT() REPRESENTATION_CONTEXT('2D SPACE',''
  ) );
#1992 = PCURVE('',#1799,#1993);
#1993 = DEFINITIONAL_REPRESENTATION('',(#1994),#1998);
#1994 = LINE('',#1995,#1996);
#1995 = CARTESIAN_POINT('',(-0.,-6.));
#1996 = VECTOR('',#1997,1.);
#1997 = DIRECTION('',(-1.,0.));
#1998 = ( GEOMETRIC_REPRESENTATION_CONTEXT(2) 
PARAMETRIC_REPRESENTATION_CONTEXT() REPRESENTATION_CONTEXT('2D SPACE',''
  ) );
#1999 = ORIENTED_EDGE('',*,*,#1356,.T.);
#2000 = ADVANCED_FACE('',(#2001),#1617,.T.);
#2001 = FACE_BOUND('',#2002,.T.);
#2002 = EDGE_LOOP('',(#2003,#2004,#2005,#2027));
#2003 = ORIENTED_EDGE('',*,*,#1704,.T.);
#2004 = ORIENTED_EDGE('',*,*,#1632,.T.);
#2005 = ORIENTED_EDGE('',*,*,#2006,.T.);
#2006 = EDGE_CURVE('',#1635,#1556,#2007,.T.);
#2007 = SURFACE_CURVE('',#2008,(#2013,#2020),.PCURVE_S1.);
#2008 = CIRCLE('',#2009,4.);
#2009 = AXIS2_PLACEMENT_3D('',#2010,#2011,#2012);
#2010 = CARTESIAN_POINT('',(0.,0.,244.));
#2011 = DIRECTION('',(0.,0.,1.));
#2012 = DIRECTION('',(1.,0.,0.));
#2013 = PCURVE('',#1617,#2014);
#2014 = DEFINITIONAL_REPRESENTATION('',(#2015),#2019);
#2015 = CIRCLE('',#2016,4.);
#2016 = AXIS2_PLACEMENT_2D('',#2017,#2018);
#2017 = CARTESIAN_POINT('',(-6.5,0.));
#2018 = DIRECTION('',(1.110223024625E-16,-1.));
#2019 = ( GEOMETRIC_REPRESENTATION_CONTEXT(2) 
PARAMETRIC_REPRESENTATION_CONTEXT() REPRESENTATION_CONTEXT('2D SPACE',''
  ) );
#2020 = PCURVE('',#1799,#2021);
#2021 = DEFINITIONAL_REPRESENTATION('',(#2022),#2026);
#2022 = LINE('',#2023,#2024);
#2023 = CARTESIAN_POINT('',(-0.,-6.));
#2024 = VECTOR('',#2025,1.);
#2025 = DIRECTION('',(-1.,0.));
#2026 = ( GEOMETRIC_REPRESENTATION_CONTEXT(2) 
PARAMETRIC_REPRESENTATION_CONTEXT() REPRESENTATION_CONTEXT('2D SPACE',''
  ) );
#2027 = ORIENTED_EDGE('',*,*,#1603,.T.);
#2028 = ADVANCED_FACE('',(#2029),#1799,.T.);
#2029 = FACE_BOUND('',#2030,.F.);
#2030 = EDGE_LOOP('',(#2031,#2054,#2081,#2082,#2083,#2084,#2085,#2086,
    #2087,#2088,#2089,#2090));
#2031 = ORIENTED_EDGE('',*,*,#2032,.F.);
#2032 = EDGE_CURVE('',#2033,#1955,#2035,.T.);
#2033 = VERTEX_POINT('',#2034);
#2034 = CARTESIAN_POINT('',(4.,0.,238.));
#2035 = SEAM_CURVE('',#2036,(#2040,#2047),.PCURVE_S1.);
#2036 = LINE('',#2037,#2038);
#2037 = CARTESIAN_POINT('',(4.,0.,238.));
#2038 = VECTOR('',#2039,1.);
#2039 = DIRECTION('',(0.,0.,1.));
#2040 = PCURVE('',#1799,#2041);
#2041 = DEFINITIONAL_REPRESENTATION('',(#2042),#2046);
#2042 = LINE('',#2043,#2044);
#2043 = CARTESIAN_POINT('',(-6.28318530718,0.));
#2044 = VECTOR('',#2045,1.);
#2045 = DIRECTION('',(-0.,-1.));
#2046 = ( GEOMETRIC_REPRESENTATION_CONTEXT(2) 
PARAMETRIC_REPRESENTATION_CONTEXT() REPRESENTATION_CONTEXT('2D SPACE',''
  ) );
#2047 = PCURVE('',#1799,#2048);
#2048 = DEFINITIONAL_REPRESENTATION('',(#2049),#2053);
#2049 = LINE('',#2050,#2051);
#2050 = CARTESIAN_POINT('',(-0.,0.));
#2051 = VECTOR('',#2052,1.);
#2052 = DIRECTION('',(-0.,-1.));
#2053 = ( GEOMETRIC_REPRESENTATION_CONTEXT(2) 
PARAMETRIC_REPRESENTATION_CONTEXT() REPRESENTATION_CONTEXT('2D SPACE',''
  ) );
#2054 = ORIENTED_EDGE('',*,*,#2055,.F.);
#2055 = EDGE_CURVE('',#2033,#2033,#2056,.T.);
#2056 = SURFACE_CURVE('',#2057,(#2062,#2069),.PCURVE_S1.);
#2057 = CIRCLE('',#2058,4.);
#2058 = AXIS2_PLACEMENT_3D('',#2059,#2060,#2061);
#2059 = CARTESIAN_POINT('',(0.,0.,238.));
#2060 = DIRECTION('',(0.,0.,1.));
#2061 = DIRECTION('',(1.,0.,0.));
#2062 = PCURVE('',#1799,#2063);
#2063 = DEFINITIONAL_REPRESENTATION('',(#2064),#2068);
#2064 = LINE('',#2065,#2066);
#2065 = CARTESIAN_POINT('',(-0.,0.));
#2066 = VECTOR('',#2067,1.);
#2067 = DIRECTION('',(-1.,0.));
#2068 = ( GEOMETRIC_REPRESENTATION_CONTEXT(2) 
PARAMETRIC_REPRESENTATION_CONTEXT() REPRESENTATION_CONTEXT('2D SPACE',''
  ) );
#2069 = PCURVE('',#2070,#2075);
#2070 = PLANE('',#2071);
#2071 = AXIS2_PLACEMENT_3D('',#2072,#2073,#2074);
#2072 = CARTESIAN_POINT('',(-2.563950248511E-16,3.49503809816E-16,238.)
  );
#2073 = DIRECTION('',(0.,0.,1.));
#2074 = DIRECTION('',(1.,0.,-0.));
#2075 = DEFINITIONAL_REPRESENTATION('',(#2076),#2080);
#2076 = CIRCLE('',#2077,4.);
#2077 = AXIS2_PLACEMENT_2D('',#2078,#2079);
#2078 = CARTESIAN_POINT('',(2.563950248511E-16,-3.49503809816E-16));
#2079 = DIRECTION('',(1.,0.));
#2080 = ( GEOMETRIC_REPRESENTATION_CONTEXT(2) 
PARAMETRIC_REPRESENTATION_CONTEXT() REPRESENTATION_CONTEXT('2D SPACE',''
  ) );
#2081 = ORIENTED_EDGE('',*,*,#2032,.T.);
#2082 = ORIENTED_EDGE('',*,*,#1978,.T.);
#2083 = ORIENTED_EDGE('',*,*,#1784,.T.);
#2084 = ORIENTED_EDGE('',*,*,#2006,.T.);
#2085 = ORIENTED_EDGE('',*,*,#1864,.T.);
#2086 = ORIENTED_EDGE('',*,*,#1922,.T.);
#2087 = ORIENTED_EDGE('',*,*,#1839,.T.);
#2088 = ORIENTED_EDGE('',*,*,#1894,.T.);
#2089 = ORIENTED_EDGE('',*,*,#1814,.T.);
#2090 = ORIENTED_EDGE('',*,*,#1954,.T.);
#2091 = ADVANCED_FACE('',(#2092,#2095),#2070,.F.);
#2092 = FACE_BOUND('',#2093,.F.);
#2093 = EDGE_LOOP('',(#2094));
#2094 = ORIENTED_EDGE('',*,*,#2055,.T.);
#2095 = FACE_BOUND('',#2096,.F.);
#2096 = EDGE_LOOP('',(#2097));
#2097 = ORIENTED_EDGE('',*,*,#2098,.T.);
#2098 = EDGE_CURVE('',#2099,#2099,#2101,.T.);
#2099 = VERTEX_POINT('',#2100);
#2100 = CARTESIAN_POINT('',(3.,0.,238.));
#2101 = SURFACE_CURVE('',#2102,(#2107,#2118),.PCURVE_S1.);
#2102 = CIRCLE('',#2103,3.);
#2103 = AXIS2_PLACEMENT_3D('',#2104,#2105,#2106);
#2104 = CARTESIAN_POINT('',(0.,0.,238.));
#2105 = DIRECTION('',(0.,0.,-1.));
#2106 = DIRECTION('',(1.,0.,0.));
#2107 = PCURVE('',#2070,#2108);
#2108 = DEFINITIONAL_REPRESENTATION('',(#2109),#2117);
#2109 = ( BOUNDED_CURVE() B_SPLINE_CURVE(2,(#2110,#2111,#2112,#2113,
#2114,#2115,#2116),.UNSPECIFIED.,.T.,.F.) B_SPLINE_CURVE_WITH_KNOTS((1,2
    ,2,2,2,1),(-2.094395102393,0.,2.094395102393,4.188790204786,
6.28318530718,8.377580409573),.UNSPECIFIED.) CURVE() 
GEOMETRIC_REPRESENTATION_ITEM() RATIONAL_B_SPLINE_CURVE((1.,0.5,1.,0.5,
1.,0.5,1.)) REPRESENTATION_ITEM('') );
#2110 = CARTESIAN_POINT('',(3.,-3.49503809816E-16));
#2111 = CARTESIAN_POINT('',(3.,-5.196152422707));
#2112 = CARTESIAN_POINT('',(-1.5,-2.598076211353));
#2113 = CARTESIAN_POINT('',(-6.,-1.084291889304E-15));
#2114 = CARTESIAN_POINT('',(-1.5,2.598076211353));
#2115 = CARTESIAN_POINT('',(3.,5.196152422707));
#2116 = CARTESIAN_POINT('',(3.,-3.49503809816E-16));
#2117 = ( GEOMETRIC_REPRESENTATION_CONTEXT(2) 
PARAMETRIC_REPRESENTATION_CONTEXT() REPRESENTATION_CONTEXT('2D SPACE',''
  ) );
#2118 = PCURVE('',#2119,#2124);
#2119 = CYLINDRICAL_SURFACE('',#2120,3.);
#2120 = AXIS2_PLACEMENT_3D('',#2121,#2122,#2123);
#2121 = CARTESIAN_POINT('',(0.,0.,12.));
#2122 = DIRECTION('',(-0.,-0.,-1.));
#2123 = DIRECTION('',(1.,0.,0.));
#2124 = DEFINITIONAL_REPRESENTATION('',(#2125),#2129);
#2125 = LINE('',#2126,#2127);
#2126 = CARTESIAN_POINT('',(-6.28318530718,-226.));
#2127 = VECTOR('',#2128,1.);
#2128 = DIRECTION('',(1.,-0.));
#2129 = ( GEOMETRIC_REPRESENTATION_CONTEXT(2) 
PARAMETRIC_REPRESENTATION_CONTEXT() REPRESENTATION_CONTEXT('2D SPACE',''
  ) );
#2130 = ADVANCED_FACE('',(#2131),#2119,.T.);
#2131 = FACE_BOUND('',#2132,.F.);
#2132 = EDGE_LOOP('',(#2133,#2162,#2183,#2184));
#2133 = ORIENTED_EDGE('',*,*,#2134,.F.);
#2134 = EDGE_CURVE('',#2135,#2135,#2137,.T.);
#2135 = VERTEX_POINT('',#2136);
#2136 = CARTESIAN_POINT('',(3.,0.,12.));
#2137 = SURFACE_CURVE('',#2138,(#2143,#2150),.PCURVE_S1.);
#2138 = CIRCLE('',#2139,3.);
#2139 = AXIS2_PLACEMENT_3D('',#2140,#2141,#2142);
#2140 = CARTESIAN_POINT('',(0.,0.,12.));
#2141 = DIRECTION('',(0.,0.,1.));
#2142 = DIRECTION('',(1.,0.,0.));
#2143 = PCURVE('',#2119,#2144);
#2144 = DEFINITIONAL_REPRESENTATION('',(#2145),#2149);
#2145 = LINE('',#2146,#2147);
#2146 = CARTESIAN_POINT('',(-0.,0.));
#2147 = VECTOR('',#2148,1.);
#2148 = DIRECTION('',(-1.,0.));
#2149 = ( GEOMETRIC_REPRESENTATION_CONTEXT(2) 
PARAMETRIC_REPRESENTATION_CONTEXT() REPRESENTATION_CONTEXT('2D SPACE',''
  ) );
#2150 = PCURVE('',#2151,#2156);
#2151 = PLANE('',#2152);
#2152 = AXIS2_PLACEMENT_3D('',#2153,#2154,#2155);
#2153 = CARTESIAN_POINT('',(-1.709300165674E-16,-8.51133553645E-18,12.)
  );
#2154 = DIRECTION('',(0.,0.,1.));
#2155 = DIRECTION('',(1.,0.,-0.));
#2156 = DEFINITIONAL_REPRESENTATION('',(#2157),#2161);
#2157 = CIRCLE('',#2158,3.);
#2158 = AXIS2_PLACEMENT_2D('',#2159,#2160);
#2159 = CARTESIAN_POINT('',(1.709300165674E-16,8.51133553645E-18));
#2160 = DIRECTION('',(1.,0.));
#2161 = ( GEOMETRIC_REPRESENTATION_CONTEXT(2) 
PARAMETRIC_REPRESENTATION_CONTEXT() REPRESENTATION_CONTEXT('2D SPACE',''
  ) );
#2162 = ORIENTED_EDGE('',*,*,#2163,.T.);
#2163 = EDGE_CURVE('',#2135,#2099,#2164,.T.);
#2164 = SEAM_CURVE('',#2165,(#2169,#2176),.PCURVE_S1.);
#2165 = LINE('',#2166,#2167);
#2166 = CARTESIAN_POINT('',(3.,0.,12.));
#2167 = VECTOR('',#2168,1.);
#2168 = DIRECTION('',(0.,0.,1.));
#2169 = PCURVE('',#2119,#2170);
#2170 = DEFINITIONAL_REPRESENTATION('',(#2171),#2175);
#2171 = LINE('',#2172,#2173);
#2172 = CARTESIAN_POINT('',(-6.28318530718,0.));
#2173 = VECTOR('',#2174,1.);
#2174 = DIRECTION('',(-0.,-1.));
#2175 = ( GEOMETRIC_REPRESENTATION_CONTEXT(2) 
PARAMETRIC_REPRESENTATION_CONTEXT() REPRESENTATION_CONTEXT('2D SPACE',''
  ) );
#2176 = PCURVE('',#2119,#2177);
#2177 = DEFINITIONAL_REPRESENTATION('',(#2178),#2182);
#2178 = LINE('',#2179,#2180);
#2179 = CARTESIAN_POINT('',(-0.,0.));
#2180 = VECTOR('',#2181,1.);
#2181 = DIRECTION('',(-0.,-1.));
#2182 = ( GEOMETRIC_REPRESENTATION_CONTEXT(2) 
PARAMETRIC_REPRESENTATION_CONTEXT() REPRESENTATION_CONTEXT('2D SPACE',''
  ) );
#2183 = ORIENTED_EDGE('',*,*,#2098,.F.);
#2184 = ORIENTED_EDGE('',*,*,#2163,.F.);
#2185 = ADVANCED_FACE('',(#2186),#2151,.F.);
#2186 = FACE_BOUND('',#2187,.F.);
#2187 = EDGE_LOOP('',(#2188));
#2188 = ORIENTED_EDGE('',*,*,#2134,.T.);
#2189 = ( GEOMETRIC_REPRESENTATION_CONTEXT(3) 
GLOBAL_UNCERTAINTY_ASSIGNED_CONTEXT((#2193)) 
GLOBAL_UNIT_ASSIGNED_CONTEXT((#2190,#2191,#2192)) REPRESENTATION_CONTEXT
('Context #1','3D Context with UNIT and UNCERTAINTY') );
#2190 = ( LENGTH_UNIT() NAMED_UNIT(*) SI_UNIT(.MILLI.,.METRE.) );
#2191 = ( NAMED_UNIT(*) PLANE_ANGLE_UNIT() SI_UNIT($,.RADIAN.) );
#2192 = ( NAMED_UNIT(*) SI_UNIT($,.STERADIAN.) SOLID_ANGLE_UNIT() );
#2193 = UNCERTAINTY_MEASURE_WITH_UNIT(LENGTH_MEASURE(1.E-07),#2190,
  'distance_accuracy_value','confusion accuracy');
#2194 = CONTEXT_DEPENDENT_SHAPE_REPRESENTATION(#2195,#2197);
#2195 = ( REPRESENTATION_RELATIONSHIP('','',#36,#10) 
REPRESENTATION_RELATIONSHIP_WITH_TRANSFORMATION(#2196) 
SHAPE_REPRESENTATION_RELATIONSHIP() );
#2196 = ITEM_DEFINED_TRANSFORMATION('','',#11,#15);
#2197 = PRODUCT_DEFINITION_SHAPE('Placement','Placement of an item',
  #2198);
#2198 = NEXT_ASSEMBLY_USAGE_OCCURRENCE('1','','',#5,#31,$);
#2199 = PRODUCT_RELATED_PRODUCT_CATEGORY('part',$,(#33));
#2200 = SHAPE_DEFINITION_REPRESENTATION(#2201,#2207);
#2201 = PRODUCT_DEFINITION_SHAPE('','',#2202);
#2202 = PRODUCT_DEFINITION('design','',#2203,#2206);
#2203 = PRODUCT_DEFINITION_FORMATION('','',#2204);
#2204 = PRODUCT('Open CASCADE STEP translator 7.8 2.2',
  'Open CASCADE STEP translator 7.8 2.2','',(#2205));
#2205 = PRODUCT_CONTEXT('',#2,'mechanical');
#2206 = PRODUCT_DEFINITION_CONTEXT('part definition',#2,'design');
#2207 = ADVANCED_BREP_SHAPE_REPRESENTATION('',(#11,#2208),#5958);
#2208 = MANIFOLD_SOLID_BREP('',#2209);
#2209 = CLOSED_SHELL('',(#2210,#4618,#5549,#5901,#5944,#5951));
#2210 = ADVANCED_FACE('',(#2211),#2511,.T.);
#2211 = FACE_BOUND('',#2212,.T.);
#2212 = EDGE_LOOP('',(#2213,#3681,#3707,#4594));
#2213 = ORIENTED_EDGE('',*,*,#2214,.F.);
#2214 = EDGE_CURVE('',#2215,#2217,#2219,.T.);
#2215 = VERTEX_POINT('',#2216);
#2216 = CARTESIAN_POINT('',(3.,-0.223221722725,12.974767696687));
#2217 = VERTEX_POINT('',#2218);
#2218 = CARTESIAN_POINT('',(1.139343328781,2.784187801925,
    244.97475384551));
#2219 = SURFACE_CURVE('',#2220,(#2510,#3096),.PCURVE_S1.);
#2220 = B_SPLINE_CURVE_WITH_KNOTS('',9,(#2221,#2222,#2223,#2224,#2225,
    #2226,#2227,#2228,#2229,#2230,#2231,#2232,#2233,#2234,#2235,#2236,
    #2237,#2238,#2239,#2240,#2241,#2242,#2243,#2244,#2245,#2246,#2247,
    #2248,#2249,#2250,#2251,#2252,#2253,#2254,#2255,#2256,#2257,#2258,
    #2259,#2260,#2261,#2262,#2263,#2264,#2265,#2266,#2267,#2268,#2269,
    #2270,#2271,#2272,#2273,#2274,#2275,#2276,#2277,#2278,#2279,#2280,
    #2281,#2282,#2283,#2284,#2285,#2286,#2287,#2288,#2289,#2290,#2291,
    #2292,#2293,#2294,#2295,#2296,#2297,#2298,#2299,#2300,#2301,#2302,
    #2303,#2304,#2305,#2306,#2307,#2308,#2309,#2310,#2311,#2312,#2313,
    #2314,#2315,#2316,#2317,#2318,#2319,#2320,#2321,#2322,#2323,#2324,
    #2325,#2326,#2327,#2328,#2329,#2330,#2331,#2332,#2333,#2334,#2335,
    #2336,#2337,#2338,#2339,#2340,#2341,#2342,#2343,#2344,#2345,#2346,
    #2347,#2348,#2349,#2350,#2351,#2352,#2353,#2354,#2355,#2356,#2357,
    #2358,#2359,#2360,#2361,#2362,#2363,#2364,#2365,#2366,#2367,#2368,
    #2369,#2370,#2371,#2372,#2373,#2374,#2375,#2376,#2377,#2378,#2379,
    #2380,#2381,#2382,#2383,#2384,#2385,#2386,#2387,#2388,#2389,#2390,
    #2391,#2392,#2393,#2394,#2395,#2396,#2397,#2398,#2399,#2400,#2401,
    #2402,#2403,#2404,#2405,#2406,#2407,#2408,#2409,#2410,#2411,#2412,
    #2413,#2414,#2415,#2416,#2417,#2418,#2419,#2420,#2421,#2422,#2423,
    #2424,#2425,#2426,#2427,#2428,#2429,#2430,#2431,#2432,#2433,#2434,
    #2435,#2436,#2437,#2438,#2439,#2440,#2441,#2442,#2443,#2444,#2445,
    #2446,#2447,#2448,#2449,#2450,#2451,#2452,#2453,#2454,#2455,#2456,
    #2457,#2458,#2459,#2460,#2461,#2462,#2463,#2464,#2465,#2466,#2467,
    #2468,#2469,#2470,#2471,#2472,#2473,#2474,#2475,#2476,#2477,#2478,
    #2479,#2480,#2481,#2482,#2483,#2484,#2485,#2486,#2487,#2488,#2489,
    #2490,#2491,#2492,#2493,#2494,#2495,#2496,#2497,#2498,#2499,#2500,
    #2501,#2502,#2503,#2504,#2505,#2506,#2507,#2508,#2509),
  .UNSPECIFIED.,.F.,.F.,(10,9,9,9,9,9,9,9,9,9,9,9,9,9,9,9,9,9,9,9,9,9,9,
    9,9,9,9,9,9,9,9,9,10),(0.,8.56232113701,17.12464227402,
    25.68696341103,34.24928454804,42.811605685051,51.373926822061,
    59.936247959071,68.498569096081,77.060890233091,85.623211370101,
    94.185532507111,102.74785364412,111.31017478113,119.87249591814,
    128.43481705515,136.99713819216,145.55945932917,154.12178046618,
    162.68410160319,171.2464227402,179.80874387721,188.37106501422,
    196.93338615123,205.49570728824,214.05802842525,222.62034956226,
    231.18267069927,239.74499183628,248.30731297329,256.8696341103,
    265.43195524731,273.99427638432),.PIECEWISE_BEZIER_KNOTS.);
#2221 = CARTESIAN_POINT('',(3.,-0.223221722725,12.974767696687));
#2222 = CARTESIAN_POINT('',(3.112965147132,1.295238790635,
    13.780261050134));
#2223 = CARTESIAN_POINT('',(2.361186318877,2.878273098306,14.58606904469
    ));
#2224 = CARTESIAN_POINT('',(0.704164638368,3.960480535333,
    15.391002642353));
#2225 = CARTESIAN_POINT('',(-1.478422683718,3.960342752489,
    16.197591374081));
#2226 = CARTESIAN_POINT('',(-3.332083933023,2.601720178083,
    17.001941320806));
#2227 = CARTESIAN_POINT('',(-3.988805626357,0.519933048267,
    17.808491346925));
#2228 = CARTESIAN_POINT('',(-3.45533417289,-1.385647505087,
    18.613483627764));
#2229 = CARTESIAN_POINT('',(-2.171860968289,-2.579024027284,
    19.419236301487));
#2230 = CARTESIAN_POINT('',(-0.689776888025,-2.928145451007,
    20.224767696693));
#2231 = CARTESIAN_POINT('',(0.79231721432,-3.277259367808,
    21.030261050111));
#2232 = CARTESIAN_POINT('',(2.473465861584,-2.78237730951,21.83606904474
    ));
#2233 = CARTESIAN_POINT('',(3.801564829412,-1.315050857015,
    22.641002642278));
#2234 = CARTESIAN_POINT('',(4.142860623008,0.84068674732,23.447591374166
    ));
#2235 = CARTESIAN_POINT('',(3.090941452931,2.884061746275,
    24.251941320736));
#2236 = CARTESIAN_POINT('',(1.137518483962,3.858361361807,
    25.058491346963));
#2237 = CARTESIAN_POINT('',(-0.828054532075,3.629556301607,
    25.863483627756));
#2238 = CARTESIAN_POINT('',(-2.207518053146,2.548569999808,
    26.669236301479));
#2239 = CARTESIAN_POINT('',(-2.784190243053,1.139347457105,
    27.474767696703));
#2240 = CARTESIAN_POINT('',(-3.360856586249,-0.269886158644,
    28.280261050076));
#2241 = CARTESIAN_POINT('',(-3.135056936598,-2.007753686372,
    29.086069044823));
#2242 = CARTESIAN_POINT('',(-1.893556159166,-3.549041980746,
    29.891002642136));
#2243 = CARTESIAN_POINT('',(0.182250313137,-4.22336751559,
    30.697591374349));
#2244 = CARTESIAN_POINT('',(2.365024387666,-3.50405349099,
    31.501941320554));
#2245 = CARTESIAN_POINT('',(3.632911435377,-1.727094439355,
    32.308491347101));
#2246 = CARTESIAN_POINT('',(3.714406708359,0.250072108317,
    33.113483627678));
#2247 = CARTESIAN_POINT('',(2.862524779721,1.781655658213,
    33.919236301509));
#2248 = CARTESIAN_POINT('',(1.56086351051,2.571679031114,34.724767696697
    ));
#2249 = CARTESIAN_POINT('',(0.259190389974,3.361698361505,
    35.530261050102));
#2250 = CARTESIAN_POINT('',(-1.492603952089,3.410541057231,
    36.33606904476));
#2251 = CARTESIAN_POINT('',(-3.209129939849,2.425435824341,
    37.141002642242));
#2252 = CARTESIAN_POINT('',(-4.19988108348,0.480673728616,
    37.947591374217));
#2253 = CARTESIAN_POINT('',(-3.830884102722,-1.787752279597,
    38.751941320674));
#2254 = CARTESIAN_POINT('',(-2.274143597816,-3.318007172429,
    39.55849134703));
#2255 = CARTESIAN_POINT('',(-0.334067920661,-3.707796094566,
    40.363483627697));
#2256 = CARTESIAN_POINT('',(1.311922987991,-3.105994699377,
    41.169236301522));
#2257 = CARTESIAN_POINT('',(2.295844546515,-1.943945924073,
    41.974767696679));
#2258 = CARTESIAN_POINT('',(3.279764498106,-0.781884777573,
    42.780259511138));
#2259 = CARTESIAN_POINT('',(3.602044149471,0.940701217302,43.58607537799
    ));
#2260 = CARTESIAN_POINT('',(2.897598570805,2.790198806242,
    44.390987129469));
#2261 = CARTESIAN_POINT('',(1.131752476356,4.072979042713,
    45.197618898047));
#2262 = CARTESIAN_POINT('',(-1.166446716823,4.063386454701,
    46.001903527472));
#2263 = CARTESIAN_POINT('',(-2.921416828416,2.765194896747,
    46.808532632941));
#2264 = CARTESIAN_POINT('',(-3.609874726772,0.909982874898,
    47.613447430896));
#2265 = CARTESIAN_POINT('',(-3.272993475879,-0.809886970008,
    48.419261634877));
#2266 = CARTESIAN_POINT('',(-2.279157150791,-1.963478448872,
    49.224753845493));
#2267 = CARTESIAN_POINT('',(-1.2853353876,-3.11707144747,50.030286383553
    ));
#2268 = CARTESIAN_POINT('',(0.365648076939,-3.704856497486,
    50.83603284773));
#2269 = CARTESIAN_POINT('',(2.302548784984,-3.298403130818,
    51.641043928531));
#2270 = CARTESIAN_POINT('',(3.845800981698,-1.754981690201,
    52.447553580546));
#2271 = CARTESIAN_POINT('',(4.195823613562,0.516444566102,
    53.251968844969));
#2272 = CARTESIAN_POINT('',(3.188165052315,2.452863659933,54.05847583388
    ));
#2273 = CARTESIAN_POINT('',(1.46348728909,3.423090834562,54.863489961172
    ));
#2274 = CARTESIAN_POINT('',(-0.287907228218,3.359383030423,
    55.669234762432));
#2275 = CARTESIAN_POINT('',(-1.582765589679,2.558257419741,
    56.474767696708));
#2276 = CARTESIAN_POINT('',(-2.877625197784,1.757119447572,
    57.280261050055));
#2277 = CARTESIAN_POINT('',(-3.716442347116,0.218433379644,
    58.086069044864));
#2278 = CARTESIAN_POINT('',(-3.617993648641,-1.758230891433,
    58.891002642083));
#2279 = CARTESIAN_POINT('',(-2.334989540084,-3.523900139895,
    59.697591374406));
#2280 = CARTESIAN_POINT('',(-0.14628604355,-4.224965279779,
    60.501941320495));
#2281 = CARTESIAN_POINT('',(1.92392644954,-3.532620516942,
    61.308491347163));
#2282 = CARTESIAN_POINT('',(3.152006848339,-1.980960898731,
    62.11348362762));
#2283 = CARTESIAN_POINT('',(3.36306211419,-0.241160144229,
    62.919236301553));
#2284 = CARTESIAN_POINT('',(2.774360114013,1.163079487932,
    63.724767696673));
#2285 = CARTESIAN_POINT('',(2.185646149845,2.567322815648,
    64.530261050193));
#2286 = CARTESIAN_POINT('',(0.797123772608,3.636516265895,
    65.336069044559));
#2287 = CARTESIAN_POINT('',(-1.170605250481,3.848498051924,
    66.141002642555));
#2288 = CARTESIAN_POINT('',(-3.115242242127,2.857501377553,
    66.947591373857));
#2289 = CARTESIAN_POINT('',(-4.150064767228,0.805415202789,
    67.75194132099));
#2290 = CARTESIAN_POINT('',(-3.790096501256,-1.347616121485,
    68.558491346818));
#2291 = CARTESIAN_POINT('',(-2.449654487983,-2.80330985519,
    69.363483627798));
#2292 = CARTESIAN_POINT('',(-0.764289885394,-3.283931480709,
    70.169236301495));
#2293 = CARTESIAN_POINT('',(0.71475450915,-2.922148854718,
    70.974767696676));
#2294 = CARTESIAN_POINT('',(2.193804425346,-2.560354990113,
    71.78026105017));
#2295 = CARTESIAN_POINT('',(3.467047085258,-1.356186332894,
    72.586069044603));
#2296 = CARTESIAN_POINT('',(3.98423966084,0.554155423394,73.391002642513
    ));
#2297 = CARTESIAN_POINT('',(3.309652047449,2.629876741312,
    74.197591373867));
#2298 = CARTESIAN_POINT('',(1.444712366873,3.972975886939,
    75.001941321017));
#2299 = CARTESIAN_POINT('',(-0.738123012148,3.954247731052,
    75.808491346777));
#2300 = CARTESIAN_POINT('',(-2.385586069699,2.858029453815,
    76.61348362783));
#2301 = CARTESIAN_POINT('',(-3.123939555447,1.268600273048,
    77.41923630148));
#2302 = CARTESIAN_POINT('',(-2.997984592563,-0.248829902219,
    78.224767696677));
#2303 = CARTESIAN_POINT('',(-2.872019745633,-1.766267688978,
    79.030259511131));
#2304 = CARTESIAN_POINT('',(-1.881853634399,-3.212206054051,
    79.836075377999));
#2305 = CARTESIAN_POINT('',(-7.594310182785E-02,-4.021880095312,
    80.640987129483));
#2306 = CARTESIAN_POINT('',(2.07976125009,-3.680300951421,
    81.447618897984));
#2307 = CARTESIAN_POINT('',(3.698050500049,-2.048445733293,
    82.251903527582));
#2308 = CARTESIAN_POINT('',(4.021041712838,0.110465587204,83.05853263282
    ));
#2309 = CARTESIAN_POINT('',(3.196021960147,1.909111836963,
    83.863447430988));
#2310 = CARTESIAN_POINT('',(1.741679313077,2.887032450046,
    84.669261634828));
#2311 = CARTESIAN_POINT('',(0.223218550807,2.99999640263,85.474753845511
    ));
#2312 = CARTESIAN_POINT('',(-1.295232989273,3.112971726622,
    86.280286383585));
#2313 = CARTESIAN_POINT('',(-2.878281387462,2.361176917959,
    87.086032847571));
#2314 = CARTESIAN_POINT('',(-3.960471080679,0.704175361002,
    87.891043928858));
#2315 = CARTESIAN_POINT('',(-3.960351407377,-1.478432499201,
    88.697553580095));
#2316 = CARTESIAN_POINT('',(-2.601713874887,-3.332076784703,
    89.501968845431));
#2317 = CARTESIAN_POINT('',(-0.519936600866,-3.988809655199,
    90.308475833514));
#2318 = CARTESIAN_POINT('',(1.385648955496,-3.455332528105,
    91.113489961403));
#2319 = CARTESIAN_POINT('',(2.579023674815,-2.171861367954,
    91.919234762317));
#2320 = CARTESIAN_POINT('',(2.92814545102,-0.689776888041,
    92.724767696752));
#2321 = CARTESIAN_POINT('',(3.277259367765,0.792317214375,
    93.530261049904));
#2322 = CARTESIAN_POINT('',(2.782377309581,2.473465861455,
    94.336069045177));
#2323 = CARTESIAN_POINT('',(1.315050856949,3.801564829623,
    95.141002641626));
#2324 = CARTESIAN_POINT('',(-0.840686747299,4.142860622761,
    95.947591374882));
#2325 = CARTESIAN_POINT('',(-2.884061746248,3.090941453136,
    96.751941320165));
#2326 = CARTESIAN_POINT('',(-3.858361361843,1.137518483847,
    97.55849134727));
#2327 = CARTESIAN_POINT('',(-3.629556301594,-0.82805453204,
    98.36348362768));
#2328 = CARTESIAN_POINT('',(-2.548569999799,-2.207518053144,
    99.169236301443));
#2329 = CARTESIAN_POINT('',(-1.139347457119,-2.784190243062,
    99.974767696752));
#2330 = CARTESIAN_POINT('',(0.269886158696,-3.360856586225,
    100.78026104988));
#2331 = CARTESIAN_POINT('',(2.007753686248,-3.135056936627,
    101.58606904528));
#2332 = CARTESIAN_POINT('',(3.549041980953,-1.893556159178,
    102.39100264133));
#2333 = CARTESIAN_POINT('',(4.223367515342,0.182250313237,
    103.19759137537));
#2334 = CARTESIAN_POINT('',(3.504053491208,2.365024387484,
    104.00194131954));
#2335 = CARTESIAN_POINT('',(1.727094439213,3.632911435569,
    104.80849134786));
#2336 = CARTESIAN_POINT('',(-0.250072108249,3.714406708223,
    105.61348362723));
#2337 = CARTESIAN_POINT('',(-1.781655658238,2.862524779786,
    106.4192363017));
#2338 = CARTESIAN_POINT('',(-2.571679031106,1.56086351049,
    107.22476769663));
#2339 = CARTESIAN_POINT('',(-3.361698361545,0.259190390056,
    108.03026105034));
#2340 = CARTESIAN_POINT('',(-3.410541057155,-1.492603952297,
    108.83606904418));
#2341 = CARTESIAN_POINT('',(-2.425435824408,-3.209129939479,
    109.6410026432));
#2342 = CARTESIAN_POINT('',(-0.480673728629,-4.199881083952,
    110.44759137305));
#2343 = CARTESIAN_POINT('',(1.787752279693,-3.830884102293,
    111.25194132168));
#2344 = CARTESIAN_POINT('',(3.318007172331,-2.274143598082,
    112.05849134645));
#2345 = CARTESIAN_POINT('',(3.707796094592,-0.334067920564,
    112.86348362781));
#2346 = CARTESIAN_POINT('',(3.105994699418,1.311922987986,
    113.66923630165));
#2347 = CARTESIAN_POINT('',(1.943945924018,2.295844546501,
    114.47476769651));
#2348 = CARTESIAN_POINT('',(0.781884777749,3.279764498132,115.2802595117
    ));
#2349 = CARTESIAN_POINT('',(-0.940701217676,3.602044149493,
    116.08607537676));
#2350 = CARTESIAN_POINT('',(-2.790198805673,2.897598570618,
    116.89098713142));
#2351 = CARTESIAN_POINT('',(-4.072979043343,1.131752476779,
    117.69761889567));
#2352 = CARTESIAN_POINT('',(-4.063386454196,-1.166446717394,
    118.50190352971));
#2353 = CARTESIAN_POINT('',(-2.76519489703,-2.921416827894,
    119.30853263128));
#2354 = CARTESIAN_POINT('',(-0.909982874797,-3.609874727107,
    120.11344743184));
#2355 = CARTESIAN_POINT('',(0.809886969989,-3.272993475731,
    120.91926163447));
#2356 = CARTESIAN_POINT('',(1.963478448874,-2.279157150831,
    121.7247538456));
#2357 = CARTESIAN_POINT('',(3.117071447463,-1.285335387544,
    122.5302863834));
#2358 = CARTESIAN_POINT('',(3.704856497523,0.365648076891,
    123.33603284784));
#2359 = CARTESIAN_POINT('',(3.298403130715,2.302548784999,
    124.14104392853));
#2360 = CARTESIAN_POINT('',(1.75498169038,3.845800981715,124.94755358038
    ));
#2361 = CARTESIAN_POINT('',(-0.516444566316,4.195823613542,
    125.75196884523));
#2362 = CARTESIAN_POINT('',(-2.452863659753,3.188165052319,
    126.55847583361));
#2363 = CARTESIAN_POINT('',(-3.423090834668,1.463487289099,
    127.36348996135));
#2364 = CARTESIAN_POINT('',(-3.359383030383,-0.287907228226,
    128.16923476235));
#2365 = CARTESIAN_POINT('',(-2.558257419746,-1.582765589678,
    128.97476769672));
#2366 = CARTESIAN_POINT('',(-1.757119447546,-2.877625197792,
    129.78026104995));
#2367 = CARTESIAN_POINT('',(-0.218433379699,-3.716442347082,
    130.58606904515));
#2368 = CARTESIAN_POINT('',(1.758230891497,-3.617993648721,
    131.39100264156));
#2369 = CARTESIAN_POINT('',(3.52390013986,-2.334989539956,
    132.19759137509));
#2370 = CARTESIAN_POINT('',(4.224965279764,-0.146286043701,
    133.00194131981));
#2371 = CARTESIAN_POINT('',(3.532620516986,1.923926449679,
    133.80849134769));
#2372 = CARTESIAN_POINT('',(1.980960898692,3.152006848235,
    134.61348362726));
#2373 = CARTESIAN_POINT('',(0.24116014425,3.363062114254,135.41923630175
    ));
#2374 = CARTESIAN_POINT('',(-1.163079487939,2.77436011398,
    136.22476769657));
#2375 = CARTESIAN_POINT('',(-2.567322815616,2.185646149958,
    137.03026105054));
#2376 = CARTESIAN_POINT('',(-3.636516266009,0.797123772374,
    137.83606904375));
#2377 = CARTESIAN_POINT('',(-3.84849805165,-1.170605250155,
    138.64100264388));
#2378 = CARTESIAN_POINT('',(-2.857501378004,-3.115242242433,
    139.44759137218));
#2379 = CARTESIAN_POINT('',(-0.805415202271,-4.15006476705,
    140.25194132257));
#2380 = CARTESIAN_POINT('',(1.347616121071,-3.790096501299,
    141.05849134569));
#2381 = CARTESIAN_POINT('',(2.803309855408,-2.449654488004,
    141.86348362835));
#2382 = CARTESIAN_POINT('',(3.283931480648,-0.764289885376,
    142.66923630133));
#2383 = CARTESIAN_POINT('',(2.922148854712,0.714754509152,
    143.47476769665));
#2384 = CARTESIAN_POINT('',(2.560354990107,2.19380442534,144.28026105017
    ));
#2385 = CARTESIAN_POINT('',(1.35618633293,3.467047085264,145.08606904467
    ));
#2386 = CARTESIAN_POINT('',(-0.554155423468,3.984239660853,
    145.89100264232));
#2387 = CARTESIAN_POINT('',(-2.629876741223,3.309652047392,
    146.69759137416));
#2388 = CARTESIAN_POINT('',(-3.972975887009,1.444712366965,
    147.5019413207));
#2389 = CARTESIAN_POINT('',(-3.954247731017,-0.73812301223,
    148.30849134698));
#2390 = CARTESIAN_POINT('',(-2.858029453827,-2.385586069663,
    149.11348362776));
#2391 = CARTESIAN_POINT('',(-1.26860027304,-3.123939555443,
    149.91923630145));
#2392 = CARTESIAN_POINT('',(0.24882990221,-2.997984592578,
    150.72476769673));
#2393 = CARTESIAN_POINT('',(1.766267689011,-2.872019745588,
    151.53025951095));
#2394 = CARTESIAN_POINT('',(3.212206053967,-1.881853634475,
    152.33607537838));
#2395 = CARTESIAN_POINT('',(4.021880095458,-7.594310174806E-02,
    153.14098712887));
#2396 = CARTESIAN_POINT('',(3.680300951242,2.079761250051,
    153.94761889868));
#2397 = CARTESIAN_POINT('',(2.048445733448,3.69805050003,154.75190352698
    ));
#2398 = CARTESIAN_POINT('',(-0.110465587294,4.021041712884,
    155.55853263318));
#2399 = CARTESIAN_POINT('',(-1.909111836935,3.196021960116,
    156.36344743085));
#2400 = CARTESIAN_POINT('',(-2.887032450043,1.741679313081,
    157.16926163483));
#2401 = CARTESIAN_POINT('',(-2.999996402639,0.223218550818,
    157.97475384554));
#2402 = CARTESIAN_POINT('',(-3.112971726685,-1.295232989217,
    158.78028638384));
#2403 = CARTESIAN_POINT('',(-2.361176917798,-2.878281387706,
    159.58603284671));
#2404 = CARTESIAN_POINT('',(-0.704175361188,-3.960471080145,
    160.3910439304));
#2405 = CARTESIAN_POINT('',(1.478432499282,-3.960351408142,
    161.19755357818));
#2406 = CARTESIAN_POINT('',(3.332076784773,-2.601713874135,
    162.00196884712));
#2407 = CARTESIAN_POINT('',(3.988809655067,-0.519936601361,
    162.80847583248));
#2408 = CARTESIAN_POINT('',(3.455332528182,1.385648955685,
    163.61348996174));
#2409 = CARTESIAN_POINT('',(2.171861367962,2.57902367481,164.41923476239
    ));
#2410 = CARTESIAN_POINT('',(0.689776887995,2.928145450979,
    165.22476769656));
#2411 = CARTESIAN_POINT('',(-0.792317214227,3.277259367869,
    166.03026105045));
#2412 = CARTESIAN_POINT('',(-2.473465861796,2.782377309435,
    166.83606904403));
#2413 = CARTESIAN_POINT('',(-3.801564829054,1.315050857039,
    167.64100264336));
#2414 = CARTESIAN_POINT('',(-4.142860623455,-0.840686747232,
    168.44759137285));
#2415 = CARTESIAN_POINT('',(-3.090941452517,-2.884061746469,
    169.25194132199));
#2416 = CARTESIAN_POINT('',(-1.137518484242,-3.858361361588,
    170.05849134601));
#2417 = CARTESIAN_POINT('',(0.828054532213,-3.629556301767,
    170.86348362832));
#2418 = CARTESIAN_POINT('',(2.207518053097,-2.548569999731,
    171.66923630123));
#2419 = CARTESIAN_POINT('',(2.784190243065,-1.139347457126,
    172.47476769677));
#2420 = CARTESIAN_POINT('',(3.360857081693,0.269886354871,
    173.28025951074));
#2421 = CARTESIAN_POINT('',(3.135054897638,2.00775287901,174.08607537891
    ));
#2422 = CARTESIAN_POINT('',(1.89356115355,3.549043958138,174.89098712793
    ));
#2423 = CARTESIAN_POINT('',(-0.18225917461,4.223364007388,
    175.69761889994));
#2424 = CARTESIAN_POINT('',(-2.365012219867,3.504058307904,
    176.50190352569));
#2425 = CARTESIAN_POINT('',(-3.632924727644,1.727089177458,
    177.30853263421));
#2426 = CARTESIAN_POINT('',(-3.714395054634,-0.25006749513,
    178.11344743021));
#2427 = CARTESIAN_POINT('',(-2.862532935851,-1.781658886844,
    178.91926163511));
#2428 = CARTESIAN_POINT('',(-1.560859051123,-2.571677265847,
    179.72475384547));
#2429 = CARTESIAN_POINT('',(-0.259198546184,-3.361701590162,
    180.53028638399));
#2430 = CARTESIAN_POINT('',(1.49261560608,-3.410536444092,
    181.33603284648));
#2431 = CARTESIAN_POINT('',(3.209116647061,-2.425441085896,
    182.14104393068));
#2432 = CARTESIAN_POINT('',(4.199893251983,-0.480668912477,
    182.94755357787));
#2433 = CARTESIAN_POINT('',(3.830875240566,1.787748772431,
    183.75196884741));
#2434 = CARTESIAN_POINT('',(2.274148592675,3.318009148909,
    184.55847583224));
#2435 = CARTESIAN_POINT('',(0.334065881471,3.707795287729,
    185.36348996189));
#2436 = CARTESIAN_POINT('',(-1.311922492478,3.105994895432,
    186.1692347623));
#2437 = CARTESIAN_POINT('',(-2.295844546509,1.943945924052,
    186.97476769661));
#2438 = CARTESIAN_POINT('',(-3.279764498108,0.781884777612,
    187.78025951126));
#2439 = CARTESIAN_POINT('',(-3.602044149486,-0.940701217359,
    188.58607537782));
#2440 = CARTESIAN_POINT('',(-2.897598570768,-2.790198806184,
    189.3909871296));
#2441 = CARTESIAN_POINT('',(-1.131752476393,-4.072979042748,
    190.19761889801));
#2442 = CARTESIAN_POINT('',(1.166446716829,-4.063386454697,
    191.00190352739));
#2443 = CARTESIAN_POINT('',(2.921416828444,-2.765194896734,
    191.80853263307));
#2444 = CARTESIAN_POINT('',(3.609874726735,-0.909982874911,
    192.61344743078));
#2445 = CARTESIAN_POINT('',(3.272993475905,0.809886970013,
    193.41926163494));
#2446 = CARTESIAN_POINT('',(2.279157150778,1.963478448872,
    194.22475384545));
#2447 = CARTESIAN_POINT('',(1.285335387573,3.117071447493,
    195.03028638339));
#2448 = CARTESIAN_POINT('',(-0.365648076838,3.704856497369,
    195.83603284832));
#2449 = CARTESIAN_POINT('',(-2.302548785136,3.298403131122,
    196.64104392733));
#2450 = CARTESIAN_POINT('',(-3.845800981578,1.754981689687,
    197.44755358223));
#2451 = CARTESIAN_POINT('',(-4.195823613584,-0.516444565478,
    198.25196884313));
#2452 = CARTESIAN_POINT('',(-3.188165052374,-2.452863660507,
    199.05847583548));
#2453 = CARTESIAN_POINT('',(-1.463487289021,-3.423090834147,199.86348996
    ));
#2454 = CARTESIAN_POINT('',(0.287907228181,-3.359383030664,
    200.66923476312));
#2455 = CARTESIAN_POINT('',(1.582765589687,-2.558257419631,
    201.47476769638));
#2456 = CARTESIAN_POINT('',(2.877625713867,-1.757119580513,
    202.28025951224));
#2457 = CARTESIAN_POINT('',(3.716440223388,-0.218432833349,
    203.08607537545));
#2458 = CARTESIAN_POINT('',(3.617998850452,1.758229554148,203.8909871336
    ));
#2459 = CARTESIAN_POINT('',(2.334980310658,3.52390251171,204.69761889294
    ));
#2460 = CARTESIAN_POINT('',(0.146298716786,4.22496202382,205.50190353233
    ));
#2461 = CARTESIAN_POINT('',(-1.923940294378,3.532624073262,
    206.30853262933));
#2462 = CARTESIAN_POINT('',(-3.151994709725,1.980957781033,
    207.11344743296));
#2463 = CARTESIAN_POINT('',(-3.363070609963,0.241162326178,
    207.91926163399));
#2464 = CARTESIAN_POINT('',(-2.774355468797,-1.163080680934,
    208.72475384574));
#2465 = CARTESIAN_POINT('',(-2.185654645851,-2.567320633655,
    209.53028638327));
#2466 = CARTESIAN_POINT('',(-0.79711163326,-3.636519383658,
    210.33603284784));
#2467 = CARTESIAN_POINT('',(1.170591404319,-3.848494495663,
    211.14104392873));
#2468 = CARTESIAN_POINT('',(3.115254916963,-2.857504633139,
    211.94755358008));
#2469 = CARTESIAN_POINT('',(4.150055536473,-0.805412831698,
    212.75196884543));
#2470 = CARTESIAN_POINT('',(3.790101703811,1.347614785058,
    213.55847583363));
#2471 = CARTESIAN_POINT('',(2.449652363991,2.80331040079,214.36348996115
    ));
#2472 = CARTESIAN_POINT('',(0.764290401536,3.28393134816,215.16923476257
    ));
#2473 = CARTESIAN_POINT('',(-0.714754509164,2.922148854683,
    215.97476769656));
#2474 = CARTESIAN_POINT('',(-2.193804425307,2.560354990213,
    216.78026105045));
#2475 = CARTESIAN_POINT('',(-3.467047085344,1.356186332712,
    217.58606904417));
#2476 = CARTESIAN_POINT('',(-3.984239660711,-0.554155423142,
    218.39100264286));
#2477 = CARTESIAN_POINT('',(-3.309652047557,-2.629876741603,
    219.19759137386));
#2478 = CARTESIAN_POINT('',(-1.444712366871,-3.972975886647,
    220.00194132056));
#2479 = CARTESIAN_POINT('',(0.738123012269,-3.954247731303,
    220.80849134751));
#2480 = CARTESIAN_POINT('',(2.385586069525,-2.858029453634,
    221.61348362709));
#2481 = CARTESIAN_POINT('',(3.123939555591,-1.268600273154,222.419236302
    ));
#2482 = CARTESIAN_POINT('',(2.99798459248,0.248829902269,223.22476769639
    ));
#2483 = CARTESIAN_POINT('',(2.872019745885,1.766267688791,
    224.03025951213));
#2484 = CARTESIAN_POINT('',(1.881853633964,3.212206054541,
    224.83607537584));
#2485 = CARTESIAN_POINT('',(7.594310229543E-02,4.021880094398,
    225.6409871328));
#2486 = CARTESIAN_POINT('',(-2.079761250362,3.680300952655,
    226.4476188941));
#2487 = CARTESIAN_POINT('',(-3.698050500074,2.048445732073,
    227.25190353109));
#2488 = CARTESIAN_POINT('',(-4.02104171262,-0.110465586314,
    228.05853263031));
#2489 = CARTESIAN_POINT('',(-3.196021960378,-1.909111837445,
    228.86344743242));
#2490 = CARTESIAN_POINT('',(-1.741679312934,-2.88703244985,
    229.66926163417));
#2491 = CARTESIAN_POINT('',(-0.223218550867,-2.999996402691,
    230.47475384574));
#2492 = CARTESIAN_POINT('',(1.295232989223,-3.112971726656,
    231.28028638381));
#2493 = CARTESIAN_POINT('',(2.878281387885,-2.361176917788,
    232.08603284623));
#2494 = CARTESIAN_POINT('',(3.960471079651,-0.704175361174,
    232.89104393162));
#2495 = CARTESIAN_POINT('',(3.960351408907,1.478432499145,
    233.69755357641));
#2496 = CARTESIAN_POINT('',(2.601713873351,3.33207678505,234.50196884892
    ));
#2497 = CARTESIAN_POINT('',(0.519936601907,3.98880965476,235.30847583114
    ));
#2498 = CARTESIAN_POINT('',(-1.385648955933,3.455332528388,
    236.11348996242));
#2499 = CARTESIAN_POINT('',(-2.579023674751,2.171861367891,
    236.9192347622));
#2500 = CARTESIAN_POINT('',(-2.928145450972,0.689776887988,
    237.72476769653));
#2501 = CARTESIAN_POINT('',(-3.277259826572,-0.792317485462,
    238.53025951144));
#2502 = CARTESIAN_POINT('',(-2.782375421807,-2.47346474558,
    239.33607537752));
#2503 = CARTESIAN_POINT('',(-1.315055480633,-3.801567563131,240.14098713
    ));
#2504 = CARTESIAN_POINT('',(0.840694950759,-4.142855772499,
    240.94761889756));
#2505 = CARTESIAN_POINT('',(2.884050482101,-3.090948113356,
    241.75190352782));
#2506 = CARTESIAN_POINT('',(3.858373666975,-1.137511207885,
    242.55853263271));
#2507 = CARTESIAN_POINT('',(3.629545513228,0.828048152816,
    243.36344743102));
#2508 = CARTESIAN_POINT('',(2.548577550368,2.207522517877,
    244.16926163481));
#2509 = CARTESIAN_POINT('',(1.139343328781,2.784187801925,
    244.97475384551));
#2510 = PCURVE('',#2511,#3090);
#2511 = B_SPLINE_SURFACE_WITH_KNOTS('',1,9,(
    (#2512,#2513,#2514,#2515,#2516,#2517,#2518,#2519,#2520,#2521,#2522
      ,#2523,#2524,#2525,#2526,#2527,#2528,#2529,#2530,#2531,#2532,#2533
      ,#2534,#2535,#2536,#2537,#2538,#2539,#2540,#2541,#2542,#2543,#2544
      ,#2545,#2546,#2547,#2548,#2549,#2550,#2551,#2552,#2553,#2554,#2555
      ,#2556,#2557,#2558,#2559,#2560,#2561,#2562,#2563,#2564,#2565,#2566
      ,#2567,#2568,#2569,#2570,#2571,#2572,#2573,#2574,#2575,#2576,#2577
      ,#2578,#2579,#2580,#2581,#2582,#2583,#2584,#2585,#2586,#2587,#2588
      ,#2589,#2590,#2591,#2592,#2593,#2594,#2595,#2596,#2597,#2598,#2599
      ,#2600,#2601,#2602,#2603,#2604,#2605,#2606,#2607,#2608,#2609,#2610
      ,#2611,#2612,#2613,#2614,#2615,#2616,#2617,#2618,#2619,#2620,#2621
      ,#2622,#2623,#2624,#2625,#2626,#2627,#2628,#2629,#2630,#2631,#2632
      ,#2633,#2634,#2635,#2636,#2637,#2638,#2639,#2640,#2641,#2642,#2643
      ,#2644,#2645,#2646,#2647,#2648,#2649,#2650,#2651,#2652,#2653,#2654
      ,#2655,#2656,#2657,#2658,#2659,#2660,#2661,#2662,#2663,#2664,#2665
      ,#2666,#2667,#2668,#2669,#2670,#2671,#2672,#2673,#2674,#2675,#2676
      ,#2677,#2678,#2679,#2680,#2681,#2682,#2683,#2684,#2685,#2686,#2687
      ,#2688,#2689,#2690,#2691,#2692,#2693,#2694,#2695,#2696,#2697,#2698
      ,#2699,#2700,#2701,#2702,#2703,#2704,#2705,#2706,#2707,#2708,#2709
      ,#2710,#2711,#2712,#2713,#2714,#2715,#2716,#2717,#2718,#2719,#2720
      ,#2721,#2722,#2723,#2724,#2725,#2726,#2727,#2728,#2729,#2730,#2731
      ,#2732,#2733,#2734,#2735,#2736,#2737,#2738,#2739,#2740,#2741,#2742
      ,#2743,#2744,#2745,#2746,#2747,#2748,#2749,#2750,#2751,#2752,#2753
      ,#2754,#2755,#2756,#2757,#2758,#2759,#2760,#2761,#2762,#2763,#2764
      ,#2765,#2766,#2767,#2768,#2769,#2770,#2771,#2772,#2773,#2774,#2775
      ,#2776,#2777,#2778,#2779,#2780,#2781,#2782,#2783,#2784,#2785,#2786
      ,#2787,#2788,#2789,#2790,#2791,#2792,#2793,#2794,#2795,#2796,#2797
      ,#2798,#2799,#2800)
    ,(#2801,#2802,#2803,#2804,#2805,#2806,#2807,#2808,#2809,#2810,#2811
      ,#2812,#2813,#2814,#2815,#2816,#2817,#2818,#2819,#2820,#2821,#2822
      ,#2823,#2824,#2825,#2826,#2827,#2828,#2829,#2830,#2831,#2832,#2833
      ,#2834,#2835,#2836,#2837,#2838,#2839,#2840,#2841,#2842,#2843,#2844
      ,#2845,#2846,#2847,#2848,#2849,#2850,#2851,#2852,#2853,#2854,#2855
      ,#2856,#2857,#2858,#2859,#2860,#2861,#2862,#2863,#2864,#2865,#2866
      ,#2867,#2868,#2869,#2870,#2871,#2872,#2873,#2874,#2875,#2876,#2877
      ,#2878,#2879,#2880,#2881,#2882,#2883,#2884,#2885,#2886,#2887,#2888
      ,#2889,#2890,#2891,#2892,#2893,#2894,#2895,#2896,#2897,#2898,#2899
      ,#2900,#2901,#2902,#2903,#2904,#2905,#2906,#2907,#2908,#2909,#2910
      ,#2911,#2912,#2913,#2914,#2915,#2916,#2917,#2918,#2919,#2920,#2921
      ,#2922,#2923,#2924,#2925,#2926,#2927,#2928,#2929,#2930,#2931,#2932
      ,#2933,#2934,#2935,#2936,#2937,#2938,#2939,#2940,#2941,#2942,#2943
      ,#2944,#2945,#2946,#2947,#2948,#2949,#2950,#2951,#2952,#2953,#2954
      ,#2955,#2956,#2957,#2958,#2959,#2960,#2961,#2962,#2963,#2964,#2965
      ,#2966,#2967,#2968,#2969,#2970,#2971,#2972,#2973,#2974,#2975,#2976
      ,#2977,#2978,#2979,#2980,#2981,#2982,#2983,#2984,#2985,#2986,#2987
      ,#2988,#2989,#2990,#2991,#2992,#2993,#2994,#2995,#2996,#2997,#2998
      ,#2999,#3000,#3001,#3002,#3003,#3004,#3005,#3006,#3007,#3008,#3009
      ,#3010,#3011,#3012,#3013,#3014,#3015,#3016,#3017,#3018,#3019,#3020
      ,#3021,#3022,#3023,#3024,#3025,#3026,#3027,#3028,#3029,#3030,#3031
      ,#3032,#3033,#3034,#3035,#3036,#3037,#3038,#3039,#3040,#3041,#3042
      ,#3043,#3044,#3045,#3046,#3047,#3048,#3049,#3050,#3051,#3052,#3053
      ,#3054,#3055,#3056,#3057,#3058,#3059,#3060,#3061,#3062,#3063,#3064
      ,#3065,#3066,#3067,#3068,#3069,#3070,#3071,#3072,#3073,#3074,#3075
      ,#3076,#3077,#3078,#3079,#3080,#3081,#3082,#3083,#3084,#3085,#3086
      ,#3087,#3088,#3089
    )),.UNSPECIFIED.,.F.,.F.,.F.,(2,2),(10,9,9,9,9,9,9,9,9,9,9,9,9,9,9,9
    ,9,9,9,9,9,9,9,9,9,9,9,9,9,9,9,9,10),(0.,7.9),(0.,8.56232113701,
    17.12464227402,25.68696341103,34.24928454804,42.811605685051,
    51.373926822061,59.936247959071,68.498569096081,77.060890233091,
    85.623211370101,94.185532507111,102.74785364412,111.31017478113,
    119.87249591814,128.43481705515,136.99713819216,145.55945932917,
    154.12178046618,162.68410160319,171.2464227402,179.80874387721,
    188.37106501422,196.93338615123,205.49570728824,214.05802842525,
    222.62034956226,231.18267069927,239.74499183628,248.30731297329,
    256.8696341103,265.43195524731,273.99427638432),
  .PIECEWISE_BEZIER_KNOTS.);
#2512 = CARTESIAN_POINT('',(3.,-0.223221722725,12.974767696687));
#2513 = CARTESIAN_POINT('',(3.112965147132,1.295238790635,
    13.780261050134));
#2514 = CARTESIAN_POINT('',(2.361186318877,2.878273098306,14.58606904469
    ));
#2515 = CARTESIAN_POINT('',(0.704164638368,3.960480535333,
    15.391002642353));
#2516 = CARTESIAN_POINT('',(-1.478422683718,3.960342752489,
    16.197591374081));
#2517 = CARTESIAN_POINT('',(-3.332083933023,2.601720178083,
    17.001941320806));
#2518 = CARTESIAN_POINT('',(-3.988805626357,0.519933048267,
    17.808491346925));
#2519 = CARTESIAN_POINT('',(-3.45533417289,-1.385647505087,
    18.613483627764));
#2520 = CARTESIAN_POINT('',(-2.171860968289,-2.579024027284,
    19.419236301487));
#2521 = CARTESIAN_POINT('',(-0.689776888025,-2.928145451007,
    20.224767696693));
#2522 = CARTESIAN_POINT('',(0.79231721432,-3.277259367808,
    21.030261050111));
#2523 = CARTESIAN_POINT('',(2.473465861584,-2.78237730951,21.83606904474
    ));
#2524 = CARTESIAN_POINT('',(3.801564829412,-1.315050857015,
    22.641002642278));
#2525 = CARTESIAN_POINT('',(4.142860623008,0.84068674732,23.447591374166
    ));
#2526 = CARTESIAN_POINT('',(3.090941452931,2.884061746275,
    24.251941320736));
#2527 = CARTESIAN_POINT('',(1.137518483962,3.858361361807,
    25.058491346963));
#2528 = CARTESIAN_POINT('',(-0.828054532075,3.629556301607,
    25.863483627756));
#2529 = CARTESIAN_POINT('',(-2.207518053146,2.548569999808,
    26.669236301479));
#2530 = CARTESIAN_POINT('',(-2.784190243053,1.139347457105,
    27.474767696703));
#2531 = CARTESIAN_POINT('',(-3.360856586249,-0.269886158644,
    28.280261050076));
#2532 = CARTESIAN_POINT('',(-3.135056936598,-2.007753686372,
    29.086069044823));
#2533 = CARTESIAN_POINT('',(-1.893556159166,-3.549041980746,
    29.891002642136));
#2534 = CARTESIAN_POINT('',(0.182250313137,-4.22336751559,
    30.697591374349));
#2535 = CARTESIAN_POINT('',(2.365024387666,-3.50405349099,
    31.501941320554));
#2536 = CARTESIAN_POINT('',(3.632911435377,-1.727094439355,
    32.308491347101));
#2537 = CARTESIAN_POINT('',(3.714406708359,0.250072108317,
    33.113483627678));
#2538 = CARTESIAN_POINT('',(2.862524779721,1.781655658213,
    33.919236301509));
#2539 = CARTESIAN_POINT('',(1.56086351051,2.571679031114,34.724767696697
    ));
#2540 = CARTESIAN_POINT('',(0.259190389974,3.361698361505,
    35.530261050102));
#2541 = CARTESIAN_POINT('',(-1.492603952089,3.410541057231,
    36.33606904476));
#2542 = CARTESIAN_POINT('',(-3.209129939849,2.425435824341,
    37.141002642242));
#2543 = CARTESIAN_POINT('',(-4.19988108348,0.480673728616,
    37.947591374217));
#2544 = CARTESIAN_POINT('',(-3.830884102722,-1.787752279597,
    38.751941320674));
#2545 = CARTESIAN_POINT('',(-2.274143597816,-3.318007172429,
    39.55849134703));
#2546 = CARTESIAN_POINT('',(-0.334067920661,-3.707796094566,
    40.363483627697));
#2547 = CARTESIAN_POINT('',(1.311922987991,-3.105994699377,
    41.169236301522));
#2548 = CARTESIAN_POINT('',(2.295844546515,-1.943945924073,
    41.974767696679));
#2549 = CARTESIAN_POINT('',(3.279764498106,-0.781884777573,
    42.780259511138));
#2550 = CARTESIAN_POINT('',(3.602044149471,0.940701217302,43.58607537799
    ));
#2551 = CARTESIAN_POINT('',(2.897598570805,2.790198806242,
    44.390987129469));
#2552 = CARTESIAN_POINT('',(1.131752476356,4.072979042713,
    45.197618898047));
#2553 = CARTESIAN_POINT('',(-1.166446716823,4.063386454701,
    46.001903527472));
#2554 = CARTESIAN_POINT('',(-2.921416828416,2.765194896747,
    46.808532632941));
#2555 = CARTESIAN_POINT('',(-3.609874726772,0.909982874898,
    47.613447430896));
#2556 = CARTESIAN_POINT('',(-3.272993475879,-0.809886970008,
    48.419261634877));
#2557 = CARTESIAN_POINT('',(-2.279157150791,-1.963478448872,
    49.224753845493));
#2558 = CARTESIAN_POINT('',(-1.2853353876,-3.11707144747,50.030286383553
    ));
#2559 = CARTESIAN_POINT('',(0.365648076939,-3.704856497486,
    50.83603284773));
#2560 = CARTESIAN_POINT('',(2.302548784984,-3.298403130818,
    51.641043928531));
#2561 = CARTESIAN_POINT('',(3.845800981698,-1.754981690201,
    52.447553580546));
#2562 = CARTESIAN_POINT('',(4.195823613562,0.516444566102,
    53.251968844969));
#2563 = CARTESIAN_POINT('',(3.188165052315,2.452863659933,54.05847583388
    ));
#2564 = CARTESIAN_POINT('',(1.46348728909,3.423090834562,54.863489961172
    ));
#2565 = CARTESIAN_POINT('',(-0.287907228218,3.359383030423,
    55.669234762432));
#2566 = CARTESIAN_POINT('',(-1.582765589679,2.558257419741,
    56.474767696708));
#2567 = CARTESIAN_POINT('',(-2.877625197784,1.757119447572,
    57.280261050055));
#2568 = CARTESIAN_POINT('',(-3.716442347116,0.218433379644,
    58.086069044864));
#2569 = CARTESIAN_POINT('',(-3.617993648641,-1.758230891433,
    58.891002642083));
#2570 = CARTESIAN_POINT('',(-2.334989540084,-3.523900139895,
    59.697591374406));
#2571 = CARTESIAN_POINT('',(-0.14628604355,-4.224965279779,
    60.501941320495));
#2572 = CARTESIAN_POINT('',(1.92392644954,-3.532620516942,
    61.308491347163));
#2573 = CARTESIAN_POINT('',(3.152006848339,-1.980960898731,
    62.11348362762));
#2574 = CARTESIAN_POINT('',(3.36306211419,-0.241160144229,
    62.919236301553));
#2575 = CARTESIAN_POINT('',(2.774360114013,1.163079487932,
    63.724767696673));
#2576 = CARTESIAN_POINT('',(2.185646149845,2.567322815648,
    64.530261050193));
#2577 = CARTESIAN_POINT('',(0.797123772608,3.636516265895,
    65.336069044559));
#2578 = CARTESIAN_POINT('',(-1.170605250481,3.848498051924,
    66.141002642555));
#2579 = CARTESIAN_POINT('',(-3.115242242127,2.857501377553,
    66.947591373857));
#2580 = CARTESIAN_POINT('',(-4.150064767228,0.805415202789,
    67.75194132099));
#2581 = CARTESIAN_POINT('',(-3.790096501256,-1.347616121485,
    68.558491346818));
#2582 = CARTESIAN_POINT('',(-2.449654487983,-2.80330985519,
    69.363483627798));
#2583 = CARTESIAN_POINT('',(-0.764289885394,-3.283931480709,
    70.169236301495));
#2584 = CARTESIAN_POINT('',(0.71475450915,-2.922148854718,
    70.974767696676));
#2585 = CARTESIAN_POINT('',(2.193804425346,-2.560354990113,
    71.78026105017));
#2586 = CARTESIAN_POINT('',(3.467047085258,-1.356186332894,
    72.586069044603));
#2587 = CARTESIAN_POINT('',(3.98423966084,0.554155423394,73.391002642513
    ));
#2588 = CARTESIAN_POINT('',(3.309652047449,2.629876741312,
    74.197591373867));
#2589 = CARTESIAN_POINT('',(1.444712366873,3.972975886939,
    75.001941321017));
#2590 = CARTESIAN_POINT('',(-0.738123012148,3.954247731052,
    75.808491346777));
#2591 = CARTESIAN_POINT('',(-2.385586069699,2.858029453815,
    76.61348362783));
#2592 = CARTESIAN_POINT('',(-3.123939555447,1.268600273048,
    77.41923630148));
#2593 = CARTESIAN_POINT('',(-2.997984592563,-0.248829902219,
    78.224767696677));
#2594 = CARTESIAN_POINT('',(-2.872019745633,-1.766267688978,
    79.030259511131));
#2595 = CARTESIAN_POINT('',(-1.881853634399,-3.212206054051,
    79.836075377999));
#2596 = CARTESIAN_POINT('',(-7.594310182785E-02,-4.021880095312,
    80.640987129483));
#2597 = CARTESIAN_POINT('',(2.07976125009,-3.680300951421,
    81.447618897984));
#2598 = CARTESIAN_POINT('',(3.698050500049,-2.048445733293,
    82.251903527582));
#2599 = CARTESIAN_POINT('',(4.021041712838,0.110465587204,83.05853263282
    ));
#2600 = CARTESIAN_POINT('',(3.196021960147,1.909111836963,
    83.863447430988));
#2601 = CARTESIAN_POINT('',(1.741679313077,2.887032450046,
    84.669261634828));
#2602 = CARTESIAN_POINT('',(0.223218550807,2.99999640263,85.474753845511
    ));
#2603 = CARTESIAN_POINT('',(-1.295232989273,3.112971726622,
    86.280286383585));
#2604 = CARTESIAN_POINT('',(-2.878281387462,2.361176917959,
    87.086032847571));
#2605 = CARTESIAN_POINT('',(-3.960471080679,0.704175361002,
    87.891043928858));
#2606 = CARTESIAN_POINT('',(-3.960351407377,-1.478432499201,
    88.697553580095));
#2607 = CARTESIAN_POINT('',(-2.601713874887,-3.332076784703,
    89.501968845431));
#2608 = CARTESIAN_POINT('',(-0.519936600866,-3.988809655199,
    90.308475833514));
#2609 = CARTESIAN_POINT('',(1.385648955496,-3.455332528105,
    91.113489961403));
#2610 = CARTESIAN_POINT('',(2.579023674815,-2.171861367954,
    91.919234762317));
#2611 = CARTESIAN_POINT('',(2.92814545102,-0.689776888041,
    92.724767696752));
#2612 = CARTESIAN_POINT('',(3.277259367765,0.792317214375,
    93.530261049904));
#2613 = CARTESIAN_POINT('',(2.782377309581,2.473465861455,
    94.336069045177));
#2614 = CARTESIAN_POINT('',(1.315050856949,3.801564829623,
    95.141002641626));
#2615 = CARTESIAN_POINT('',(-0.840686747299,4.142860622761,
    95.947591374882));
#2616 = CARTESIAN_POINT('',(-2.884061746248,3.090941453136,
    96.751941320165));
#2617 = CARTESIAN_POINT('',(-3.858361361843,1.137518483847,
    97.55849134727));
#2618 = CARTESIAN_POINT('',(-3.629556301594,-0.82805453204,
    98.36348362768));
#2619 = CARTESIAN_POINT('',(-2.548569999799,-2.207518053144,
    99.169236301443));
#2620 = CARTESIAN_POINT('',(-1.139347457119,-2.784190243062,
    99.974767696752));
#2621 = CARTESIAN_POINT('',(0.269886158696,-3.360856586225,
    100.78026104988));
#2622 = CARTESIAN_POINT('',(2.007753686248,-3.135056936627,
    101.58606904528));
#2623 = CARTESIAN_POINT('',(3.549041980953,-1.893556159178,
    102.39100264133));
#2624 = CARTESIAN_POINT('',(4.223367515342,0.182250313237,
    103.19759137537));
#2625 = CARTESIAN_POINT('',(3.504053491208,2.365024387484,
    104.00194131954));
#2626 = CARTESIAN_POINT('',(1.727094439213,3.632911435569,
    104.80849134786));
#2627 = CARTESIAN_POINT('',(-0.250072108249,3.714406708223,
    105.61348362723));
#2628 = CARTESIAN_POINT('',(-1.781655658238,2.862524779786,
    106.4192363017));
#2629 = CARTESIAN_POINT('',(-2.571679031106,1.56086351049,
    107.22476769663));
#2630 = CARTESIAN_POINT('',(-3.361698361545,0.259190390056,
    108.03026105034));
#2631 = CARTESIAN_POINT('',(-3.410541057155,-1.492603952297,
    108.83606904418));
#2632 = CARTESIAN_POINT('',(-2.425435824408,-3.209129939479,
    109.6410026432));
#2633 = CARTESIAN_POINT('',(-0.480673728629,-4.199881083952,
    110.44759137305));
#2634 = CARTESIAN_POINT('',(1.787752279693,-3.830884102293,
    111.25194132168));
#2635 = CARTESIAN_POINT('',(3.318007172331,-2.274143598082,
    112.05849134645));
#2636 = CARTESIAN_POINT('',(3.707796094592,-0.334067920564,
    112.86348362781));
#2637 = CARTESIAN_POINT('',(3.105994699418,1.311922987986,
    113.66923630165));
#2638 = CARTESIAN_POINT('',(1.943945924018,2.295844546501,
    114.47476769651));
#2639 = CARTESIAN_POINT('',(0.781884777749,3.279764498132,115.2802595117
    ));
#2640 = CARTESIAN_POINT('',(-0.940701217676,3.602044149493,
    116.08607537676));
#2641 = CARTESIAN_POINT('',(-2.790198805673,2.897598570618,
    116.89098713142));
#2642 = CARTESIAN_POINT('',(-4.072979043343,1.131752476779,
    117.69761889567));
#2643 = CARTESIAN_POINT('',(-4.063386454196,-1.166446717394,
    118.50190352971));
#2644 = CARTESIAN_POINT('',(-2.76519489703,-2.921416827894,
    119.30853263128));
#2645 = CARTESIAN_POINT('',(-0.909982874797,-3.609874727107,
    120.11344743184));
#2646 = CARTESIAN_POINT('',(0.809886969989,-3.272993475731,
    120.91926163447));
#2647 = CARTESIAN_POINT('',(1.963478448874,-2.279157150831,
    121.7247538456));
#2648 = CARTESIAN_POINT('',(3.117071447463,-1.285335387544,
    122.5302863834));
#2649 = CARTESIAN_POINT('',(3.704856497523,0.365648076891,
    123.33603284784));
#2650 = CARTESIAN_POINT('',(3.298403130715,2.302548784999,
    124.14104392853));
#2651 = CARTESIAN_POINT('',(1.75498169038,3.845800981715,124.94755358038
    ));
#2652 = CARTESIAN_POINT('',(-0.516444566316,4.195823613542,
    125.75196884523));
#2653 = CARTESIAN_POINT('',(-2.452863659753,3.188165052319,
    126.55847583361));
#2654 = CARTESIAN_POINT('',(-3.423090834668,1.463487289099,
    127.36348996135));
#2655 = CARTESIAN_POINT('',(-3.359383030383,-0.287907228226,
    128.16923476235));
#2656 = CARTESIAN_POINT('',(-2.558257419746,-1.582765589678,
    128.97476769672));
#2657 = CARTESIAN_POINT('',(-1.757119447546,-2.877625197792,
    129.78026104995));
#2658 = CARTESIAN_POINT('',(-0.218433379699,-3.716442347082,
    130.58606904515));
#2659 = CARTESIAN_POINT('',(1.758230891497,-3.617993648721,
    131.39100264156));
#2660 = CARTESIAN_POINT('',(3.52390013986,-2.334989539956,
    132.19759137509));
#2661 = CARTESIAN_POINT('',(4.224965279764,-0.146286043701,
    133.00194131981));
#2662 = CARTESIAN_POINT('',(3.532620516986,1.923926449679,
    133.80849134769));
#2663 = CARTESIAN_POINT('',(1.980960898692,3.152006848235,
    134.61348362726));
#2664 = CARTESIAN_POINT('',(0.24116014425,3.363062114254,135.41923630175
    ));
#2665 = CARTESIAN_POINT('',(-1.163079487939,2.77436011398,
    136.22476769657));
#2666 = CARTESIAN_POINT('',(-2.567322815616,2.185646149958,
    137.03026105054));
#2667 = CARTESIAN_POINT('',(-3.636516266009,0.797123772374,
    137.83606904375));
#2668 = CARTESIAN_POINT('',(-3.84849805165,-1.170605250155,
    138.64100264388));
#2669 = CARTESIAN_POINT('',(-2.857501378004,-3.115242242433,
    139.44759137218));
#2670 = CARTESIAN_POINT('',(-0.805415202271,-4.15006476705,
    140.25194132257));
#2671 = CARTESIAN_POINT('',(1.347616121071,-3.790096501299,
    141.05849134569));
#2672 = CARTESIAN_POINT('',(2.803309855408,-2.449654488004,
    141.86348362835));
#2673 = CARTESIAN_POINT('',(3.283931480648,-0.764289885376,
    142.66923630133));
#2674 = CARTESIAN_POINT('',(2.922148854712,0.714754509152,
    143.47476769665));
#2675 = CARTESIAN_POINT('',(2.560354990107,2.19380442534,144.28026105017
    ));
#2676 = CARTESIAN_POINT('',(1.35618633293,3.467047085264,145.08606904467
    ));
#2677 = CARTESIAN_POINT('',(-0.554155423468,3.984239660853,
    145.89100264232));
#2678 = CARTESIAN_POINT('',(-2.629876741223,3.309652047392,
    146.69759137416));
#2679 = CARTESIAN_POINT('',(-3.972975887009,1.444712366965,
    147.5019413207));
#2680 = CARTESIAN_POINT('',(-3.954247731017,-0.73812301223,
    148.30849134698));
#2681 = CARTESIAN_POINT('',(-2.858029453827,-2.385586069663,
    149.11348362776));
#2682 = CARTESIAN_POINT('',(-1.26860027304,-3.123939555443,
    149.91923630145));
#2683 = CARTESIAN_POINT('',(0.24882990221,-2.997984592578,
    150.72476769673));
#2684 = CARTESIAN_POINT('',(1.766267689011,-2.872019745588,
    151.53025951095));
#2685 = CARTESIAN_POINT('',(3.212206053967,-1.881853634475,
    152.33607537838));
#2686 = CARTESIAN_POINT('',(4.021880095458,-7.594310174806E-02,
    153.14098712887));
#2687 = CARTESIAN_POINT('',(3.680300951242,2.079761250051,
    153.94761889868));
#2688 = CARTESIAN_POINT('',(2.048445733448,3.69805050003,154.75190352698
    ));
#2689 = CARTESIAN_POINT('',(-0.110465587294,4.021041712884,
    155.55853263318));
#2690 = CARTESIAN_POINT('',(-1.909111836935,3.196021960116,
    156.36344743085));
#2691 = CARTESIAN_POINT('',(-2.887032450043,1.741679313081,
    157.16926163483));
#2692 = CARTESIAN_POINT('',(-2.999996402639,0.223218550818,
    157.97475384554));
#2693 = CARTESIAN_POINT('',(-3.112971726685,-1.295232989217,
    158.78028638384));
#2694 = CARTESIAN_POINT('',(-2.361176917798,-2.878281387706,
    159.58603284671));
#2695 = CARTESIAN_POINT('',(-0.704175361188,-3.960471080145,
    160.3910439304));
#2696 = CARTESIAN_POINT('',(1.478432499282,-3.960351408142,
    161.19755357818));
#2697 = CARTESIAN_POINT('',(3.332076784773,-2.601713874135,
    162.00196884712));
#2698 = CARTESIAN_POINT('',(3.988809655067,-0.519936601361,
    162.80847583248));
#2699 = CARTESIAN_POINT('',(3.455332528182,1.385648955685,
    163.61348996174));
#2700 = CARTESIAN_POINT('',(2.171861367962,2.57902367481,164.41923476239
    ));
#2701 = CARTESIAN_POINT('',(0.689776887995,2.928145450979,
    165.22476769656));
#2702 = CARTESIAN_POINT('',(-0.792317214227,3.277259367869,
    166.03026105045));
#2703 = CARTESIAN_POINT('',(-2.473465861796,2.782377309435,
    166.83606904403));
#2704 = CARTESIAN_POINT('',(-3.801564829054,1.315050857039,
    167.64100264336));
#2705 = CARTESIAN_POINT('',(-4.142860623455,-0.840686747232,
    168.44759137285));
#2706 = CARTESIAN_POINT('',(-3.090941452517,-2.884061746469,
    169.25194132199));
#2707 = CARTESIAN_POINT('',(-1.137518484242,-3.858361361588,
    170.05849134601));
#2708 = CARTESIAN_POINT('',(0.828054532213,-3.629556301767,
    170.86348362832));
#2709 = CARTESIAN_POINT('',(2.207518053097,-2.548569999731,
    171.66923630123));
#2710 = CARTESIAN_POINT('',(2.784190243065,-1.139347457126,
    172.47476769677));
#2711 = CARTESIAN_POINT('',(3.360857081693,0.269886354871,
    173.28025951074));
#2712 = CARTESIAN_POINT('',(3.135054897638,2.00775287901,174.08607537891
    ));
#2713 = CARTESIAN_POINT('',(1.89356115355,3.549043958138,174.89098712793
    ));
#2714 = CARTESIAN_POINT('',(-0.18225917461,4.223364007388,
    175.69761889994));
#2715 = CARTESIAN_POINT('',(-2.365012219867,3.504058307904,
    176.50190352569));
#2716 = CARTESIAN_POINT('',(-3.632924727644,1.727089177458,
    177.30853263421));
#2717 = CARTESIAN_POINT('',(-3.714395054634,-0.25006749513,
    178.11344743021));
#2718 = CARTESIAN_POINT('',(-2.862532935851,-1.781658886844,
    178.91926163511));
#2719 = CARTESIAN_POINT('',(-1.560859051123,-2.571677265847,
    179.72475384547));
#2720 = CARTESIAN_POINT('',(-0.259198546184,-3.361701590162,
    180.53028638399));
#2721 = CARTESIAN_POINT('',(1.49261560608,-3.410536444092,
    181.33603284648));
#2722 = CARTESIAN_POINT('',(3.209116647061,-2.425441085896,
    182.14104393068));
#2723 = CARTESIAN_POINT('',(4.199893251983,-0.480668912477,
    182.94755357787));
#2724 = CARTESIAN_POINT('',(3.830875240566,1.787748772431,
    183.75196884741));
#2725 = CARTESIAN_POINT('',(2.274148592675,3.318009148909,
    184.55847583224));
#2726 = CARTESIAN_POINT('',(0.334065881471,3.707795287729,
    185.36348996189));
#2727 = CARTESIAN_POINT('',(-1.311922492478,3.105994895432,
    186.1692347623));
#2728 = CARTESIAN_POINT('',(-2.295844546509,1.943945924052,
    186.97476769661));
#2729 = CARTESIAN_POINT('',(-3.279764498108,0.781884777612,
    187.78025951126));
#2730 = CARTESIAN_POINT('',(-3.602044149486,-0.940701217359,
    188.58607537782));
#2731 = CARTESIAN_POINT('',(-2.897598570768,-2.790198806184,
    189.3909871296));
#2732 = CARTESIAN_POINT('',(-1.131752476393,-4.072979042748,
    190.19761889801));
#2733 = CARTESIAN_POINT('',(1.166446716829,-4.063386454697,
    191.00190352739));
#2734 = CARTESIAN_POINT('',(2.921416828444,-2.765194896734,
    191.80853263307));
#2735 = CARTESIAN_POINT('',(3.609874726735,-0.909982874911,
    192.61344743078));
#2736 = CARTESIAN_POINT('',(3.272993475905,0.809886970013,
    193.41926163494));
#2737 = CARTESIAN_POINT('',(2.279157150778,1.963478448872,
    194.22475384545));
#2738 = CARTESIAN_POINT('',(1.285335387573,3.117071447493,
    195.03028638339));
#2739 = CARTESIAN_POINT('',(-0.365648076838,3.704856497369,
    195.83603284832));
#2740 = CARTESIAN_POINT('',(-2.302548785136,3.298403131122,
    196.64104392733));
#2741 = CARTESIAN_POINT('',(-3.845800981578,1.754981689687,
    197.44755358223));
#2742 = CARTESIAN_POINT('',(-4.195823613584,-0.516444565478,
    198.25196884313));
#2743 = CARTESIAN_POINT('',(-3.188165052374,-2.452863660507,
    199.05847583548));
#2744 = CARTESIAN_POINT('',(-1.463487289021,-3.423090834147,199.86348996
    ));
#2745 = CARTESIAN_POINT('',(0.287907228181,-3.359383030664,
    200.66923476312));
#2746 = CARTESIAN_POINT('',(1.582765589687,-2.558257419631,
    201.47476769638));
#2747 = CARTESIAN_POINT('',(2.877625713867,-1.757119580513,
    202.28025951224));
#2748 = CARTESIAN_POINT('',(3.716440223388,-0.218432833349,
    203.08607537545));
#2749 = CARTESIAN_POINT('',(3.617998850452,1.758229554148,203.8909871336
    ));
#2750 = CARTESIAN_POINT('',(2.334980310658,3.52390251171,204.69761889294
    ));
#2751 = CARTESIAN_POINT('',(0.146298716786,4.22496202382,205.50190353233
    ));
#2752 = CARTESIAN_POINT('',(-1.923940294378,3.532624073262,
    206.30853262933));
#2753 = CARTESIAN_POINT('',(-3.151994709725,1.980957781033,
    207.11344743296));
#2754 = CARTESIAN_POINT('',(-3.363070609963,0.241162326178,
    207.91926163399));
#2755 = CARTESIAN_POINT('',(-2.774355468797,-1.163080680934,
    208.72475384574));
#2756 = CARTESIAN_POINT('',(-2.185654645851,-2.567320633655,
    209.53028638327));
#2757 = CARTESIAN_POINT('',(-0.79711163326,-3.636519383658,
    210.33603284784));
#2758 = CARTESIAN_POINT('',(1.170591404319,-3.848494495663,
    211.14104392873));
#2759 = CARTESIAN_POINT('',(3.115254916963,-2.857504633139,
    211.94755358008));
#2760 = CARTESIAN_POINT('',(4.150055536473,-0.805412831698,
    212.75196884543));
#2761 = CARTESIAN_POINT('',(3.790101703811,1.347614785058,
    213.55847583363));
#2762 = CARTESIAN_POINT('',(2.449652363991,2.80331040079,214.36348996115
    ));
#2763 = CARTESIAN_POINT('',(0.764290401536,3.28393134816,215.16923476257
    ));
#2764 = CARTESIAN_POINT('',(-0.714754509164,2.922148854683,
    215.97476769656));
#2765 = CARTESIAN_POINT('',(-2.193804425307,2.560354990213,
    216.78026105045));
#2766 = CARTESIAN_POINT('',(-3.467047085344,1.356186332712,
    217.58606904417));
#2767 = CARTESIAN_POINT('',(-3.984239660711,-0.554155423142,
    218.39100264286));
#2768 = CARTESIAN_POINT('',(-3.309652047557,-2.629876741603,
    219.19759137386));
#2769 = CARTESIAN_POINT('',(-1.444712366871,-3.972975886647,
    220.00194132056));
#2770 = CARTESIAN_POINT('',(0.738123012269,-3.954247731303,
    220.80849134751));
#2771 = CARTESIAN_POINT('',(2.385586069525,-2.858029453634,
    221.61348362709));
#2772 = CARTESIAN_POINT('',(3.123939555591,-1.268600273154,222.419236302
    ));
#2773 = CARTESIAN_POINT('',(2.99798459248,0.248829902269,223.22476769639
    ));
#2774 = CARTESIAN_POINT('',(2.872019745885,1.766267688791,
    224.03025951213));
#2775 = CARTESIAN_POINT('',(1.881853633964,3.212206054541,
    224.83607537584));
#2776 = CARTESIAN_POINT('',(7.594310229543E-02,4.021880094398,
    225.6409871328));
#2777 = CARTESIAN_POINT('',(-2.079761250362,3.680300952655,
    226.4476188941));
#2778 = CARTESIAN_POINT('',(-3.698050500074,2.048445732073,
    227.25190353109));
#2779 = CARTESIAN_POINT('',(-4.02104171262,-0.110465586314,
    228.05853263031));
#2780 = CARTESIAN_POINT('',(-3.196021960378,-1.909111837445,
    228.86344743242));
#2781 = CARTESIAN_POINT('',(-1.741679312934,-2.88703244985,
    229.66926163417));
#2782 = CARTESIAN_POINT('',(-0.223218550867,-2.999996402691,
    230.47475384574));
#2783 = CARTESIAN_POINT('',(1.295232989223,-3.112971726656,
    231.28028638381));
#2784 = CARTESIAN_POINT('',(2.878281387885,-2.361176917788,
    232.08603284623));
#2785 = CARTESIAN_POINT('',(3.960471079651,-0.704175361174,
    232.89104393162));
#2786 = CARTESIAN_POINT('',(3.960351408907,1.478432499145,
    233.69755357641));
#2787 = CARTESIAN_POINT('',(2.601713873351,3.33207678505,234.50196884892
    ));
#2788 = CARTESIAN_POINT('',(0.519936601907,3.98880965476,235.30847583114
    ));
#2789 = CARTESIAN_POINT('',(-1.385648955933,3.455332528388,
    236.11348996242));
#2790 = CARTESIAN_POINT('',(-2.579023674751,2.171861367891,
    236.9192347622));
#2791 = CARTESIAN_POINT('',(-2.928145450972,0.689776887988,
    237.72476769653));
#2792 = CARTESIAN_POINT('',(-3.277259826572,-0.792317485462,
    238.53025951144));
#2793 = CARTESIAN_POINT('',(-2.782375421807,-2.47346474558,
    239.33607537752));
#2794 = CARTESIAN_POINT('',(-1.315055480633,-3.801567563131,240.14098713
    ));
#2795 = CARTESIAN_POINT('',(0.840694950759,-4.142855772499,
    240.94761889756));
#2796 = CARTESIAN_POINT('',(2.884050482101,-3.090948113356,
    241.75190352782));
#2797 = CARTESIAN_POINT('',(3.858373666975,-1.137511207885,
    242.55853263271));
#2798 = CARTESIAN_POINT('',(3.629545513228,0.828048152816,
    243.36344743102));
#2799 = CARTESIAN_POINT('',(2.548577550368,2.207522517877,
    244.16926163481));
#2800 = CARTESIAN_POINT('',(1.139343328781,2.784187801925,
    244.97475384551));
#2801 = CARTESIAN_POINT('',(10.9,-0.223221722725,12.974767696687));
#2802 = CARTESIAN_POINT('',(11.012965843326,5.293737459049,
    13.780385058164));
#2803 = CARTESIAN_POINT('',(7.983797398522,10.876461296995,
    14.585689837783));
#2804 = CARTESIAN_POINT('',(1.776558346699,14.468854801871,
    15.391864304222));
#2805 = CARTESIAN_POINT('',(-6.121638066165,14.044560744469,
    16.19638934764));
#2806 = CARTESIAN_POINT('',(-12.56576750863,8.765281224221,
    17.003150510921));
#2807 = CARTESIAN_POINT('',(-14.53558191058,1.104632723163,
    17.807708933737));
#2808 = CARTESIAN_POINT('',(-12.23460863955,-5.687841063085,
    18.613830809931));
#2809 = CARTESIAN_POINT('',(-7.356981089069,-9.756252922074,
    19.419187584669));
#2810 = CARTESIAN_POINT('',(-1.925609161841,-10.7308833417,
    20.22476769668));
#2811 = CARTESIAN_POINT('',(3.505755346264,-11.70550094628,
    21.030385058187));
#2812 = CARTESIAN_POINT('',(9.493612934954,-9.586957008738,
    21.835689837736));
#2813 = CARTESIAN_POINT('',(14.012804234989,-4.018113526066,
    22.641864304291));
#2814 = CARTESIAN_POINT('',(14.829284072145,3.849217196466,
    23.446389347565));
#2815 = CARTESIAN_POINT('',(10.623085185233,11.039869979712,
    24.253150510981));
#2816 = CARTESIAN_POINT('',(3.364898841539,14.183822147707,
    25.057708933705));
#2817 = CARTESIAN_POINT('',(-3.703899843663,12.973754678985,
    25.863830809938));
#2818 = CARTESIAN_POINT('',(-8.485251858047,8.792618650312,
    26.669187584677));
#2819 = CARTESIAN_POINT('',(-10.29753672178,3.580581712661,
    27.47476769667));
#2820 = CARTESIAN_POINT('',(-12.10980776761,-1.631449901921,
    28.28038505822));
#2821 = CARTESIAN_POINT('',(-10.95405392012,-7.877000314952,
    29.085689837662));
#2822 = CARTESIAN_POINT('',(-6.160729415058,-13.21171192202,
    29.891864304414));
#2823 = CARTESIAN_POINT('',(1.482015824567,-15.24886121036,
    30.696389347406));
#2824 = CARTESIAN_POINT('',(9.242134212656,-12.21931353302,
    31.50315051114));
#2825 = CARTESIAN_POINT('',(13.482809610154,-5.542309982942,
    32.307708933582));
#2826 = CARTESIAN_POINT('',(13.393443820789,1.628756317528,
    33.113830810009));
#2827 = CARTESIAN_POINT('',(10.011752759356,7.005315732351,
    33.919187584648));
#2828 = CARTESIAN_POINT('',(5.147388458449,9.610630572204,
    34.724767696676));
#2829 = CARTESIAN_POINT('',(0.283027253472,12.215930931582,
    35.530385058194));
#2830 = CARTESIAN_POINT('',(-6.066429804922,12.051425669519,
    36.33568983772));
#2831 = CARTESIAN_POINT('',(-12.08530341438,8.151647699645,
    37.141864304322));
#2832 = CARTESIAN_POINT('',(-15.29296077752,0.921677695361,
    37.946389347517));
#2833 = CARTESIAN_POINT('',(-13.51466182802,-7.216826428313,
    38.753150511044));
#2834 = CARTESIAN_POINT('',(-7.583251058727,-12.44980555317,
    39.557708933636));
#2835 = CARTESIAN_POINT('',(-0.486492594659,-13.48334192541,
    40.363830809999));
#2836 = CARTESIAN_POINT('',(5.352885484012,-10.98436428836,
    41.169187584633));
#2837 = CARTESIAN_POINT('',(8.687078802075,-6.587449417187,
    41.974767696694));
#2838 = CARTESIAN_POINT('',(12.021257367103,-2.190534806724,
    42.780386597161));
#2839 = CARTESIAN_POINT('',(12.852051184948,4.106481471124,
    43.585683504483));
#2840 = CARTESIAN_POINT('',(9.941845701108,10.661319988748,
    44.391879817106));
#2841 = CARTESIAN_POINT('',(3.302675853638,14.960487384309,
    45.196361823679));
#2842 = CARTESIAN_POINT('',(-5.013815605049,14.47724735669,
    46.003188304239));
#2843 = CARTESIAN_POINT('',(-11.11024686177,9.437453058621,
    46.807667647747));
#2844 = CARTESIAN_POINT('',(-13.2412346169,2.58977495336,47.613867006772
    ));
#2845 = CARTESIAN_POINT('',(-11.68650486388,-3.56865818446,48.4191622513
    ));
#2846 = CARTESIAN_POINT('',(-7.865305207903,-7.549617534436,
    49.224781547868));
#2847 = CARTESIAN_POINT('',(-4.044105723975,-11.53058923855,
    50.030359724772));
#2848 = CARTESIAN_POINT('',(2.045423044589,-13.33620430969,
    50.835726034702));
#2849 = CARTESIAN_POINT('',(8.974807995431,-11.48725606808,
    51.641823018095));
#2850 = CARTESIAN_POINT('',(14.259656750755,-5.602339292079,
    52.446427141127));
#2851 = CARTESIAN_POINT('',(15.083328610893,2.687340111826,
    53.253122986788));
#2852 = CARTESIAN_POINT('',(11.059302163748,9.497120609113,
    54.057724446769));
#2853 = CARTESIAN_POINT('',(4.629263610579,12.673083531562,
    54.863824476526));
#2854 = CARTESIAN_POINT('',(-1.696541349586,12.100884349157,
    55.669189123725));
#2855 = CARTESIAN_POINT('',(-6.226269082797,8.949491675298,
    56.474767696664));
#2856 = CARTESIAN_POINT('',(-10.75598247481,5.798095717774,
    57.280385058241));
#2857 = CARTESIAN_POINT('',(-13.49200039612,6.600422758132E-02,
    58.085689837622));
#2858 = CARTESIAN_POINT('',(-12.74978421982,-7.067313576196,
    58.891864304467));
#2859 = CARTESIAN_POINT('',(-7.764079745702,-13.20769490935,
    59.696389347344));
#2860 = CARTESIAN_POINT('',(0.294711354479,-15.31802249775,
    60.503150511209));
#2861 = CARTESIAN_POINT('',(7.650134034938,-12.40881961257,
    61.307708933509));
#2862 = CARTESIAN_POINT('',(11.792882607237,-6.554777214716,
    62.113830810075));
#2863 = CARTESIAN_POINT('',(12.217299400934,-0.217341143098,
    62.919187584601));
#2864 = CARTESIAN_POINT('',(9.813311655104,4.749604435867,
    63.724767696701));
#2865 = CARTESIAN_POINT('',(7.409317902551,9.716536480204,
    64.530385058108));
#2866 = CARTESIAN_POINT('',(2.175805470238,13.315566146423,
    65.335689837904));
#2867 = CARTESIAN_POINT('',(-4.985797544604,13.698384637718,
    66.141864304043));
#2868 = CARTESIAN_POINT('',(-11.83051660673,9.734629727718,
    66.946389347832));
#2869 = CARTESIAN_POINT('',(-15.17553523491,2.105183686324,
    67.753150510765));
#2870 = CARTESIAN_POINT('',(-13.45279107725,-5.614781132443,
    68.557708933827));
#2871 = CARTESIAN_POINT('',(-8.318890312061,-10.62229958614,
    69.363830809904));
#2872 = CARTESIAN_POINT('',(-2.125872009008,-12.0328845264,
    70.16918758466));
#2873 = CARTESIAN_POINT('',(3.155988764707,-10.43549533345,
    70.974767696697));
#2874 = CARTESIAN_POINT('',(8.437837110057,-8.838098090433,
    71.780385058129));
#2875 = CARTESIAN_POINT('',(12.811258466493,-4.232031161191,
    72.585689837869));
#2876 = CARTESIAN_POINT('',(14.309685363332,2.78151463067,
    73.391864304067));
#2877 = CARTESIAN_POINT('',(11.465480818616,10.162031721864,
    74.196389347842));
#2878 = CARTESIAN_POINT('',(4.453242117959,14.65937593003,
    75.003150510726));
#2879 = CARTESIAN_POINT('',(-3.441173684035,14.16551017825,
    75.807708933873));
#2880 = CARTESIAN_POINT('',(-9.190160295847,9.878164721156,
    76.613830809871));
#2881 = CARTESIAN_POINT('',(-11.55218009998,3.982056850679,
    77.419187584675));
#2882 = CARTESIAN_POINT('',(-10.80072248326,-1.484662176032,
    78.224767696695));
#2883 = CARTESIAN_POINT('',(-10.04925461892,-6.951370586405,
    79.030386597163));
#2884 = CARTESIAN_POINT('',(-6.184051649985,-11.99149344008,
    79.835683504493));
#2885 = CARTESIAN_POINT('',(0.508745147677,-14.5686381732,80.64187981706
    ));
#2886 = CARTESIAN_POINT('',(8.243317587143,-12.91400657147,
    81.446361823776));
#2887 = CARTESIAN_POINT('',(13.782262792756,-6.691656764867,
    82.253188304106));
#2888 = CARTESIAN_POINT('',(14.529417951522,1.182843841715,
    83.057667647876));
#2889 = CARTESIAN_POINT('',(11.194214220145,7.531719357646,
    83.863867006679));
#2890 = CARTESIAN_POINT('',(5.740184435661,10.787029239577,
    84.669162251349));
#2891 = CARTESIAN_POINT('',(0.223224894642,10.899996402579,
    85.47478154785));
#2892 = CARTESIAN_POINT('',(-5.293743260399,11.012972422925,
    86.280359724743));
#2893 = CARTESIAN_POINT('',(-10.87645300789,7.983787997395,
    87.085726034844));
#2894 = CARTESIAN_POINT('',(-14.46886425637,1.776569069668,
    87.891823017805));
#2895 = CARTESIAN_POINT('',(-14.04455208984,-6.121647882067,
    88.696427141533));
#2896 = CARTESIAN_POINT('',(-8.765287527111,-12.56576035991,
    89.503122986361));
#2897 = CARTESIAN_POINT('',(-1.104629170823,-14.53558593972,
    90.307724447122));
#2898 = CARTESIAN_POINT('',(5.687839612842,-12.2346069946,
    91.113824476296));
#2899 = CARTESIAN_POINT('',(9.756253274462,-7.356981488809,
    91.919189123842));
#2900 = CARTESIAN_POINT('',(10.730883341727,-1.925609161829,
    92.724767696619));
#2901 = CARTESIAN_POINT('',(11.70550094622,3.505755346224,
    93.530385058388));
#2902 = CARTESIAN_POINT('',(9.586957008896,9.49361293502,94.335689837329
    ));
#2903 = CARTESIAN_POINT('',(4.018113525814,14.012804234927,
    95.141864304879));
#2904 = CARTESIAN_POINT('',(-3.849217196183,14.829284072168,
    95.946389346931));
#2905 = CARTESIAN_POINT('',(-11.03986997993,10.623085185252,
    96.753150511483));
#2906 = CARTESIAN_POINT('',(-14.18382214759,3.364898841514,
    97.557708933435));
#2907 = CARTESIAN_POINT('',(-12.97375467901,-3.703899843659,
    98.363830810002));
#2908 = CARTESIAN_POINT('',(-8.792618650314,-8.485251858033,
    99.169187584714));
#2909 = CARTESIAN_POINT('',(-3.580581712654,-10.2975367218,
    99.97476769662));
#2910 = CARTESIAN_POINT('',(1.631449901901,-12.10980776755,
    100.78038505839));
#2911 = CARTESIAN_POINT('',(7.877000314973,-10.95405392026,
    101.58568983725));
#2912 = CARTESIAN_POINT('',(13.211711922045,-6.160729414813,
    102.3918643051));
#2913 = CARTESIAN_POINT('',(15.248861210267,1.482015824283,
    103.19638934652));
#2914 = CARTESIAN_POINT('',(12.21931353319,9.242134212892,
    104.00315051201));
#2915 = CARTESIAN_POINT('',(5.542309982768,13.482809610014,
    104.8077089329));
#2916 = CARTESIAN_POINT('',(-1.628756317401,13.393443820848,
    105.61383081042));
#2917 = CARTESIAN_POINT('',(-7.005315732415,10.011752759337,
    106.41918758445));
#2918 = CARTESIAN_POINT('',(-9.610630572182,5.147388458455,
    107.22476769674));
#2919 = CARTESIAN_POINT('',(-12.21593093167,0.283027253442,
    108.03038505795));
#2920 = CARTESIAN_POINT('',(-12.05142566927,-6.066429804865,
    108.83568983824));
#2921 = CARTESIAN_POINT('',(-8.151647700066,-12.08530341443,
    109.64186430348));
#2922 = CARTESIAN_POINT('',(-0.921677694852,-15.29296077754,
    110.44638934848));
#2923 = CARTESIAN_POINT('',(7.21682642788,-13.51466182796,
    111.25315051023));
#2924 = CARTESIAN_POINT('',(12.44980555342,-7.583251058776,
    112.05770893407));
#2925 = CARTESIAN_POINT('',(13.483341925327,-0.48649259467,
    112.86383080994));
#2926 = CARTESIAN_POINT('',(10.984364288374,5.352885484071,
    113.66918758448));
#2927 = CARTESIAN_POINT('',(6.587449417194,8.687078802015,
    114.47476769686));
#2928 = CARTESIAN_POINT('',(2.190534806724,12.021257367305,
    115.28038659662));
#2929 = CARTESIAN_POINT('',(-4.1064814712,12.852051184511,
    116.08568350561));
#2930 = CARTESIAN_POINT('',(-10.66131998849,9.941845701767,
    116.89187981535));
#2931 = CARTESIAN_POINT('',(-14.96048738477,3.302675852935,
    117.69636182578));
#2932 = CARTESIAN_POINT('',(-14.47724735612,-5.013815604522,
    118.50318830222));
#2933 = CARTESIAN_POINT('',(-9.437453059104,-11.11024686203,
    119.30766764927));
#2934 = CARTESIAN_POINT('',(-2.589774953061,-13.24123461683,
    120.11386700586));
#2935 = CARTESIAN_POINT('',(3.568658184328,-11.68650486388,
    120.91916225169));
#2936 = CARTESIAN_POINT('',(7.549617534474,-7.865305207906,
    121.72478154775));
#2937 = CARTESIAN_POINT('',(11.530589238502,-4.044105723979,
    122.53035972492));
#2938 = CARTESIAN_POINT('',(13.336204309729,2.045423044629,
    123.33572603458));
#2939 = CARTESIAN_POINT('',(11.487256068083,8.974807995322,
    124.1418230181));
#2940 = CARTESIAN_POINT('',(5.602339292061,14.259656750932,
    124.94642714127));
#2941 = CARTESIAN_POINT('',(-2.687340111815,15.083328610698,
    125.75312298653));
#2942 = CARTESIAN_POINT('',(-9.497120609104,11.059302163902,
    126.55772444703));
#2943 = CARTESIAN_POINT('',(-12.67308353158,4.629263610492,
    127.36382447633));
#2944 = CARTESIAN_POINT('',(-12.10088434914,-1.696541349553,
    128.16918912381));
#2945 = CARTESIAN_POINT('',(-8.949491675299,-6.226269082802,
    128.97476769664));
#2946 = CARTESIAN_POINT('',(-5.798095717763,-10.75598247478,
    129.78038505833));
#2947 = CARTESIAN_POINT('',(-6.600422762486E-02,-13.49200039618,
    130.58568983737));
#2948 = CARTESIAN_POINT('',(7.067313576289,-12.74978421974,
    131.39186430491));
#2949 = CARTESIAN_POINT('',(13.207694909214,-7.76407974575,
    132.19638934674));
#2950 = CARTESIAN_POINT('',(15.318022497921,0.29471135447,
    133.00315051182));
#2951 = CARTESIAN_POINT('',(12.408819612432,7.650134034986,133.807708933
    ));
#2952 = CARTESIAN_POINT('',(6.554777214822,11.792882607188,
    134.61383081041));
#2953 = CARTESIAN_POINT('',(0.217341143033,12.217299400963,
    135.4191875844));
#2954 = CARTESIAN_POINT('',(-4.749604435834,9.813311655092,
    136.2247676968));
#2955 = CARTESIAN_POINT('',(-9.716536480324,7.409317902605,
    137.03038505776));
#2956 = CARTESIAN_POINT('',(-13.31556614616,2.175805470074,
    137.83568983865));
#2957 = CARTESIAN_POINT('',(-13.69838463808,-4.985797544267,
    138.64186430283));
#2958 = CARTESIAN_POINT('',(-9.734629727365,-11.83051660722,
    139.44638934933));
#2959 = CARTESIAN_POINT('',(-2.10518368654,-15.17553523441,
    140.25315050934));
#2960 = CARTESIAN_POINT('',(5.614781132506,-13.45279107761,
    141.05770893485));
#2961 = CARTESIAN_POINT('',(10.622299586153,-8.318890311882,
    141.86383080937));
#2962 = CARTESIAN_POINT('',(12.032884526388,-2.125872009054,
    142.66918758481));
#2963 = CARTESIAN_POINT('',(10.435495333448,3.1559887647,143.47476769671
    ));
#2964 = CARTESIAN_POINT('',(8.838098090437,8.437837110053,
    144.28038505812));
#2965 = CARTESIAN_POINT('',(4.232031161192,12.811258466531,
    145.08568983781));
#2966 = CARTESIAN_POINT('',(-2.781514630696,14.309685363248,
    145.8918643042));
#2967 = CARTESIAN_POINT('',(-10.1620317218,11.465480818725,
    146.69638934763));
#2968 = CARTESIAN_POINT('',(-14.65937593011,4.453242117867,
    147.50315051093));
#2969 = CARTESIAN_POINT('',(-14.16551017818,-3.441173683984,
    148.30770893373));
#2970 = CARTESIAN_POINT('',(-9.878164721177,-9.190160295869,
    149.1138308099));
#2971 = CARTESIAN_POINT('',(-3.982056850687,-11.55218009996,
    149.91918758471));
#2972 = CARTESIAN_POINT('',(1.484662176047,-10.80072248327,
    150.72476769664));
#2973 = CARTESIAN_POINT('',(6.95137058636,-10.04925461888,
    151.53038659732));
#2974 = CARTESIAN_POINT('',(11.991493440164,-6.184051650094,
    152.33568350415));
#2975 = CARTESIAN_POINT('',(14.568638173121,0.508745147857,
    153.14187981757));
#2976 = CARTESIAN_POINT('',(12.914006571514,8.243317586933,
    153.94636182317));
#2977 = CARTESIAN_POINT('',(6.691656764892,13.782262792925,
    154.75318830463));
#2978 = CARTESIAN_POINT('',(-1.182843841766,14.529417951432,
    155.55766764753));
#2979 = CARTESIAN_POINT('',(-7.531719357612,11.194214220171,
    156.36386700682));
#2980 = CARTESIAN_POINT('',(-10.78702923958,5.740184435663,
    157.16916225133));
#2981 = CARTESIAN_POINT('',(-10.89999640258,0.223224894636,
    157.97478154781));
#2982 = CARTESIAN_POINT('',(-11.01297242301,-5.293743260471,
    158.78035972451));
#2983 = CARTESIAN_POINT('',(-7.983787997059,-10.87645300771,
    159.58572603555));
#2984 = CARTESIAN_POINT('',(-1.776569070334,-14.46886425658,
    160.39182301657));
#2985 = CARTESIAN_POINT('',(6.12164788293,-14.04455208971,
    161.19642714302));
#2986 = CARTESIAN_POINT('',(12.565760359149,-8.765287527108,
    162.00312298504));
#2987 = CARTESIAN_POINT('',(14.53558594017,-1.104629170889,
    162.80772444792));
#2988 = CARTESIAN_POINT('',(12.234606994458,5.687839612871,
    163.61382447604));
#2989 = CARTESIAN_POINT('',(7.356981488801,9.756253274493,
    164.41918912374));
#2990 = CARTESIAN_POINT('',(1.925609161866,10.730883341673,
    165.2247676968));
#2991 = CARTESIAN_POINT('',(-3.50575534632,11.705500946402,
    166.03038505785));
#2992 = CARTESIAN_POINT('',(-9.493612934889,9.586957008482,
    166.8356898384));
#2993 = CARTESIAN_POINT('',(-14.012804235,4.018113526478,167.64186430325
    ));
#2994 = CARTESIAN_POINT('',(-14.82928407224,-3.84921719695,
    168.44638934882));
#2995 = CARTESIAN_POINT('',(-10.62308518504,-11.0398699793,
    169.25315050975));
#2996 = CARTESIAN_POINT('',(-3.364898841749,-14.18382214796,
    170.05770893465));
#2997 = CARTESIAN_POINT('',(3.703899843817,-12.97375467887,
    170.86383080935));
#2998 = CARTESIAN_POINT('',(8.485251857971,-8.792618650349,
    171.66918758493));
#2999 = CARTESIAN_POINT('',(10.297536721809,-3.580581712651,
    172.47476769659));
#3000 = CARTESIAN_POINT('',(12.10980763496,1.631450418035,
    173.28038659752));
#3001 = CARTESIAN_POINT('',(10.954054465861,7.876998190946,
    174.08568350366));
#3002 = CARTESIAN_POINT('',(6.160728078522,13.211717124706,
    174.89187981841));
#3003 = CARTESIAN_POINT('',(-1.482013453462,15.248851979335,
    175.69636182207));
#3004 = CARTESIAN_POINT('',(-9.242137468166,12.21932620825,
    176.50318830577));
#3005 = CARTESIAN_POINT('',(-13.48280605398,5.542296136358,
    177.3076676466));
#3006 = CARTESIAN_POINT('',(-13.39344693849,-1.62874417781,
    178.1138670074));
#3007 = CARTESIAN_POINT('',(-10.01175057737,-7.005324228621,
    178.91916225106));
#3008 = CARTESIAN_POINT('',(-5.147389651458,-9.61062592684,
    179.72478154789));
#3009 = CARTESIAN_POINT('',(-0.283025071471,-12.21593942797,
    180.53035972436));
#3010 = CARTESIAN_POINT('',(6.066426687281,-12.05141352942,
    181.33572603577));
#3011 = CARTESIAN_POINT('',(12.085306970182,-8.151661546914,
    182.14182301629));
#3012 = CARTESIAN_POINT('',(15.292957522817,-0.921665019302,
    182.94642714331));
#3013 = CARTESIAN_POINT('',(13.514664198096,7.216817196568,
    183.75312298477));
#3014 = CARTESIAN_POINT('',(7.583249723078,12.449810756288,
    184.55772444813));
#3015 = CARTESIAN_POINT('',(0.486493139896,13.483339801221,
    185.3638244759));
#3016 = CARTESIAN_POINT('',(-5.352885616507,10.984364804532,
    186.16918912383));
#3017 = CARTESIAN_POINT('',(-8.687078802051,6.587449417191,
    186.97476769675));
#3018 = CARTESIAN_POINT('',(-12.02125736714,2.190534806728,
    187.78038659704));
#3019 = CARTESIAN_POINT('',(-12.85205118488,-4.106481471153,
    188.58568350463));
#3020 = CARTESIAN_POINT('',(-9.941845701172,-10.66131998869,
    189.39187981698));
#3021 = CARTESIAN_POINT('',(-3.302675853605,-14.96048738436,
    190.1963618237));
#3022 = CARTESIAN_POINT('',(5.01381560505,-14.47724735666,
    191.00318830431));
#3023 = CARTESIAN_POINT('',(11.110246861755,-9.437453058609,
    191.80766764763));
#3024 = CARTESIAN_POINT('',(13.241234616918,-2.589774953388,
    192.61386700686));
#3025 = CARTESIAN_POINT('',(11.686504863878,3.568658184483,
    193.41916225123));
#3026 = CARTESIAN_POINT('',(7.865305207901,7.549617534425,194.2247815479
    ));
#3027 = CARTESIAN_POINT('',(4.04410572395,11.53058923851,195.03035972489
    ));
#3028 = CARTESIAN_POINT('',(-2.045423044461,13.336204309826,
    195.83572603421));
#3029 = CARTESIAN_POINT('',(-8.974807995749,11.487256067891,
    196.64182301909));
#3030 = CARTESIAN_POINT('',(-14.25965675023,5.602339292232,
    197.44642713967));
#3031 = CARTESIAN_POINT('',(-15.08332861151,-2.687340111849,
    198.25312298844));
#3032 = CARTESIAN_POINT('',(-11.05930216318,-9.497120609198,
    199.05772444524));
#3033 = CARTESIAN_POINT('',(-4.629263610986,-12.67308353145,
    199.86382447767));
#3034 = CARTESIAN_POINT('',(1.696541349825,-12.10088434922,
    200.66918912302));
#3035 = CARTESIAN_POINT('',(6.226269082684,-8.949491675275,
    201.47476769699));
#3036 = CARTESIAN_POINT('',(10.755982671378,-5.79809522241,
    202.2803865961));
#3037 = CARTESIAN_POINT('',(13.491999588055,-6.600626617076E-02,
    203.08568350677));
#3038 = CARTESIAN_POINT('',(12.749786198189,7.067318569631,
    203.89187981347));
#3039 = CARTESIAN_POINT('',(7.764076236574,13.207686049444,
    204.69636182811));
#3040 = CARTESIAN_POINT('',(-0.294706536992,15.318034663782,
    205.50318829997));
#3041 = CARTESIAN_POINT('',(-7.650139297024,12.40880632175,
    206.30766765098));
#3042 = CARTESIAN_POINT('',(-11.79287799405,6.554788867607,
    207.11386700484));
#3043 = CARTESIAN_POINT('',(-12.21730262954,0.217332987298,
    207.91916225215));
#3044 = CARTESIAN_POINT('',(-9.813309889831,-4.749599976552,
    208.72478154761));
#3045 = CARTESIAN_POINT('',(-7.409321131223,-9.716544636212,
    209.53035972507));
#3046 = CARTESIAN_POINT('',(-2.175800856937,-13.31555449285,
    210.33572603451));
#3047 = CARTESIAN_POINT('',(4.985792282529,-13.6983979298,
    211.14182301802));
#3048 = CARTESIAN_POINT('',(11.830521423813,-9.734617560087,
    211.94642714142));
#3049 = CARTESIAN_POINT('',(15.175531726667,-2.105192547687,
    212.75312298645));
#3050 = CARTESIAN_POINT('',(13.452793054566,5.614786126801,
    213.55772444694));
#3051 = CARTESIAN_POINT('',(8.318889504827,10.622297547145,
    214.36382447655));
#3052 = CARTESIAN_POINT('',(2.125872205131,12.032885021896,
    215.16918912357));
#3053 = CARTESIAN_POINT('',(-3.155988764672,10.435495333432,
    215.9747676968));
#3054 = CARTESIAN_POINT('',(-8.437837110164,8.838098090492,
    216.78038505785));
#3055 = CARTESIAN_POINT('',(-12.81125846629,4.232031161061,
    217.58568983826));
#3056 = CARTESIAN_POINT('',(-14.30968536361,-2.78151463048,
    218.39186430378));
#3057 = CARTESIAN_POINT('',(-11.4654808183,-10.16203172202,
    219.19638934776));
#3058 = CARTESIAN_POINT('',(-4.453242118263,-14.65937592999,
    220.00315051124));
#3059 = CARTESIAN_POINT('',(3.441173684304,-14.16551017814,
    220.80770893309));
#3060 = CARTESIAN_POINT('',(9.190160295642,-9.878164721324,
    221.61383081062));
#3061 = CARTESIAN_POINT('',(11.552180100108,-3.98205685054,
    222.41918758413));
#3062 = CARTESIAN_POINT('',(10.800722483203,1.484662175953,
    223.22476769698));
#3063 = CARTESIAN_POINT('',(10.049254619175,6.951370586663,
    224.03038659622));
#3064 = CARTESIAN_POINT('',(6.184051649356,11.991493439625,
    224.83568350638));
#3065 = CARTESIAN_POINT('',(-0.508745146572,14.568638173723,
    225.64187981426));
#3066 = CARTESIAN_POINT('',(-8.243317588531,12.914006571137,
    226.44636182696));
#3067 = CARTESIAN_POINT('',(-13.78226279149,6.691656764905,
    227.25318830121));
#3068 = CARTESIAN_POINT('',(-14.52941795236,-1.182843841537,228.05766765
    ));
#3069 = CARTESIAN_POINT('',(-11.19421421972,-7.53171935786,
    228.8638670054));
#3070 = CARTESIAN_POINT('',(-5.74018443582,-10.78702923943,
    229.66916225196));
#3071 = CARTESIAN_POINT('',(-0.223224894594,-10.89999640264,
    230.47478154761));
#3072 = CARTESIAN_POINT('',(5.293743260465,-11.01297242303,
    231.28035972459));
#3073 = CARTESIAN_POINT('',(10.876453007667,-7.983787996822,
    232.08572603586));
#3074 = CARTESIAN_POINT('',(14.468864256629,-1.776569070898,
    232.89182301571));
#3075 = CARTESIAN_POINT('',(14.044552089794,6.121647883718,
    233.69642714432));
#3076 = CARTESIAN_POINT('',(8.765287526872,12.565760358422,
    234.50312298366));
#3077 = CARTESIAN_POINT('',(1.104629171166,14.535585940621,235.307724449
    ));
#3078 = CARTESIAN_POINT('',(-5.687839613057,12.234606994281,
    236.11382447545));
#3079 = CARTESIAN_POINT('',(-9.756253274432,7.356981488834,
    236.91918912392));
#3080 = CARTESIAN_POINT('',(-10.73088334166,1.925609161874,
    237.72476769683));
#3081 = CARTESIAN_POINT('',(-11.70550073473,-3.50575583538,
    238.53038659688));
#3082 = CARTESIAN_POINT('',(-9.586957879556,-9.493610922333,
    239.33568350488));
#3083 = CARTESIAN_POINT('',(-4.01811139285,-14.01280916459,
    240.14187981666));
#3084 = CARTESIAN_POINT('',(3.849213411349,-14.8292753258,
    240.94636182404));
#3085 = CARTESIAN_POINT('',(11.039875177291,-10.62309719486,
    241.75318830396));
#3086 = CARTESIAN_POINT('',(14.183816469637,-3.364885722018,
    242.55766764794));
#3087 = CARTESIAN_POINT('',(12.973759657225,3.703888341313,
    243.36386700664));
#3088 = CARTESIAN_POINT('',(8.792615166124,8.485259908296,
    244.16916225136));
#3089 = CARTESIAN_POINT('',(3.58058361767,10.297532320256,
    244.97478154784));
#3090 = DEFINITIONAL_REPRESENTATION('',(#3091),#3095);
#3091 = LINE('',#3092,#3093);
#3092 = CARTESIAN_POINT('',(0.,0.));
#3093 = VECTOR('',#3094,1.);
#3094 = DIRECTION('',(0.,1.));
#3095 = ( GEOMETRIC_REPRESENTATION_CONTEXT(2) 
PARAMETRIC_REPRESENTATION_CONTEXT() REPRESENTATION_CONTEXT('2D SPACE',''
  ) );
#3096 = PCURVE('',#3097,#3676);
#3097 = B_SPLINE_SURFACE_WITH_KNOTS('',1,9,(
    (#3098,#3099,#3100,#3101,#3102,#3103,#3104,#3105,#3106,#3107,#3108
      ,#3109,#3110,#3111,#3112,#3113,#3114,#3115,#3116,#3117,#3118,#3119
      ,#3120,#3121,#3122,#3123,#3124,#3125,#3126,#3127,#3128,#3129,#3130
      ,#3131,#3132,#3133,#3134,#3135,#3136,#3137,#3138,#3139,#3140,#3141
      ,#3142,#3143,#3144,#3145,#3146,#3147,#3148,#3149,#3150,#3151,#3152
      ,#3153,#3154,#3155,#3156,#3157,#3158,#3159,#3160,#3161,#3162,#3163
      ,#3164,#3165,#3166,#3167,#3168,#3169,#3170,#3171,#3172,#3173,#3174
      ,#3175,#3176,#3177,#3178,#3179,#3180,#3181,#3182,#3183,#3184,#3185
      ,#3186,#3187,#3188,#3189,#3190,#3191,#3192,#3193,#3194,#3195,#3196
      ,#3197,#3198,#3199,#3200,#3201,#3202,#3203,#3204,#3205,#3206,#3207
      ,#3208,#3209,#3210,#3211,#3212,#3213,#3214,#3215,#3216,#3217,#3218
      ,#3219,#3220,#3221,#3222,#3223,#3224,#3225,#3226,#3227,#3228,#3229
      ,#3230,#3231,#3232,#3233,#3234,#3235,#3236,#3237,#3238,#3239,#3240
      ,#3241,#3242,#3243,#3244,#3245,#3246,#3247,#3248,#3249,#3250,#3251
      ,#3252,#3253,#3254,#3255,#3256,#3257,#3258,#3259,#3260,#3261,#3262
      ,#3263,#3264,#3265,#3266,#3267,#3268,#3269,#3270,#3271,#3272,#3273
      ,#3274,#3275,#3276,#3277,#3278,#3279,#3280,#3281,#3282,#3283,#3284
      ,#3285,#3286,#3287,#3288,#3289,#3290,#3291,#3292,#3293,#3294,#3295
      ,#3296,#3297,#3298,#3299,#3300,#3301,#3302,#3303,#3304,#3305,#3306
      ,#3307,#3308,#3309,#3310,#3311,#3312,#3313,#3314,#3315,#3316,#3317
      ,#3318,#3319,#3320,#3321,#3322,#3323,#3324,#3325,#3326,#3327,#3328
      ,#3329,#3330,#3331,#3332,#3333,#3334,#3335,#3336,#3337,#3338,#3339
      ,#3340,#3341,#3342,#3343,#3344,#3345,#3346,#3347,#3348,#3349,#3350
      ,#3351,#3352,#3353,#3354,#3355,#3356,#3357,#3358,#3359,#3360,#3361
      ,#3362,#3363,#3364,#3365,#3366,#3367,#3368,#3369,#3370,#3371,#3372
      ,#3373,#3374,#3375,#3376,#3377,#3378,#3379,#3380,#3381,#3382,#3383
      ,#3384,#3385,#3386)
    ,(#3387,#3388,#3389,#3390,#3391,#3392,#3393,#3394,#3395,#3396,#3397
      ,#3398,#3399,#3400,#3401,#3402,#3403,#3404,#3405,#3406,#3407,#3408
      ,#3409,#3410,#3411,#3412,#3413,#3414,#3415,#3416,#3417,#3418,#3419
      ,#3420,#3421,#3422,#3423,#3424,#3425,#3426,#3427,#3428,#3429,#3430
      ,#3431,#3432,#3433,#3434,#3435,#3436,#3437,#3438,#3439,#3440,#3441
      ,#3442,#3443,#3444,#3445,#3446,#3447,#3448,#3449,#3450,#3451,#3452
      ,#3453,#3454,#3455,#3456,#3457,#3458,#3459,#3460,#3461,#3462,#3463
      ,#3464,#3465,#3466,#3467,#3468,#3469,#3470,#3471,#3472,#3473,#3474
      ,#3475,#3476,#3477,#3478,#3479,#3480,#3481,#3482,#3483,#3484,#3485
      ,#3486,#3487,#3488,#3489,#3490,#3491,#3492,#3493,#3494,#3495,#3496
      ,#3497,#3498,#3499,#3500,#3501,#3502,#3503,#3504,#3505,#3506,#3507
      ,#3508,#3509,#3510,#3511,#3512,#3513,#3514,#3515,#3516,#3517,#3518
      ,#3519,#3520,#3521,#3522,#3523,#3524,#3525,#3526,#3527,#3528,#3529
      ,#3530,#3531,#3532,#3533,#3534,#3535,#3536,#3537,#3538,#3539,#3540
      ,#3541,#3542,#3543,#3544,#3545,#3546,#3547,#3548,#3549,#3550,#3551
      ,#3552,#3553,#3554,#3555,#3556,#3557,#3558,#3559,#3560,#3561,#3562
      ,#3563,#3564,#3565,#3566,#3567,#3568,#3569,#3570,#3571,#3572,#3573
      ,#3574,#3575,#3576,#3577,#3578,#3579,#3580,#3581,#3582,#3583,#3584
      ,#3585,#3586,#3587,#3588,#3589,#3590,#3591,#3592,#3593,#3594,#3595
      ,#3596,#3597,#3598,#3599,#3600,#3601,#3602,#3603,#3604,#3605,#3606
      ,#3607,#3608,#3609,#3610,#3611,#3612,#3613,#3614,#3615,#3616,#3617
      ,#3618,#3619,#3620,#3621,#3622,#3623,#3624,#3625,#3626,#3627,#3628
      ,#3629,#3630,#3631,#3632,#3633,#3634,#3635,#3636,#3637,#3638,#3639
      ,#3640,#3641,#3642,#3643,#3644,#3645,#3646,#3647,#3648,#3649,#3650
      ,#3651,#3652,#3653,#3654,#3655,#3656,#3657,#3658,#3659,#3660,#3661
      ,#3662,#3663,#3664,#3665,#3666,#3667,#3668,#3669,#3670,#3671,#3672
      ,#3673,#3674,#3675
    )),.UNSPECIFIED.,.F.,.F.,.F.,(2,2),(10,9,9,9,9,9,9,9,9,9,9,9,9,9,9,9
    ,9,9,9,9,9,9,9,9,9,9,9,9,9,9,9,9,10),(0.,2.),(0.,8.56232113701,
    17.12464227402,25.68696341103,34.24928454804,42.811605685051,
    51.373926822061,59.936247959071,68.498569096081,77.060890233091,
    85.623211370101,94.185532507111,102.74785364412,111.31017478113,
    119.87249591814,128.43481705515,136.99713819216,145.55945932917,
    154.12178046618,162.68410160319,171.2464227402,179.80874387721,
    188.37106501422,196.93338615123,205.49570728824,214.05802842525,
    222.62034956226,231.18267069927,239.74499183628,248.30731297329,
    256.8696341103,265.43195524731,273.99427638432),
  .PIECEWISE_BEZIER_KNOTS.);
#3098 = CARTESIAN_POINT('',(3.,0.223221722725,11.025232303313));
#3099 = CARTESIAN_POINT('',(2.887034156673,1.74168475574,11.830726052947
    ));
#3100 = CARTESIAN_POINT('',(1.909112360473,3.196026008297,12.63653238444
    ));
#3101 = CARTESIAN_POINT('',(0.11045897896,4.021051463447,13.441469029109
    ));
#3102 = CARTESIAN_POINT('',(-2.048446790555,3.698045182,14.248055096808)
  );
#3103 = CARTESIAN_POINT('',(-3.680314642829,2.079771396977,
    15.052405044631));
#3104 = CARTESIAN_POINT('',(-4.021877472222,-7.595913897083E-02,
    15.858957732932));
#3105 = CARTESIAN_POINT('',(-3.212215040895,-1.88184853704,
    16.663946967845));
#3106 = CARTESIAN_POINT('',(-1.766262467701,-2.872032501696,
    17.46970130422));
#3107 = CARTESIAN_POINT('',(-0.248829902219,-2.997984592563,
    18.27523230332));
#3108 = CARTESIAN_POINT('',(1.268610082387,-3.123949498487,
    19.080726052924));
#3109 = CARTESIAN_POINT('',(2.858026653819,-2.385576638168,
    19.886532384489));
#3110 = CARTESIAN_POINT('',(3.954266056094,-0.738130080252,
    20.691469029034));
#3111 = CARTESIAN_POINT('',(3.972963787109,1.444725291668,
    21.498055096893));
#3112 = CARTESIAN_POINT('',(2.629894012215,3.309655936505,
    22.302405044562));
#3113 = CARTESIAN_POINT('',(0.554136294911,3.984244113918,
    23.108957732971));
#3114 = CARTESIAN_POINT('',(-1.356178717287,3.467053312541,
    23.913946967836));
#3115 = CARTESIAN_POINT('',(-2.560368691482,2.193801713762,
    24.719701304213));
#3116 = CARTESIAN_POINT('',(-2.922148854716,0.71475450915,25.52523230333
    ));
#3117 = CARTESIAN_POINT('',(-3.283942835858,-0.76429801853,
    26.330726052889));
#3118 = CARTESIAN_POINT('',(-2.803300101748,-2.449653197882,
    27.136532384571));
#3119 = CARTESIAN_POINT('',(-1.347625969264,-3.790113494975,
    27.941469028894));
#3120 = CARTESIAN_POINT('',(0.805429861335,-4.150054838286,
    28.748055097077));
#3121 = CARTESIAN_POINT('',(2.85750251691,-3.11525990873,29.552405044378
    ));
#3122 = CARTESIAN_POINT('',(3.848505442574,-1.170587054165,
    30.35895773311));
#3123 = CARTESIAN_POINT('',(3.636521225146,0.797115276634,
    31.163946967757));
#3124 = CARTESIAN_POINT('',(2.567322280821,2.185660106696,
    31.969701304244));
#3125 = CARTESIAN_POINT('',(1.163079487931,2.774360114014,
    32.775232303324));
#3126 = CARTESIAN_POINT('',(-0.241166400889,3.363074601808,
    33.580726052916));
#3127 = CARTESIAN_POINT('',(-1.980961150288,3.151997013257,
    34.386532384507));
#3128 = CARTESIAN_POINT('',(-3.532635760944,1.923938834309,
    35.191469029004));
#3129 = CARTESIAN_POINT('',(-4.224957766081,-0.146302074639,
    35.998055096937));
#3130 = CARTESIAN_POINT('',(-3.523917767374,-2.334987901937,
    36.802405044506));
#3131 = CARTESIAN_POINT('',(-1.758214075153,-3.618003794717,
    37.608957733032));
#3132 = CARTESIAN_POINT('',(0.218424212378,-3.716445916289,
    38.413946967779));
#3133 = CARTESIAN_POINT('',(1.757133316296,-2.877626852867,
    39.219701304255));
#3134 = CARTESIAN_POINT('',(2.558257419737,-1.582765589678,
    40.025232303306));
#3135 = CARTESIAN_POINT('',(3.359396276214,-0.287904065774,
    40.830724513951));
#3136 = CARTESIAN_POINT('',(3.423081435015,1.463493453387,
    41.636538717734));
#3137 = CARTESIAN_POINT('',(2.452877603064,3.188167449447,42.44145351624
    ));
#3138 = CARTESIAN_POINT('',(0.516428752593,4.195837723469,
    43.248082620745));
#3139 = CARTESIAN_POINT('',(-1.754978956411,3.845792014903,
    44.052367251338));
#3140 = CARTESIAN_POINT('',(-3.298413989137,2.302562297893,
    44.858999018904));
#3141 = CARTESIAN_POINT('',(-3.704860161075,0.365632672124,
    45.663910771014));
#3142 = CARTESIAN_POINT('',(-3.1170741512,-1.285331317445,
    46.469726637587));
#3143 = CARTESIAN_POINT('',(-1.963479050591,-2.279166724058,
    47.275218452132));
#3144 = CARTESIAN_POINT('',(-0.809883777931,-3.272989776531,
    48.080751386341));
#3145 = CARTESIAN_POINT('',(0.909984580897,-3.609890468286,
    48.886496187516));
#3146 = CARTESIAN_POINT('',(2.765207361079,-2.921404782822,
    49.691510315244));
#3147 = CARTESIAN_POINT('',(4.063382620844,-1.166455269384,
    50.498017303313));
#3148 = CARTESIAN_POINT('',(4.072996496877,1.131764494409,
    51.302432568767));
#3149 = CARTESIAN_POINT('',(2.790185274451,2.897602695057,
    52.108942219902));
#3150 = CARTESIAN_POINT('',(0.94071131393,3.602049088402,52.913953301247
    ));
#3151 = CARTESIAN_POINT('',(-0.781897522912,3.279769294159,
    53.719699765167));
#3152 = CARTESIAN_POINT('',(-1.943945924068,2.295844546514,
    54.525232303335));
#3153 = CARTESIAN_POINT('',(-3.106008666419,1.311923082534,
    55.330726052867));
#3154 = CARTESIAN_POINT('',(-3.707787445583,-0.334072609864,
    56.136532384613));
#3155 = CARTESIAN_POINT('',(-3.318025128066,-2.274151557681,
    56.941469028837));
#3156 = CARTESIAN_POINT('',(-1.787734584549,-3.830884686045,
    57.748055097139));
#3157 = CARTESIAN_POINT('',(0.480664266244,-4.199896045848,
    58.552405044312));
#3158 = CARTESIAN_POINT('',(2.425452499015,-3.209119562759,
    59.358957733179));
#3159 = CARTESIAN_POINT('',(3.41054007554,-1.492613740492,
    60.163946967695));
#3160 = CARTESIAN_POINT('',(3.361706132455,0.25920199568,60.969701304288
    ));
#3161 = CARTESIAN_POINT('',(2.571679031114,1.560863510512,61.7752323033)
  );
#3162 = CARTESIAN_POINT('',(1.781657936497,2.862538559973,
    62.580726053004));
#3163 = CARTESIAN_POINT('',(0.250066123921,3.714398899513,
    63.386532384312));
#3164 = CARTESIAN_POINT('',(-1.727099492497,3.632930415008,
    64.191469029306));
#3165 = CARTESIAN_POINT('',(-3.504056835025,2.365007001849,
    64.998055096587));
#3166 = CARTESIAN_POINT('',(-4.223380813724,0.182261999579,
    65.802405044815));
#3167 = CARTESIAN_POINT('',(-3.549034339755,-1.893574251879,
    66.608957732824));
#3168 = CARTESIAN_POINT('',(-2.007763200771,-3.135054435729,
    67.41394696788));
#3169 = CARTESIAN_POINT('',(-0.269875911443,-3.360866077072,
    68.219701304227));
#3170 = CARTESIAN_POINT('',(1.139347457105,-2.784190243051,
    69.025232303303));
#3171 = CARTESIAN_POINT('',(2.548583254017,-2.207522459097,
    69.830726052982));
#3172 = CARTESIAN_POINT('',(3.629549525031,-0.828047399758,
    70.636532384353));
#3173 = CARTESIAN_POINT('',(3.858380898296,1.137520505778,
    71.441469029269));
#3174 = CARTESIAN_POINT('',(2.884045097596,3.090947475586,72.24805509659
    ));
#3175 = CARTESIAN_POINT('',(0.840700370181,4.142871929223,73.05240504485
    ));
#3176 = CARTESIAN_POINT('',(-1.315069922287,3.801560112833,
    73.858957732775));
#3177 = CARTESIAN_POINT('',(-2.782373351057,2.473474867617,
    74.663946967917));
#3178 = CARTESIAN_POINT('',(-3.277270344795,0.792308577973,
    75.469701304211));
#3179 = CARTESIAN_POINT('',(-2.928145451007,-0.689776888027,
    76.275232303304));
#3180 = CARTESIAN_POINT('',(-2.579030804844,-2.171872970365,
    77.080724513944));
#3181 = CARTESIAN_POINT('',(-1.385637950141,-3.455330240365,
    77.886538717746));
#3182 = CARTESIAN_POINT('',(0.519928436518,-3.988821209605,
    78.691453516248));
#3183 = CARTESIAN_POINT('',(2.601735034053,-3.332075579987,
    79.49808262069));
#3184 = CARTESIAN_POINT('',(3.96034313371,-1.478428091853,
    80.302367251441));
#3185 = CARTESIAN_POINT('',(3.960488313801,0.704173483944,
    81.108999018788));
#3186 = CARTESIAN_POINT('',(2.878273085144,2.361190401348,
    81.913910771103));
#3187 = CARTESIAN_POINT('',(1.295237779129,3.112970760422,
    82.719726637537));
#3188 = CARTESIAN_POINT('',(-0.223224894642,3.000003597421,
    83.525218452151));
#3189 = CARTESIAN_POINT('',(-1.74167895439,2.887027577075,
    84.330751386372));
#3190 = CARTESIAN_POINT('',(-3.196034297395,1.909121761596,
    85.136496187361));
#3191 = CARTESIAN_POINT('',(-4.021042008949,0.110448256,85.941510315567)
  );
#3192 = CARTESIAN_POINT('',(-3.698053836624,-2.048436974667,
    86.748017302864));
#3193 = CARTESIAN_POINT('',(-2.079765094087,-3.680321791536,
    87.552432569228));
#3194 = CARTESIAN_POINT('',(7.595558662963E-02,-4.021873443094,
    88.358942219534));
#3195 = CARTESIAN_POINT('',(1.881849987285,-3.212216685845,
    89.163953301479));
#3196 = CARTESIAN_POINT('',(2.872032149308,-1.766262067961,
    89.969699765051));
#3197 = CARTESIAN_POINT('',(2.997984592546,-0.24882990223,
    90.775232303378));
#3198 = CARTESIAN_POINT('',(3.123949498555,1.268610082427,
    91.580726052719));
#3199 = CARTESIAN_POINT('',(2.385576638008,2.858026653751,
    92.386532384922));
#3200 = CARTESIAN_POINT('',(0.738130080508,3.95426605616,93.191469028386
    ));
#3201 = CARTESIAN_POINT('',(-1.444725291955,3.972963787081,
    93.998055097612));
#3202 = CARTESIAN_POINT('',(-3.30965593628,2.629894012201,
    94.802405043979));
#3203 = CARTESIAN_POINT('',(-3.984244114035,0.554136294934,
    95.608957733291));
#3204 = CARTESIAN_POINT('',(-3.467053312507,-1.35617871729,
    96.413946967751));
#3205 = CARTESIAN_POINT('',(-2.19380171376,-2.560368691496,
    97.21970130418));
#3206 = CARTESIAN_POINT('',(-0.714754509158,-2.9221488547,
    98.025232303379));
#3207 = CARTESIAN_POINT('',(0.764298018549,-3.28394283592,
    98.830726052701));
#3208 = CARTESIAN_POINT('',(2.449653197864,-2.803300101599,
    99.636532385024));
#3209 = CARTESIAN_POINT('',(3.790113494952,-1.347625969509,
    100.44146902811));
#3210 = CARTESIAN_POINT('',(4.15005483839,0.805429861619,101.24805509807
    ));
#3211 = CARTESIAN_POINT('',(3.115259908554,2.857502516674,
    102.05240504339));
#3212 = CARTESIAN_POINT('',(1.170587054347,3.848505442714,
    102.85895773385));
#3213 = CARTESIAN_POINT('',(-0.797115276764,3.636521225086,
    103.66394696731));
#3214 = CARTESIAN_POINT('',(-2.185660106632,2.56732228084,
    104.46970130444));
#3215 = CARTESIAN_POINT('',(-2.774360114036,1.163079487925,
    105.27523230326));
#3216 = CARTESIAN_POINT('',(-3.363074601711,-0.241166400859,
    106.08072605315));
#3217 = CARTESIAN_POINT('',(-3.151997013503,-1.980961150344,
    106.88653238393));
#3218 = CARTESIAN_POINT('',(-1.923938833886,-3.532635760899,
    107.69146902995));
#3219 = CARTESIAN_POINT('',(0.146302074129,-4.224957766069,
    108.49805509577));
#3220 = CARTESIAN_POINT('',(2.33498790237,-3.523917767439,
    109.30240504553));
#3221 = CARTESIAN_POINT('',(3.618003794469,-1.758214075101,
    110.10895773243));
#3222 = CARTESIAN_POINT('',(3.716445916374,0.218424212388,
    110.91394696791));
#3223 = CARTESIAN_POINT('',(2.87762685286,1.757133316237,111.71970130438
    ));
#3224 = CARTESIAN_POINT('',(1.582765589671,2.558257419797,
    112.52523230313));
#3225 = CARTESIAN_POINT('',(0.287904065774,3.359396276011,113.3307245145
    ));
#3226 = CARTESIAN_POINT('',(-1.463493453306,3.423081435453,
    114.13653871652));
#3227 = CARTESIAN_POINT('',(-3.188167449715,2.452877602406,
    114.94145351817));
#3228 = CARTESIAN_POINT('',(-4.195837722983,0.516428753296,
    115.74808261837));
#3229 = CARTESIAN_POINT('',(-3.845792015485,-1.75497895694,
    116.55236725359));
#3230 = CARTESIAN_POINT('',(-2.3025622974,-3.298413988874,
    117.35899901722));
#3231 = CARTESIAN_POINT('',(-0.365632672427,-3.704860161149,
    118.16391077197));
#3232 = CARTESIAN_POINT('',(1.285331317578,-3.117074151197,
    118.96972663717));
#3233 = CARTESIAN_POINT('',(2.279166724019,-1.963479050587,
    119.77521845224));
#3234 = CARTESIAN_POINT('',(3.272989776579,-0.809883777927,
    120.58075138618));
#3235 = CARTESIAN_POINT('',(3.609890468256,0.909984580859,
    121.38649618763));
#3236 = CARTESIAN_POINT('',(2.921404782815,2.765207361181,
    122.19151031524));
#3237 = CARTESIAN_POINT('',(1.166455269415,4.063382620675,
    122.99801730315));
#3238 = CARTESIAN_POINT('',(-1.131764494432,4.072996497067,
    123.80243256903));
#3239 = CARTESIAN_POINT('',(-2.89760269506,2.790185274298,
    124.60894221963));
#3240 = CARTESIAN_POINT('',(-3.602049088386,0.940711314018,
    125.41395330143));
#3241 = CARTESIAN_POINT('',(-3.27976929417,-0.781897522945,
    126.21969976508));
#3242 = CARTESIAN_POINT('',(-2.295844546513,-1.943945924064,
    127.02523230334));
#3243 = CARTESIAN_POINT('',(-1.311923082546,-3.106008666447,
    127.83072605276));
#3244 = CARTESIAN_POINT('',(0.334072609908,-3.707787445524,
    128.63653238489));
#3245 = CARTESIAN_POINT('',(2.274151557586,-3.318025128136,
    129.44146902832));
#3246 = CARTESIAN_POINT('',(3.830884686188,-1.787734584514,
    130.24805509781));
#3247 = CARTESIAN_POINT('',(4.199896045686,0.480664266267,
    131.05240504363));
#3248 = CARTESIAN_POINT('',(3.209119562904,2.425452498958,131.8589577337
    ));
#3249 = CARTESIAN_POINT('',(1.492613740386,3.410540075591,
    132.66394696734));
#3250 = CARTESIAN_POINT('',(-0.259201995615,3.361706132426,
    133.46970130448));
#3251 = CARTESIAN_POINT('',(-1.560863510546,2.571679031126,
    134.2752323032));
#3252 = CARTESIAN_POINT('',(-2.862538559852,1.781657936443,
    135.08072605335));
#3253 = CARTESIAN_POINT('',(-3.71439889977,0.250066124088,
    135.88653238351));
#3254 = CARTESIAN_POINT('',(-3.632930414639,-1.727099492842,
    136.69146903062));
#3255 = CARTESIAN_POINT('',(-2.365007002209,-3.504056834524,
    137.49805509492));
#3256 = CARTESIAN_POINT('',(-0.182261999355,-4.223380814244,
    138.30240504641));
#3257 = CARTESIAN_POINT('',(1.893574251811,-3.549034339377,
    139.10895773168));
#3258 = CARTESIAN_POINT('',(3.135054435717,-2.007763200954,
    139.91394696845));
#3259 = CARTESIAN_POINT('',(3.360866077088,-0.269875911396,
    140.71970130406));
#3260 = CARTESIAN_POINT('',(2.784190243054,1.139347457112,
    141.52523230328));
#3261 = CARTESIAN_POINT('',(2.207522459093,2.548583254021,
    142.33072605298));
#3262 = CARTESIAN_POINT('',(0.828047399753,3.629549524997,
    143.13653238442));
#3263 = CARTESIAN_POINT('',(-1.137520505745,3.858380898369,
    143.94146902906));
#3264 = CARTESIAN_POINT('',(-3.090947475659,2.884045097504,
    144.7480550969));
#3265 = CARTESIAN_POINT('',(-4.142871929129,0.840700370256,
    145.55240504451));
#3266 = CARTESIAN_POINT('',(-3.801560112904,-1.315069922329,
    146.358957733));
#3267 = CARTESIAN_POINT('',(-2.473474867592,-2.782373351038,
    147.16394696783));
#3268 = CARTESIAN_POINT('',(-0.792308577965,-3.277270344808,
    147.96970130418));
#3269 = CARTESIAN_POINT('',(0.689776888012,-2.928145450996,
    148.77523230335));
#3270 = CARTESIAN_POINT('',(2.17187297041,-2.579030804888,
    149.58072451377));
#3271 = CARTESIAN_POINT('',(3.455330240286,-1.385637950033,
    150.38653871812));
#3272 = CARTESIAN_POINT('',(3.988821209688,0.519928436341,
    151.19145351565));
#3273 = CARTESIAN_POINT('',(3.332075579948,2.601735034255,
    151.99808262137));
#3274 = CARTESIAN_POINT('',(1.478428091832,3.96034313355,152.80236725085
    ));
#3275 = CARTESIAN_POINT('',(-0.704173483897,3.960488313884,
    153.60899901914));
#3276 = CARTESIAN_POINT('',(-2.361190401381,2.87827308512,
    154.41391077096));
#3277 = CARTESIAN_POINT('',(-3.112970760417,1.295237779127,
    155.21972663754));
#3278 = CARTESIAN_POINT('',(-3.000003597412,-0.223224894636,
    156.02521845218));
#3279 = CARTESIAN_POINT('',(-2.887027576985,-1.741678954319,
    156.83075138662));
#3280 = CARTESIAN_POINT('',(-1.909121761935,-3.19603429757,
    157.63649618652));
#3281 = CARTESIAN_POINT('',(-0.110448255326,-4.021042008739,
    158.44151031707));
#3282 = CARTESIAN_POINT('',(2.048436973785,-3.698053836748,
    159.24801730097));
#3283 = CARTESIAN_POINT('',(3.680321792322,-2.079765094098,
    160.05243257093));
#3284 = CARTESIAN_POINT('',(4.021873442632,7.59555867011E-02,
    160.85894221847));
#3285 = CARTESIAN_POINT('',(3.212216685995,1.881849987252,
    161.66395330184));
#3286 = CARTESIAN_POINT('',(1.766262067969,2.872032149277,
    162.46969976511));
#3287 = CARTESIAN_POINT('',(0.248829902193,2.9979845926,163.27523230319)
  );
#3288 = CARTESIAN_POINT('',(-1.268610082331,3.123949498372,
    164.08072605326));
#3289 = CARTESIAN_POINT('',(-2.858026653887,2.385576638423,
    164.8865323838));
#3290 = CARTESIAN_POINT('',(-3.954266056075,0.738130079841,
    165.69146903009));
#3291 = CARTESIAN_POINT('',(-3.972963787023,-1.444725291186,
    166.49805509561));
#3292 = CARTESIAN_POINT('',(-2.629894012398,-3.309655936916,
    167.30240504579));
#3293 = CARTESIAN_POINT('',(-0.554136294706,-3.984244113665,
    168.10895773202));
#3294 = CARTESIAN_POINT('',(1.356178717135,-3.467053312653,
    168.9139469684));
#3295 = CARTESIAN_POINT('',(2.560368691558,-2.193801713725,
    169.71970130396));
#3296 = CARTESIAN_POINT('',(2.922148854693,-0.71475450916,
    170.52523230339));
#3297 = CARTESIAN_POINT('',(3.283942968515,0.764297502415,
    171.33072451356));
#3298 = CARTESIAN_POINT('',(2.80329955601,2.449655321888,172.13653871865
    ));
#3299 = CARTESIAN_POINT('',(1.347627305792,3.790108292296,172.9414535147
    ));
#3300 = CARTESIAN_POINT('',(-0.805432232425,4.150064069312,
    173.74808262264));
#3301 = CARTESIAN_POINT('',(-2.857499261415,3.115247233507,
    174.55236724953));
#3302 = CARTESIAN_POINT('',(-3.848508998732,1.170600900748,
    175.3589990202));
#3303 = CARTESIAN_POINT('',(-3.636518107439,-0.797127416352,
    176.16391077031));
#3304 = CARTESIAN_POINT('',(-2.567324462803,-2.185651610425,
    176.96972663782));
#3305 = CARTESIAN_POINT('',(-1.163078294922,-2.774364759379,
    177.77521845211));
#3306 = CARTESIAN_POINT('',(0.241164218889,-3.363066105416,
    178.58075138677));
#3307 = CARTESIAN_POINT('',(1.980964267925,-3.152009153355,
    179.3864961863));
#3308 = CARTESIAN_POINT('',(3.532632205159,-1.923924987038,
    180.19151031736));
#3309 = CARTESIAN_POINT('',(4.224961020782,0.146289398575,
    180.99801730066));
#3310 = CARTESIAN_POINT('',(3.523915397315,2.334997133688,
    181.80243257121));
#3311 = CARTESIAN_POINT('',(1.758215410791,3.617998591597,
    182.60894221824));
#3312 = CARTESIAN_POINT('',(-0.21842475761,3.716448040482,
    183.41395330199));
#3313 = CARTESIAN_POINT('',(-1.757133183802,2.877626336701,
    184.21969976503));
#3314 = CARTESIAN_POINT('',(-2.558257419761,1.582765589675,
    185.02523230323));
#3315 = CARTESIAN_POINT('',(-3.359396276166,0.28790406577,
    185.83072451407));
#3316 = CARTESIAN_POINT('',(-3.423081435086,-1.463493453362,
    186.63653871757));
#3317 = CARTESIAN_POINT('',(-2.452877602991,-3.188167449495,
    187.44145351636));
#3318 = CARTESIAN_POINT('',(-0.516428752641,-4.195837723422,
    188.24808262072));
#3319 = CARTESIAN_POINT('',(1.754978956425,-3.845792014916,
    189.05236725124));
#3320 = CARTESIAN_POINT('',(3.298413989146,-2.302562297914,
    189.85899901904));
#3321 = CARTESIAN_POINT('',(3.704860161066,-0.365632672092,
    190.66391077089));
#3322 = CARTESIAN_POINT('',(3.117074151203,1.285331317422,
    191.46972663765));
#3323 = CARTESIAN_POINT('',(1.963479050592,2.279166724068,
    192.27521845209));
#3324 = CARTESIAN_POINT('',(0.809883777956,3.27298977657,193.08075138619
    ));
#3325 = CARTESIAN_POINT('',(-0.909984581024,3.609890468159,
    193.8864961881));
#3326 = CARTESIAN_POINT('',(-2.765207360762,2.921404783008,
    194.69151031405));
#3327 = CARTESIAN_POINT('',(-4.063382621361,1.166455269245,
    195.49801730499));
#3328 = CARTESIAN_POINT('',(-4.072996496265,-1.131764494399,
    196.30243256693));
#3329 = CARTESIAN_POINT('',(-2.790185275008,-2.897602694964,
    197.10894222151));
#3330 = CARTESIAN_POINT('',(-0.940711313525,-3.602049088509,
    197.91395330008));
#3331 = CARTESIAN_POINT('',(0.781897522672,-3.279769294095,
    198.71969976585));
#3332 = CARTESIAN_POINT('',(1.943945924181,-2.295844546536,
    199.52523230301));
#3333 = CARTESIAN_POINT('',(3.106008469856,-1.311923577897,
    200.33072451504));
#3334 = CARTESIAN_POINT('',(3.707788253645,0.334074648448,
    201.13653871524));
#3335 = CARTESIAN_POINT('',(3.318023149703,2.274146564258,
    201.94145352031));
#3336 = CARTESIAN_POINT('',(1.787738093673,3.83089354594,202.74808261568
    ));
#3337 = CARTESIAN_POINT('',(-0.480669083728,4.199883879844,
    203.5523672562));
#3338 = CARTESIAN_POINT('',(-2.425447236933,3.209132853572,
    204.35899901527));
#3339 = CARTESIAN_POINT('',(-3.41054468872,1.492602087607,205.1639107731
    ));
#3340 = CARTESIAN_POINT('',(-3.36170290385,-0.259193839882,
    205.96972663669));
#3341 = CARTESIAN_POINT('',(-2.571680796387,-1.560867969828,
    206.77521845238));
#3342 = CARTESIAN_POINT('',(-1.781654707824,-2.862530403963,
    207.58075138605));
#3343 = CARTESIAN_POINT('',(-0.250070737223,-3.714410553081,
    208.38649618765));
#3344 = CARTESIAN_POINT('',(1.727104754573,-3.632917122911,
    209.19151031542));
#3345 = CARTESIAN_POINT('',(3.50405201795,-2.365019169498,
    209.99801730286));
#3346 = CARTESIAN_POINT('',(4.223384321972,-0.182253138198,
    210.80243256924));
#3347 = CARTESIAN_POINT('',(3.549032362444,1.893569257512,
    211.60894221963));
#3348 = CARTESIAN_POINT('',(2.007764008002,3.135056474728,
    212.41395330125));
#3349 = CARTESIAN_POINT('',(0.26987571532,3.360865581579,213.2196997653)
  );
#3350 = CARTESIAN_POINT('',(-1.13934745714,2.78419024307,214.02523230319
    ));
#3351 = CARTESIAN_POINT('',(-2.54858325391,2.207522459038,
    214.83072605325));
#3352 = CARTESIAN_POINT('',(-3.629549525234,0.828047399886,
    215.63653238394));
#3353 = CARTESIAN_POINT('',(-3.858380898015,-1.137520505962,
    216.44146902958));
#3354 = CARTESIAN_POINT('',(-2.884045097914,-3.09094747543,
    217.24805509663));
#3355 = CARTESIAN_POINT('',(-0.840700369867,-4.14287192925,
    218.05240504435));
#3356 = CARTESIAN_POINT('',(1.315069922013,-3.801560112945,
    218.85895773353));
#3357 = CARTESIAN_POINT('',(2.782373351262,-2.473474867447,
    219.66394696717));
#3358 = CARTESIAN_POINT('',(3.277270344668,-0.792308578114,
    220.46970130473));
#3359 = CARTESIAN_POINT('',(2.92814545107,0.689776888106,221.27523230302
    ));
#3360 = CARTESIAN_POINT('',(2.579030804595,2.171872970109,
    222.08072451493));
#3361 = CARTESIAN_POINT('',(1.385637950774,3.455330240817,
    222.88653871562));
#3362 = CARTESIAN_POINT('',(-0.519928437634,3.988821209105,
    223.69145351953));
#3363 = CARTESIAN_POINT('',(-2.601735032647,3.332075580298,
    224.49808261683));
#3364 = CARTESIAN_POINT('',(-3.960343134995,1.478428091843,
    225.30236725496));
#3365 = CARTESIAN_POINT('',(-3.960488312942,-0.70417348414,
    226.10899901624));
#3366 = CARTESIAN_POINT('',(-2.878273085568,-2.361190401128,
    226.91391077256));
#3367 = CARTESIAN_POINT('',(-1.29523777897,-3.112970760564,
    227.71972663687));
#3368 = CARTESIAN_POINT('',(0.223224894594,-3.00000359736,
    228.52521845239));
#3369 = CARTESIAN_POINT('',(1.741678954325,-2.88702757697,
    229.33075138657));
#3370 = CARTESIAN_POINT('',(3.196034297623,-1.90912176217,
    230.13649618607));
#3371 = CARTESIAN_POINT('',(4.021042008693,-0.110448254769,
    230.94151031825));
#3372 = CARTESIAN_POINT('',(3.698053836672,2.048436973017,
    231.74801729923));
#3373 = CARTESIAN_POINT('',(2.079765094324,3.680321793029,
    232.55243257273));
#3374 = CARTESIAN_POINT('',(-7.595558697091E-02,4.021873442193,
    233.35894221712));
#3375 = CARTESIAN_POINT('',(-1.881849987069,3.212216686169,
    234.16395330254));
#3376 = CARTESIAN_POINT('',(-2.872032149338,1.766262067936,
    234.96969976492));
#3377 = CARTESIAN_POINT('',(-2.99798459261,0.248829902185,
    235.77523230316));
#3378 = CARTESIAN_POINT('',(-3.123949710036,-1.268609593271,
    236.58072451424));
#3379 = CARTESIAN_POINT('',(-2.385575767351,-2.858028666433,
    237.38653871727));
#3380 = CARTESIAN_POINT('',(-0.738132213463,-3.954261126509,
    238.19145351676));
#3381 = CARTESIAN_POINT('',(1.444729076775,-3.972972533428,
    238.99808262027));
#3382 = CARTESIAN_POINT('',(3.309650738935,-2.629882002594,
    239.80236725168));
#3383 = CARTESIAN_POINT('',(3.984249791982,-0.554149414426,
    240.60899901867));
#3384 = CARTESIAN_POINT('',(3.467048334303,1.356190219634,
    241.41391077114));
#3385 = CARTESIAN_POINT('',(2.193805197951,2.560360641234,
    242.21972663752));
#3386 = CARTESIAN_POINT('',(0.714752604141,2.922153256247,
    243.02521845215));
#3387 = CARTESIAN_POINT('',(3.,-0.223221722725,12.974767696687));
#3388 = CARTESIAN_POINT('',(3.112965147132,1.295238790635,
    13.780261050135));
#3389 = CARTESIAN_POINT('',(2.361186318877,2.878273098306,14.58606904469
    ));
#3390 = CARTESIAN_POINT('',(0.704164638367,3.960480535333,
    15.391002642354));
#3391 = CARTESIAN_POINT('',(-1.478422683718,3.960342752489,
    16.19759137408));
#3392 = CARTESIAN_POINT('',(-3.332083933023,2.601720178082,
    17.001941320807));
#3393 = CARTESIAN_POINT('',(-3.988805626357,0.519933048267,
    17.808491346925));
#3394 = CARTESIAN_POINT('',(-3.45533417289,-1.385647505087,
    18.613483627764));
#3395 = CARTESIAN_POINT('',(-2.17186096829,-2.579024027284,
    19.419236301486));
#3396 = CARTESIAN_POINT('',(-0.689776888025,-2.928145451007,
    20.224767696693));
#3397 = CARTESIAN_POINT('',(0.79231721432,-3.277259367808,
    21.030261050111));
#3398 = CARTESIAN_POINT('',(2.473465861584,-2.78237730951,21.83606904474
    ));
#3399 = CARTESIAN_POINT('',(3.801564829412,-1.315050857015,
    22.641002642279));
#3400 = CARTESIAN_POINT('',(4.142860623008,0.84068674732,23.447591374164
    ));
#3401 = CARTESIAN_POINT('',(3.090941452931,2.884061746275,
    24.251941320738));
#3402 = CARTESIAN_POINT('',(1.137518483962,3.858361361807,
    25.058491346963));
#3403 = CARTESIAN_POINT('',(-0.828054532075,3.629556301607,
    25.863483627756));
#3404 = CARTESIAN_POINT('',(-2.207518053146,2.548569999808,
    26.669236301479));
#3405 = CARTESIAN_POINT('',(-2.784190243053,1.139347457105,
    27.474767696703));
#3406 = CARTESIAN_POINT('',(-3.360856586249,-0.269886158644,
    28.280261050076));
#3407 = CARTESIAN_POINT('',(-3.135056936598,-2.007753686372,
    29.086069044823));
#3408 = CARTESIAN_POINT('',(-1.893556159166,-3.549041980746,
    29.891002642137));
#3409 = CARTESIAN_POINT('',(0.182250313136,-4.22336751559,
    30.697591374349));
#3410 = CARTESIAN_POINT('',(2.365024387666,-3.50405349099,
    31.501941320555));
#3411 = CARTESIAN_POINT('',(3.632911435377,-1.727094439355,32.3084913471
    ));
#3412 = CARTESIAN_POINT('',(3.714406708359,0.250072108317,
    33.113483627679));
#3413 = CARTESIAN_POINT('',(2.862524779721,1.781655658213,
    33.919236301509));
#3414 = CARTESIAN_POINT('',(1.56086351051,2.571679031114,34.724767696697
    ));
#3415 = CARTESIAN_POINT('',(0.259190389974,3.361698361505,
    35.530261050102));
#3416 = CARTESIAN_POINT('',(-1.492603952089,3.410541057231,
    36.33606904476));
#3417 = CARTESIAN_POINT('',(-3.209129939848,2.425435824341,
    37.141002642243));
#3418 = CARTESIAN_POINT('',(-4.19988108348,0.480673728617,
    37.947591374217));
#3419 = CARTESIAN_POINT('',(-3.830884102722,-1.787752279598,
    38.751941320673));
#3420 = CARTESIAN_POINT('',(-2.274143597816,-3.318007172429,
    39.55849134703));
#3421 = CARTESIAN_POINT('',(-0.334067920661,-3.707796094566,
    40.363483627696));
#3422 = CARTESIAN_POINT('',(1.311922987991,-3.105994699377,
    41.169236301522));
#3423 = CARTESIAN_POINT('',(2.295844546515,-1.943945924073,
    41.974767696679));
#3424 = CARTESIAN_POINT('',(3.279764498106,-0.781884777573,
    42.780259511138));
#3425 = CARTESIAN_POINT('',(3.602044149471,0.940701217302,
    43.586075377988));
#3426 = CARTESIAN_POINT('',(2.897598570805,2.790198806241,
    44.390987129474));
#3427 = CARTESIAN_POINT('',(1.131752476356,4.072979042713,
    45.197618898041));
#3428 = CARTESIAN_POINT('',(-1.166446716824,4.063386454701,
    46.001903527478));
#3429 = CARTESIAN_POINT('',(-2.921416828416,2.765194896747,
    46.808532632937));
#3430 = CARTESIAN_POINT('',(-3.609874726772,0.909982874898,
    47.613447430898));
#3431 = CARTESIAN_POINT('',(-3.272993475879,-0.809886970008,
    48.419261634877));
#3432 = CARTESIAN_POINT('',(-2.279157150791,-1.963478448872,
    49.224753845492));
#3433 = CARTESIAN_POINT('',(-1.2853353876,-3.11707144747,50.030286383553
    ));
#3434 = CARTESIAN_POINT('',(0.365648076939,-3.704856497486,
    50.83603284773));
#3435 = CARTESIAN_POINT('',(2.302548784984,-3.298403130818,
    51.641043928531));
#3436 = CARTESIAN_POINT('',(3.845800981698,-1.754981690201,
    52.447553580545));
#3437 = CARTESIAN_POINT('',(4.195823613562,0.516444566102,
    53.251968844971));
#3438 = CARTESIAN_POINT('',(3.188165052315,2.452863659933,
    54.058475833879));
#3439 = CARTESIAN_POINT('',(1.46348728909,3.423090834562,54.863489961173
    ));
#3440 = CARTESIAN_POINT('',(-0.287907228218,3.359383030423,
    55.669234762431));
#3441 = CARTESIAN_POINT('',(-1.582765589679,2.558257419741,
    56.474767696708));
#3442 = CARTESIAN_POINT('',(-2.877625197784,1.757119447572,
    57.280261050054));
#3443 = CARTESIAN_POINT('',(-3.716442347116,0.218433379644,
    58.086069044864));
#3444 = CARTESIAN_POINT('',(-3.617993648641,-1.758230891433,
    58.891002642082));
#3445 = CARTESIAN_POINT('',(-2.334989540084,-3.523900139896,
    59.697591374408));
#3446 = CARTESIAN_POINT('',(-0.14628604355,-4.224965279779,
    60.501941320493));
#3447 = CARTESIAN_POINT('',(1.92392644954,-3.532620516942,
    61.308491347165));
#3448 = CARTESIAN_POINT('',(3.152006848339,-1.980960898731,
    62.113483627619));
#3449 = CARTESIAN_POINT('',(3.36306211419,-0.241160144229,
    62.919236301553));
#3450 = CARTESIAN_POINT('',(2.774360114013,1.163079487932,
    63.724767696673));
#3451 = CARTESIAN_POINT('',(2.185646149845,2.567322815648,
    64.530261050193));
#3452 = CARTESIAN_POINT('',(0.797123772608,3.636516265895,
    65.336069044559));
#3453 = CARTESIAN_POINT('',(-1.170605250481,3.848498051924,
    66.141002642554));
#3454 = CARTESIAN_POINT('',(-3.115242242127,2.857501377553,
    66.947591373857));
#3455 = CARTESIAN_POINT('',(-4.150064767228,0.805415202789,
    67.751941320989));
#3456 = CARTESIAN_POINT('',(-3.790096501256,-1.347616121484,
    68.558491346819));
#3457 = CARTESIAN_POINT('',(-2.449654487983,-2.80330985519,
    69.363483627797));
#3458 = CARTESIAN_POINT('',(-0.764289885394,-3.283931480709,
    70.169236301495));
#3459 = CARTESIAN_POINT('',(0.71475450915,-2.922148854718,
    70.974767696676));
#3460 = CARTESIAN_POINT('',(2.193804425346,-2.560354990113,
    71.78026105017));
#3461 = CARTESIAN_POINT('',(3.467047085258,-1.356186332894,
    72.586069044601));
#3462 = CARTESIAN_POINT('',(3.98423966084,0.554155423394,73.391002642518
    ));
#3463 = CARTESIAN_POINT('',(3.309652047449,2.629876741313,
    74.197591373861));
#3464 = CARTESIAN_POINT('',(1.444712366873,3.972975886938,
    75.001941321023));
#3465 = CARTESIAN_POINT('',(-0.738123012148,3.954247731052,
    75.808491346772));
#3466 = CARTESIAN_POINT('',(-2.385586069699,2.858029453814,
    76.613483627833));
#3467 = CARTESIAN_POINT('',(-3.123939555447,1.268600273048,
    77.419236301479));
#3468 = CARTESIAN_POINT('',(-2.997984592563,-0.248829902219,
    78.224767696677));
#3469 = CARTESIAN_POINT('',(-2.872019745633,-1.766267688978,
    79.030259511131));
#3470 = CARTESIAN_POINT('',(-1.881853634399,-3.212206054051,
    79.836075377999));
#3471 = CARTESIAN_POINT('',(-7.594310182776E-02,-4.021880095312,
    80.640987129483));
#3472 = CARTESIAN_POINT('',(2.07976125009,-3.680300951421,
    81.447618897984));
#3473 = CARTESIAN_POINT('',(3.698050500049,-2.048445733293,
    82.251903527582));
#3474 = CARTESIAN_POINT('',(4.021041712838,0.110465587204,83.05853263282
    ));
#3475 = CARTESIAN_POINT('',(3.196021960147,1.909111836963,
    83.863447430988));
#3476 = CARTESIAN_POINT('',(1.741679313077,2.887032450046,
    84.669261634828));
#3477 = CARTESIAN_POINT('',(0.223218550807,2.99999640263,85.474753845511
    ));
#3478 = CARTESIAN_POINT('',(-1.295232989273,3.112971726622,
    86.280286383584));
#3479 = CARTESIAN_POINT('',(-2.878281387462,2.361176917959,
    87.086032847573));
#3480 = CARTESIAN_POINT('',(-3.960471080679,0.704175361002,
    87.891043928854));
#3481 = CARTESIAN_POINT('',(-3.960351407376,-1.478432499201,
    88.6975535801));
#3482 = CARTESIAN_POINT('',(-2.601713874888,-3.332076784703,
    89.501968845426));
#3483 = CARTESIAN_POINT('',(-0.519936600865,-3.988809655199,
    90.308475833518));
#3484 = CARTESIAN_POINT('',(1.385648955496,-3.455332528105,
    91.113489961401));
#3485 = CARTESIAN_POINT('',(2.579023674815,-2.171861367954,
    91.919234762317));
#3486 = CARTESIAN_POINT('',(2.92814545102,-0.689776888041,
    92.724767696752));
#3487 = CARTESIAN_POINT('',(3.277259367765,0.792317214375,
    93.530261049904));
#3488 = CARTESIAN_POINT('',(2.782377309581,2.473465861455,
    94.336069045177));
#3489 = CARTESIAN_POINT('',(1.315050856949,3.801564829623,
    95.141002641627));
#3490 = CARTESIAN_POINT('',(-0.840686747299,4.142860622761,
    95.94759137488));
#3491 = CARTESIAN_POINT('',(-2.884061746249,3.090941453136,
    96.751941320167));
#3492 = CARTESIAN_POINT('',(-3.858361361843,1.137518483846,
    97.558491347268));
#3493 = CARTESIAN_POINT('',(-3.629556301594,-0.828054532039,
    98.363483627681));
#3494 = CARTESIAN_POINT('',(-2.548569999799,-2.207518053144,
    99.169236301443));
#3495 = CARTESIAN_POINT('',(-1.139347457119,-2.784190243062,
    99.974767696752));
#3496 = CARTESIAN_POINT('',(0.269886158696,-3.360856586225,
    100.78026104988));
#3497 = CARTESIAN_POINT('',(2.007753686248,-3.135056936627,
    101.58606904528));
#3498 = CARTESIAN_POINT('',(3.549041980953,-1.893556159178,
    102.39100264134));
#3499 = CARTESIAN_POINT('',(4.223367515342,0.182250313237,
    103.19759137536));
#3500 = CARTESIAN_POINT('',(3.504053491208,2.365024387484,
    104.00194131955));
#3501 = CARTESIAN_POINT('',(1.727094439213,3.632911435569,
    104.80849134785));
#3502 = CARTESIAN_POINT('',(-0.250072108249,3.714406708223,
    105.61348362723));
#3503 = CARTESIAN_POINT('',(-1.781655658238,2.862524779786,
    106.4192363017));
#3504 = CARTESIAN_POINT('',(-2.571679031106,1.56086351049,
    107.22476769663));
#3505 = CARTESIAN_POINT('',(-3.361698361545,0.259190390056,
    108.03026105034));
#3506 = CARTESIAN_POINT('',(-3.410541057155,-1.492603952297,
    108.83606904418));
#3507 = CARTESIAN_POINT('',(-2.425435824408,-3.209129939479,
    109.6410026432));
#3508 = CARTESIAN_POINT('',(-0.480673728629,-4.199881083952,
    110.44759137305));
#3509 = CARTESIAN_POINT('',(1.787752279693,-3.830884102292,
    111.25194132168));
#3510 = CARTESIAN_POINT('',(3.318007172331,-2.274143598082,
    112.05849134645));
#3511 = CARTESIAN_POINT('',(3.707796094592,-0.334067920564,
    112.86348362781));
#3512 = CARTESIAN_POINT('',(3.105994699418,1.311922987986,
    113.66923630165));
#3513 = CARTESIAN_POINT('',(1.943945924018,2.295844546501,
    114.47476769651));
#3514 = CARTESIAN_POINT('',(0.781884777749,3.279764498132,115.2802595117
    ));
#3515 = CARTESIAN_POINT('',(-0.940701217676,3.602044149493,
    116.08607537676));
#3516 = CARTESIAN_POINT('',(-2.790198805673,2.897598570618,
    116.89098713142));
#3517 = CARTESIAN_POINT('',(-4.072979043343,1.131752476779,
    117.69761889567));
#3518 = CARTESIAN_POINT('',(-4.063386454196,-1.166446717394,
    118.50190352971));
#3519 = CARTESIAN_POINT('',(-2.76519489703,-2.921416827893,
    119.30853263128));
#3520 = CARTESIAN_POINT('',(-0.909982874797,-3.609874727108,
    120.11344743184));
#3521 = CARTESIAN_POINT('',(0.809886969989,-3.272993475731,
    120.91926163447));
#3522 = CARTESIAN_POINT('',(1.963478448874,-2.279157150831,
    121.7247538456));
#3523 = CARTESIAN_POINT('',(3.117071447463,-1.285335387544,
    122.5302863834));
#3524 = CARTESIAN_POINT('',(3.704856497523,0.365648076891,
    123.33603284784));
#3525 = CARTESIAN_POINT('',(3.298403130715,2.302548784999,
    124.14104392853));
#3526 = CARTESIAN_POINT('',(1.75498169038,3.845800981715,124.94755358039
    ));
#3527 = CARTESIAN_POINT('',(-0.516444566316,4.195823613542,
    125.75196884522));
#3528 = CARTESIAN_POINT('',(-2.452863659753,3.188165052319,
    126.55847583362));
#3529 = CARTESIAN_POINT('',(-3.423090834668,1.463487289099,
    127.36348996135));
#3530 = CARTESIAN_POINT('',(-3.359383030383,-0.287907228226,
    128.16923476235));
#3531 = CARTESIAN_POINT('',(-2.558257419746,-1.582765589678,
    128.97476769672));
#3532 = CARTESIAN_POINT('',(-1.757119447546,-2.877625197792,
    129.78026104995));
#3533 = CARTESIAN_POINT('',(-0.218433379699,-3.716442347082,
    130.58606904515));
#3534 = CARTESIAN_POINT('',(1.758230891498,-3.617993648721,
    131.39100264155));
#3535 = CARTESIAN_POINT('',(3.52390013986,-2.334989539956,
    132.19759137509));
#3536 = CARTESIAN_POINT('',(4.224965279764,-0.146286043701,
    133.00194131981));
#3537 = CARTESIAN_POINT('',(3.532620516986,1.923926449679,133.8084913477
    ));
#3538 = CARTESIAN_POINT('',(1.980960898692,3.152006848235,
    134.61348362726));
#3539 = CARTESIAN_POINT('',(0.24116014425,3.363062114254,135.41923630175
    ));
#3540 = CARTESIAN_POINT('',(-1.163079487939,2.77436011398,
    136.22476769657));
#3541 = CARTESIAN_POINT('',(-2.567322815616,2.185646149958,
    137.03026105054));
#3542 = CARTESIAN_POINT('',(-3.636516266009,0.797123772374,
    137.83606904375));
#3543 = CARTESIAN_POINT('',(-3.84849805165,-1.170605250155,
    138.64100264388));
#3544 = CARTESIAN_POINT('',(-2.857501378004,-3.115242242433,
    139.44759137218));
#3545 = CARTESIAN_POINT('',(-0.805415202271,-4.150064767049,
    140.25194132257));
#3546 = CARTESIAN_POINT('',(1.347616121071,-3.790096501299,
    141.05849134569));
#3547 = CARTESIAN_POINT('',(2.803309855408,-2.449654488004,
    141.86348362835));
#3548 = CARTESIAN_POINT('',(3.283931480648,-0.764289885376,
    142.66923630133));
#3549 = CARTESIAN_POINT('',(2.922148854712,0.714754509152,
    143.47476769665));
#3550 = CARTESIAN_POINT('',(2.560354990107,2.19380442534,144.28026105017
    ));
#3551 = CARTESIAN_POINT('',(1.35618633293,3.467047085264,145.08606904467
    ));
#3552 = CARTESIAN_POINT('',(-0.554155423468,3.984239660853,
    145.89100264232));
#3553 = CARTESIAN_POINT('',(-2.629876741223,3.309652047392,
    146.69759137416));
#3554 = CARTESIAN_POINT('',(-3.972975887009,1.444712366965,
    147.5019413207));
#3555 = CARTESIAN_POINT('',(-3.954247731017,-0.73812301223,
    148.30849134698));
#3556 = CARTESIAN_POINT('',(-2.858029453827,-2.385586069663,
    149.11348362776));
#3557 = CARTESIAN_POINT('',(-1.26860027304,-3.123939555443,
    149.91923630145));
#3558 = CARTESIAN_POINT('',(0.24882990221,-2.997984592578,
    150.72476769673));
#3559 = CARTESIAN_POINT('',(1.766267689011,-2.872019745588,
    151.53025951095));
#3560 = CARTESIAN_POINT('',(3.212206053967,-1.881853634475,
    152.33607537838));
#3561 = CARTESIAN_POINT('',(4.021880095458,-7.594310174804E-02,
    153.14098712887));
#3562 = CARTESIAN_POINT('',(3.680300951242,2.079761250051,
    153.94761889868));
#3563 = CARTESIAN_POINT('',(2.048445733447,3.69805050003,154.75190352698
    ));
#3564 = CARTESIAN_POINT('',(-0.110465587293,4.021041712884,
    155.55853263318));
#3565 = CARTESIAN_POINT('',(-1.909111836935,3.196021960116,
    156.36344743085));
#3566 = CARTESIAN_POINT('',(-2.887032450043,1.741679313081,
    157.16926163483));
#3567 = CARTESIAN_POINT('',(-2.999996402639,0.223218550818,
    157.97475384554));
#3568 = CARTESIAN_POINT('',(-3.112971726685,-1.295232989217,
    158.78028638384));
#3569 = CARTESIAN_POINT('',(-2.361176917798,-2.878281387706,
    159.58603284671));
#3570 = CARTESIAN_POINT('',(-0.704175361188,-3.960471080145,
    160.3910439304));
#3571 = CARTESIAN_POINT('',(1.478432499282,-3.960351408142,
    161.19755357818));
#3572 = CARTESIAN_POINT('',(3.332076784773,-2.601713874135,
    162.00196884712));
#3573 = CARTESIAN_POINT('',(3.988809655067,-0.519936601361,
    162.80847583248));
#3574 = CARTESIAN_POINT('',(3.455332528182,1.385648955685,
    163.61348996174));
#3575 = CARTESIAN_POINT('',(2.171861367962,2.57902367481,164.41923476239
    ));
#3576 = CARTESIAN_POINT('',(0.689776887995,2.928145450979,
    165.22476769656));
#3577 = CARTESIAN_POINT('',(-0.792317214227,3.277259367869,
    166.03026105046));
#3578 = CARTESIAN_POINT('',(-2.473465861796,2.782377309435,
    166.83606904403));
#3579 = CARTESIAN_POINT('',(-3.801564829054,1.315050857039,
    167.64100264336));
#3580 = CARTESIAN_POINT('',(-4.142860623455,-0.840686747232,
    168.44759137285));
#3581 = CARTESIAN_POINT('',(-3.090941452517,-2.884061746469,
    169.25194132199));
#3582 = CARTESIAN_POINT('',(-1.137518484242,-3.858361361588,
    170.058491346));
#3583 = CARTESIAN_POINT('',(0.828054532213,-3.629556301767,
    170.86348362832));
#3584 = CARTESIAN_POINT('',(2.207518053097,-2.548569999731,
    171.66923630123));
#3585 = CARTESIAN_POINT('',(2.784190243065,-1.139347457126,
    172.47476769677));
#3586 = CARTESIAN_POINT('',(3.360857081693,0.269886354871,
    173.28025951074));
#3587 = CARTESIAN_POINT('',(3.135054897638,2.00775287901,174.08607537891
    ));
#3588 = CARTESIAN_POINT('',(1.89356115355,3.549043958138,174.89098712793
    ));
#3589 = CARTESIAN_POINT('',(-0.18225917461,4.223364007388,
    175.69761889994));
#3590 = CARTESIAN_POINT('',(-2.365012219867,3.504058307904,
    176.50190352569));
#3591 = CARTESIAN_POINT('',(-3.632924727644,1.727089177458,
    177.30853263421));
#3592 = CARTESIAN_POINT('',(-3.714395054634,-0.25006749513,
    178.11344743021));
#3593 = CARTESIAN_POINT('',(-2.862532935851,-1.781658886844,
    178.91926163511));
#3594 = CARTESIAN_POINT('',(-1.560859051123,-2.571677265847,
    179.72475384547));
#3595 = CARTESIAN_POINT('',(-0.259198546184,-3.361701590162,
    180.53028638399));
#3596 = CARTESIAN_POINT('',(1.49261560608,-3.410536444092,
    181.33603284648));
#3597 = CARTESIAN_POINT('',(3.209116647061,-2.425441085896,
    182.14104393068));
#3598 = CARTESIAN_POINT('',(4.199893251983,-0.480668912477,
    182.94755357787));
#3599 = CARTESIAN_POINT('',(3.830875240566,1.787748772431,
    183.75196884741));
#3600 = CARTESIAN_POINT('',(2.274148592675,3.318009148909,
    184.55847583225));
#3601 = CARTESIAN_POINT('',(0.334065881471,3.707795287729,
    185.36348996189));
#3602 = CARTESIAN_POINT('',(-1.311922492478,3.105994895432,
    186.1692347623));
#3603 = CARTESIAN_POINT('',(-2.295844546509,1.943945924052,
    186.97476769661));
#3604 = CARTESIAN_POINT('',(-3.279764498108,0.781884777612,
    187.78025951126));
#3605 = CARTESIAN_POINT('',(-3.602044149486,-0.940701217359,
    188.58607537782));
#3606 = CARTESIAN_POINT('',(-2.897598570768,-2.790198806184,
    189.3909871296));
#3607 = CARTESIAN_POINT('',(-1.131752476393,-4.072979042748,
    190.19761889801));
#3608 = CARTESIAN_POINT('',(1.166446716829,-4.063386454697,
    191.00190352739));
#3609 = CARTESIAN_POINT('',(2.921416828444,-2.765194896734,
    191.80853263307));
#3610 = CARTESIAN_POINT('',(3.609874726736,-0.909982874911,
    192.61344743078));
#3611 = CARTESIAN_POINT('',(3.272993475905,0.809886970013,
    193.41926163494));
#3612 = CARTESIAN_POINT('',(2.279157150778,1.963478448872,
    194.22475384545));
#3613 = CARTESIAN_POINT('',(1.285335387573,3.117071447493,
    195.03028638339));
#3614 = CARTESIAN_POINT('',(-0.365648076838,3.704856497369,
    195.83603284832));
#3615 = CARTESIAN_POINT('',(-2.302548785137,3.298403131122,
    196.64104392733));
#3616 = CARTESIAN_POINT('',(-3.845800981577,1.754981689687,
    197.44755358223));
#3617 = CARTESIAN_POINT('',(-4.195823613585,-0.516444565478,
    198.25196884313));
#3618 = CARTESIAN_POINT('',(-3.188165052374,-2.452863660506,
    199.05847583549));
#3619 = CARTESIAN_POINT('',(-1.463487289021,-3.423090834147,199.86348996
    ));
#3620 = CARTESIAN_POINT('',(0.287907228181,-3.359383030664,
    200.66923476312));
#3621 = CARTESIAN_POINT('',(1.582765589687,-2.558257419631,
    201.47476769638));
#3622 = CARTESIAN_POINT('',(2.877625713867,-1.757119580513,
    202.28025951224));
#3623 = CARTESIAN_POINT('',(3.716440223388,-0.218432833349,
    203.08607537546));
#3624 = CARTESIAN_POINT('',(3.617998850452,1.758229554148,203.8909871336
    ));
#3625 = CARTESIAN_POINT('',(2.334980310658,3.52390251171,204.69761889295
    ));
#3626 = CARTESIAN_POINT('',(0.146298716786,4.22496202382,205.50190353232
    ));
#3627 = CARTESIAN_POINT('',(-1.923940294378,3.532624073262,
    206.30853262934));
#3628 = CARTESIAN_POINT('',(-3.151994709725,1.980957781032,
    207.11344743295));
#3629 = CARTESIAN_POINT('',(-3.363070609963,0.241162326178,
    207.91926163399));
#3630 = CARTESIAN_POINT('',(-2.774355468797,-1.163080680934,
    208.72475384574));
#3631 = CARTESIAN_POINT('',(-2.185654645851,-2.567320633655,
    209.53028638327));
#3632 = CARTESIAN_POINT('',(-0.79711163326,-3.636519383658,
    210.33603284784));
#3633 = CARTESIAN_POINT('',(1.170591404319,-3.848494495663,
    211.14104392873));
#3634 = CARTESIAN_POINT('',(3.115254916963,-2.857504633139,
    211.94755358007));
#3635 = CARTESIAN_POINT('',(4.150055536473,-0.805412831698,
    212.75196884544));
#3636 = CARTESIAN_POINT('',(3.790101703811,1.347614785058,
    213.55847583362));
#3637 = CARTESIAN_POINT('',(2.449652363991,2.80331040079,214.36348996116
    ));
#3638 = CARTESIAN_POINT('',(0.764290401536,3.28393134816,215.16923476257
    ));
#3639 = CARTESIAN_POINT('',(-0.714754509164,2.922148854683,
    215.97476769656));
#3640 = CARTESIAN_POINT('',(-2.193804425307,2.560354990213,
    216.78026105045));
#3641 = CARTESIAN_POINT('',(-3.467047085344,1.356186332712,
    217.58606904417));
#3642 = CARTESIAN_POINT('',(-3.984239660711,-0.554155423142,
    218.39100264287));
#3643 = CARTESIAN_POINT('',(-3.309652047557,-2.629876741603,
    219.19759137386));
#3644 = CARTESIAN_POINT('',(-1.444712366871,-3.972975886647,
    220.00194132056));
#3645 = CARTESIAN_POINT('',(0.738123012269,-3.954247731303,
    220.80849134751));
#3646 = CARTESIAN_POINT('',(2.385586069525,-2.858029453634,
    221.61348362709));
#3647 = CARTESIAN_POINT('',(3.123939555591,-1.268600273154,222.419236302
    ));
#3648 = CARTESIAN_POINT('',(2.99798459248,0.248829902269,223.22476769639
    ));
#3649 = CARTESIAN_POINT('',(2.872019745885,1.766267688791,
    224.03025951213));
#3650 = CARTESIAN_POINT('',(1.881853633964,3.212206054541,
    224.83607537583));
#3651 = CARTESIAN_POINT('',(7.594310229541E-02,4.021880094398,
    225.64098713281));
#3652 = CARTESIAN_POINT('',(-2.079761250362,3.680300952655,
    226.44761889409));
#3653 = CARTESIAN_POINT('',(-3.698050500074,2.048445732073,
    227.2519035311));
#3654 = CARTESIAN_POINT('',(-4.02104171262,-0.110465586314,
    228.0585326303));
#3655 = CARTESIAN_POINT('',(-3.196021960378,-1.909111837445,
    228.86344743242));
#3656 = CARTESIAN_POINT('',(-1.741679312934,-2.88703244985,
    229.66926163417));
#3657 = CARTESIAN_POINT('',(-0.223218550867,-2.999996402691,
    230.47475384574));
#3658 = CARTESIAN_POINT('',(1.295232989223,-3.112971726656,
    231.28028638381));
#3659 = CARTESIAN_POINT('',(2.878281387885,-2.361176917788,
    232.08603284623));
#3660 = CARTESIAN_POINT('',(3.960471079651,-0.704175361174,
    232.89104393162));
#3661 = CARTESIAN_POINT('',(3.960351408907,1.478432499145,
    233.69755357641));
#3662 = CARTESIAN_POINT('',(2.601713873351,3.33207678505,234.50196884892
    ));
#3663 = CARTESIAN_POINT('',(0.519936601907,3.98880965476,235.30847583114
    ));
#3664 = CARTESIAN_POINT('',(-1.385648955933,3.455332528388,
    236.11348996242));
#3665 = CARTESIAN_POINT('',(-2.579023674751,2.171861367891,
    236.9192347622));
#3666 = CARTESIAN_POINT('',(-2.928145450972,0.689776887988,
    237.72476769653));
#3667 = CARTESIAN_POINT('',(-3.277259826572,-0.792317485462,
    238.53025951144));
#3668 = CARTESIAN_POINT('',(-2.782375421807,-2.47346474558,
    239.33607537752));
#3669 = CARTESIAN_POINT('',(-1.315055480633,-3.801567563131,240.14098713
    ));
#3670 = CARTESIAN_POINT('',(0.84069495076,-4.142855772499,
    240.94761889756));
#3671 = CARTESIAN_POINT('',(2.8840504821,-3.090948113356,241.75190352782
    ));
#3672 = CARTESIAN_POINT('',(3.858373666975,-1.137511207885,
    242.55853263271));
#3673 = CARTESIAN_POINT('',(3.629545513227,0.828048152816,
    243.36344743102));
#3674 = CARTESIAN_POINT('',(2.548577550368,2.207522517877,
    244.16926163481));
#3675 = CARTESIAN_POINT('',(1.139343328781,2.784187801925,
    244.97475384551));
#3676 = DEFINITIONAL_REPRESENTATION('',(#3677),#3680);
#3677 = B_SPLINE_CURVE_WITH_KNOTS('',1,(#3678,#3679),.UNSPECIFIED.,.F.,
  .F.,(2,2),(0.,273.99427638432),.PIECEWISE_BEZIER_KNOTS.);
#3678 = CARTESIAN_POINT('',(2.,0.));
#3679 = CARTESIAN_POINT('',(2.,273.99427638432));
#3680 = ( GEOMETRIC_REPRESENTATION_CONTEXT(2) 
PARAMETRIC_REPRESENTATION_CONTEXT() REPRESENTATION_CONTEXT('2D SPACE',''
  ) );
#3681 = ORIENTED_EDGE('',*,*,#3682,.T.);
#3682 = EDGE_CURVE('',#2215,#3683,#3685,.T.);
#3683 = VERTEX_POINT('',#3684);
#3684 = CARTESIAN_POINT('',(10.9,-0.223221722725,12.974767696687));
#3685 = SURFACE_CURVE('',#3686,(#3689,#3696),.PCURVE_S1.);
#3686 = B_SPLINE_CURVE_WITH_KNOTS('',1,(#3687,#3688),.UNSPECIFIED.,.F.,
  .F.,(2,2),(0.,7.9),.PIECEWISE_BEZIER_KNOTS.);
#3687 = CARTESIAN_POINT('',(3.,-0.223221722725,12.974767696687));
#3688 = CARTESIAN_POINT('',(10.9,-0.223221722725,12.974767696687));
#3689 = PCURVE('',#2511,#3690);
#3690 = DEFINITIONAL_REPRESENTATION('',(#3691),#3695);
#3691 = LINE('',#3692,#3693);
#3692 = CARTESIAN_POINT('',(0.,0.));
#3693 = VECTOR('',#3694,1.);
#3694 = DIRECTION('',(1.,0.));
#3695 = ( GEOMETRIC_REPRESENTATION_CONTEXT(2) 
PARAMETRIC_REPRESENTATION_CONTEXT() REPRESENTATION_CONTEXT('2D SPACE',''
  ) );
#3696 = PCURVE('',#3697,#3702);
#3697 = PLANE('',#3698);
#3698 = AXIS2_PLACEMENT_3D('',#3699,#3700,#3701);
#3699 = CARTESIAN_POINT('',(6.95,1.682156097917E-16,12.));
#3700 = DIRECTION('',(-1.914408469869E-16,0.974767696687,0.223221722725)
  );
#3701 = DIRECTION('',(0.,-0.223221722725,0.974767696687));
#3702 = DEFINITIONAL_REPRESENTATION('',(#3703),#3706);
#3703 = B_SPLINE_CURVE_WITH_KNOTS('',1,(#3704,#3705),.UNSPECIFIED.,.F.,
  .F.,(2,2),(0.,7.9),.PIECEWISE_BEZIER_KNOTS.);
#3704 = CARTESIAN_POINT('',(1.,-3.95));
#3705 = CARTESIAN_POINT('',(1.,3.95));
#3706 = ( GEOMETRIC_REPRESENTATION_CONTEXT(2) 
PARAMETRIC_REPRESENTATION_CONTEXT() REPRESENTATION_CONTEXT('2D SPACE',''
  ) );
#3707 = ORIENTED_EDGE('',*,*,#3708,.T.);
#3708 = EDGE_CURVE('',#3683,#3709,#3711,.T.);
#3709 = VERTEX_POINT('',#3710);
#3710 = CARTESIAN_POINT('',(3.58058361767,10.297532320256,
    244.97478154784));
#3711 = SURFACE_CURVE('',#3712,(#4002,#4009),.PCURVE_S1.);
#3712 = B_SPLINE_CURVE_WITH_KNOTS('',9,(#3713,#3714,#3715,#3716,#3717,
    #3718,#3719,#3720,#3721,#3722,#3723,#3724,#3725,#3726,#3727,#3728,
    #3729,#3730,#3731,#3732,#3733,#3734,#3735,#3736,#3737,#3738,#3739,
    #3740,#3741,#3742,#3743,#3744,#3745,#3746,#3747,#3748,#3749,#3750,
    #3751,#3752,#3753,#3754,#3755,#3756,#3757,#3758,#3759,#3760,#3761,
    #3762,#3763,#3764,#3765,#3766,#3767,#3768,#3769,#3770,#3771,#3772,
    #3773,#3774,#3775,#3776,#3777,#3778,#3779,#3780,#3781,#3782,#3783,
    #3784,#3785,#3786,#3787,#3788,#3789,#3790,#3791,#3792,#3793,#3794,
    #3795,#3796,#3797,#3798,#3799,#3800,#3801,#3802,#3803,#3804,#3805,
    #3806,#3807,#3808,#3809,#3810,#3811,#3812,#3813,#3814,#3815,#3816,
    #3817,#3818,#3819,#3820,#3821,#3822,#3823,#3824,#3825,#3826,#3827,
    #3828,#3829,#3830,#3831,#3832,#3833,#3834,#3835,#3836,#3837,#3838,
    #3839,#3840,#3841,#3842,#3843,#3844,#3845,#3846,#3847,#3848,#3849,
    #3850,#3851,#3852,#3853,#3854,#3855,#3856,#3857,#3858,#3859,#3860,
    #3861,#3862,#3863,#3864,#3865,#3866,#3867,#3868,#3869,#3870,#3871,
    #3872,#3873,#3874,#3875,#3876,#3877,#3878,#3879,#3880,#3881,#3882,
    #3883,#3884,#3885,#3886,#3887,#3888,#3889,#3890,#3891,#3892,#3893,
    #3894,#3895,#3896,#3897,#3898,#3899,#3900,#3901,#3902,#3903,#3904,
    #3905,#3906,#3907,#3908,#3909,#3910,#3911,#3912,#3913,#3914,#3915,
    #3916,#3917,#3918,#3919,#3920,#3921,#3922,#3923,#3924,#3925,#3926,
    #3927,#3928,#3929,#3930,#3931,#3932,#3933,#3934,#3935,#3936,#3937,
    #3938,#3939,#3940,#3941,#3942,#3943,#3944,#3945,#3946,#3947,#3948,
    #3949,#3950,#3951,#3952,#3953,#3954,#3955,#3956,#3957,#3958,#3959,
    #3960,#3961,#3962,#3963,#3964,#3965,#3966,#3967,#3968,#3969,#3970,
    #3971,#3972,#3973,#3974,#3975,#3976,#3977,#3978,#3979,#3980,#3981,
    #3982,#3983,#3984,#3985,#3986,#3987,#3988,#3989,#3990,#3991,#3992,
    #3993,#3994,#3995,#3996,#3997,#3998,#3999,#4000,#4001),
  .UNSPECIFIED.,.F.,.F.,(10,9,9,9,9,9,9,9,9,9,9,9,9,9,9,9,9,9,9,9,9,9,9,
    9,9,9,9,9,9,9,9,9,10),(0.,8.56232113701,17.12464227402,
    25.68696341103,34.24928454804,42.811605685051,51.373926822061,
    59.936247959071,68.498569096081,77.060890233091,85.623211370101,
    94.185532507111,102.74785364412,111.31017478113,119.87249591814,
    128.43481705515,136.99713819216,145.55945932917,154.12178046618,
    162.68410160319,171.2464227402,179.80874387721,188.37106501422,
    196.93338615123,205.49570728824,214.05802842525,222.62034956226,
    231.18267069927,239.74499183628,248.30731297329,256.8696341103,
    265.43195524731,273.99427638432),.PIECEWISE_BEZIER_KNOTS.);
#3713 = CARTESIAN_POINT('',(10.9,-0.223221722725,12.974767696687));
#3714 = CARTESIAN_POINT('',(11.012965843326,5.293737459049,
    13.780385058164));
#3715 = CARTESIAN_POINT('',(7.983797398522,10.876461296995,
    14.585689837783));
#3716 = CARTESIAN_POINT('',(1.776558346699,14.468854801871,
    15.391864304222));
#3717 = CARTESIAN_POINT('',(-6.121638066165,14.044560744469,
    16.19638934764));
#3718 = CARTESIAN_POINT('',(-12.56576750863,8.765281224221,
    17.003150510921));
#3719 = CARTESIAN_POINT('',(-14.53558191058,1.104632723163,
    17.807708933737));
#3720 = CARTESIAN_POINT('',(-12.23460863955,-5.687841063085,
    18.613830809931));
#3721 = CARTESIAN_POINT('',(-7.356981089069,-9.756252922074,
    19.419187584669));
#3722 = CARTESIAN_POINT('',(-1.925609161841,-10.7308833417,
    20.22476769668));
#3723 = CARTESIAN_POINT('',(3.505755346264,-11.70550094628,
    21.030385058187));
#3724 = CARTESIAN_POINT('',(9.493612934954,-9.586957008738,
    21.835689837736));
#3725 = CARTESIAN_POINT('',(14.012804234989,-4.018113526066,
    22.641864304291));
#3726 = CARTESIAN_POINT('',(14.829284072145,3.849217196466,
    23.446389347565));
#3727 = CARTESIAN_POINT('',(10.623085185233,11.039869979712,
    24.253150510981));
#3728 = CARTESIAN_POINT('',(3.364898841539,14.183822147707,
    25.057708933705));
#3729 = CARTESIAN_POINT('',(-3.703899843663,12.973754678985,
    25.863830809938));
#3730 = CARTESIAN_POINT('',(-8.485251858047,8.792618650312,
    26.669187584677));
#3731 = CARTESIAN_POINT('',(-10.29753672178,3.580581712661,
    27.47476769667));
#3732 = CARTESIAN_POINT('',(-12.10980776761,-1.631449901921,
    28.28038505822));
#3733 = CARTESIAN_POINT('',(-10.95405392012,-7.877000314952,
    29.085689837662));
#3734 = CARTESIAN_POINT('',(-6.160729415058,-13.21171192202,
    29.891864304414));
#3735 = CARTESIAN_POINT('',(1.482015824567,-15.24886121036,
    30.696389347406));
#3736 = CARTESIAN_POINT('',(9.242134212656,-12.21931353302,
    31.50315051114));
#3737 = CARTESIAN_POINT('',(13.482809610154,-5.542309982942,
    32.307708933582));
#3738 = CARTESIAN_POINT('',(13.393443820789,1.628756317528,
    33.113830810009));
#3739 = CARTESIAN_POINT('',(10.011752759356,7.005315732351,
    33.919187584648));
#3740 = CARTESIAN_POINT('',(5.147388458449,9.610630572204,
    34.724767696676));
#3741 = CARTESIAN_POINT('',(0.283027253472,12.215930931582,
    35.530385058194));
#3742 = CARTESIAN_POINT('',(-6.066429804922,12.051425669519,
    36.33568983772));
#3743 = CARTESIAN_POINT('',(-12.08530341438,8.151647699645,
    37.141864304322));
#3744 = CARTESIAN_POINT('',(-15.29296077752,0.921677695361,
    37.946389347517));
#3745 = CARTESIAN_POINT('',(-13.51466182802,-7.216826428313,
    38.753150511044));
#3746 = CARTESIAN_POINT('',(-7.583251058727,-12.44980555317,
    39.557708933636));
#3747 = CARTESIAN_POINT('',(-0.486492594659,-13.48334192541,
    40.363830809999));
#3748 = CARTESIAN_POINT('',(5.352885484012,-10.98436428836,
    41.169187584633));
#3749 = CARTESIAN_POINT('',(8.687078802075,-6.587449417187,
    41.974767696694));
#3750 = CARTESIAN_POINT('',(12.021257367103,-2.190534806724,
    42.780386597161));
#3751 = CARTESIAN_POINT('',(12.852051184948,4.106481471124,
    43.585683504483));
#3752 = CARTESIAN_POINT('',(9.941845701108,10.661319988748,
    44.391879817106));
#3753 = CARTESIAN_POINT('',(3.302675853638,14.960487384309,
    45.196361823679));
#3754 = CARTESIAN_POINT('',(-5.013815605049,14.47724735669,
    46.003188304239));
#3755 = CARTESIAN_POINT('',(-11.11024686177,9.437453058621,
    46.807667647747));
#3756 = CARTESIAN_POINT('',(-13.2412346169,2.58977495336,47.613867006772
    ));
#3757 = CARTESIAN_POINT('',(-11.68650486388,-3.56865818446,48.4191622513
    ));
#3758 = CARTESIAN_POINT('',(-7.865305207903,-7.549617534436,
    49.224781547868));
#3759 = CARTESIAN_POINT('',(-4.044105723975,-11.53058923855,
    50.030359724772));
#3760 = CARTESIAN_POINT('',(2.045423044589,-13.33620430969,
    50.835726034702));
#3761 = CARTESIAN_POINT('',(8.974807995431,-11.48725606808,
    51.641823018095));
#3762 = CARTESIAN_POINT('',(14.259656750755,-5.602339292079,
    52.446427141127));
#3763 = CARTESIAN_POINT('',(15.083328610893,2.687340111826,
    53.253122986788));
#3764 = CARTESIAN_POINT('',(11.059302163748,9.497120609113,
    54.057724446769));
#3765 = CARTESIAN_POINT('',(4.629263610579,12.673083531562,
    54.863824476526));
#3766 = CARTESIAN_POINT('',(-1.696541349586,12.100884349157,
    55.669189123725));
#3767 = CARTESIAN_POINT('',(-6.226269082797,8.949491675298,
    56.474767696664));
#3768 = CARTESIAN_POINT('',(-10.75598247481,5.798095717774,
    57.280385058241));
#3769 = CARTESIAN_POINT('',(-13.49200039612,6.600422758132E-02,
    58.085689837622));
#3770 = CARTESIAN_POINT('',(-12.74978421982,-7.067313576196,
    58.891864304467));
#3771 = CARTESIAN_POINT('',(-7.764079745702,-13.20769490935,
    59.696389347344));
#3772 = CARTESIAN_POINT('',(0.294711354479,-15.31802249775,
    60.503150511209));
#3773 = CARTESIAN_POINT('',(7.650134034938,-12.40881961257,
    61.307708933509));
#3774 = CARTESIAN_POINT('',(11.792882607237,-6.554777214716,
    62.113830810075));
#3775 = CARTESIAN_POINT('',(12.217299400934,-0.217341143098,
    62.919187584601));
#3776 = CARTESIAN_POINT('',(9.813311655104,4.749604435867,
    63.724767696701));
#3777 = CARTESIAN_POINT('',(7.409317902551,9.716536480204,
    64.530385058108));
#3778 = CARTESIAN_POINT('',(2.175805470238,13.315566146423,
    65.335689837904));
#3779 = CARTESIAN_POINT('',(-4.985797544604,13.698384637718,
    66.141864304043));
#3780 = CARTESIAN_POINT('',(-11.83051660673,9.734629727718,
    66.946389347832));
#3781 = CARTESIAN_POINT('',(-15.17553523491,2.105183686324,
    67.753150510765));
#3782 = CARTESIAN_POINT('',(-13.45279107725,-5.614781132443,
    68.557708933827));
#3783 = CARTESIAN_POINT('',(-8.318890312061,-10.62229958614,
    69.363830809904));
#3784 = CARTESIAN_POINT('',(-2.125872009008,-12.0328845264,
    70.16918758466));
#3785 = CARTESIAN_POINT('',(3.155988764707,-10.43549533345,
    70.974767696697));
#3786 = CARTESIAN_POINT('',(8.437837110057,-8.838098090433,
    71.780385058129));
#3787 = CARTESIAN_POINT('',(12.811258466493,-4.232031161191,
    72.585689837869));
#3788 = CARTESIAN_POINT('',(14.309685363332,2.78151463067,
    73.391864304067));
#3789 = CARTESIAN_POINT('',(11.465480818616,10.162031721864,
    74.196389347842));
#3790 = CARTESIAN_POINT('',(4.453242117959,14.65937593003,
    75.003150510726));
#3791 = CARTESIAN_POINT('',(-3.441173684035,14.16551017825,
    75.807708933873));
#3792 = CARTESIAN_POINT('',(-9.190160295847,9.878164721156,
    76.613830809871));
#3793 = CARTESIAN_POINT('',(-11.55218009998,3.982056850679,
    77.419187584675));
#3794 = CARTESIAN_POINT('',(-10.80072248326,-1.484662176032,
    78.224767696695));
#3795 = CARTESIAN_POINT('',(-10.04925461892,-6.951370586405,
    79.030386597163));
#3796 = CARTESIAN_POINT('',(-6.184051649985,-11.99149344008,
    79.835683504493));
#3797 = CARTESIAN_POINT('',(0.508745147677,-14.5686381732,80.64187981706
    ));
#3798 = CARTESIAN_POINT('',(8.243317587143,-12.91400657147,
    81.446361823776));
#3799 = CARTESIAN_POINT('',(13.782262792756,-6.691656764867,
    82.253188304106));
#3800 = CARTESIAN_POINT('',(14.529417951522,1.182843841715,
    83.057667647876));
#3801 = CARTESIAN_POINT('',(11.194214220145,7.531719357646,
    83.863867006679));
#3802 = CARTESIAN_POINT('',(5.740184435661,10.787029239577,
    84.669162251349));
#3803 = CARTESIAN_POINT('',(0.223224894642,10.899996402579,
    85.47478154785));
#3804 = CARTESIAN_POINT('',(-5.293743260399,11.012972422925,
    86.280359724743));
#3805 = CARTESIAN_POINT('',(-10.87645300789,7.983787997395,
    87.085726034844));
#3806 = CARTESIAN_POINT('',(-14.46886425637,1.776569069668,
    87.891823017805));
#3807 = CARTESIAN_POINT('',(-14.04455208984,-6.121647882067,
    88.696427141533));
#3808 = CARTESIAN_POINT('',(-8.765287527111,-12.56576035991,
    89.503122986361));
#3809 = CARTESIAN_POINT('',(-1.104629170823,-14.53558593972,
    90.307724447122));
#3810 = CARTESIAN_POINT('',(5.687839612842,-12.2346069946,
    91.113824476296));
#3811 = CARTESIAN_POINT('',(9.756253274462,-7.356981488809,
    91.919189123842));
#3812 = CARTESIAN_POINT('',(10.730883341727,-1.925609161829,
    92.724767696619));
#3813 = CARTESIAN_POINT('',(11.70550094622,3.505755346224,
    93.530385058388));
#3814 = CARTESIAN_POINT('',(9.586957008896,9.49361293502,94.335689837329
    ));
#3815 = CARTESIAN_POINT('',(4.018113525814,14.012804234927,
    95.141864304879));
#3816 = CARTESIAN_POINT('',(-3.849217196183,14.829284072168,
    95.946389346931));
#3817 = CARTESIAN_POINT('',(-11.03986997993,10.623085185252,
    96.753150511483));
#3818 = CARTESIAN_POINT('',(-14.18382214759,3.364898841514,
    97.557708933435));
#3819 = CARTESIAN_POINT('',(-12.97375467901,-3.703899843659,
    98.363830810002));
#3820 = CARTESIAN_POINT('',(-8.792618650314,-8.485251858033,
    99.169187584714));
#3821 = CARTESIAN_POINT('',(-3.580581712654,-10.2975367218,
    99.97476769662));
#3822 = CARTESIAN_POINT('',(1.631449901901,-12.10980776755,
    100.78038505839));
#3823 = CARTESIAN_POINT('',(7.877000314973,-10.95405392026,
    101.58568983725));
#3824 = CARTESIAN_POINT('',(13.211711922045,-6.160729414813,
    102.3918643051));
#3825 = CARTESIAN_POINT('',(15.248861210267,1.482015824283,
    103.19638934652));
#3826 = CARTESIAN_POINT('',(12.21931353319,9.242134212892,
    104.00315051201));
#3827 = CARTESIAN_POINT('',(5.542309982768,13.482809610014,
    104.8077089329));
#3828 = CARTESIAN_POINT('',(-1.628756317401,13.393443820848,
    105.61383081042));
#3829 = CARTESIAN_POINT('',(-7.005315732415,10.011752759337,
    106.41918758445));
#3830 = CARTESIAN_POINT('',(-9.610630572182,5.147388458455,
    107.22476769674));
#3831 = CARTESIAN_POINT('',(-12.21593093167,0.283027253442,
    108.03038505795));
#3832 = CARTESIAN_POINT('',(-12.05142566927,-6.066429804865,
    108.83568983824));
#3833 = CARTESIAN_POINT('',(-8.151647700066,-12.08530341443,
    109.64186430348));
#3834 = CARTESIAN_POINT('',(-0.921677694852,-15.29296077754,
    110.44638934848));
#3835 = CARTESIAN_POINT('',(7.21682642788,-13.51466182796,
    111.25315051023));
#3836 = CARTESIAN_POINT('',(12.44980555342,-7.583251058776,
    112.05770893407));
#3837 = CARTESIAN_POINT('',(13.483341925327,-0.48649259467,
    112.86383080994));
#3838 = CARTESIAN_POINT('',(10.984364288374,5.352885484071,
    113.66918758448));
#3839 = CARTESIAN_POINT('',(6.587449417194,8.687078802015,
    114.47476769686));
#3840 = CARTESIAN_POINT('',(2.190534806724,12.021257367305,
    115.28038659662));
#3841 = CARTESIAN_POINT('',(-4.1064814712,12.852051184511,
    116.08568350561));
#3842 = CARTESIAN_POINT('',(-10.66131998849,9.941845701767,
    116.89187981535));
#3843 = CARTESIAN_POINT('',(-14.96048738477,3.302675852935,
    117.69636182578));
#3844 = CARTESIAN_POINT('',(-14.47724735612,-5.013815604522,
    118.50318830222));
#3845 = CARTESIAN_POINT('',(-9.437453059104,-11.11024686203,
    119.30766764927));
#3846 = CARTESIAN_POINT('',(-2.589774953061,-13.24123461683,
    120.11386700586));
#3847 = CARTESIAN_POINT('',(3.568658184328,-11.68650486388,
    120.91916225169));
#3848 = CARTESIAN_POINT('',(7.549617534474,-7.865305207906,
    121.72478154775));
#3849 = CARTESIAN_POINT('',(11.530589238502,-4.044105723979,
    122.53035972492));
#3850 = CARTESIAN_POINT('',(13.336204309729,2.045423044629,
    123.33572603458));
#3851 = CARTESIAN_POINT('',(11.487256068083,8.974807995322,
    124.1418230181));
#3852 = CARTESIAN_POINT('',(5.602339292061,14.259656750932,
    124.94642714127));
#3853 = CARTESIAN_POINT('',(-2.687340111815,15.083328610698,
    125.75312298653));
#3854 = CARTESIAN_POINT('',(-9.497120609104,11.059302163902,
    126.55772444703));
#3855 = CARTESIAN_POINT('',(-12.67308353158,4.629263610492,
    127.36382447633));
#3856 = CARTESIAN_POINT('',(-12.10088434914,-1.696541349553,
    128.16918912381));
#3857 = CARTESIAN_POINT('',(-8.949491675299,-6.226269082802,
    128.97476769664));
#3858 = CARTESIAN_POINT('',(-5.798095717763,-10.75598247478,
    129.78038505833));
#3859 = CARTESIAN_POINT('',(-6.600422762486E-02,-13.49200039618,
    130.58568983737));
#3860 = CARTESIAN_POINT('',(7.067313576289,-12.74978421974,
    131.39186430491));
#3861 = CARTESIAN_POINT('',(13.207694909214,-7.76407974575,
    132.19638934674));
#3862 = CARTESIAN_POINT('',(15.318022497921,0.29471135447,
    133.00315051182));
#3863 = CARTESIAN_POINT('',(12.408819612432,7.650134034986,133.807708933
    ));
#3864 = CARTESIAN_POINT('',(6.554777214822,11.792882607188,
    134.61383081041));
#3865 = CARTESIAN_POINT('',(0.217341143033,12.217299400963,
    135.4191875844));
#3866 = CARTESIAN_POINT('',(-4.749604435834,9.813311655092,
    136.2247676968));
#3867 = CARTESIAN_POINT('',(-9.716536480324,7.409317902605,
    137.03038505776));
#3868 = CARTESIAN_POINT('',(-13.31556614616,2.175805470074,
    137.83568983865));
#3869 = CARTESIAN_POINT('',(-13.69838463808,-4.985797544267,
    138.64186430283));
#3870 = CARTESIAN_POINT('',(-9.734629727365,-11.83051660722,
    139.44638934933));
#3871 = CARTESIAN_POINT('',(-2.10518368654,-15.17553523441,
    140.25315050934));
#3872 = CARTESIAN_POINT('',(5.614781132506,-13.45279107761,
    141.05770893485));
#3873 = CARTESIAN_POINT('',(10.622299586153,-8.318890311882,
    141.86383080937));
#3874 = CARTESIAN_POINT('',(12.032884526388,-2.125872009054,
    142.66918758481));
#3875 = CARTESIAN_POINT('',(10.435495333448,3.1559887647,143.47476769671
    ));
#3876 = CARTESIAN_POINT('',(8.838098090437,8.437837110053,
    144.28038505812));
#3877 = CARTESIAN_POINT('',(4.232031161192,12.811258466531,
    145.08568983781));
#3878 = CARTESIAN_POINT('',(-2.781514630696,14.309685363248,
    145.8918643042));
#3879 = CARTESIAN_POINT('',(-10.1620317218,11.465480818725,
    146.69638934763));
#3880 = CARTESIAN_POINT('',(-14.65937593011,4.453242117867,
    147.50315051093));
#3881 = CARTESIAN_POINT('',(-14.16551017818,-3.441173683984,
    148.30770893373));
#3882 = CARTESIAN_POINT('',(-9.878164721177,-9.190160295869,
    149.1138308099));
#3883 = CARTESIAN_POINT('',(-3.982056850687,-11.55218009996,
    149.91918758471));
#3884 = CARTESIAN_POINT('',(1.484662176047,-10.80072248327,
    150.72476769664));
#3885 = CARTESIAN_POINT('',(6.95137058636,-10.04925461888,
    151.53038659732));
#3886 = CARTESIAN_POINT('',(11.991493440164,-6.184051650094,
    152.33568350415));
#3887 = CARTESIAN_POINT('',(14.568638173121,0.508745147857,
    153.14187981757));
#3888 = CARTESIAN_POINT('',(12.914006571514,8.243317586933,
    153.94636182317));
#3889 = CARTESIAN_POINT('',(6.691656764892,13.782262792925,
    154.75318830463));
#3890 = CARTESIAN_POINT('',(-1.182843841766,14.529417951432,
    155.55766764753));
#3891 = CARTESIAN_POINT('',(-7.531719357612,11.194214220171,
    156.36386700682));
#3892 = CARTESIAN_POINT('',(-10.78702923958,5.740184435663,
    157.16916225133));
#3893 = CARTESIAN_POINT('',(-10.89999640258,0.223224894636,
    157.97478154781));
#3894 = CARTESIAN_POINT('',(-11.01297242301,-5.293743260471,
    158.78035972451));
#3895 = CARTESIAN_POINT('',(-7.983787997059,-10.87645300771,
    159.58572603555));
#3896 = CARTESIAN_POINT('',(-1.776569070334,-14.46886425658,
    160.39182301657));
#3897 = CARTESIAN_POINT('',(6.12164788293,-14.04455208971,
    161.19642714302));
#3898 = CARTESIAN_POINT('',(12.565760359149,-8.765287527108,
    162.00312298504));
#3899 = CARTESIAN_POINT('',(14.53558594017,-1.104629170889,
    162.80772444792));
#3900 = CARTESIAN_POINT('',(12.234606994458,5.687839612871,
    163.61382447604));
#3901 = CARTESIAN_POINT('',(7.356981488801,9.756253274493,
    164.41918912374));
#3902 = CARTESIAN_POINT('',(1.925609161866,10.730883341673,
    165.2247676968));
#3903 = CARTESIAN_POINT('',(-3.50575534632,11.705500946402,
    166.03038505785));
#3904 = CARTESIAN_POINT('',(-9.493612934889,9.586957008482,
    166.8356898384));
#3905 = CARTESIAN_POINT('',(-14.012804235,4.018113526478,167.64186430325
    ));
#3906 = CARTESIAN_POINT('',(-14.82928407224,-3.84921719695,
    168.44638934882));
#3907 = CARTESIAN_POINT('',(-10.62308518504,-11.0398699793,
    169.25315050975));
#3908 = CARTESIAN_POINT('',(-3.364898841749,-14.18382214796,
    170.05770893465));
#3909 = CARTESIAN_POINT('',(3.703899843817,-12.97375467887,
    170.86383080935));
#3910 = CARTESIAN_POINT('',(8.485251857971,-8.792618650349,
    171.66918758493));
#3911 = CARTESIAN_POINT('',(10.297536721809,-3.580581712651,
    172.47476769659));
#3912 = CARTESIAN_POINT('',(12.10980763496,1.631450418035,
    173.28038659752));
#3913 = CARTESIAN_POINT('',(10.954054465861,7.876998190946,
    174.08568350366));
#3914 = CARTESIAN_POINT('',(6.160728078522,13.211717124706,
    174.89187981841));
#3915 = CARTESIAN_POINT('',(-1.482013453462,15.248851979335,
    175.69636182207));
#3916 = CARTESIAN_POINT('',(-9.242137468166,12.21932620825,
    176.50318830577));
#3917 = CARTESIAN_POINT('',(-13.48280605398,5.542296136358,
    177.3076676466));
#3918 = CARTESIAN_POINT('',(-13.39344693849,-1.62874417781,
    178.1138670074));
#3919 = CARTESIAN_POINT('',(-10.01175057737,-7.005324228621,
    178.91916225106));
#3920 = CARTESIAN_POINT('',(-5.147389651458,-9.61062592684,
    179.72478154789));
#3921 = CARTESIAN_POINT('',(-0.283025071471,-12.21593942797,
    180.53035972436));
#3922 = CARTESIAN_POINT('',(6.066426687281,-12.05141352942,
    181.33572603577));
#3923 = CARTESIAN_POINT('',(12.085306970182,-8.151661546914,
    182.14182301629));
#3924 = CARTESIAN_POINT('',(15.292957522817,-0.921665019302,
    182.94642714331));
#3925 = CARTESIAN_POINT('',(13.514664198096,7.216817196568,
    183.75312298477));
#3926 = CARTESIAN_POINT('',(7.583249723078,12.449810756288,
    184.55772444813));
#3927 = CARTESIAN_POINT('',(0.486493139896,13.483339801221,
    185.3638244759));
#3928 = CARTESIAN_POINT('',(-5.352885616507,10.984364804532,
    186.16918912383));
#3929 = CARTESIAN_POINT('',(-8.687078802051,6.587449417191,
    186.97476769675));
#3930 = CARTESIAN_POINT('',(-12.02125736714,2.190534806728,
    187.78038659704));
#3931 = CARTESIAN_POINT('',(-12.85205118488,-4.106481471153,
    188.58568350463));
#3932 = CARTESIAN_POINT('',(-9.941845701172,-10.66131998869,
    189.39187981698));
#3933 = CARTESIAN_POINT('',(-3.302675853605,-14.96048738436,
    190.1963618237));
#3934 = CARTESIAN_POINT('',(5.01381560505,-14.47724735666,
    191.00318830431));
#3935 = CARTESIAN_POINT('',(11.110246861755,-9.437453058609,
    191.80766764763));
#3936 = CARTESIAN_POINT('',(13.241234616918,-2.589774953388,
    192.61386700686));
#3937 = CARTESIAN_POINT('',(11.686504863878,3.568658184483,
    193.41916225123));
#3938 = CARTESIAN_POINT('',(7.865305207901,7.549617534425,194.2247815479
    ));
#3939 = CARTESIAN_POINT('',(4.04410572395,11.53058923851,195.03035972489
    ));
#3940 = CARTESIAN_POINT('',(-2.045423044461,13.336204309826,
    195.83572603421));
#3941 = CARTESIAN_POINT('',(-8.974807995749,11.487256067891,
    196.64182301909));
#3942 = CARTESIAN_POINT('',(-14.25965675023,5.602339292232,
    197.44642713967));
#3943 = CARTESIAN_POINT('',(-15.08332861151,-2.687340111849,
    198.25312298844));
#3944 = CARTESIAN_POINT('',(-11.05930216318,-9.497120609198,
    199.05772444524));
#3945 = CARTESIAN_POINT('',(-4.629263610986,-12.67308353145,
    199.86382447767));
#3946 = CARTESIAN_POINT('',(1.696541349825,-12.10088434922,
    200.66918912302));
#3947 = CARTESIAN_POINT('',(6.226269082684,-8.949491675275,
    201.47476769699));
#3948 = CARTESIAN_POINT('',(10.755982671378,-5.79809522241,
    202.2803865961));
#3949 = CARTESIAN_POINT('',(13.491999588055,-6.600626617076E-02,
    203.08568350677));
#3950 = CARTESIAN_POINT('',(12.749786198189,7.067318569631,
    203.89187981347));
#3951 = CARTESIAN_POINT('',(7.764076236574,13.207686049444,
    204.69636182811));
#3952 = CARTESIAN_POINT('',(-0.294706536992,15.318034663782,
    205.50318829997));
#3953 = CARTESIAN_POINT('',(-7.650139297024,12.40880632175,
    206.30766765098));
#3954 = CARTESIAN_POINT('',(-11.79287799405,6.554788867607,
    207.11386700484));
#3955 = CARTESIAN_POINT('',(-12.21730262954,0.217332987298,
    207.91916225215));
#3956 = CARTESIAN_POINT('',(-9.813309889831,-4.749599976552,
    208.72478154761));
#3957 = CARTESIAN_POINT('',(-7.409321131223,-9.716544636212,
    209.53035972507));
#3958 = CARTESIAN_POINT('',(-2.175800856937,-13.31555449285,
    210.33572603451));
#3959 = CARTESIAN_POINT('',(4.985792282529,-13.6983979298,
    211.14182301802));
#3960 = CARTESIAN_POINT('',(11.830521423813,-9.734617560087,
    211.94642714142));
#3961 = CARTESIAN_POINT('',(15.175531726667,-2.105192547687,
    212.75312298645));
#3962 = CARTESIAN_POINT('',(13.452793054566,5.614786126801,
    213.55772444694));
#3963 = CARTESIAN_POINT('',(8.318889504827,10.622297547145,
    214.36382447655));
#3964 = CARTESIAN_POINT('',(2.125872205131,12.032885021896,
    215.16918912357));
#3965 = CARTESIAN_POINT('',(-3.155988764672,10.435495333432,
    215.9747676968));
#3966 = CARTESIAN_POINT('',(-8.437837110164,8.838098090492,
    216.78038505785));
#3967 = CARTESIAN_POINT('',(-12.81125846629,4.232031161061,
    217.58568983826));
#3968 = CARTESIAN_POINT('',(-14.30968536361,-2.78151463048,
    218.39186430378));
#3969 = CARTESIAN_POINT('',(-11.4654808183,-10.16203172202,
    219.19638934776));
#3970 = CARTESIAN_POINT('',(-4.453242118263,-14.65937592999,
    220.00315051124));
#3971 = CARTESIAN_POINT('',(3.441173684304,-14.16551017814,
    220.80770893309));
#3972 = CARTESIAN_POINT('',(9.190160295642,-9.878164721324,
    221.61383081062));
#3973 = CARTESIAN_POINT('',(11.552180100108,-3.98205685054,
    222.41918758413));
#3974 = CARTESIAN_POINT('',(10.800722483203,1.484662175953,
    223.22476769698));
#3975 = CARTESIAN_POINT('',(10.049254619175,6.951370586663,
    224.03038659622));
#3976 = CARTESIAN_POINT('',(6.184051649356,11.991493439625,
    224.83568350638));
#3977 = CARTESIAN_POINT('',(-0.508745146572,14.568638173723,
    225.64187981426));
#3978 = CARTESIAN_POINT('',(-8.243317588531,12.914006571137,
    226.44636182696));
#3979 = CARTESIAN_POINT('',(-13.78226279149,6.691656764905,
    227.25318830121));
#3980 = CARTESIAN_POINT('',(-14.52941795236,-1.182843841537,228.05766765
    ));
#3981 = CARTESIAN_POINT('',(-11.19421421972,-7.53171935786,
    228.8638670054));
#3982 = CARTESIAN_POINT('',(-5.74018443582,-10.78702923943,
    229.66916225196));
#3983 = CARTESIAN_POINT('',(-0.223224894594,-10.89999640264,
    230.47478154761));
#3984 = CARTESIAN_POINT('',(5.293743260465,-11.01297242303,
    231.28035972459));
#3985 = CARTESIAN_POINT('',(10.876453007667,-7.983787996822,
    232.08572603586));
#3986 = CARTESIAN_POINT('',(14.468864256629,-1.776569070898,
    232.89182301571));
#3987 = CARTESIAN_POINT('',(14.044552089794,6.121647883718,
    233.69642714432));
#3988 = CARTESIAN_POINT('',(8.765287526872,12.565760358422,
    234.50312298366));
#3989 = CARTESIAN_POINT('',(1.104629171166,14.535585940621,235.307724449
    ));
#3990 = CARTESIAN_POINT('',(-5.687839613057,12.234606994281,
    236.11382447545));
#3991 = CARTESIAN_POINT('',(-9.756253274432,7.356981488834,
    236.91918912392));
#3992 = CARTESIAN_POINT('',(-10.73088334166,1.925609161874,
    237.72476769683));
#3993 = CARTESIAN_POINT('',(-11.70550073473,-3.50575583538,
    238.53038659688));
#3994 = CARTESIAN_POINT('',(-9.586957879556,-9.493610922333,
    239.33568350488));
#3995 = CARTESIAN_POINT('',(-4.01811139285,-14.01280916459,
    240.14187981666));
#3996 = CARTESIAN_POINT('',(3.849213411349,-14.8292753258,
    240.94636182404));
#3997 = CARTESIAN_POINT('',(11.039875177291,-10.62309719486,
    241.75318830396));
#3998 = CARTESIAN_POINT('',(14.183816469637,-3.364885722018,
    242.55766764794));
#3999 = CARTESIAN_POINT('',(12.973759657225,3.703888341313,
    243.36386700664));
#4000 = CARTESIAN_POINT('',(8.792615166124,8.485259908296,
    244.16916225136));
#4001 = CARTESIAN_POINT('',(3.58058361767,10.297532320256,
    244.97478154784));
#4002 = PCURVE('',#2511,#4003);
#4003 = DEFINITIONAL_REPRESENTATION('',(#4004),#4008);
#4004 = LINE('',#4005,#4006);
#4005 = CARTESIAN_POINT('',(7.9,0.));
#4006 = VECTOR('',#4007,1.);
#4007 = DIRECTION('',(0.,1.));
#4008 = ( GEOMETRIC_REPRESENTATION_CONTEXT(2) 
PARAMETRIC_REPRESENTATION_CONTEXT() REPRESENTATION_CONTEXT('2D SPACE',''
  ) );
#4009 = PCURVE('',#4010,#4589);
#4010 = B_SPLINE_SURFACE_WITH_KNOTS('',1,9,(
    (#4011,#4012,#4013,#4014,#4015,#4016,#4017,#4018,#4019,#4020,#4021
      ,#4022,#4023,#4024,#4025,#4026,#4027,#4028,#4029,#4030,#4031,#4032
      ,#4033,#4034,#4035,#4036,#4037,#4038,#4039,#4040,#4041,#4042,#4043
      ,#4044,#4045,#4046,#4047,#4048,#4049,#4050,#4051,#4052,#4053,#4054
      ,#4055,#4056,#4057,#4058,#4059,#4060,#4061,#4062,#4063,#4064,#4065
      ,#4066,#4067,#4068,#4069,#4070,#4071,#4072,#4073,#4074,#4075,#4076
      ,#4077,#4078,#4079,#4080,#4081,#4082,#4083,#4084,#4085,#4086,#4087
      ,#4088,#4089,#4090,#4091,#4092,#4093,#4094,#4095,#4096,#4097,#4098
      ,#4099,#4100,#4101,#4102,#4103,#4104,#4105,#4106,#4107,#4108,#4109
      ,#4110,#4111,#4112,#4113,#4114,#4115,#4116,#4117,#4118,#4119,#4120
      ,#4121,#4122,#4123,#4124,#4125,#4126,#4127,#4128,#4129,#4130,#4131
      ,#4132,#4133,#4134,#4135,#4136,#4137,#4138,#4139,#4140,#4141,#4142
      ,#4143,#4144,#4145,#4146,#4147,#4148,#4149,#4150,#4151,#4152,#4153
      ,#4154,#4155,#4156,#4157,#4158,#4159,#4160,#4161,#4162,#4163,#4164
      ,#4165,#4166,#4167,#4168,#4169,#4170,#4171,#4172,#4173,#4174,#4175
      ,#4176,#4177,#4178,#4179,#4180,#4181,#4182,#4183,#4184,#4185,#4186
      ,#4187,#4188,#4189,#4190,#4191,#4192,#4193,#4194,#4195,#4196,#4197
      ,#4198,#4199,#4200,#4201,#4202,#4203,#4204,#4205,#4206,#4207,#4208
      ,#4209,#4210,#4211,#4212,#4213,#4214,#4215,#4216,#4217,#4218,#4219
      ,#4220,#4221,#4222,#4223,#4224,#4225,#4226,#4227,#4228,#4229,#4230
      ,#4231,#4232,#4233,#4234,#4235,#4236,#4237,#4238,#4239,#4240,#4241
      ,#4242,#4243,#4244,#4245,#4246,#4247,#4248,#4249,#4250,#4251,#4252
      ,#4253,#4254,#4255,#4256,#4257,#4258,#4259,#4260,#4261,#4262,#4263
      ,#4264,#4265,#4266,#4267,#4268,#4269,#4270,#4271,#4272,#4273,#4274
      ,#4275,#4276,#4277,#4278,#4279,#4280,#4281,#4282,#4283,#4284,#4285
      ,#4286,#4287,#4288,#4289,#4290,#4291,#4292,#4293,#4294,#4295,#4296
      ,#4297,#4298,#4299)
    ,(#4300,#4301,#4302,#4303,#4304,#4305,#4306,#4307,#4308,#4309,#4310
      ,#4311,#4312,#4313,#4314,#4315,#4316,#4317,#4318,#4319,#4320,#4321
      ,#4322,#4323,#4324,#4325,#4326,#4327,#4328,#4329,#4330,#4331,#4332
      ,#4333,#4334,#4335,#4336,#4337,#4338,#4339,#4340,#4341,#4342,#4343
      ,#4344,#4345,#4346,#4347,#4348,#4349,#4350,#4351,#4352,#4353,#4354
      ,#4355,#4356,#4357,#4358,#4359,#4360,#4361,#4362,#4363,#4364,#4365
      ,#4366,#4367,#4368,#4369,#4370,#4371,#4372,#4373,#4374,#4375,#4376
      ,#4377,#4378,#4379,#4380,#4381,#4382,#4383,#4384,#4385,#4386,#4387
      ,#4388,#4389,#4390,#4391,#4392,#4393,#4394,#4395,#4396,#4397,#4398
      ,#4399,#4400,#4401,#4402,#4403,#4404,#4405,#4406,#4407,#4408,#4409
      ,#4410,#4411,#4412,#4413,#4414,#4415,#4416,#4417,#4418,#4419,#4420
      ,#4421,#4422,#4423,#4424,#4425,#4426,#4427,#4428,#4429,#4430,#4431
      ,#4432,#4433,#4434,#4435,#4436,#4437,#4438,#4439,#4440,#4441,#4442
      ,#4443,#4444,#4445,#4446,#4447,#4448,#4449,#4450,#4451,#4452,#4453
      ,#4454,#4455,#4456,#4457,#4458,#4459,#4460,#4461,#4462,#4463,#4464
      ,#4465,#4466,#4467,#4468,#4469,#4470,#4471,#4472,#4473,#4474,#4475
      ,#4476,#4477,#4478,#4479,#4480,#4481,#4482,#4483,#4484,#4485,#4486
      ,#4487,#4488,#4489,#4490,#4491,#4492,#4493,#4494,#4495,#4496,#4497
      ,#4498,#4499,#4500,#4501,#4502,#4503,#4504,#4505,#4506,#4507,#4508
      ,#4509,#4510,#4511,#4512,#4513,#4514,#4515,#4516,#4517,#4518,#4519
      ,#4520,#4521,#4522,#4523,#4524,#4525,#4526,#4527,#4528,#4529,#4530
      ,#4531,#4532,#4533,#4534,#4535,#4536,#4537,#4538,#4539,#4540,#4541
      ,#4542,#4543,#4544,#4545,#4546,#4547,#4548,#4549,#4550,#4551,#4552
      ,#4553,#4554,#4555,#4556,#4557,#4558,#4559,#4560,#4561,#4562,#4563
      ,#4564,#4565,#4566,#4567,#4568,#4569,#4570,#4571,#4572,#4573,#4574
      ,#4575,#4576,#4577,#4578,#4579,#4580,#4581,#4582,#4583,#4584,#4585
      ,#4586,#4587,#4588
    )),.UNSPECIFIED.,.F.,.F.,.F.,(2,2),(10,9,9,9,9,9,9,9,9,9,9,9,9,9,9,9
    ,9,9,9,9,9,9,9,9,9,9,9,9,9,9,9,9,10),(0.,2.),(0.,8.56232113701,
    17.12464227402,25.68696341103,34.24928454804,42.811605685051,
    51.373926822061,59.936247959071,68.498569096081,77.060890233091,
    85.623211370101,94.185532507111,102.74785364412,111.31017478113,
    119.87249591814,128.43481705515,136.99713819216,145.55945932917,
    154.12178046618,162.68410160319,171.2464227402,179.80874387721,
    188.37106501422,196.93338615123,205.49570728824,214.05802842525,
    222.62034956226,231.18267069927,239.74499183628,248.30731297329,
    256.8696341103,265.43195524731,273.99427638432),
  .PIECEWISE_BEZIER_KNOTS.);
#4011 = CARTESIAN_POINT('',(10.9,-0.223221722725,12.974767696687));
#4012 = CARTESIAN_POINT('',(11.012965843326,5.293737459049,
    13.780385058164));
#4013 = CARTESIAN_POINT('',(7.983797398522,10.876461296995,
    14.585689837783));
#4014 = CARTESIAN_POINT('',(1.7765583467,14.468854801871,15.391864304222
    ));
#4015 = CARTESIAN_POINT('',(-6.121638066166,14.044560744469,
    16.19638934764));
#4016 = CARTESIAN_POINT('',(-12.56576750863,8.765281224221,
    17.003150510921));
#4017 = CARTESIAN_POINT('',(-14.53558191058,1.104632723163,
    17.807708933737));
#4018 = CARTESIAN_POINT('',(-12.23460863955,-5.687841063085,
    18.613830809931));
#4019 = CARTESIAN_POINT('',(-7.356981089069,-9.756252922074,
    19.419187584669));
#4020 = CARTESIAN_POINT('',(-1.925609161841,-10.7308833417,
    20.22476769668));
#4021 = CARTESIAN_POINT('',(3.505755346264,-11.70550094628,
    21.030385058187));
#4022 = CARTESIAN_POINT('',(9.493612934953,-9.586957008738,
    21.835689837736));
#4023 = CARTESIAN_POINT('',(14.012804234989,-4.018113526066,
    22.641864304291));
#4024 = CARTESIAN_POINT('',(14.829284072145,3.849217196466,
    23.446389347565));
#4025 = CARTESIAN_POINT('',(10.623085185234,11.039869979712,
    24.253150510981));
#4026 = CARTESIAN_POINT('',(3.364898841539,14.183822147707,
    25.057708933705));
#4027 = CARTESIAN_POINT('',(-3.703899843663,12.973754678985,
    25.863830809938));
#4028 = CARTESIAN_POINT('',(-8.485251858047,8.792618650312,
    26.669187584677));
#4029 = CARTESIAN_POINT('',(-10.29753672178,3.580581712661,
    27.47476769667));
#4030 = CARTESIAN_POINT('',(-12.10980776761,-1.631449901921,
    28.28038505822));
#4031 = CARTESIAN_POINT('',(-10.95405392012,-7.877000314952,
    29.085689837662));
#4032 = CARTESIAN_POINT('',(-6.160729415058,-13.21171192202,
    29.891864304414));
#4033 = CARTESIAN_POINT('',(1.482015824567,-15.24886121036,
    30.696389347406));
#4034 = CARTESIAN_POINT('',(9.242134212656,-12.21931353302,
    31.50315051114));
#4035 = CARTESIAN_POINT('',(13.482809610154,-5.542309982942,
    32.307708933582));
#4036 = CARTESIAN_POINT('',(13.393443820789,1.628756317527,
    33.113830810009));
#4037 = CARTESIAN_POINT('',(10.011752759356,7.005315732351,
    33.919187584648));
#4038 = CARTESIAN_POINT('',(5.147388458449,9.610630572204,
    34.724767696676));
#4039 = CARTESIAN_POINT('',(0.283027253472,12.215930931582,
    35.530385058194));
#4040 = CARTESIAN_POINT('',(-6.066429804921,12.051425669519,
    36.33568983772));
#4041 = CARTESIAN_POINT('',(-12.08530341438,8.151647699645,
    37.141864304322));
#4042 = CARTESIAN_POINT('',(-15.29296077752,0.921677695361,
    37.946389347517));
#4043 = CARTESIAN_POINT('',(-13.51466182802,-7.216826428313,
    38.753150511044));
#4044 = CARTESIAN_POINT('',(-7.583251058726,-12.44980555317,
    39.557708933636));
#4045 = CARTESIAN_POINT('',(-0.486492594659,-13.48334192541,
    40.363830809999));
#4046 = CARTESIAN_POINT('',(5.352885484012,-10.98436428836,
    41.169187584633));
#4047 = CARTESIAN_POINT('',(8.687078802075,-6.587449417187,
    41.974767696694));
#4048 = CARTESIAN_POINT('',(12.021257367103,-2.190534806724,
    42.780386597161));
#4049 = CARTESIAN_POINT('',(12.852051184948,4.106481471124,
    43.585683504483));
#4050 = CARTESIAN_POINT('',(9.941845701108,10.661319988749,
    44.391879817106));
#4051 = CARTESIAN_POINT('',(3.302675853639,14.960487384308,
    45.196361823679));
#4052 = CARTESIAN_POINT('',(-5.013815605049,14.47724735669,
    46.003188304239));
#4053 = CARTESIAN_POINT('',(-11.11024686177,9.437453058621,
    46.807667647747));
#4054 = CARTESIAN_POINT('',(-13.2412346169,2.58977495336,47.613867006772
    ));
#4055 = CARTESIAN_POINT('',(-11.68650486388,-3.568658184461,
    48.4191622513));
#4056 = CARTESIAN_POINT('',(-7.865305207903,-7.549617534436,
    49.224781547868));
#4057 = CARTESIAN_POINT('',(-4.044105723975,-11.53058923855,
    50.030359724772));
#4058 = CARTESIAN_POINT('',(2.045423044589,-13.33620430969,
    50.835726034702));
#4059 = CARTESIAN_POINT('',(8.974807995431,-11.48725606808,
    51.641823018095));
#4060 = CARTESIAN_POINT('',(14.259656750755,-5.602339292079,
    52.446427141127));
#4061 = CARTESIAN_POINT('',(15.083328610893,2.687340111825,
    53.253122986788));
#4062 = CARTESIAN_POINT('',(11.059302163748,9.497120609113,
    54.057724446769));
#4063 = CARTESIAN_POINT('',(4.629263610579,12.673083531562,
    54.863824476526));
#4064 = CARTESIAN_POINT('',(-1.696541349586,12.100884349157,
    55.669189123725));
#4065 = CARTESIAN_POINT('',(-6.226269082797,8.949491675298,
    56.474767696664));
#4066 = CARTESIAN_POINT('',(-10.75598247481,5.798095717774,
    57.280385058241));
#4067 = CARTESIAN_POINT('',(-13.49200039611,6.600422758111E-02,
    58.085689837622));
#4068 = CARTESIAN_POINT('',(-12.74978421982,-7.067313576195,
    58.891864304467));
#4069 = CARTESIAN_POINT('',(-7.764079745702,-13.20769490935,
    59.696389347344));
#4070 = CARTESIAN_POINT('',(0.294711354479,-15.31802249775,
    60.503150511209));
#4071 = CARTESIAN_POINT('',(7.650134034938,-12.40881961257,
    61.307708933509));
#4072 = CARTESIAN_POINT('',(11.792882607237,-6.554777214716,
    62.113830810075));
#4073 = CARTESIAN_POINT('',(12.217299400934,-0.217341143098,
    62.919187584601));
#4074 = CARTESIAN_POINT('',(9.813311655104,4.749604435867,
    63.724767696701));
#4075 = CARTESIAN_POINT('',(7.409317902551,9.716536480203,
    64.530385058108));
#4076 = CARTESIAN_POINT('',(2.175805470238,13.315566146423,
    65.335689837904));
#4077 = CARTESIAN_POINT('',(-4.985797544604,13.698384637718,
    66.141864304043));
#4078 = CARTESIAN_POINT('',(-11.83051660673,9.734629727718,
    66.946389347832));
#4079 = CARTESIAN_POINT('',(-15.17553523491,2.105183686324,
    67.753150510765));
#4080 = CARTESIAN_POINT('',(-13.45279107725,-5.614781132443,
    68.557708933827));
#4081 = CARTESIAN_POINT('',(-8.318890312061,-10.62229958614,
    69.363830809904));
#4082 = CARTESIAN_POINT('',(-2.125872009008,-12.0328845264,
    70.16918758466));
#4083 = CARTESIAN_POINT('',(3.155988764707,-10.43549533345,
    70.974767696697));
#4084 = CARTESIAN_POINT('',(8.437837110057,-8.838098090433,
    71.780385058129));
#4085 = CARTESIAN_POINT('',(12.811258466493,-4.232031161191,
    72.585689837869));
#4086 = CARTESIAN_POINT('',(14.309685363332,2.78151463067,
    73.391864304067));
#4087 = CARTESIAN_POINT('',(11.465480818616,10.162031721864,
    74.196389347842));
#4088 = CARTESIAN_POINT('',(4.453242117959,14.65937593003,
    75.003150510726));
#4089 = CARTESIAN_POINT('',(-3.441173684035,14.16551017825,
    75.807708933873));
#4090 = CARTESIAN_POINT('',(-9.190160295847,9.878164721156,
    76.613830809871));
#4091 = CARTESIAN_POINT('',(-11.55218009998,3.982056850679,
    77.419187584675));
#4092 = CARTESIAN_POINT('',(-10.80072248326,-1.484662176032,
    78.224767696695));
#4093 = CARTESIAN_POINT('',(-10.04925461892,-6.951370586405,
    79.030386597163));
#4094 = CARTESIAN_POINT('',(-6.184051649985,-11.99149344008,
    79.835683504493));
#4095 = CARTESIAN_POINT('',(0.508745147677,-14.5686381732,80.64187981706
    ));
#4096 = CARTESIAN_POINT('',(8.243317587143,-12.91400657147,
    81.446361823776));
#4097 = CARTESIAN_POINT('',(13.782262792756,-6.691656764867,
    82.253188304106));
#4098 = CARTESIAN_POINT('',(14.529417951522,1.182843841715,
    83.057667647876));
#4099 = CARTESIAN_POINT('',(11.194214220145,7.531719357646,
    83.863867006679));
#4100 = CARTESIAN_POINT('',(5.740184435661,10.787029239577,
    84.669162251349));
#4101 = CARTESIAN_POINT('',(0.223224894642,10.899996402579,
    85.47478154785));
#4102 = CARTESIAN_POINT('',(-5.293743260399,11.012972422925,
    86.280359724743));
#4103 = CARTESIAN_POINT('',(-10.87645300789,7.983787997395,
    87.085726034844));
#4104 = CARTESIAN_POINT('',(-14.46886425637,1.776569069668,
    87.891823017805));
#4105 = CARTESIAN_POINT('',(-14.04455208984,-6.121647882067,
    88.696427141533));
#4106 = CARTESIAN_POINT('',(-8.765287527111,-12.56576035991,
    89.503122986361));
#4107 = CARTESIAN_POINT('',(-1.104629170823,-14.53558593972,
    90.307724447122));
#4108 = CARTESIAN_POINT('',(5.687839612842,-12.2346069946,
    91.113824476296));
#4109 = CARTESIAN_POINT('',(9.756253274462,-7.356981488809,
    91.919189123842));
#4110 = CARTESIAN_POINT('',(10.730883341727,-1.925609161829,
    92.724767696619));
#4111 = CARTESIAN_POINT('',(11.70550094622,3.505755346224,
    93.530385058388));
#4112 = CARTESIAN_POINT('',(9.586957008896,9.49361293502,94.335689837329
    ));
#4113 = CARTESIAN_POINT('',(4.018113525813,14.012804234926,
    95.141864304879));
#4114 = CARTESIAN_POINT('',(-3.849217196182,14.829284072169,
    95.946389346931));
#4115 = CARTESIAN_POINT('',(-11.03986997993,10.623085185251,
    96.753150511483));
#4116 = CARTESIAN_POINT('',(-14.18382214759,3.364898841515,
    97.557708933435));
#4117 = CARTESIAN_POINT('',(-12.97375467901,-3.703899843659,
    98.363830810002));
#4118 = CARTESIAN_POINT('',(-8.792618650314,-8.485251858033,
    99.169187584714));
#4119 = CARTESIAN_POINT('',(-3.580581712654,-10.2975367218,
    99.97476769662));
#4120 = CARTESIAN_POINT('',(1.631449901901,-12.10980776755,
    100.78038505839));
#4121 = CARTESIAN_POINT('',(7.877000314973,-10.95405392026,
    101.58568983725));
#4122 = CARTESIAN_POINT('',(13.211711922044,-6.160729414813,
    102.3918643051));
#4123 = CARTESIAN_POINT('',(15.248861210268,1.482015824283,
    103.19638934652));
#4124 = CARTESIAN_POINT('',(12.219313533189,9.242134212892,
    104.00315051201));
#4125 = CARTESIAN_POINT('',(5.542309982768,13.482809610013,
    104.8077089329));
#4126 = CARTESIAN_POINT('',(-1.628756317401,13.393443820848,
    105.61383081042));
#4127 = CARTESIAN_POINT('',(-7.005315732415,10.011752759337,
    106.41918758445));
#4128 = CARTESIAN_POINT('',(-9.610630572182,5.147388458455,
    107.22476769674));
#4129 = CARTESIAN_POINT('',(-12.21593093167,0.283027253442,
    108.03038505795));
#4130 = CARTESIAN_POINT('',(-12.05142566927,-6.066429804866,
    108.83568983824));
#4131 = CARTESIAN_POINT('',(-8.151647700066,-12.08530341443,
    109.64186430348));
#4132 = CARTESIAN_POINT('',(-0.921677694853,-15.29296077754,
    110.44638934848));
#4133 = CARTESIAN_POINT('',(7.21682642788,-13.51466182796,
    111.25315051023));
#4134 = CARTESIAN_POINT('',(12.44980555342,-7.583251058777,
    112.05770893407));
#4135 = CARTESIAN_POINT('',(13.483341925327,-0.48649259467,
    112.86383080994));
#4136 = CARTESIAN_POINT('',(10.984364288374,5.352885484071,
    113.66918758448));
#4137 = CARTESIAN_POINT('',(6.587449417194,8.687078802015,
    114.47476769686));
#4138 = CARTESIAN_POINT('',(2.190534806724,12.021257367305,
    115.28038659662));
#4139 = CARTESIAN_POINT('',(-4.1064814712,12.852051184511,
    116.08568350561));
#4140 = CARTESIAN_POINT('',(-10.66131998849,9.941845701766,
    116.89187981535));
#4141 = CARTESIAN_POINT('',(-14.96048738477,3.302675852936,
    117.69636182578));
#4142 = CARTESIAN_POINT('',(-14.47724735612,-5.013815604522,
    118.50318830222));
#4143 = CARTESIAN_POINT('',(-9.437453059103,-11.11024686203,
    119.30766764927));
#4144 = CARTESIAN_POINT('',(-2.589774953061,-13.24123461683,
    120.11386700586));
#4145 = CARTESIAN_POINT('',(3.568658184328,-11.68650486388,
    120.91916225169));
#4146 = CARTESIAN_POINT('',(7.549617534474,-7.865305207906,
    121.72478154775));
#4147 = CARTESIAN_POINT('',(11.530589238502,-4.044105723979,
    122.53035972492));
#4148 = CARTESIAN_POINT('',(13.336204309729,2.045423044629,
    123.33572603458));
#4149 = CARTESIAN_POINT('',(11.487256068083,8.974807995323,
    124.1418230181));
#4150 = CARTESIAN_POINT('',(5.602339292061,14.259656750931,
    124.94642714127));
#4151 = CARTESIAN_POINT('',(-2.687340111815,15.083328610698,
    125.75312298653));
#4152 = CARTESIAN_POINT('',(-9.497120609104,11.059302163902,
    126.55772444703));
#4153 = CARTESIAN_POINT('',(-12.67308353158,4.629263610492,
    127.36382447633));
#4154 = CARTESIAN_POINT('',(-12.10088434914,-1.696541349553,
    128.16918912381));
#4155 = CARTESIAN_POINT('',(-8.949491675299,-6.226269082802,
    128.97476769664));
#4156 = CARTESIAN_POINT('',(-5.798095717763,-10.75598247478,
    129.78038505833));
#4157 = CARTESIAN_POINT('',(-6.600422762508E-02,-13.49200039618,
    130.58568983737));
#4158 = CARTESIAN_POINT('',(7.06731357629,-12.74978421974,
    131.39186430491));
#4159 = CARTESIAN_POINT('',(13.207694909213,-7.76407974575,
    132.19638934674));
#4160 = CARTESIAN_POINT('',(15.318022497921,0.29471135447,
    133.00315051182));
#4161 = CARTESIAN_POINT('',(12.408819612432,7.650134034986,133.807708933
    ));
#4162 = CARTESIAN_POINT('',(6.554777214822,11.792882607188,
    134.61383081041));
#4163 = CARTESIAN_POINT('',(0.217341143033,12.217299400963,
    135.4191875844));
#4164 = CARTESIAN_POINT('',(-4.749604435834,9.813311655092,
    136.2247676968));
#4165 = CARTESIAN_POINT('',(-9.716536480324,7.409317902605,
    137.03038505776));
#4166 = CARTESIAN_POINT('',(-13.31556614616,2.175805470074,
    137.83568983865));
#4167 = CARTESIAN_POINT('',(-13.69838463808,-4.985797544267,
    138.64186430283));
#4168 = CARTESIAN_POINT('',(-9.734629727366,-11.83051660722,
    139.44638934933));
#4169 = CARTESIAN_POINT('',(-2.105183686539,-15.17553523441,
    140.25315050934));
#4170 = CARTESIAN_POINT('',(5.614781132506,-13.45279107761,
    141.05770893485));
#4171 = CARTESIAN_POINT('',(10.622299586153,-8.318890311882,
    141.86383080937));
#4172 = CARTESIAN_POINT('',(12.032884526388,-2.125872009055,
    142.66918758481));
#4173 = CARTESIAN_POINT('',(10.435495333448,3.1559887647,143.47476769671
    ));
#4174 = CARTESIAN_POINT('',(8.838098090437,8.437837110053,
    144.28038505812));
#4175 = CARTESIAN_POINT('',(4.232031161192,12.811258466531,
    145.08568983781));
#4176 = CARTESIAN_POINT('',(-2.781514630696,14.309685363249,
    145.8918643042));
#4177 = CARTESIAN_POINT('',(-10.1620317218,11.465480818724,
    146.69638934763));
#4178 = CARTESIAN_POINT('',(-14.65937593011,4.453242117867,
    147.50315051093));
#4179 = CARTESIAN_POINT('',(-14.16551017818,-3.441173683985,
    148.30770893373));
#4180 = CARTESIAN_POINT('',(-9.878164721177,-9.190160295869,
    149.1138308099));
#4181 = CARTESIAN_POINT('',(-3.982056850687,-11.55218009996,
    149.91918758471));
#4182 = CARTESIAN_POINT('',(1.484662176047,-10.80072248327,
    150.72476769664));
#4183 = CARTESIAN_POINT('',(6.95137058636,-10.04925461888,
    151.53038659732));
#4184 = CARTESIAN_POINT('',(11.991493440164,-6.184051650094,
    152.33568350415));
#4185 = CARTESIAN_POINT('',(14.568638173122,0.508745147858,
    153.14187981757));
#4186 = CARTESIAN_POINT('',(12.914006571513,8.243317586933,
    153.94636182317));
#4187 = CARTESIAN_POINT('',(6.691656764893,13.782262792926,
    154.75318830463));
#4188 = CARTESIAN_POINT('',(-1.182843841767,14.529417951432,
    155.55766764753));
#4189 = CARTESIAN_POINT('',(-7.531719357611,11.194214220171,
    156.36386700682));
#4190 = CARTESIAN_POINT('',(-10.78702923958,5.740184435663,
    157.16916225133));
#4191 = CARTESIAN_POINT('',(-10.89999640258,0.223224894636,
    157.97478154781));
#4192 = CARTESIAN_POINT('',(-11.01297242301,-5.293743260471,
    158.78035972451));
#4193 = CARTESIAN_POINT('',(-7.983787997059,-10.87645300771,
    159.58572603555));
#4194 = CARTESIAN_POINT('',(-1.776569070334,-14.46886425658,
    160.39182301657));
#4195 = CARTESIAN_POINT('',(6.121647882931,-14.04455208971,
    161.19642714302));
#4196 = CARTESIAN_POINT('',(12.565760359149,-8.765287527108,
    162.00312298504));
#4197 = CARTESIAN_POINT('',(14.53558594017,-1.104629170889,
    162.80772444792));
#4198 = CARTESIAN_POINT('',(12.234606994458,5.687839612871,
    163.61382447604));
#4199 = CARTESIAN_POINT('',(7.356981488801,9.756253274493,
    164.41918912374));
#4200 = CARTESIAN_POINT('',(1.925609161866,10.730883341673,
    165.2247676968));
#4201 = CARTESIAN_POINT('',(-3.50575534632,11.705500946403,
    166.03038505785));
#4202 = CARTESIAN_POINT('',(-9.493612934888,9.586957008482,
    166.8356898384));
#4203 = CARTESIAN_POINT('',(-14.012804235,4.018113526478,167.64186430325
    ));
#4204 = CARTESIAN_POINT('',(-14.82928407224,-3.84921719695,
    168.44638934882));
#4205 = CARTESIAN_POINT('',(-10.62308518504,-11.03986997929,
    169.25315050975));
#4206 = CARTESIAN_POINT('',(-3.364898841749,-14.18382214796,
    170.05770893465));
#4207 = CARTESIAN_POINT('',(3.703899843817,-12.97375467887,
    170.86383080935));
#4208 = CARTESIAN_POINT('',(8.485251857971,-8.792618650349,
    171.66918758493));
#4209 = CARTESIAN_POINT('',(10.297536721809,-3.580581712651,
    172.47476769659));
#4210 = CARTESIAN_POINT('',(12.10980763496,1.631450418035,
    173.28038659752));
#4211 = CARTESIAN_POINT('',(10.95405446586,7.876998190946,
    174.08568350366));
#4212 = CARTESIAN_POINT('',(6.160728078523,13.211717124707,
    174.89187981841));
#4213 = CARTESIAN_POINT('',(-1.482013453462,15.248851979334,
    175.69636182207));
#4214 = CARTESIAN_POINT('',(-9.242137468166,12.219326208251,
    176.50318830577));
#4215 = CARTESIAN_POINT('',(-13.48280605398,5.542296136357,
    177.3076676466));
#4216 = CARTESIAN_POINT('',(-13.39344693849,-1.628744177809,
    178.1138670074));
#4217 = CARTESIAN_POINT('',(-10.01175057737,-7.005324228621,
    178.91916225106));
#4218 = CARTESIAN_POINT('',(-5.147389651458,-9.61062592684,
    179.72478154789));
#4219 = CARTESIAN_POINT('',(-0.283025071471,-12.21593942797,
    180.53035972436));
#4220 = CARTESIAN_POINT('',(6.06642668728,-12.05141352942,
    181.33572603577));
#4221 = CARTESIAN_POINT('',(12.085306970183,-8.151661546914,
    182.14182301629));
#4222 = CARTESIAN_POINT('',(15.292957522816,-0.921665019303,
    182.94642714331));
#4223 = CARTESIAN_POINT('',(13.514664198097,7.216817196569,
    183.75312298477));
#4224 = CARTESIAN_POINT('',(7.583249723077,12.449810756287,
    184.55772444813));
#4225 = CARTESIAN_POINT('',(0.486493139896,13.483339801222,
    185.3638244759));
#4226 = CARTESIAN_POINT('',(-5.352885616507,10.984364804532,
    186.16918912383));
#4227 = CARTESIAN_POINT('',(-8.687078802051,6.587449417191,
    186.97476769675));
#4228 = CARTESIAN_POINT('',(-12.02125736714,2.190534806728,
    187.78038659704));
#4229 = CARTESIAN_POINT('',(-12.85205118488,-4.106481471153,
    188.58568350463));
#4230 = CARTESIAN_POINT('',(-9.941845701172,-10.66131998869,
    189.39187981698));
#4231 = CARTESIAN_POINT('',(-3.302675853605,-14.96048738437,
    190.1963618237));
#4232 = CARTESIAN_POINT('',(5.013815605051,-14.47724735666,
    191.00318830431));
#4233 = CARTESIAN_POINT('',(11.110246861754,-9.437453058609,
    191.80766764763));
#4234 = CARTESIAN_POINT('',(13.241234616919,-2.589774953388,
    192.61386700686));
#4235 = CARTESIAN_POINT('',(11.686504863878,3.568658184483,
    193.41916225123));
#4236 = CARTESIAN_POINT('',(7.865305207901,7.549617534425,194.2247815479
    ));
#4237 = CARTESIAN_POINT('',(4.04410572395,11.53058923851,195.03035972489
    ));
#4238 = CARTESIAN_POINT('',(-2.045423044462,13.336204309826,
    195.83572603421));
#4239 = CARTESIAN_POINT('',(-8.974807995749,11.487256067891,
    196.64182301909));
#4240 = CARTESIAN_POINT('',(-14.25965675023,5.602339292233,
    197.44642713967));
#4241 = CARTESIAN_POINT('',(-15.08332861151,-2.68734011185,
    198.25312298844));
#4242 = CARTESIAN_POINT('',(-11.05930216318,-9.497120609197,
    199.05772444524));
#4243 = CARTESIAN_POINT('',(-4.629263610985,-12.67308353145,
    199.86382447767));
#4244 = CARTESIAN_POINT('',(1.696541349825,-12.10088434922,
    200.66918912302));
#4245 = CARTESIAN_POINT('',(6.226269082684,-8.949491675275,
    201.47476769699));
#4246 = CARTESIAN_POINT('',(10.755982671378,-5.79809522241,
    202.2803865961));
#4247 = CARTESIAN_POINT('',(13.491999588055,-6.600626617116E-02,
    203.08568350677));
#4248 = CARTESIAN_POINT('',(12.749786198189,7.067318569632,
    203.89187981347));
#4249 = CARTESIAN_POINT('',(7.764076236575,13.207686049443,
    204.69636182811));
#4250 = CARTESIAN_POINT('',(-0.294706536993,15.318034663783,
    205.50318829997));
#4251 = CARTESIAN_POINT('',(-7.650139297024,12.408806321749,
    206.30766765098));
#4252 = CARTESIAN_POINT('',(-11.79287799405,6.554788867608,
    207.11386700484));
#4253 = CARTESIAN_POINT('',(-12.21730262954,0.217332987298,
    207.91916225215));
#4254 = CARTESIAN_POINT('',(-9.813309889831,-4.749599976552,
    208.72478154761));
#4255 = CARTESIAN_POINT('',(-7.409321131223,-9.716544636212,
    209.53035972507));
#4256 = CARTESIAN_POINT('',(-2.175800856937,-13.31555449285,
    210.33572603451));
#4257 = CARTESIAN_POINT('',(4.985792282529,-13.6983979298,
    211.14182301802));
#4258 = CARTESIAN_POINT('',(11.830521423813,-9.734617560087,
    211.94642714142));
#4259 = CARTESIAN_POINT('',(15.175531726666,-2.105192547687,
    212.75312298645));
#4260 = CARTESIAN_POINT('',(13.452793054566,5.614786126801,
    213.55772444694));
#4261 = CARTESIAN_POINT('',(8.318889504827,10.622297547145,
    214.36382447655));
#4262 = CARTESIAN_POINT('',(2.125872205131,12.032885021896,
    215.16918912357));
#4263 = CARTESIAN_POINT('',(-3.155988764672,10.435495333432,
    215.9747676968));
#4264 = CARTESIAN_POINT('',(-8.437837110164,8.838098090492,
    216.78038505785));
#4265 = CARTESIAN_POINT('',(-12.81125846629,4.232031161061,
    217.58568983826));
#4266 = CARTESIAN_POINT('',(-14.30968536361,-2.78151463048,
    218.39186430378));
#4267 = CARTESIAN_POINT('',(-11.4654808183,-10.16203172202,
    219.19638934776));
#4268 = CARTESIAN_POINT('',(-4.453242118263,-14.65937592999,
    220.00315051124));
#4269 = CARTESIAN_POINT('',(3.441173684304,-14.16551017814,
    220.80770893309));
#4270 = CARTESIAN_POINT('',(9.190160295642,-9.878164721324,
    221.61383081062));
#4271 = CARTESIAN_POINT('',(11.552180100108,-3.982056850539,
    222.41918758413));
#4272 = CARTESIAN_POINT('',(10.800722483203,1.484662175953,
    223.22476769698));
#4273 = CARTESIAN_POINT('',(10.049254619175,6.951370586663,
    224.03038659622));
#4274 = CARTESIAN_POINT('',(6.184051649356,11.991493439625,
    224.83568350638));
#4275 = CARTESIAN_POINT('',(-0.508745146572,14.568638173723,
    225.64187981426));
#4276 = CARTESIAN_POINT('',(-8.243317588531,12.914006571137,
    226.44636182696));
#4277 = CARTESIAN_POINT('',(-13.78226279148,6.691656764905,
    227.25318830121));
#4278 = CARTESIAN_POINT('',(-14.52941795237,-1.182843841537,228.05766765
    ));
#4279 = CARTESIAN_POINT('',(-11.19421421972,-7.53171935786,
    228.8638670054));
#4280 = CARTESIAN_POINT('',(-5.74018443582,-10.78702923943,
    229.66916225196));
#4281 = CARTESIAN_POINT('',(-0.223224894594,-10.89999640264,
    230.47478154761));
#4282 = CARTESIAN_POINT('',(5.293743260465,-11.01297242302,
    231.28035972459));
#4283 = CARTESIAN_POINT('',(10.876453007667,-7.983787996823,
    232.08572603586));
#4284 = CARTESIAN_POINT('',(14.468864256629,-1.776569070897,
    232.89182301571));
#4285 = CARTESIAN_POINT('',(14.044552089794,6.121647883717,
    233.69642714432));
#4286 = CARTESIAN_POINT('',(8.765287526872,12.565760358423,
    234.50312298366));
#4287 = CARTESIAN_POINT('',(1.104629171166,14.53558594062,235.307724449)
  );
#4288 = CARTESIAN_POINT('',(-5.687839613057,12.234606994281,
    236.11382447545));
#4289 = CARTESIAN_POINT('',(-9.756253274432,7.356981488834,
    236.91918912392));
#4290 = CARTESIAN_POINT('',(-10.73088334166,1.925609161874,
    237.72476769683));
#4291 = CARTESIAN_POINT('',(-11.70550073473,-3.50575583538,
    238.53038659688));
#4292 = CARTESIAN_POINT('',(-9.586957879556,-9.493610922333,
    239.33568350488));
#4293 = CARTESIAN_POINT('',(-4.01811139285,-14.01280916459,
    240.14187981666));
#4294 = CARTESIAN_POINT('',(3.849213411349,-14.8292753258,
    240.94636182404));
#4295 = CARTESIAN_POINT('',(11.039875177291,-10.62309719486,
    241.75318830396));
#4296 = CARTESIAN_POINT('',(14.183816469637,-3.364885722018,
    242.55766764794));
#4297 = CARTESIAN_POINT('',(12.973759657225,3.703888341313,
    243.36386700664));
#4298 = CARTESIAN_POINT('',(8.792615166124,8.485259908296,
    244.16916225136));
#4299 = CARTESIAN_POINT('',(3.58058361767,10.297532320256,
    244.97478154784));
#4300 = CARTESIAN_POINT('',(10.9,0.223221722725,11.025232303313));
#4301 = CARTESIAN_POINT('',(10.787034852867,5.740183424154,
    11.830850060976));
#4302 = CARTESIAN_POINT('',(7.531723440118,11.194214206986,
    12.636153177533));
#4303 = CARTESIAN_POINT('',(1.182852687292,14.529425729986,
    13.442330690977));
#4304 = CARTESIAN_POINT('',(-6.691662173002,13.782263173979,
    14.246853070367));
#4305 = CARTESIAN_POINT('',(-12.91399821844,8.243332443115,
    15.053614234746));
#4306 = CARTESIAN_POINT('',(-14.56865375644,0.508740535926,
    15.858175319744));
#4307 = CARTESIAN_POINT('',(-11.99148950756,-6.184042095037,
    16.664294150012));
#4308 = CARTESIAN_POINT('',(-6.95138258848,-10.04926139648,
    17.469652587403));
#4309 = CARTESIAN_POINT('',(-1.484662176034,-10.80072248326,
    18.275232303307));
#4310 = CARTESIAN_POINT('',(3.982048214332,-11.55219107696,
    19.080850060999));
#4311 = CARTESIAN_POINT('',(9.878173727189,-9.190156337396,
    19.886153177487));
#4312 = CARTESIAN_POINT('',(14.165505461673,-3.441192749304,
    20.692330691044));
#4313 = CARTESIAN_POINT('',(14.659387236244,4.453255740814,
    21.496853070296));
#4314 = CARTESIAN_POINT('',(10.162037744519,11.465464169941,
    22.303614234801));
#4315 = CARTESIAN_POINT('',(2.781516652488,14.309704899819,
    23.108175319717));
#4316 = CARTESIAN_POINT('',(-4.232024028874,12.811251689918,
    23.914294150016));
#4317 = CARTESIAN_POINT('',(-8.838102496384,8.437850364266,
    24.719652587412));
#4318 = CARTESIAN_POINT('',(-10.43549533345,3.155988764706,
    25.525232303296));
#4319 = CARTESIAN_POINT('',(-12.03289401722,-2.125861761807,
    26.330850061033));
#4320 = CARTESIAN_POINT('',(-10.62229708526,-8.318899826461,
    27.13615317741));
#4321 = CARTESIAN_POINT('',(-5.614799225157,-13.45278343625,
    27.942330691172));
#4322 = CARTESIAN_POINT('',(2.105195372768,-15.17554853305,
    28.746853070133));
#4323 = CARTESIAN_POINT('',(9.734612341899,-11.83051995076,
    29.553614234963));
#4324 = CARTESIAN_POINT('',(13.698403617351,-4.985802597751,
    30.358175319592));
#4325 = CARTESIAN_POINT('',(13.315558337575,2.175799485844,
    31.164294150088));
#4326 = CARTESIAN_POINT('',(9.716550260456,7.409320180835,
    31.969652587382));
#4327 = CARTESIAN_POINT('',(4.74960443587,9.813311655104,32.775232303303
    ));
#4328 = CARTESIAN_POINT('',(-0.217329537392,12.217307171884,
    33.580850061007));
#4329 = CARTESIAN_POINT('',(-6.554787003121,11.792881625545,
    34.386153177469));
#4330 = CARTESIAN_POINT('',(-12.40880923548,7.650150709612,
    35.192330691078));
#4331 = CARTESIAN_POINT('',(-15.31803746013,0.294701892106,
    35.996853070245));
#4332 = CARTESIAN_POINT('',(-13.20769549267,-7.764062050653,
    36.803614234868));
#4333 = CARTESIAN_POINT('',(-7.067321536065,-12.74980217546,
    37.608175319644));
#4334 = CARTESIAN_POINT('',(6.599953838001E-02,-13.49199174713,
    38.414294150079));
#4335 = CARTESIAN_POINT('',(5.798095812316,-10.75599644185,
    39.219652587367));
#4336 = CARTESIAN_POINT('',(8.949491675296,-6.226269082793,
    40.025232303321));
#4337 = CARTESIAN_POINT('',(12.10088914521,-1.696554094925,
    40.830851599975));
#4338 = CARTESIAN_POINT('',(12.673088470493,4.629273707208,
    41.636146844227));
#4339 = CARTESIAN_POINT('',(9.497124733367,11.059288631954,
    42.442346203878));
#4340 = CARTESIAN_POINT('',(2.687352129875,15.083346065064,
    43.246825546376));
#4341 = CARTESIAN_POINT('',(-5.602347844637,14.259652916892,
    44.053652028105));
#4342 = CARTESIAN_POINT('',(-11.48724402249,8.974820459766,
    44.85813403371));
#4343 = CARTESIAN_POINT('',(-13.33622005121,2.045424750586,
    45.664330346889));
#4344 = CARTESIAN_POINT('',(-11.5305855392,-4.044102531897,
    46.46962725401));
#4345 = CARTESIAN_POINT('',(-7.549627107703,-7.865305809621,
    47.275246154507));
#4346 = CARTESIAN_POINT('',(-3.568654114306,-11.68650756761,
    48.080824727561));
#4347 = CARTESIAN_POINT('',(2.589759548547,-13.24123828049,
    48.886189374485));
#4348 = CARTESIAN_POINT('',(9.437466571526,-11.11025772009,
    49.692289404815));
#4349 = CARTESIAN_POINT('',(14.4772383899,-5.013812871261,
    50.496890863884));
#4350 = CARTESIAN_POINT('',(14.960501494209,3.302660040132,
    51.303586710595));
#4351 = CARTESIAN_POINT('',(10.661322385883,9.941859644237,
    52.108190832785));
#4352 = CARTESIAN_POINT('',(4.106487635419,12.852041785402,
    52.914287816603));
#4353 = CARTESIAN_POINT('',(-2.19053164428,12.021270612893,
    53.719654126459));
#4354 = CARTESIAN_POINT('',(-6.587449417186,8.687078802071,
    54.525232303291));
#4355 = CARTESIAN_POINT('',(-10.98436594344,5.352899352736,
    55.330850061055));
#4356 = CARTESIAN_POINT('',(-13.48334549458,-0.486501761926,
    56.136153177369));
#4357 = CARTESIAN_POINT('',(-12.44981569924,-7.583234242445,
    56.942330691227));
#4358 = CARTESIAN_POINT('',(-7.216824790167,-13.5146794555,
    57.746853070069));
#4359 = CARTESIAN_POINT('',(0.921661664273,-15.29295326382,
    58.553614235033));
#4360 = CARTESIAN_POINT('',(8.151660084413,-12.08531865839,
    59.358175319519));
#4361 = CARTESIAN_POINT('',(12.051415834438,-6.066430056478,
    60.164294150153));
#4362 = CARTESIAN_POINT('',(12.215943419199,0.283020996811,
    60.969652587336));
#4363 = CARTESIAN_POINT('',(9.610630572206,5.147388458448,
    61.775232303328));
#4364 = CARTESIAN_POINT('',(7.005329689203,10.011752224529,
    62.58085006092));
#4365 = CARTESIAN_POINT('',(1.628747821551,13.39344878004,
    63.386153177653));
#4366 = CARTESIAN_POINT('',(-5.542291786619,13.482817000803,
    64.192330690803));
#4367 = CARTESIAN_POINT('',(-12.21933119963,9.242135352013,
    64.996853070551));
#4368 = CARTESIAN_POINT('',(-15.24885128141,1.482030483114,
    65.803614234603));
#4369 = CARTESIAN_POINT('',(-13.21172891575,-6.160739262838,
    66.608175319823));
#4370 = CARTESIAN_POINT('',(-7.876999024849,-10.95404416667,
    67.414294149991));
#4371 = CARTESIAN_POINT('',(-1.631458035057,-12.10981912276,
    68.219652587392));
#4372 = CARTESIAN_POINT('',(3.580581712662,-10.29753672178,
    69.025232303324));
#4373 = CARTESIAN_POINT('',(8.792615938729,-8.485265559417,
    69.830850060941));
#4374 = CARTESIAN_POINT('',(12.973760906267,-3.703892228055,
    70.63615317762));
#4375 = CARTESIAN_POINT('',(14.183826600789,3.364879713055,
    71.442330690821));
#4376 = CARTESIAN_POINT('',(11.039873868763,10.623102456137,
    72.24685307057));
#4377 = CARTESIAN_POINT('',(3.849230121267,14.829271972315,
    73.053614234554));
#4378 = CARTESIAN_POINT('',(-4.018120594174,14.012822560031,
    73.858175319876));
#4379 = CARTESIAN_POINT('',(-9.586947577205,9.493610134959,
    74.664294149954));
#4380 = CARTESIAN_POINT('',(-11.70551088932,3.505765155604,
    75.469652587408));
#4381 = CARTESIAN_POINT('',(-10.73088334171,-1.92560916184,
    76.275232303322));
#4382 = CARTESIAN_POINT('',(-9.756265678138,-7.356975867792,
    77.080851599976));
#4383 = CARTESIAN_POINT('',(-5.687835965727,-12.2346176264,
    77.886146844235));
#4384 = CARTESIAN_POINT('',(1.104616686023,-14.53557928749,
    78.692346203835));
#4385 = CARTESIAN_POINT('',(8.765291371107,-12.56578120004,
    79.496825546469));
#4386 = CARTESIAN_POINT('',(14.044555426417,-6.121639123426,
    80.30365202798));
#4387 = CARTESIAN_POINT('',(14.468864552485,1.776551738454,
    81.108134033832));
#4388 = CARTESIAN_POINT('',(10.876465345142,7.983797922031,81.9143303468
    ));
#4389 = CARTESIAN_POINT('',(5.293742901712,11.012967549954,
    82.719627254057));
#4390 = CARTESIAN_POINT('',(-0.223218550807,10.90000359737,
    83.525246154489));
#4391 = CARTESIAN_POINT('',(-5.740189225516,10.787028273379,
    84.330824727529));
#4392 = CARTESIAN_POINT('',(-11.19420591782,7.531732841033,
    85.136189374636));
#4393 = CARTESIAN_POINT('',(-14.52943518464,1.182841964666,
    85.942289404508));
#4394 = CARTESIAN_POINT('',(-13.78225451909,-6.691652357533,
    86.74689086431));
#4395 = CARTESIAN_POINT('',(-8.24333874631,-12.91400536674,
    87.553586710152));
#4396 = CARTESIAN_POINT('',(-0.508736983329,-14.56864972761,
    88.358190833145));
#4397 = CARTESIAN_POINT('',(6.18404064463,-11.99149115234,
    89.164287816371));
#4398 = CARTESIAN_POINT('',(10.049261748954,-6.951382188816,
    89.969654126577));
#4399 = CARTESIAN_POINT('',(10.800722483252,-1.484662176019,
    90.775232303246));
#4400 = CARTESIAN_POINT('',(11.55219107701,3.982048214277,
    91.580850061203));
#4401 = CARTESIAN_POINT('',(9.190156337324,9.878173727316,92.38615317707
    ));
#4402 = CARTESIAN_POINT('',(3.441192749372,14.165505461463,
    93.192330691648));
#4403 = CARTESIAN_POINT('',(-4.453255740838,14.659387236489,
    93.996853069647));
#4404 = CARTESIAN_POINT('',(-11.46546416996,10.162037744316,
    94.803614235312));
#4405 = CARTESIAN_POINT('',(-14.30970489978,2.781516652602,
    95.608175319445));
#4406 = CARTESIAN_POINT('',(-12.81125168993,-4.23202402891,
    96.414294150079));
#4407 = CARTESIAN_POINT('',(-8.437850364275,-8.838102496386,
    97.21965258745));
#4408 = CARTESIAN_POINT('',(-3.155988764693,-10.43549533344,
    98.025232303247));
#4409 = CARTESIAN_POINT('',(2.125861761754,-12.03289401725,
    98.830850061212));
#4410 = CARTESIAN_POINT('',(8.318899826589,-10.62229708524,
    99.636153176994));
#4411 = CARTESIAN_POINT('',(13.452783436043,-5.614799225144,
    100.44233069187));
#4412 = CARTESIAN_POINT('',(15.175548533317,2.105195372666,
    101.24685306924));
#4413 = CARTESIAN_POINT('',(11.830519950535,9.734612342081,
    102.05361423584));
#4414 = CARTESIAN_POINT('',(4.985802597902,13.698403617159,
    102.85817531891));
#4415 = CARTESIAN_POINT('',(-2.175799485916,13.315558337711,
    103.66429415049));
#4416 = CARTESIAN_POINT('',(-7.409320180809,9.716550260391,
    104.46965258719));
#4417 = CARTESIAN_POINT('',(-9.813311655112,4.74960443589,
    105.27523230336));
#4418 = CARTESIAN_POINT('',(-12.21730717184,-0.217329537474,
    106.08085006076));
#4419 = CARTESIAN_POINT('',(-11.79288162562,-6.554787002913,
    106.886153178));
#4420 = CARTESIAN_POINT('',(-7.650150709545,-12.40880923585,
    107.69233069023));
#4421 = CARTESIAN_POINT('',(-0.294701892094,-15.31803745965,
    108.49685307121));
#4422 = CARTESIAN_POINT('',(7.764062050556,-13.2076954931,
    109.30361423407));
#4423 = CARTESIAN_POINT('',(12.749802175559,-7.067321535795,
    110.10817532006));
#4424 = CARTESIAN_POINT('',(13.491991747109,6.599953828169E-02,
    110.91429415003));
#4425 = CARTESIAN_POINT('',(10.755996441816,5.798095812322,
    111.71965258721));
#4426 = CARTESIAN_POINT('',(6.226269082847,8.949491675311,
    112.52523230349));
#4427 = CARTESIAN_POINT('',(1.696554094749,12.100889145184,
    113.33085159942));
#4428 = CARTESIAN_POINT('',(-4.62927370683,12.673088470471,
    114.13614684537));
#4429 = CARTESIAN_POINT('',(-11.05928863253,9.497124733555,
    114.9423462021));
#4430 = CARTESIAN_POINT('',(-15.08334606441,2.687352129453,
    115.7468255485));
#4431 = CARTESIAN_POINT('',(-14.25965291741,-5.602347844068,
    116.55365202609));
#4432 = CARTESIAN_POINT('',(-8.974820459474,-11.48724402301,
    117.35813403522));
#4433 = CARTESIAN_POINT('',(-2.045424750691,-13.33622005087,
    118.16433034599));
#4434 = CARTESIAN_POINT('',(4.044102531916,-11.53058553935,
    118.9696272544));
#4435 = CARTESIAN_POINT('',(7.86530580962,-7.549627107662,
    119.77524615439));
#4436 = CARTESIAN_POINT('',(11.686507567618,-3.568654114362,
    120.58082472771));
#4437 = CARTESIAN_POINT('',(13.241238280462,2.589759548598,
    121.38618937437));
#4438 = CARTESIAN_POINT('',(11.110257720183,9.437466571504,
    122.19228940481));
#4439 = CARTESIAN_POINT('',(5.013812871096,14.477238389894,
    122.99689086403));
#4440 = CARTESIAN_POINT('',(-3.302660039931,14.960501494222,
    123.80358671034));
#4441 = CARTESIAN_POINT('',(-9.941859644411,10.661322385882,
    124.60819083304));
#4442 = CARTESIAN_POINT('',(-12.85204178529,4.106487635409,
    125.41428781641));
#4443 = CARTESIAN_POINT('',(-12.02127061293,-2.190531644272,
    126.21965412654));
#4444 = CARTESIAN_POINT('',(-8.687078802066,-6.587449417187,
    127.02523230327));
#4445 = CARTESIAN_POINT('',(-5.352899352762,-10.98436594344,
    127.83085006114));
#4446 = CARTESIAN_POINT('',(0.486501761981,-13.48334549462,
    128.63615317711));
#4447 = CARTESIAN_POINT('',(7.583234242378,-12.44981569916,
    129.44233069168));
#4448 = CARTESIAN_POINT('',(13.514679455541,-7.216824790307,
    130.24685306946));
#4449 = CARTESIAN_POINT('',(15.292953263843,0.921661664438,
    131.05361423564));
#4450 = CARTESIAN_POINT('',(12.08531865835,8.151660084265,
    131.85817531901));
#4451 = CARTESIAN_POINT('',(6.066430056516,12.051415834544,
    132.66429415049));
#4452 = CARTESIAN_POINT('',(-0.283020996831,12.215943419135,
    133.46965258713));
#4453 = CARTESIAN_POINT('',(-5.14738845844,9.610630572238,
    134.27523230342));
#4454 = CARTESIAN_POINT('',(-10.01175222456,7.00532968909,
    135.08085006057));
#4455 = CARTESIAN_POINT('',(-13.39344877992,1.628747821787,
    135.88615317841));
#4456 = CARTESIAN_POINT('',(-13.48281700107,-5.542291786952,
    136.69233068957));
#4457 = CARTESIAN_POINT('',(-9.24213535157,-12.21933119931,
    137.49685307205));
#4458 = CARTESIAN_POINT('',(-1.482030483623,-15.2488512816,
    138.30361423318));
#4459 = CARTESIAN_POINT('',(6.160739263246,-13.21172891569,
    139.10817532082));
#4460 = CARTESIAN_POINT('',(10.954044166463,-7.876999024832,
    139.91429414948));
#4461 = CARTESIAN_POINT('',(12.109819122828,-1.631458035075,
    140.71965258753));
#4462 = CARTESIAN_POINT('',(10.297536721791,3.58058171266,
    141.52523230334));
#4463 = CARTESIAN_POINT('',(8.485265559423,8.792615938734,
    142.33085006093));
#4464 = CARTESIAN_POINT('',(3.703892228015,12.973760906264,
    143.13615317756));
#4465 = CARTESIAN_POINT('',(-3.364879712973,14.183826600765,
    143.94233069095));
#4466 = CARTESIAN_POINT('',(-10.62310245623,11.039873868836,
    144.74685307036));
#4467 = CARTESIAN_POINT('',(-14.82927197223,3.849230121158,
    145.55361423475));
#4468 = CARTESIAN_POINT('',(-14.01282256007,-4.018120594084,
    146.35817531975));
#4469 = CARTESIAN_POINT('',(-9.493610134942,-9.586947577244,
    147.16429414997));
#4470 = CARTESIAN_POINT('',(-3.505765155612,-11.70551088933,
    147.96965258744));
#4471 = CARTESIAN_POINT('',(1.925609161849,-10.73088334169,
    148.77523230326));
#4472 = CARTESIAN_POINT('',(7.356975867758,-9.756265678182,
    149.58085160014));
#4473 = CARTESIAN_POINT('',(12.234617626483,-5.687835965653,
    150.38614684389));
#4474 = CARTESIAN_POINT('',(14.535579287351,1.104616685948,
    151.19234620435));
#4475 = CARTESIAN_POINT('',(12.565781200219,8.765291371135,
    151.99682554587));
#4476 = CARTESIAN_POINT('',(6.121639123277,14.044555426448,
    152.80365202849));
#4477 = CARTESIAN_POINT('',(-1.77655173837,14.468864552432,
    153.6081340335));
#4478 = CARTESIAN_POINT('',(-7.983797922057,10.876465345175,
    154.41433034693));
#4479 = CARTESIAN_POINT('',(-11.01296754995,5.293742901709,
    155.21962725404));
#4480 = CARTESIAN_POINT('',(-10.90000359736,-0.223218550818,
    156.02524615445));
#4481 = CARTESIAN_POINT('',(-10.78702827331,-5.740189225573,
    156.83082472729));
#4482 = CARTESIAN_POINT('',(-7.531732841196,-11.19420591758,
    157.63618937537));
#4483 = CARTESIAN_POINT('',(-1.182841964472,-14.52943518518,
    158.44228940324));
#4484 = CARTESIAN_POINT('',(6.691652357434,-13.78225451831,
    159.24689086582));
#4485 = CARTESIAN_POINT('',(12.914005366698,-8.243338747072,
    160.05358670884));
#4486 = CARTESIAN_POINT('',(14.568649727735,-0.508736982827,
    160.85819083392));
#4487 = CARTESIAN_POINT('',(11.991491152272,6.184040644439,
    161.66428781614));
#4488 = CARTESIAN_POINT('',(6.951382188808,10.049261748961,
    162.46965412647));
#4489 = CARTESIAN_POINT('',(1.484662176064,10.800722483293,
    163.27523230342));
#4490 = CARTESIAN_POINT('',(-3.982048214425,11.552191076906,
    164.08085006065));
#4491 = CARTESIAN_POINT('',(-9.87817372698,9.190156337469,
    164.88615317817));
#4492 = CARTESIAN_POINT('',(-14.16550546202,3.441192749281,
    165.69233068998));
#4493 = CARTESIAN_POINT('',(-14.6593872358,-4.453255740905,
    166.49685307157));
#4494 = CARTESIAN_POINT('',(-10.16203774492,-11.46546416974,
    167.30361423356));
#4495 = CARTESIAN_POINT('',(-2.781516652213,-14.30970490004,
    168.10817532066));
#4496 = CARTESIAN_POINT('',(4.232024028738,-12.81125168975,
    168.91429414944));
#4497 = CARTESIAN_POINT('',(8.838102496432,-8.437850364344,
    169.71965258766));
#4498 = CARTESIAN_POINT('',(10.435495333437,-3.155988764686,
    170.52523230322));
#4499 = CARTESIAN_POINT('',(12.032893521782,2.125861565579,
    171.33085160034));
#4500 = CARTESIAN_POINT('',(10.622299124233,8.318900633824,
    172.13614684338));
#4501 = CARTESIAN_POINT('',(5.614794230764,13.452781458864,
    172.94234620521));
#4502 = CARTESIAN_POINT('',(-2.105186511277,15.175552041261,
    173.74682554474));
#4503 = CARTESIAN_POINT('',(-9.734624509714,11.830515133852,
    174.55365202965));
#4504 = CARTESIAN_POINT('',(-13.69839032507,4.985807859648,
    175.35813403256));
#4505 = CARTESIAN_POINT('',(-13.3155699913,-2.175804099032,
    176.16433034752));
#4506 = CARTESIAN_POINT('',(-9.716542104326,-7.409316952203,
    176.96962725377));
#4507 = CARTESIAN_POINT('',(-4.749608895256,-9.813313420372,
    177.77524615453));
#4508 = CARTESIAN_POINT('',(0.217337693602,-12.21730394322,
    178.58082472714));
#4509 = CARTESIAN_POINT('',(6.554775349127,-11.79288623868,
    179.38618937559));
#4510 = CARTESIAN_POINT('',(12.408822528279,-7.650145448057,
    180.19228940297));
#4511 = CARTESIAN_POINT('',(15.318025291617,-0.29470670825,
    180.9968908661));
#4512 = CARTESIAN_POINT('',(13.207704354844,7.764065557825,
    181.80358670858));
#4513 = CARTESIAN_POINT('',(7.067316541195,12.749800198975,
    182.60819083413));
#4514 = CARTESIAN_POINT('',(-6.599749918487E-02,13.491992553974,
    183.41428781599));
#4515 = CARTESIAN_POINT('',(-5.798096307831,10.755996245801,
    184.21965412655));
#4516 = CARTESIAN_POINT('',(-8.949491675303,6.226269082813,
    185.02523230338));
#4517 = CARTESIAN_POINT('',(-12.1008891452,1.696554094886,
    185.83085159985));
#4518 = CARTESIAN_POINT('',(-12.67308847048,-4.629273707155,
    186.63614684439));
#4519 = CARTESIAN_POINT('',(-9.497124733395,-11.059288632,
    187.44234620373));
#4520 = CARTESIAN_POINT('',(-2.687352129853,-15.08334606504,
    188.24682554643));
#4521 = CARTESIAN_POINT('',(5.602347844645,-14.25965291688,
    189.05365202813));
#4522 = CARTESIAN_POINT('',(11.487244022457,-8.97482045979,
    189.85813403362));
#4523 = CARTESIAN_POINT('',(13.336220051248,-2.045424750569,
    190.66433034697));
#4524 = CARTESIAN_POINT('',(11.530585539176,4.044102531892,
    191.46962725395));
#4525 = CARTESIAN_POINT('',(7.549627107715,7.865305809621,
    192.27524615454));
#4526 = CARTESIAN_POINT('',(3.568654114334,11.686507567588,
    193.08082472769));
#4527 = CARTESIAN_POINT('',(-2.589759548648,13.241238280616,
    193.88618937398));
#4528 = CARTESIAN_POINT('',(-9.437466571375,11.110257719777,
    194.69228940582));
#4529 = CARTESIAN_POINT('',(-14.47723839001,5.013812871791,
    195.49689086242));
#4530 = CARTESIAN_POINT('',(-14.96050149419,-3.302660040771,
    196.30358671223));
#4531 = CARTESIAN_POINT('',(-10.66132238582,-9.941859643655,
    197.10819083127));
#4532 = CARTESIAN_POINT('',(-4.10648763549,-12.85204178582,
    197.91428781774));
#4533 = CARTESIAN_POINT('',(2.190531644316,-12.02127061265,
    198.71965412576));
#4534 = CARTESIAN_POINT('',(6.587449417179,-8.687078802181,
    199.52523230362));
#4535 = CARTESIAN_POINT('',(10.984365427367,-5.352899219794,
    200.3308515989));
#4536 = CARTESIAN_POINT('',(13.483347618311,0.486501215626,
    201.13614684656));
#4537 = CARTESIAN_POINT('',(12.44981049744,7.583235579742,
    201.94234620018));
#4538 = CARTESIAN_POINT('',(7.216834019589,13.514677083672,
    202.74682555085));
#4539 = CARTESIAN_POINT('',(-0.921674337506,15.292956519807,
    203.55365202384));
#4540 = CARTESIAN_POINT('',(-8.151646239579,12.08531510206,
    204.35813403692));
#4541 = CARTESIAN_POINT('',(-12.05142797304,6.066433174182,
    205.16433034499));
#4542 = CARTESIAN_POINT('',(-12.21593492342,-0.283023178761,
    205.96962725485));
#4543 = CARTESIAN_POINT('',(-9.610635217421,-5.147387265446,
    206.77524615425));
#4544 = CARTESIAN_POINT('',(-7.005321193196,-10.01175440652,
    207.58082472785));
#4545 = CARTESIAN_POINT('',(-1.6287599609,-13.39344566228,
    208.38618937431));
#4546 = CARTESIAN_POINT('',(5.542305632783,-13.48282055705,
    209.19228940472));
#4547 = CARTESIAN_POINT('',(12.219318524801,-9.242132096446,
    209.99689086419));
#4548 = CARTESIAN_POINT('',(15.248860512165,-1.482032854186,
    210.80358671026));
#4549 = CARTESIAN_POINT('',(13.211723713199,6.160740599254,
    211.60819083294));
#4550 = CARTESIAN_POINT('',(7.877001148838,10.954043621083,
    212.41428781665));
#4551 = CARTESIAN_POINT('',(1.631457518916,12.109819255315,
    213.2196541263));
#4552 = CARTESIAN_POINT('',(-3.580581712648,10.29753672182,
    214.02523230343));
#4553 = CARTESIAN_POINT('',(-8.792615938768,8.485265559317,
    214.83085006066));
#4554 = CARTESIAN_POINT('',(-12.97376090618,3.703892228236,
    215.63615317802));
#4555 = CARTESIAN_POINT('',(-14.18382660091,-3.3648797133,
    216.44233069051));
#4556 = CARTESIAN_POINT('',(-11.03987386866,-10.62310245585,
    217.2468530705));
#4557 = CARTESIAN_POINT('',(-3.849230121259,-14.8292719726,
    218.05361423507));
#4558 = CARTESIAN_POINT('',(4.018120594048,-14.01282255978,
    218.85817531909));
#4559 = CARTESIAN_POINT('',(9.586947577379,-9.493610135138,
    219.66429415071));
#4560 = CARTESIAN_POINT('',(11.705510889184,-3.505765155499,
    220.46965258686));
#4561 = CARTESIAN_POINT('',(10.730883341792,1.925609161791,
    221.27523230361));
#4562 = CARTESIAN_POINT('',(9.756265677884,7.356975867981,
    222.08085159902));
#4563 = CARTESIAN_POINT('',(5.687835966166,12.2346176259,222.88614684617
    ));
#4564 = CARTESIAN_POINT('',(-1.104616686502,14.53557928843,
    223.69234620097));
#4565 = CARTESIAN_POINT('',(-8.765291370816,12.565781198781,
    224.49682554971));
#4566 = CARTESIAN_POINT('',(-14.04455542641,6.121639124674,
    225.30365202505));
#4567 = CARTESIAN_POINT('',(-14.46886455269,-1.776551739362,
    226.10813403596));
#4568 = CARTESIAN_POINT('',(-10.87646534491,-7.983797921543,
    226.91433034553));
#4569 = CARTESIAN_POINT('',(-5.293742901856,-11.01296755015,
    227.71962725466));
#4570 = CARTESIAN_POINT('',(0.223218550868,-10.9000035973,
    228.52524615426));
#4571 = CARTESIAN_POINT('',(5.740189225567,-10.78702827334,
    229.33082472736));
#4572 = CARTESIAN_POINT('',(11.194205917404,-7.531732841204,
    230.1361893757));
#4573 = CARTESIAN_POINT('',(14.529435185671,-1.182841964492,
    230.94228940234));
#4574 = CARTESIAN_POINT('',(13.78225451756,6.691652357588,
    231.74689086714));
#4575 = CARTESIAN_POINT('',(8.243338747845,12.914005366402,
    232.55358670747));
#4576 = CARTESIAN_POINT('',(0.508736982288,14.568649728053,
    233.35819083497));
#4577 = CARTESIAN_POINT('',(-6.184040644192,11.991491152063,
    234.16428781557));
#4578 = CARTESIAN_POINT('',(-10.04926174901,6.951382188879,
    234.96965412664));
#4579 = CARTESIAN_POINT('',(-10.8007224833,1.484662176071,
    235.77523230346));
#4580 = CARTESIAN_POINT('',(-11.5521906182,-3.98204794319,
    236.58085159969));
#4581 = CARTESIAN_POINT('',(-9.190158225099,-9.878174843186,
    237.38614684463));
#4582 = CARTESIAN_POINT('',(-3.441188125681,-14.16550272796,
    238.19234620343));
#4583 = CARTESIAN_POINT('',(4.453247537366,-14.65939208673,
    238.99682554674));
#4584 = CARTESIAN_POINT('',(11.465475434124,-10.1620310841,
    239.80365202783));
#4585 = CARTESIAN_POINT('',(14.309692594645,-2.781523928559,
    240.6081340339));
#4586 = CARTESIAN_POINT('',(12.8112624783,4.23203040813,241.41433034676)
  );
#4587 = CARTESIAN_POINT('',(8.437842813707,8.838098031653,
    242.21962725407));
#4588 = CARTESIAN_POINT('',(3.155992893031,10.435497774578,
    243.02524615448));
#4589 = DEFINITIONAL_REPRESENTATION('',(#4590),#4593);
#4590 = B_SPLINE_CURVE_WITH_KNOTS('',1,(#4591,#4592),.UNSPECIFIED.,.F.,
  .F.,(2,2),(0.,273.99427638432),.PIECEWISE_BEZIER_KNOTS.);
#4591 = CARTESIAN_POINT('',(0.,0.));
#4592 = CARTESIAN_POINT('',(0.,273.99427638432));
#4593 = ( GEOMETRIC_REPRESENTATION_CONTEXT(2) 
PARAMETRIC_REPRESENTATION_CONTEXT() REPRESENTATION_CONTEXT('2D SPACE',''
  ) );
#4594 = ORIENTED_EDGE('',*,*,#4595,.F.);
#4595 = EDGE_CURVE('',#2217,#3709,#4596,.T.);
#4596 = SURFACE_CURVE('',#4597,(#4600,#4607),.PCURVE_S1.);
#4597 = B_SPLINE_CURVE_WITH_KNOTS('',1,(#4598,#4599),.UNSPECIFIED.,.F.,
  .F.,(2,2),(0.,7.9),.PIECEWISE_BEZIER_KNOTS.);
#4598 = CARTESIAN_POINT('',(1.139343328781,2.784187801925,
    244.97475384551));
#4599 = CARTESIAN_POINT('',(3.58058361767,10.297532320256,
    244.97478154784));
#4600 = PCURVE('',#2511,#4601);
#4601 = DEFINITIONAL_REPRESENTATION('',(#4602),#4606);
#4602 = LINE('',#4603,#4604);
#4603 = CARTESIAN_POINT('',(0.,273.99427638432));
#4604 = VECTOR('',#4605,1.);
#4605 = DIRECTION('',(1.,0.));
#4606 = ( GEOMETRIC_REPRESENTATION_CONTEXT(2) 
PARAMETRIC_REPRESENTATION_CONTEXT() REPRESENTATION_CONTEXT('2D SPACE',''
  ) );
#4607 = PCURVE('',#4608,#4613);
#4608 = PLANE('',#4609);
#4609 = AXIS2_PLACEMENT_3D('',#4610,#4611,#4612);
#4610 = CARTESIAN_POINT('',(2.147668110906,6.609842788251,244.));
#4611 = DIRECTION('',(-0.927059169808,0.301219783844,0.223221722726));
#4612 = DIRECTION('',(-0.309016994375,-0.951056516295,
    -1.387778780781E-17));
#4613 = DEFINITIONAL_REPRESENTATION('',(#4614),#4617);
#4614 = B_SPLINE_CURVE_WITH_KNOTS('',1,(#4615,#4616),.UNSPECIFIED.,.F.,
  .F.,(2,2),(0.,7.9),.PIECEWISE_BEZIER_KNOTS.);
#4615 = CARTESIAN_POINT('',(3.950003597369,0.999985790284));
#4616 = CARTESIAN_POINT('',(-3.94999640258,1.000014209703));
#4617 = ( GEOMETRIC_REPRESENTATION_CONTEXT(2) 
PARAMETRIC_REPRESENTATION_CONTEXT() REPRESENTATION_CONTEXT('2D SPACE',''
  ) );
#4618 = ADVANCED_FACE('',(#4619),#4010,.T.);
#4619 = FACE_BOUND('',#4620,.T.);
#4620 = EDGE_LOOP('',(#4621,#4622,#4643,#5530));
#4621 = ORIENTED_EDGE('',*,*,#3708,.F.);
#4622 = ORIENTED_EDGE('',*,*,#4623,.T.);
#4623 = EDGE_CURVE('',#3683,#4624,#4626,.T.);
#4624 = VERTEX_POINT('',#4625);
#4625 = CARTESIAN_POINT('',(10.9,0.223221722725,11.025232303313));
#4626 = SURFACE_CURVE('',#4627,(#4630,#4637),.PCURVE_S1.);
#4627 = B_SPLINE_CURVE_WITH_KNOTS('',1,(#4628,#4629),.UNSPECIFIED.,.F.,
  .F.,(2,2),(0.,2.),.PIECEWISE_BEZIER_KNOTS.);
#4628 = CARTESIAN_POINT('',(10.9,-0.223221722725,12.974767696687));
#4629 = CARTESIAN_POINT('',(10.9,0.223221722725,11.025232303313));
#4630 = PCURVE('',#4010,#4631);
#4631 = DEFINITIONAL_REPRESENTATION('',(#4632),#4636);
#4632 = LINE('',#4633,#4634);
#4633 = CARTESIAN_POINT('',(0.,0.));
#4634 = VECTOR('',#4635,1.);
#4635 = DIRECTION('',(1.,0.));
#4636 = ( GEOMETRIC_REPRESENTATION_CONTEXT(2) 
PARAMETRIC_REPRESENTATION_CONTEXT() REPRESENTATION_CONTEXT('2D SPACE',''
  ) );
#4637 = PCURVE('',#3697,#4638);
#4638 = DEFINITIONAL_REPRESENTATION('',(#4639),#4642);
#4639 = B_SPLINE_CURVE_WITH_KNOTS('',1,(#4640,#4641),.UNSPECIFIED.,.F.,
  .F.,(2,2),(0.,2.),.PIECEWISE_BEZIER_KNOTS.);
#4640 = CARTESIAN_POINT('',(1.,3.95));
#4641 = CARTESIAN_POINT('',(-1.,3.95));
#4642 = ( GEOMETRIC_REPRESENTATION_CONTEXT(2) 
PARAMETRIC_REPRESENTATION_CONTEXT() REPRESENTATION_CONTEXT('2D SPACE',''
  ) );
#4643 = ORIENTED_EDGE('',*,*,#4644,.T.);
#4644 = EDGE_CURVE('',#4624,#4645,#4647,.T.);
#4645 = VERTEX_POINT('',#4646);
#4646 = CARTESIAN_POINT('',(3.155992893031,10.435497774578,
    243.02524615448));
#4647 = SURFACE_CURVE('',#4648,(#4938,#4945),.PCURVE_S1.);
#4648 = B_SPLINE_CURVE_WITH_KNOTS('',9,(#4649,#4650,#4651,#4652,#4653,
    #4654,#4655,#4656,#4657,#4658,#4659,#4660,#4661,#4662,#4663,#4664,
    #4665,#4666,#4667,#4668,#4669,#4670,#4671,#4672,#4673,#4674,#4675,
    #4676,#4677,#4678,#4679,#4680,#4681,#4682,#4683,#4684,#4685,#4686,
    #4687,#4688,#4689,#4690,#4691,#4692,#4693,#4694,#4695,#4696,#4697,
    #4698,#4699,#4700,#4701,#4702,#4703,#4704,#4705,#4706,#4707,#4708,
    #4709,#4710,#4711,#4712,#4713,#4714,#4715,#4716,#4717,#4718,#4719,
    #4720,#4721,#4722,#4723,#4724,#4725,#4726,#4727,#4728,#4729,#4730,
    #4731,#4732,#4733,#4734,#4735,#4736,#4737,#4738,#4739,#4740,#4741,
    #4742,#4743,#4744,#4745,#4746,#4747,#4748,#4749,#4750,#4751,#4752,
    #4753,#4754,#4755,#4756,#4757,#4758,#4759,#4760,#4761,#4762,#4763,
    #4764,#4765,#4766,#4767,#4768,#4769,#4770,#4771,#4772,#4773,#4774,
    #4775,#4776,#4777,#4778,#4779,#4780,#4781,#4782,#4783,#4784,#4785,
    #4786,#4787,#4788,#4789,#4790,#4791,#4792,#4793,#4794,#4795,#4796,
    #4797,#4798,#4799,#4800,#4801,#4802,#4803,#4804,#4805,#4806,#4807,
    #4808,#4809,#4810,#4811,#4812,#4813,#4814,#4815,#4816,#4817,#4818,
    #4819,#4820,#4821,#4822,#4823,#4824,#4825,#4826,#4827,#4828,#4829,
    #4830,#4831,#4832,#4833,#4834,#4835,#4836,#4837,#4838,#4839,#4840,
    #4841,#4842,#4843,#4844,#4845,#4846,#4847,#4848,#4849,#4850,#4851,
    #4852,#4853,#4854,#4855,#4856,#4857,#4858,#4859,#4860,#4861,#4862,
    #4863,#4864,#4865,#4866,#4867,#4868,#4869,#4870,#4871,#4872,#4873,
    #4874,#4875,#4876,#4877,#4878,#4879,#4880,#4881,#4882,#4883,#4884,
    #4885,#4886,#4887,#4888,#4889,#4890,#4891,#4892,#4893,#4894,#4895,
    #4896,#4897,#4898,#4899,#4900,#4901,#4902,#4903,#4904,#4905,#4906,
    #4907,#4908,#4909,#4910,#4911,#4912,#4913,#4914,#4915,#4916,#4917,
    #4918,#4919,#4920,#4921,#4922,#4923,#4924,#4925,#4926,#4927,#4928,
    #4929,#4930,#4931,#4932,#4933,#4934,#4935,#4936,#4937),
  .UNSPECIFIED.,.F.,.F.,(10,9,9,9,9,9,9,9,9,9,9,9,9,9,9,9,9,9,9,9,9,9,9,
    9,9,9,9,9,9,9,9,9,10),(0.,8.56232113701,17.12464227402,
    25.68696341103,34.24928454804,42.811605685051,51.373926822061,
    59.936247959071,68.498569096081,77.060890233091,85.623211370101,
    94.185532507111,102.74785364412,111.31017478113,119.87249591814,
    128.43481705515,136.99713819216,145.55945932917,154.12178046618,
    162.68410160319,171.2464227402,179.80874387721,188.37106501422,
    196.93338615123,205.49570728824,214.05802842525,222.62034956226,
    231.18267069927,239.74499183628,248.30731297329,256.8696341103,
    265.43195524731,273.99427638432),.PIECEWISE_BEZIER_KNOTS.);
#4649 = CARTESIAN_POINT('',(10.9,0.223221722725,11.025232303313));
#4650 = CARTESIAN_POINT('',(10.787034852867,5.740183424154,
    11.830850060976));
#4651 = CARTESIAN_POINT('',(7.531723440118,11.194214206986,
    12.636153177533));
#4652 = CARTESIAN_POINT('',(1.182852687292,14.529425729986,
    13.442330690977));
#4653 = CARTESIAN_POINT('',(-6.691662173002,13.782263173979,
    14.246853070367));
#4654 = CARTESIAN_POINT('',(-12.91399821844,8.243332443115,
    15.053614234746));
#4655 = CARTESIAN_POINT('',(-14.56865375644,0.508740535926,
    15.858175319744));
#4656 = CARTESIAN_POINT('',(-11.99148950756,-6.184042095037,
    16.664294150012));
#4657 = CARTESIAN_POINT('',(-6.95138258848,-10.04926139648,
    17.469652587403));
#4658 = CARTESIAN_POINT('',(-1.484662176034,-10.80072248326,
    18.275232303307));
#4659 = CARTESIAN_POINT('',(3.982048214332,-11.55219107696,
    19.080850060999));
#4660 = CARTESIAN_POINT('',(9.878173727189,-9.190156337396,
    19.886153177487));
#4661 = CARTESIAN_POINT('',(14.165505461673,-3.441192749304,
    20.692330691044));
#4662 = CARTESIAN_POINT('',(14.659387236244,4.453255740814,
    21.496853070296));
#4663 = CARTESIAN_POINT('',(10.162037744519,11.465464169941,
    22.303614234801));
#4664 = CARTESIAN_POINT('',(2.781516652488,14.309704899819,
    23.108175319717));
#4665 = CARTESIAN_POINT('',(-4.232024028874,12.811251689918,
    23.914294150016));
#4666 = CARTESIAN_POINT('',(-8.838102496384,8.437850364266,
    24.719652587412));
#4667 = CARTESIAN_POINT('',(-10.43549533345,3.155988764706,
    25.525232303296));
#4668 = CARTESIAN_POINT('',(-12.03289401722,-2.125861761807,
    26.330850061033));
#4669 = CARTESIAN_POINT('',(-10.62229708526,-8.318899826461,
    27.13615317741));
#4670 = CARTESIAN_POINT('',(-5.614799225157,-13.45278343625,
    27.942330691172));
#4671 = CARTESIAN_POINT('',(2.105195372768,-15.17554853305,
    28.746853070133));
#4672 = CARTESIAN_POINT('',(9.734612341899,-11.83051995076,
    29.553614234963));
#4673 = CARTESIAN_POINT('',(13.698403617351,-4.985802597751,
    30.358175319592));
#4674 = CARTESIAN_POINT('',(13.315558337575,2.175799485844,
    31.164294150088));
#4675 = CARTESIAN_POINT('',(9.716550260456,7.409320180835,
    31.969652587382));
#4676 = CARTESIAN_POINT('',(4.74960443587,9.813311655104,32.775232303303
    ));
#4677 = CARTESIAN_POINT('',(-0.217329537392,12.217307171884,
    33.580850061007));
#4678 = CARTESIAN_POINT('',(-6.554787003121,11.792881625545,
    34.386153177469));
#4679 = CARTESIAN_POINT('',(-12.40880923548,7.650150709612,
    35.192330691078));
#4680 = CARTESIAN_POINT('',(-15.31803746013,0.294701892106,
    35.996853070245));
#4681 = CARTESIAN_POINT('',(-13.20769549267,-7.764062050653,
    36.803614234868));
#4682 = CARTESIAN_POINT('',(-7.067321536065,-12.74980217546,
    37.608175319644));
#4683 = CARTESIAN_POINT('',(6.599953838001E-02,-13.49199174713,
    38.414294150079));
#4684 = CARTESIAN_POINT('',(5.798095812316,-10.75599644185,
    39.219652587367));
#4685 = CARTESIAN_POINT('',(8.949491675296,-6.226269082793,
    40.025232303321));
#4686 = CARTESIAN_POINT('',(12.10088914521,-1.696554094925,
    40.830851599975));
#4687 = CARTESIAN_POINT('',(12.673088470493,4.629273707208,
    41.636146844227));
#4688 = CARTESIAN_POINT('',(9.497124733367,11.059288631954,
    42.442346203878));
#4689 = CARTESIAN_POINT('',(2.687352129875,15.083346065064,
    43.246825546376));
#4690 = CARTESIAN_POINT('',(-5.602347844637,14.259652916892,
    44.053652028105));
#4691 = CARTESIAN_POINT('',(-11.48724402249,8.974820459766,
    44.85813403371));
#4692 = CARTESIAN_POINT('',(-13.33622005121,2.045424750586,
    45.664330346889));
#4693 = CARTESIAN_POINT('',(-11.5305855392,-4.044102531897,
    46.46962725401));
#4694 = CARTESIAN_POINT('',(-7.549627107703,-7.865305809621,
    47.275246154507));
#4695 = CARTESIAN_POINT('',(-3.568654114306,-11.68650756761,
    48.080824727561));
#4696 = CARTESIAN_POINT('',(2.589759548547,-13.24123828049,
    48.886189374485));
#4697 = CARTESIAN_POINT('',(9.437466571526,-11.11025772009,
    49.692289404815));
#4698 = CARTESIAN_POINT('',(14.4772383899,-5.013812871261,
    50.496890863884));
#4699 = CARTESIAN_POINT('',(14.960501494209,3.302660040132,
    51.303586710595));
#4700 = CARTESIAN_POINT('',(10.661322385883,9.941859644237,
    52.108190832785));
#4701 = CARTESIAN_POINT('',(4.106487635419,12.852041785402,
    52.914287816603));
#4702 = CARTESIAN_POINT('',(-2.19053164428,12.021270612893,
    53.719654126459));
#4703 = CARTESIAN_POINT('',(-6.587449417186,8.687078802071,
    54.525232303291));
#4704 = CARTESIAN_POINT('',(-10.98436594344,5.352899352736,
    55.330850061055));
#4705 = CARTESIAN_POINT('',(-13.48334549458,-0.486501761926,
    56.136153177369));
#4706 = CARTESIAN_POINT('',(-12.44981569924,-7.583234242445,
    56.942330691227));
#4707 = CARTESIAN_POINT('',(-7.216824790167,-13.5146794555,
    57.746853070069));
#4708 = CARTESIAN_POINT('',(0.921661664273,-15.29295326382,
    58.553614235033));
#4709 = CARTESIAN_POINT('',(8.151660084413,-12.08531865839,
    59.358175319519));
#4710 = CARTESIAN_POINT('',(12.051415834438,-6.066430056478,
    60.164294150153));
#4711 = CARTESIAN_POINT('',(12.215943419199,0.283020996811,
    60.969652587336));
#4712 = CARTESIAN_POINT('',(9.610630572206,5.147388458448,
    61.775232303328));
#4713 = CARTESIAN_POINT('',(7.005329689203,10.011752224529,
    62.58085006092));
#4714 = CARTESIAN_POINT('',(1.628747821551,13.39344878004,
    63.386153177653));
#4715 = CARTESIAN_POINT('',(-5.542291786619,13.482817000803,
    64.192330690803));
#4716 = CARTESIAN_POINT('',(-12.21933119963,9.242135352013,
    64.996853070551));
#4717 = CARTESIAN_POINT('',(-15.24885128141,1.482030483114,
    65.803614234603));
#4718 = CARTESIAN_POINT('',(-13.21172891575,-6.160739262838,
    66.608175319823));
#4719 = CARTESIAN_POINT('',(-7.876999024849,-10.95404416667,
    67.414294149991));
#4720 = CARTESIAN_POINT('',(-1.631458035057,-12.10981912276,
    68.219652587392));
#4721 = CARTESIAN_POINT('',(3.580581712662,-10.29753672178,
    69.025232303324));
#4722 = CARTESIAN_POINT('',(8.792615938729,-8.485265559417,
    69.830850060941));
#4723 = CARTESIAN_POINT('',(12.973760906267,-3.703892228055,
    70.63615317762));
#4724 = CARTESIAN_POINT('',(14.183826600789,3.364879713055,
    71.442330690821));
#4725 = CARTESIAN_POINT('',(11.039873868763,10.623102456137,
    72.24685307057));
#4726 = CARTESIAN_POINT('',(3.849230121267,14.829271972315,
    73.053614234554));
#4727 = CARTESIAN_POINT('',(-4.018120594174,14.012822560031,
    73.858175319876));
#4728 = CARTESIAN_POINT('',(-9.586947577205,9.493610134959,
    74.664294149954));
#4729 = CARTESIAN_POINT('',(-11.70551088932,3.505765155604,
    75.469652587408));
#4730 = CARTESIAN_POINT('',(-10.73088334171,-1.92560916184,
    76.275232303322));
#4731 = CARTESIAN_POINT('',(-9.756265678138,-7.356975867792,
    77.080851599976));
#4732 = CARTESIAN_POINT('',(-5.687835965727,-12.2346176264,
    77.886146844235));
#4733 = CARTESIAN_POINT('',(1.104616686023,-14.53557928749,
    78.692346203835));
#4734 = CARTESIAN_POINT('',(8.765291371107,-12.56578120004,
    79.496825546469));
#4735 = CARTESIAN_POINT('',(14.044555426417,-6.121639123426,
    80.30365202798));
#4736 = CARTESIAN_POINT('',(14.468864552485,1.776551738454,
    81.108134033832));
#4737 = CARTESIAN_POINT('',(10.876465345142,7.983797922031,81.9143303468
    ));
#4738 = CARTESIAN_POINT('',(5.293742901712,11.012967549954,
    82.719627254057));
#4739 = CARTESIAN_POINT('',(-0.223218550807,10.90000359737,
    83.525246154489));
#4740 = CARTESIAN_POINT('',(-5.740189225516,10.787028273379,
    84.330824727529));
#4741 = CARTESIAN_POINT('',(-11.19420591782,7.531732841033,
    85.136189374636));
#4742 = CARTESIAN_POINT('',(-14.52943518464,1.182841964666,
    85.942289404508));
#4743 = CARTESIAN_POINT('',(-13.78225451909,-6.691652357533,
    86.74689086431));
#4744 = CARTESIAN_POINT('',(-8.24333874631,-12.91400536674,
    87.553586710152));
#4745 = CARTESIAN_POINT('',(-0.508736983329,-14.56864972761,
    88.358190833145));
#4746 = CARTESIAN_POINT('',(6.18404064463,-11.99149115234,
    89.164287816371));
#4747 = CARTESIAN_POINT('',(10.049261748954,-6.951382188816,
    89.969654126577));
#4748 = CARTESIAN_POINT('',(10.800722483252,-1.484662176019,
    90.775232303246));
#4749 = CARTESIAN_POINT('',(11.55219107701,3.982048214277,
    91.580850061203));
#4750 = CARTESIAN_POINT('',(9.190156337324,9.878173727316,92.38615317707
    ));
#4751 = CARTESIAN_POINT('',(3.441192749372,14.165505461463,
    93.192330691648));
#4752 = CARTESIAN_POINT('',(-4.453255740838,14.659387236489,
    93.996853069647));
#4753 = CARTESIAN_POINT('',(-11.46546416996,10.162037744316,
    94.803614235312));
#4754 = CARTESIAN_POINT('',(-14.30970489978,2.781516652602,
    95.608175319445));
#4755 = CARTESIAN_POINT('',(-12.81125168993,-4.23202402891,
    96.414294150079));
#4756 = CARTESIAN_POINT('',(-8.437850364275,-8.838102496386,
    97.21965258745));
#4757 = CARTESIAN_POINT('',(-3.155988764693,-10.43549533344,
    98.025232303247));
#4758 = CARTESIAN_POINT('',(2.125861761754,-12.03289401725,
    98.830850061212));
#4759 = CARTESIAN_POINT('',(8.318899826589,-10.62229708524,
    99.636153176994));
#4760 = CARTESIAN_POINT('',(13.452783436043,-5.614799225144,
    100.44233069187));
#4761 = CARTESIAN_POINT('',(15.175548533317,2.105195372666,
    101.24685306924));
#4762 = CARTESIAN_POINT('',(11.830519950535,9.734612342081,
    102.05361423584));
#4763 = CARTESIAN_POINT('',(4.985802597902,13.698403617159,
    102.85817531891));
#4764 = CARTESIAN_POINT('',(-2.175799485916,13.315558337711,
    103.66429415049));
#4765 = CARTESIAN_POINT('',(-7.409320180809,9.716550260391,
    104.46965258719));
#4766 = CARTESIAN_POINT('',(-9.813311655112,4.74960443589,
    105.27523230336));
#4767 = CARTESIAN_POINT('',(-12.21730717184,-0.217329537474,
    106.08085006076));
#4768 = CARTESIAN_POINT('',(-11.79288162562,-6.554787002913,
    106.886153178));
#4769 = CARTESIAN_POINT('',(-7.650150709545,-12.40880923585,
    107.69233069023));
#4770 = CARTESIAN_POINT('',(-0.294701892094,-15.31803745965,
    108.49685307121));
#4771 = CARTESIAN_POINT('',(7.764062050556,-13.2076954931,
    109.30361423407));
#4772 = CARTESIAN_POINT('',(12.749802175559,-7.067321535795,
    110.10817532006));
#4773 = CARTESIAN_POINT('',(13.491991747109,6.599953828169E-02,
    110.91429415003));
#4774 = CARTESIAN_POINT('',(10.755996441816,5.798095812322,
    111.71965258721));
#4775 = CARTESIAN_POINT('',(6.226269082847,8.949491675311,
    112.52523230349));
#4776 = CARTESIAN_POINT('',(1.696554094749,12.100889145184,
    113.33085159942));
#4777 = CARTESIAN_POINT('',(-4.62927370683,12.673088470471,
    114.13614684537));
#4778 = CARTESIAN_POINT('',(-11.05928863253,9.497124733555,
    114.9423462021));
#4779 = CARTESIAN_POINT('',(-15.08334606441,2.687352129453,
    115.7468255485));
#4780 = CARTESIAN_POINT('',(-14.25965291741,-5.602347844068,
    116.55365202609));
#4781 = CARTESIAN_POINT('',(-8.974820459474,-11.48724402301,
    117.35813403522));
#4782 = CARTESIAN_POINT('',(-2.045424750691,-13.33622005087,
    118.16433034599));
#4783 = CARTESIAN_POINT('',(4.044102531916,-11.53058553935,
    118.9696272544));
#4784 = CARTESIAN_POINT('',(7.86530580962,-7.549627107662,
    119.77524615439));
#4785 = CARTESIAN_POINT('',(11.686507567618,-3.568654114362,
    120.58082472771));
#4786 = CARTESIAN_POINT('',(13.241238280462,2.589759548598,
    121.38618937437));
#4787 = CARTESIAN_POINT('',(11.110257720183,9.437466571504,
    122.19228940481));
#4788 = CARTESIAN_POINT('',(5.013812871096,14.477238389894,
    122.99689086403));
#4789 = CARTESIAN_POINT('',(-3.302660039931,14.960501494222,
    123.80358671034));
#4790 = CARTESIAN_POINT('',(-9.941859644411,10.661322385882,
    124.60819083304));
#4791 = CARTESIAN_POINT('',(-12.85204178529,4.106487635409,
    125.41428781641));
#4792 = CARTESIAN_POINT('',(-12.02127061293,-2.190531644272,
    126.21965412654));
#4793 = CARTESIAN_POINT('',(-8.687078802066,-6.587449417187,
    127.02523230327));
#4794 = CARTESIAN_POINT('',(-5.352899352762,-10.98436594344,
    127.83085006114));
#4795 = CARTESIAN_POINT('',(0.486501761981,-13.48334549462,
    128.63615317711));
#4796 = CARTESIAN_POINT('',(7.583234242378,-12.44981569916,
    129.44233069168));
#4797 = CARTESIAN_POINT('',(13.514679455541,-7.216824790307,
    130.24685306946));
#4798 = CARTESIAN_POINT('',(15.292953263843,0.921661664438,
    131.05361423564));
#4799 = CARTESIAN_POINT('',(12.08531865835,8.151660084265,
    131.85817531901));
#4800 = CARTESIAN_POINT('',(6.066430056516,12.051415834544,
    132.66429415049));
#4801 = CARTESIAN_POINT('',(-0.283020996831,12.215943419135,
    133.46965258713));
#4802 = CARTESIAN_POINT('',(-5.14738845844,9.610630572238,
    134.27523230342));
#4803 = CARTESIAN_POINT('',(-10.01175222456,7.00532968909,
    135.08085006057));
#4804 = CARTESIAN_POINT('',(-13.39344877992,1.628747821787,
    135.88615317841));
#4805 = CARTESIAN_POINT('',(-13.48281700107,-5.542291786952,
    136.69233068957));
#4806 = CARTESIAN_POINT('',(-9.24213535157,-12.21933119931,
    137.49685307205));
#4807 = CARTESIAN_POINT('',(-1.482030483623,-15.2488512816,
    138.30361423318));
#4808 = CARTESIAN_POINT('',(6.160739263246,-13.21172891569,
    139.10817532082));
#4809 = CARTESIAN_POINT('',(10.954044166463,-7.876999024832,
    139.91429414948));
#4810 = CARTESIAN_POINT('',(12.109819122828,-1.631458035075,
    140.71965258753));
#4811 = CARTESIAN_POINT('',(10.297536721791,3.58058171266,
    141.52523230334));
#4812 = CARTESIAN_POINT('',(8.485265559423,8.792615938734,
    142.33085006093));
#4813 = CARTESIAN_POINT('',(3.703892228015,12.973760906264,
    143.13615317756));
#4814 = CARTESIAN_POINT('',(-3.364879712973,14.183826600765,
    143.94233069095));
#4815 = CARTESIAN_POINT('',(-10.62310245623,11.039873868836,
    144.74685307036));
#4816 = CARTESIAN_POINT('',(-14.82927197223,3.849230121158,
    145.55361423475));
#4817 = CARTESIAN_POINT('',(-14.01282256007,-4.018120594084,
    146.35817531975));
#4818 = CARTESIAN_POINT('',(-9.493610134942,-9.586947577244,
    147.16429414997));
#4819 = CARTESIAN_POINT('',(-3.505765155612,-11.70551088933,
    147.96965258744));
#4820 = CARTESIAN_POINT('',(1.925609161849,-10.73088334169,
    148.77523230326));
#4821 = CARTESIAN_POINT('',(7.356975867758,-9.756265678182,
    149.58085160014));
#4822 = CARTESIAN_POINT('',(12.234617626483,-5.687835965653,
    150.38614684389));
#4823 = CARTESIAN_POINT('',(14.535579287351,1.104616685948,
    151.19234620435));
#4824 = CARTESIAN_POINT('',(12.565781200219,8.765291371135,
    151.99682554587));
#4825 = CARTESIAN_POINT('',(6.121639123277,14.044555426448,
    152.80365202849));
#4826 = CARTESIAN_POINT('',(-1.77655173837,14.468864552432,
    153.6081340335));
#4827 = CARTESIAN_POINT('',(-7.983797922057,10.876465345175,
    154.41433034693));
#4828 = CARTESIAN_POINT('',(-11.01296754995,5.293742901709,
    155.21962725404));
#4829 = CARTESIAN_POINT('',(-10.90000359736,-0.223218550818,
    156.02524615445));
#4830 = CARTESIAN_POINT('',(-10.78702827331,-5.740189225573,
    156.83082472729));
#4831 = CARTESIAN_POINT('',(-7.531732841196,-11.19420591758,
    157.63618937537));
#4832 = CARTESIAN_POINT('',(-1.182841964472,-14.52943518518,
    158.44228940324));
#4833 = CARTESIAN_POINT('',(6.691652357434,-13.78225451831,
    159.24689086582));
#4834 = CARTESIAN_POINT('',(12.914005366698,-8.243338747072,
    160.05358670884));
#4835 = CARTESIAN_POINT('',(14.568649727735,-0.508736982827,
    160.85819083392));
#4836 = CARTESIAN_POINT('',(11.991491152272,6.184040644439,
    161.66428781614));
#4837 = CARTESIAN_POINT('',(6.951382188808,10.049261748961,
    162.46965412647));
#4838 = CARTESIAN_POINT('',(1.484662176064,10.800722483293,
    163.27523230342));
#4839 = CARTESIAN_POINT('',(-3.982048214425,11.552191076906,
    164.08085006065));
#4840 = CARTESIAN_POINT('',(-9.87817372698,9.190156337469,
    164.88615317817));
#4841 = CARTESIAN_POINT('',(-14.16550546202,3.441192749281,
    165.69233068998));
#4842 = CARTESIAN_POINT('',(-14.6593872358,-4.453255740905,
    166.49685307157));
#4843 = CARTESIAN_POINT('',(-10.16203774492,-11.46546416974,
    167.30361423356));
#4844 = CARTESIAN_POINT('',(-2.781516652213,-14.30970490004,
    168.10817532066));
#4845 = CARTESIAN_POINT('',(4.232024028738,-12.81125168975,
    168.91429414944));
#4846 = CARTESIAN_POINT('',(8.838102496432,-8.437850364344,
    169.71965258766));
#4847 = CARTESIAN_POINT('',(10.435495333437,-3.155988764686,
    170.52523230322));
#4848 = CARTESIAN_POINT('',(12.032893521782,2.125861565579,
    171.33085160034));
#4849 = CARTESIAN_POINT('',(10.622299124233,8.318900633824,
    172.13614684338));
#4850 = CARTESIAN_POINT('',(5.614794230764,13.452781458864,
    172.94234620521));
#4851 = CARTESIAN_POINT('',(-2.105186511277,15.175552041261,
    173.74682554474));
#4852 = CARTESIAN_POINT('',(-9.734624509714,11.830515133852,
    174.55365202965));
#4853 = CARTESIAN_POINT('',(-13.69839032507,4.985807859648,
    175.35813403256));
#4854 = CARTESIAN_POINT('',(-13.3155699913,-2.175804099032,
    176.16433034752));
#4855 = CARTESIAN_POINT('',(-9.716542104326,-7.409316952203,
    176.96962725377));
#4856 = CARTESIAN_POINT('',(-4.749608895256,-9.813313420372,
    177.77524615453));
#4857 = CARTESIAN_POINT('',(0.217337693602,-12.21730394322,
    178.58082472714));
#4858 = CARTESIAN_POINT('',(6.554775349127,-11.79288623868,
    179.38618937559));
#4859 = CARTESIAN_POINT('',(12.408822528279,-7.650145448057,
    180.19228940297));
#4860 = CARTESIAN_POINT('',(15.318025291617,-0.29470670825,
    180.9968908661));
#4861 = CARTESIAN_POINT('',(13.207704354844,7.764065557825,
    181.80358670858));
#4862 = CARTESIAN_POINT('',(7.067316541195,12.749800198975,
    182.60819083413));
#4863 = CARTESIAN_POINT('',(-6.599749918487E-02,13.491992553974,
    183.41428781599));
#4864 = CARTESIAN_POINT('',(-5.798096307831,10.755996245801,
    184.21965412655));
#4865 = CARTESIAN_POINT('',(-8.949491675303,6.226269082813,
    185.02523230338));
#4866 = CARTESIAN_POINT('',(-12.1008891452,1.696554094886,
    185.83085159985));
#4867 = CARTESIAN_POINT('',(-12.67308847048,-4.629273707155,
    186.63614684439));
#4868 = CARTESIAN_POINT('',(-9.497124733395,-11.059288632,
    187.44234620373));
#4869 = CARTESIAN_POINT('',(-2.687352129853,-15.08334606504,
    188.24682554643));
#4870 = CARTESIAN_POINT('',(5.602347844645,-14.25965291688,
    189.05365202813));
#4871 = CARTESIAN_POINT('',(11.487244022457,-8.97482045979,
    189.85813403362));
#4872 = CARTESIAN_POINT('',(13.336220051248,-2.045424750569,
    190.66433034697));
#4873 = CARTESIAN_POINT('',(11.530585539176,4.044102531892,
    191.46962725395));
#4874 = CARTESIAN_POINT('',(7.549627107715,7.865305809621,
    192.27524615454));
#4875 = CARTESIAN_POINT('',(3.568654114334,11.686507567588,
    193.08082472769));
#4876 = CARTESIAN_POINT('',(-2.589759548648,13.241238280616,
    193.88618937398));
#4877 = CARTESIAN_POINT('',(-9.437466571375,11.110257719777,
    194.69228940582));
#4878 = CARTESIAN_POINT('',(-14.47723839001,5.013812871791,
    195.49689086242));
#4879 = CARTESIAN_POINT('',(-14.96050149419,-3.302660040771,
    196.30358671223));
#4880 = CARTESIAN_POINT('',(-10.66132238582,-9.941859643655,
    197.10819083127));
#4881 = CARTESIAN_POINT('',(-4.10648763549,-12.85204178582,
    197.91428781774));
#4882 = CARTESIAN_POINT('',(2.190531644316,-12.02127061265,
    198.71965412576));
#4883 = CARTESIAN_POINT('',(6.587449417179,-8.687078802181,
    199.52523230362));
#4884 = CARTESIAN_POINT('',(10.984365427367,-5.352899219794,
    200.3308515989));
#4885 = CARTESIAN_POINT('',(13.483347618311,0.486501215626,
    201.13614684656));
#4886 = CARTESIAN_POINT('',(12.44981049744,7.583235579742,
    201.94234620018));
#4887 = CARTESIAN_POINT('',(7.216834019589,13.514677083672,
    202.74682555085));
#4888 = CARTESIAN_POINT('',(-0.921674337506,15.292956519807,
    203.55365202384));
#4889 = CARTESIAN_POINT('',(-8.151646239579,12.08531510206,
    204.35813403692));
#4890 = CARTESIAN_POINT('',(-12.05142797304,6.066433174182,
    205.16433034499));
#4891 = CARTESIAN_POINT('',(-12.21593492342,-0.283023178761,
    205.96962725485));
#4892 = CARTESIAN_POINT('',(-9.610635217421,-5.147387265446,
    206.77524615425));
#4893 = CARTESIAN_POINT('',(-7.005321193196,-10.01175440652,
    207.58082472785));
#4894 = CARTESIAN_POINT('',(-1.6287599609,-13.39344566228,
    208.38618937431));
#4895 = CARTESIAN_POINT('',(5.542305632783,-13.48282055705,
    209.19228940472));
#4896 = CARTESIAN_POINT('',(12.219318524801,-9.242132096446,
    209.99689086419));
#4897 = CARTESIAN_POINT('',(15.248860512165,-1.482032854186,
    210.80358671026));
#4898 = CARTESIAN_POINT('',(13.211723713199,6.160740599254,
    211.60819083294));
#4899 = CARTESIAN_POINT('',(7.877001148838,10.954043621083,
    212.41428781665));
#4900 = CARTESIAN_POINT('',(1.631457518916,12.109819255315,
    213.2196541263));
#4901 = CARTESIAN_POINT('',(-3.580581712648,10.29753672182,
    214.02523230343));
#4902 = CARTESIAN_POINT('',(-8.792615938768,8.485265559317,
    214.83085006066));
#4903 = CARTESIAN_POINT('',(-12.97376090618,3.703892228236,
    215.63615317802));
#4904 = CARTESIAN_POINT('',(-14.18382660091,-3.3648797133,
    216.44233069051));
#4905 = CARTESIAN_POINT('',(-11.03987386866,-10.62310245585,
    217.2468530705));
#4906 = CARTESIAN_POINT('',(-3.849230121259,-14.8292719726,
    218.05361423507));
#4907 = CARTESIAN_POINT('',(4.018120594048,-14.01282255978,
    218.85817531909));
#4908 = CARTESIAN_POINT('',(9.586947577379,-9.493610135138,
    219.66429415071));
#4909 = CARTESIAN_POINT('',(11.705510889184,-3.505765155499,
    220.46965258686));
#4910 = CARTESIAN_POINT('',(10.730883341792,1.925609161791,
    221.27523230361));
#4911 = CARTESIAN_POINT('',(9.756265677884,7.356975867981,
    222.08085159902));
#4912 = CARTESIAN_POINT('',(5.687835966166,12.2346176259,222.88614684617
    ));
#4913 = CARTESIAN_POINT('',(-1.104616686502,14.53557928843,
    223.69234620097));
#4914 = CARTESIAN_POINT('',(-8.765291370816,12.565781198781,
    224.49682554971));
#4915 = CARTESIAN_POINT('',(-14.04455542641,6.121639124674,
    225.30365202505));
#4916 = CARTESIAN_POINT('',(-14.46886455269,-1.776551739362,
    226.10813403596));
#4917 = CARTESIAN_POINT('',(-10.87646534491,-7.983797921543,
    226.91433034553));
#4918 = CARTESIAN_POINT('',(-5.293742901856,-11.01296755015,
    227.71962725466));
#4919 = CARTESIAN_POINT('',(0.223218550868,-10.9000035973,
    228.52524615426));
#4920 = CARTESIAN_POINT('',(5.740189225567,-10.78702827334,
    229.33082472736));
#4921 = CARTESIAN_POINT('',(11.194205917404,-7.531732841204,
    230.1361893757));
#4922 = CARTESIAN_POINT('',(14.529435185671,-1.182841964492,
    230.94228940234));
#4923 = CARTESIAN_POINT('',(13.78225451756,6.691652357588,
    231.74689086714));
#4924 = CARTESIAN_POINT('',(8.243338747845,12.914005366402,
    232.55358670747));
#4925 = CARTESIAN_POINT('',(0.508736982288,14.568649728053,
    233.35819083497));
#4926 = CARTESIAN_POINT('',(-6.184040644192,11.991491152063,
    234.16428781557));
#4927 = CARTESIAN_POINT('',(-10.04926174901,6.951382188879,
    234.96965412664));
#4928 = CARTESIAN_POINT('',(-10.8007224833,1.484662176071,
    235.77523230346));
#4929 = CARTESIAN_POINT('',(-11.5521906182,-3.98204794319,
    236.58085159969));
#4930 = CARTESIAN_POINT('',(-9.190158225099,-9.878174843186,
    237.38614684463));
#4931 = CARTESIAN_POINT('',(-3.441188125681,-14.16550272796,
    238.19234620343));
#4932 = CARTESIAN_POINT('',(4.453247537366,-14.65939208673,
    238.99682554674));
#4933 = CARTESIAN_POINT('',(11.465475434124,-10.1620310841,
    239.80365202783));
#4934 = CARTESIAN_POINT('',(14.309692594645,-2.781523928559,
    240.6081340339));
#4935 = CARTESIAN_POINT('',(12.8112624783,4.23203040813,241.41433034676)
  );
#4936 = CARTESIAN_POINT('',(8.437842813707,8.838098031653,
    242.21962725407));
#4937 = CARTESIAN_POINT('',(3.155992893031,10.435497774578,
    243.02524615448));
#4938 = PCURVE('',#4010,#4939);
#4939 = DEFINITIONAL_REPRESENTATION('',(#4940),#4944);
#4940 = LINE('',#4941,#4942);
#4941 = CARTESIAN_POINT('',(2.,0.));
#4942 = VECTOR('',#4943,1.);
#4943 = DIRECTION('',(0.,1.));
#4944 = ( GEOMETRIC_REPRESENTATION_CONTEXT(2) 
PARAMETRIC_REPRESENTATION_CONTEXT() REPRESENTATION_CONTEXT('2D SPACE',''
  ) );
#4945 = PCURVE('',#4946,#5525);
#4946 = B_SPLINE_SURFACE_WITH_KNOTS('',1,9,(
    (#4947,#4948,#4949,#4950,#4951,#4952,#4953,#4954,#4955,#4956,#4957
      ,#4958,#4959,#4960,#4961,#4962,#4963,#4964,#4965,#4966,#4967,#4968
      ,#4969,#4970,#4971,#4972,#4973,#4974,#4975,#4976,#4977,#4978,#4979
      ,#4980,#4981,#4982,#4983,#4984,#4985,#4986,#4987,#4988,#4989,#4990
      ,#4991,#4992,#4993,#4994,#4995,#4996,#4997,#4998,#4999,#5000,#5001
      ,#5002,#5003,#5004,#5005,#5006,#5007,#5008,#5009,#5010,#5011,#5012
      ,#5013,#5014,#5015,#5016,#5017,#5018,#5019,#5020,#5021,#5022,#5023
      ,#5024,#5025,#5026,#5027,#5028,#5029,#5030,#5031,#5032,#5033,#5034
      ,#5035,#5036,#5037,#5038,#5039,#5040,#5041,#5042,#5043,#5044,#5045
      ,#5046,#5047,#5048,#5049,#5050,#5051,#5052,#5053,#5054,#5055,#5056
      ,#5057,#5058,#5059,#5060,#5061,#5062,#5063,#5064,#5065,#5066,#5067
      ,#5068,#5069,#5070,#5071,#5072,#5073,#5074,#5075,#5076,#5077,#5078
      ,#5079,#5080,#5081,#5082,#5083,#5084,#5085,#5086,#5087,#5088,#5089
      ,#5090,#5091,#5092,#5093,#5094,#5095,#5096,#5097,#5098,#5099,#5100
      ,#5101,#5102,#5103,#5104,#5105,#5106,#5107,#5108,#5109,#5110,#5111
      ,#5112,#5113,#5114,#5115,#5116,#5117,#5118,#5119,#5120,#5121,#5122
      ,#5123,#5124,#5125,#5126,#5127,#5128,#5129,#5130,#5131,#5132,#5133
      ,#5134,#5135,#5136,#5137,#5138,#5139,#5140,#5141,#5142,#5143,#5144
      ,#5145,#5146,#5147,#5148,#5149,#5150,#5151,#5152,#5153,#5154,#5155
      ,#5156,#5157,#5158,#5159,#5160,#5161,#5162,#5163,#5164,#5165,#5166
      ,#5167,#5168,#5169,#5170,#5171,#5172,#5173,#5174,#5175,#5176,#5177
      ,#5178,#5179,#5180,#5181,#5182,#5183,#5184,#5185,#5186,#5187,#5188
      ,#5189,#5190,#5191,#5192,#5193,#5194,#5195,#5196,#5197,#5198,#5199
      ,#5200,#5201,#5202,#5203,#5204,#5205,#5206,#5207,#5208,#5209,#5210
      ,#5211,#5212,#5213,#5214,#5215,#5216,#5217,#5218,#5219,#5220,#5221
      ,#5222,#5223,#5224,#5225,#5226,#5227,#5228,#5229,#5230,#5231,#5232
      ,#5233,#5234,#5235)
    ,(#5236,#5237,#5238,#5239,#5240,#5241,#5242,#5243,#5244,#5245,#5246
      ,#5247,#5248,#5249,#5250,#5251,#5252,#5253,#5254,#5255,#5256,#5257
      ,#5258,#5259,#5260,#5261,#5262,#5263,#5264,#5265,#5266,#5267,#5268
      ,#5269,#5270,#5271,#5272,#5273,#5274,#5275,#5276,#5277,#5278,#5279
      ,#5280,#5281,#5282,#5283,#5284,#5285,#5286,#5287,#5288,#5289,#5290
      ,#5291,#5292,#5293,#5294,#5295,#5296,#5297,#5298,#5299,#5300,#5301
      ,#5302,#5303,#5304,#5305,#5306,#5307,#5308,#5309,#5310,#5311,#5312
      ,#5313,#5314,#5315,#5316,#5317,#5318,#5319,#5320,#5321,#5322,#5323
      ,#5324,#5325,#5326,#5327,#5328,#5329,#5330,#5331,#5332,#5333,#5334
      ,#5335,#5336,#5337,#5338,#5339,#5340,#5341,#5342,#5343,#5344,#5345
      ,#5346,#5347,#5348,#5349,#5350,#5351,#5352,#5353,#5354,#5355,#5356
      ,#5357,#5358,#5359,#5360,#5361,#5362,#5363,#5364,#5365,#5366,#5367
      ,#5368,#5369,#5370,#5371,#5372,#5373,#5374,#5375,#5376,#5377,#5378
      ,#5379,#5380,#5381,#5382,#5383,#5384,#5385,#5386,#5387,#5388,#5389
      ,#5390,#5391,#5392,#5393,#5394,#5395,#5396,#5397,#5398,#5399,#5400
      ,#5401,#5402,#5403,#5404,#5405,#5406,#5407,#5408,#5409,#5410,#5411
      ,#5412,#5413,#5414,#5415,#5416,#5417,#5418,#5419,#5420,#5421,#5422
      ,#5423,#5424,#5425,#5426,#5427,#5428,#5429,#5430,#5431,#5432,#5433
      ,#5434,#5435,#5436,#5437,#5438,#5439,#5440,#5441,#5442,#5443,#5444
      ,#5445,#5446,#5447,#5448,#5449,#5450,#5451,#5452,#5453,#5454,#5455
      ,#5456,#5457,#5458,#5459,#5460,#5461,#5462,#5463,#5464,#5465,#5466
      ,#5467,#5468,#5469,#5470,#5471,#5472,#5473,#5474,#5475,#5476,#5477
      ,#5478,#5479,#5480,#5481,#5482,#5483,#5484,#5485,#5486,#5487,#5488
      ,#5489,#5490,#5491,#5492,#5493,#5494,#5495,#5496,#5497,#5498,#5499
      ,#5500,#5501,#5502,#5503,#5504,#5505,#5506,#5507,#5508,#5509,#5510
      ,#5511,#5512,#5513,#5514,#5515,#5516,#5517,#5518,#5519,#5520,#5521
      ,#5522,#5523,#5524
    )),.UNSPECIFIED.,.F.,.F.,.F.,(2,2),(10,9,9,9,9,9,9,9,9,9,9,9,9,9,9,9
    ,9,9,9,9,9,9,9,9,9,9,9,9,9,9,9,9,10),(0.,7.9),(0.,8.56232113701,
    17.12464227402,25.68696341103,34.24928454804,42.811605685051,
    51.373926822061,59.936247959071,68.498569096081,77.060890233091,
    85.623211370101,94.185532507111,102.74785364412,111.31017478113,
    119.87249591814,128.43481705515,136.99713819216,145.55945932917,
    154.12178046618,162.68410160319,171.2464227402,179.80874387721,
    188.37106501422,196.93338615123,205.49570728824,214.05802842525,
    222.62034956226,231.18267069927,239.74499183628,248.30731297329,
    256.8696341103,265.43195524731,273.99427638432),
  .PIECEWISE_BEZIER_KNOTS.);
#4947 = CARTESIAN_POINT('',(10.9,0.223221722725,11.025232303313));
#4948 = CARTESIAN_POINT('',(10.787034852867,5.740183424154,
    11.830850060976));
#4949 = CARTESIAN_POINT('',(7.531723440118,11.194214206986,
    12.636153177533));
#4950 = CARTESIAN_POINT('',(1.182852687291,14.529425729986,
    13.442330690977));
#4951 = CARTESIAN_POINT('',(-6.691662173002,13.78226317398,
    14.246853070367));
#4952 = CARTESIAN_POINT('',(-12.91399821844,8.243332443115,
    15.053614234746));
#4953 = CARTESIAN_POINT('',(-14.56865375644,0.508740535926,
    15.858175319744));
#4954 = CARTESIAN_POINT('',(-11.99148950756,-6.184042095037,
    16.664294150012));
#4955 = CARTESIAN_POINT('',(-6.95138258848,-10.04926139648,
    17.469652587403));
#4956 = CARTESIAN_POINT('',(-1.484662176034,-10.80072248326,
    18.275232303307));
#4957 = CARTESIAN_POINT('',(3.982048214332,-11.55219107696,
    19.080850060999));
#4958 = CARTESIAN_POINT('',(9.878173727189,-9.190156337397,
    19.886153177487));
#4959 = CARTESIAN_POINT('',(14.165505461672,-3.441192749303,
    20.692330691044));
#4960 = CARTESIAN_POINT('',(14.659387236245,4.453255740813,
    21.496853070296));
#4961 = CARTESIAN_POINT('',(10.162037744518,11.465464169943,
    22.303614234801));
#4962 = CARTESIAN_POINT('',(2.781516652488,14.309704899818,
    23.108175319716));
#4963 = CARTESIAN_POINT('',(-4.232024028874,12.811251689919,
    23.914294150016));
#4964 = CARTESIAN_POINT('',(-8.838102496384,8.437850364266,
    24.719652587412));
#4965 = CARTESIAN_POINT('',(-10.43549533345,3.155988764706,
    25.525232303296));
#4966 = CARTESIAN_POINT('',(-12.03289401722,-2.125861761807,
    26.330850061033));
#4967 = CARTESIAN_POINT('',(-10.62229708527,-8.318899826461,
    27.13615317741));
#4968 = CARTESIAN_POINT('',(-5.614799225157,-13.45278343625,
    27.942330691172));
#4969 = CARTESIAN_POINT('',(2.105195372767,-15.17554853305,
    28.746853070133));
#4970 = CARTESIAN_POINT('',(9.734612341899,-11.83051995076,
    29.553614234963));
#4971 = CARTESIAN_POINT('',(13.698403617351,-4.985802597751,
    30.358175319592));
#4972 = CARTESIAN_POINT('',(13.315558337575,2.175799485844,
    31.164294150088));
#4973 = CARTESIAN_POINT('',(9.716550260456,7.409320180835,
    31.969652587382));
#4974 = CARTESIAN_POINT('',(4.74960443587,9.813311655104,32.775232303303
    ));
#4975 = CARTESIAN_POINT('',(-0.217329537392,12.217307171884,
    33.580850061007));
#4976 = CARTESIAN_POINT('',(-6.554787003121,11.792881625544,
    34.386153177469));
#4977 = CARTESIAN_POINT('',(-12.40880923548,7.650150709613,
    35.192330691078));
#4978 = CARTESIAN_POINT('',(-15.31803746013,0.294701892105,
    35.996853070244));
#4979 = CARTESIAN_POINT('',(-13.20769549267,-7.764062050652,
    36.803614234869));
#4980 = CARTESIAN_POINT('',(-7.067321536065,-12.74980217546,
    37.608175319644));
#4981 = CARTESIAN_POINT('',(6.599953838006E-02,-13.49199174713,
    38.414294150079));
#4982 = CARTESIAN_POINT('',(5.798095812316,-10.75599644185,
    39.219652587367));
#4983 = CARTESIAN_POINT('',(8.949491675296,-6.226269082793,
    40.025232303321));
#4984 = CARTESIAN_POINT('',(12.10088914521,-1.696554094925,
    40.830851599974));
#4985 = CARTESIAN_POINT('',(12.673088470493,4.629273707208,
    41.636146844228));
#4986 = CARTESIAN_POINT('',(9.497124733367,11.059288631954,
    42.442346203875));
#4987 = CARTESIAN_POINT('',(2.687352129875,15.083346065063,
    43.24682554638));
#4988 = CARTESIAN_POINT('',(-5.602347844637,14.259652916893,
    44.053652028102));
#4989 = CARTESIAN_POINT('',(-11.48724402249,8.974820459766,
    44.858134033713));
#4990 = CARTESIAN_POINT('',(-13.33622005121,2.045424750586,
    45.664330346888));
#4991 = CARTESIAN_POINT('',(-11.5305855392,-4.044102531897,
    46.46962725401));
#4992 = CARTESIAN_POINT('',(-7.549627107703,-7.865305809621,
    47.275246154507));
#4993 = CARTESIAN_POINT('',(-3.568654114306,-11.68650756761,
    48.080824727561));
#4994 = CARTESIAN_POINT('',(2.589759548548,-13.24123828049,
    48.886189374485));
#4995 = CARTESIAN_POINT('',(9.437466571525,-11.11025772009,
    49.692289404817));
#4996 = CARTESIAN_POINT('',(14.477238389902,-5.013812871261,
    50.496890863883));
#4997 = CARTESIAN_POINT('',(14.960501494207,3.302660040132,
    51.303586710596));
#4998 = CARTESIAN_POINT('',(10.661322385884,9.941859644237,
    52.108190832784));
#4999 = CARTESIAN_POINT('',(4.106487635419,12.852041785402,
    52.914287816604));
#5000 = CARTESIAN_POINT('',(-2.190531644279,12.021270612893,
    53.719654126459));
#5001 = CARTESIAN_POINT('',(-6.587449417186,8.687078802071,
    54.525232303291));
#5002 = CARTESIAN_POINT('',(-10.98436594344,5.352899352736,
    55.330850061055));
#5003 = CARTESIAN_POINT('',(-13.48334549458,-0.486501761926,
    56.136153177368));
#5004 = CARTESIAN_POINT('',(-12.44981569924,-7.583234242444,
    56.942330691228));
#5005 = CARTESIAN_POINT('',(-7.216824790166,-13.5146794555,
    57.746853070069));
#5006 = CARTESIAN_POINT('',(0.921661664273,-15.29295326382,
    58.553614235034));
#5007 = CARTESIAN_POINT('',(8.151660084413,-12.08531865839,
    59.358175319518));
#5008 = CARTESIAN_POINT('',(12.051415834438,-6.066430056477,
    60.164294150154));
#5009 = CARTESIAN_POINT('',(12.215943419199,0.283020996811,
    60.969652587336));
#5010 = CARTESIAN_POINT('',(9.610630572206,5.147388458448,
    61.775232303328));
#5011 = CARTESIAN_POINT('',(7.005329689203,10.011752224529,
    62.58085006092));
#5012 = CARTESIAN_POINT('',(1.628747821551,13.39344878004,
    63.386153177655));
#5013 = CARTESIAN_POINT('',(-5.542291786619,13.482817000803,
    64.192330690798));
#5014 = CARTESIAN_POINT('',(-12.21933119963,9.242135352013,
    64.996853070559));
#5015 = CARTESIAN_POINT('',(-15.24885128141,1.482030483114,
    65.803614234595));
#5016 = CARTESIAN_POINT('',(-13.21172891575,-6.160739262837,
    66.608175319829));
#5017 = CARTESIAN_POINT('',(-7.876999024849,-10.95404416667,
    67.414294149988));
#5018 = CARTESIAN_POINT('',(-1.631458035057,-12.10981912276,
    68.219652587393));
#5019 = CARTESIAN_POINT('',(3.580581712662,-10.29753672178,
    69.025232303324));
#5020 = CARTESIAN_POINT('',(8.792615938729,-8.485265559417,
    69.830850060941));
#5021 = CARTESIAN_POINT('',(12.973760906267,-3.703892228055,
    70.63615317762));
#5022 = CARTESIAN_POINT('',(14.183826600788,3.364879713055,
    71.442330690821));
#5023 = CARTESIAN_POINT('',(11.039873868763,10.623102456137,
    72.246853070569));
#5024 = CARTESIAN_POINT('',(3.849230121267,14.829271972315,
    73.053614234554));
#5025 = CARTESIAN_POINT('',(-4.018120594173,14.012822560031,
    73.858175319876));
#5026 = CARTESIAN_POINT('',(-9.586947577206,9.493610134958,
    74.664294149954));
#5027 = CARTESIAN_POINT('',(-11.70551088932,3.505765155604,
    75.469652587408));
#5028 = CARTESIAN_POINT('',(-10.73088334171,-1.92560916184,
    76.275232303322));
#5029 = CARTESIAN_POINT('',(-9.756265678138,-7.356975867792,
    77.080851599976));
#5030 = CARTESIAN_POINT('',(-5.687835965727,-12.2346176264,
    77.886146844236));
#5031 = CARTESIAN_POINT('',(1.104616686022,-14.53557928749,
    78.692346203832));
#5032 = CARTESIAN_POINT('',(8.765291371108,-12.56578120004,
    79.496825546472));
#5033 = CARTESIAN_POINT('',(14.044555426416,-6.121639123427,
    80.303652027976));
#5034 = CARTESIAN_POINT('',(14.468864552485,1.776551738454,
    81.108134033836));
#5035 = CARTESIAN_POINT('',(10.876465345142,7.983797922031,
    81.914330346798));
#5036 = CARTESIAN_POINT('',(5.293742901712,11.012967549954,
    82.719627254058));
#5037 = CARTESIAN_POINT('',(-0.223218550807,10.90000359737,
    83.525246154489));
#5038 = CARTESIAN_POINT('',(-5.740189225516,10.787028273379,
    84.330824727529));
#5039 = CARTESIAN_POINT('',(-11.19420591782,7.531732841032,
    85.136189374637));
#5040 = CARTESIAN_POINT('',(-14.52943518464,1.182841964666,
    85.942289404505));
#5041 = CARTESIAN_POINT('',(-13.78225451909,-6.691652357534,
    86.746890864314));
#5042 = CARTESIAN_POINT('',(-8.243338746309,-12.91400536674,
    87.553586710147));
#5043 = CARTESIAN_POINT('',(-0.508736983329,-14.56864972761,
    88.35819083315));
#5044 = CARTESIAN_POINT('',(6.18404064463,-11.99149115234,
    89.164287816368));
#5045 = CARTESIAN_POINT('',(10.049261748954,-6.951382188816,
    89.969654126578));
#5046 = CARTESIAN_POINT('',(10.800722483252,-1.484662176019,
    90.775232303246));
#5047 = CARTESIAN_POINT('',(11.55219107701,3.982048214277,
    91.580850061203));
#5048 = CARTESIAN_POINT('',(9.190156337324,9.878173727316,92.38615317707
    ));
#5049 = CARTESIAN_POINT('',(3.441192749372,14.165505461463,
    93.192330691648));
#5050 = CARTESIAN_POINT('',(-4.453255740838,14.65938723649,
    93.996853069648));
#5051 = CARTESIAN_POINT('',(-11.46546416996,10.162037744316,
    94.803614235311));
#5052 = CARTESIAN_POINT('',(-14.30970489978,2.781516652602,
    95.608175319446));
#5053 = CARTESIAN_POINT('',(-12.81125168993,-4.23202402891,
    96.414294150078));
#5054 = CARTESIAN_POINT('',(-8.437850364275,-8.838102496386,
    97.21965258745));
#5055 = CARTESIAN_POINT('',(-3.155988764693,-10.43549533344,
    98.025232303247));
#5056 = CARTESIAN_POINT('',(2.125861761754,-12.03289401725,
    98.830850061212));
#5057 = CARTESIAN_POINT('',(8.318899826588,-10.62229708524,
    99.636153176997));
#5058 = CARTESIAN_POINT('',(13.452783436044,-5.614799225144,
    100.44233069186));
#5059 = CARTESIAN_POINT('',(15.175548533316,2.105195372666,
    101.24685306924));
#5060 = CARTESIAN_POINT('',(11.830519950536,9.734612342081,
    102.05361423583));
#5061 = CARTESIAN_POINT('',(4.985802597902,13.698403617159,
    102.85817531891));
#5062 = CARTESIAN_POINT('',(-2.175799485916,13.315558337711,
    103.66429415049));
#5063 = CARTESIAN_POINT('',(-7.409320180809,9.716550260391,
    104.46965258719));
#5064 = CARTESIAN_POINT('',(-9.813311655112,4.74960443589,
    105.27523230336));
#5065 = CARTESIAN_POINT('',(-12.21730717184,-0.217329537474,
    106.08085006076));
#5066 = CARTESIAN_POINT('',(-11.79288162562,-6.554787002913,
    106.886153178));
#5067 = CARTESIAN_POINT('',(-7.650150709544,-12.40880923585,
    107.69233069023));
#5068 = CARTESIAN_POINT('',(-0.294701892094,-15.31803745965,
    108.49685307121));
#5069 = CARTESIAN_POINT('',(7.764062050557,-13.2076954931,
    109.30361423407));
#5070 = CARTESIAN_POINT('',(12.749802175559,-7.067321535795,
    110.10817532006));
#5071 = CARTESIAN_POINT('',(13.491991747109,6.599953828174E-02,
    110.91429415003));
#5072 = CARTESIAN_POINT('',(10.755996441816,5.798095812322,
    111.71965258721));
#5073 = CARTESIAN_POINT('',(6.226269082847,8.949491675311,
    112.52523230349));
#5074 = CARTESIAN_POINT('',(1.696554094749,12.100889145184,
    113.33085159942));
#5075 = CARTESIAN_POINT('',(-4.62927370683,12.673088470471,
    114.13614684537));
#5076 = CARTESIAN_POINT('',(-11.05928863253,9.497124733555,
    114.94234620209));
#5077 = CARTESIAN_POINT('',(-15.08334606441,2.687352129453,
    115.74682554851));
#5078 = CARTESIAN_POINT('',(-14.25965291741,-5.602347844067,
    116.55365202608));
#5079 = CARTESIAN_POINT('',(-8.974820459474,-11.48724402301,
    117.35813403522));
#5080 = CARTESIAN_POINT('',(-2.045424750691,-13.33622005087,
    118.16433034599));
#5081 = CARTESIAN_POINT('',(4.044102531916,-11.53058553935,
    118.9696272544));
#5082 = CARTESIAN_POINT('',(7.86530580962,-7.549627107662,
    119.77524615439));
#5083 = CARTESIAN_POINT('',(11.686507567618,-3.568654114362,
    120.58082472771));
#5084 = CARTESIAN_POINT('',(13.241238280461,2.589759548597,
    121.38618937437));
#5085 = CARTESIAN_POINT('',(11.110257720183,9.437466571505,
    122.19228940481));
#5086 = CARTESIAN_POINT('',(5.013812871096,14.477238389892,
    122.99689086403));
#5087 = CARTESIAN_POINT('',(-3.302660039931,14.960501494224,
    123.80358671033));
#5088 = CARTESIAN_POINT('',(-9.941859644411,10.661322385881,
    124.60819083304));
#5089 = CARTESIAN_POINT('',(-12.85204178529,4.10648763541,
    125.41428781641));
#5090 = CARTESIAN_POINT('',(-12.02127061293,-2.190531644272,
    126.21965412654));
#5091 = CARTESIAN_POINT('',(-8.687078802066,-6.587449417187,
    127.02523230327));
#5092 = CARTESIAN_POINT('',(-5.352899352762,-10.98436594344,
    127.83085006114));
#5093 = CARTESIAN_POINT('',(0.486501761981,-13.48334549462,
    128.63615317711));
#5094 = CARTESIAN_POINT('',(7.583234242378,-12.44981569916,
    129.44233069168));
#5095 = CARTESIAN_POINT('',(13.514679455542,-7.216824790307,
    130.24685306947));
#5096 = CARTESIAN_POINT('',(15.292953263842,0.921661664438,
    131.05361423564));
#5097 = CARTESIAN_POINT('',(12.085318658351,8.151660084265,
    131.85817531901));
#5098 = CARTESIAN_POINT('',(6.066430056516,12.051415834545,
    132.66429415049));
#5099 = CARTESIAN_POINT('',(-0.283020996831,12.215943419135,
    133.46965258713));
#5100 = CARTESIAN_POINT('',(-5.14738845844,9.610630572238,
    134.27523230342));
#5101 = CARTESIAN_POINT('',(-10.01175222456,7.005329689089,
    135.08085006057));
#5102 = CARTESIAN_POINT('',(-13.39344877992,1.628747821788,
    135.8861531784));
#5103 = CARTESIAN_POINT('',(-13.48281700107,-5.542291786952,
    136.69233068958));
#5104 = CARTESIAN_POINT('',(-9.24213535157,-12.21933119931,
    137.49685307204));
#5105 = CARTESIAN_POINT('',(-1.482030483624,-15.2488512816,
    138.30361423319));
#5106 = CARTESIAN_POINT('',(6.160739263246,-13.21172891569,
    139.10817532082));
#5107 = CARTESIAN_POINT('',(10.954044166463,-7.876999024832,
    139.91429414948));
#5108 = CARTESIAN_POINT('',(12.109819122828,-1.631458035075,
    140.71965258753));
#5109 = CARTESIAN_POINT('',(10.297536721791,3.58058171266,
    141.52523230334));
#5110 = CARTESIAN_POINT('',(8.485265559423,8.792615938734,
    142.33085006093));
#5111 = CARTESIAN_POINT('',(3.703892228015,12.973760906264,
    143.13615317756));
#5112 = CARTESIAN_POINT('',(-3.364879712973,14.183826600765,
    143.94233069095));
#5113 = CARTESIAN_POINT('',(-10.62310245623,11.039873868837,
    144.74685307036));
#5114 = CARTESIAN_POINT('',(-14.82927197223,3.849230121158,
    145.55361423475));
#5115 = CARTESIAN_POINT('',(-14.01282256007,-4.018120594083,
    146.35817531975));
#5116 = CARTESIAN_POINT('',(-9.493610134942,-9.586947577244,
    147.16429414997));
#5117 = CARTESIAN_POINT('',(-3.505765155612,-11.70551088933,
    147.96965258744));
#5118 = CARTESIAN_POINT('',(1.925609161849,-10.73088334169,
    148.77523230326));
#5119 = CARTESIAN_POINT('',(7.356975867758,-9.756265678182,
    149.58085160014));
#5120 = CARTESIAN_POINT('',(12.234617626483,-5.687835965653,
    150.38614684389));
#5121 = CARTESIAN_POINT('',(14.535579287352,1.104616685948,
    151.19234620435));
#5122 = CARTESIAN_POINT('',(12.565781200219,8.765291371135,
    151.99682554587));
#5123 = CARTESIAN_POINT('',(6.121639123278,14.044555426448,
    152.80365202849));
#5124 = CARTESIAN_POINT('',(-1.77655173837,14.468864552432,
    153.6081340335));
#5125 = CARTESIAN_POINT('',(-7.983797922057,10.876465345175,
    154.41433034693));
#5126 = CARTESIAN_POINT('',(-11.01296754995,5.293742901709,
    155.21962725404));
#5127 = CARTESIAN_POINT('',(-10.90000359736,-0.223218550818,
    156.02524615445));
#5128 = CARTESIAN_POINT('',(-10.78702827331,-5.740189225573,
    156.83082472729));
#5129 = CARTESIAN_POINT('',(-7.531732841196,-11.19420591758,
    157.63618937537));
#5130 = CARTESIAN_POINT('',(-1.182841964472,-14.52943518518,
    158.44228940324));
#5131 = CARTESIAN_POINT('',(6.691652357434,-13.78225451831,
    159.24689086582));
#5132 = CARTESIAN_POINT('',(12.914005366698,-8.243338747072,
    160.05358670884));
#5133 = CARTESIAN_POINT('',(14.568649727735,-0.508736982827,
    160.85819083392));
#5134 = CARTESIAN_POINT('',(11.991491152272,6.184040644438,
    161.66428781614));
#5135 = CARTESIAN_POINT('',(6.951382188808,10.049261748961,
    162.46965412647));
#5136 = CARTESIAN_POINT('',(1.484662176064,10.800722483293,
    163.27523230342));
#5137 = CARTESIAN_POINT('',(-3.982048214425,11.552191076906,
    164.08085006065));
#5138 = CARTESIAN_POINT('',(-9.87817372698,9.190156337469,
    164.88615317817));
#5139 = CARTESIAN_POINT('',(-14.16550546202,3.441192749281,
    165.69233068998));
#5140 = CARTESIAN_POINT('',(-14.6593872358,-4.453255740905,
    166.49685307157));
#5141 = CARTESIAN_POINT('',(-10.16203774492,-11.46546416974,
    167.30361423356));
#5142 = CARTESIAN_POINT('',(-2.781516652213,-14.30970490004,
    168.10817532066));
#5143 = CARTESIAN_POINT('',(4.232024028738,-12.81125168975,
    168.91429414944));
#5144 = CARTESIAN_POINT('',(8.838102496432,-8.437850364344,
    169.71965258766));
#5145 = CARTESIAN_POINT('',(10.435495333437,-3.155988764686,
    170.52523230322));
#5146 = CARTESIAN_POINT('',(12.032893521782,2.125861565579,
    171.33085160034));
#5147 = CARTESIAN_POINT('',(10.622299124233,8.318900633824,
    172.13614684338));
#5148 = CARTESIAN_POINT('',(5.614794230764,13.452781458864,
    172.94234620521));
#5149 = CARTESIAN_POINT('',(-2.105186511278,15.175552041261,
    173.74682554474));
#5150 = CARTESIAN_POINT('',(-9.734624509714,11.830515133852,
    174.55365202965));
#5151 = CARTESIAN_POINT('',(-13.69839032507,4.985807859648,
    175.35813403256));
#5152 = CARTESIAN_POINT('',(-13.3155699913,-2.175804099032,
    176.16433034752));
#5153 = CARTESIAN_POINT('',(-9.716542104326,-7.409316952203,
    176.96962725377));
#5154 = CARTESIAN_POINT('',(-4.749608895256,-9.813313420372,
    177.77524615453));
#5155 = CARTESIAN_POINT('',(0.217337693602,-12.21730394322,
    178.58082472714));
#5156 = CARTESIAN_POINT('',(6.554775349126,-11.79288623868,
    179.38618937559));
#5157 = CARTESIAN_POINT('',(12.408822528279,-7.650145448057,
    180.19228940297));
#5158 = CARTESIAN_POINT('',(15.318025291617,-0.29470670825,
    180.9968908661));
#5159 = CARTESIAN_POINT('',(13.207704354844,7.764065557825,
    181.80358670858));
#5160 = CARTESIAN_POINT('',(7.067316541195,12.749800198975,
    182.60819083413));
#5161 = CARTESIAN_POINT('',(-6.599749918483E-02,13.491992553974,
    183.41428781599));
#5162 = CARTESIAN_POINT('',(-5.798096307831,10.755996245801,
    184.21965412655));
#5163 = CARTESIAN_POINT('',(-8.949491675303,6.226269082813,
    185.02523230338));
#5164 = CARTESIAN_POINT('',(-12.1008891452,1.696554094886,
    185.83085159985));
#5165 = CARTESIAN_POINT('',(-12.67308847048,-4.629273707155,
    186.63614684439));
#5166 = CARTESIAN_POINT('',(-9.497124733394,-11.059288632,
    187.44234620372));
#5167 = CARTESIAN_POINT('',(-2.687352129854,-15.08334606504,
    188.24682554644));
#5168 = CARTESIAN_POINT('',(5.602347844646,-14.25965291688,
    189.05365202813));
#5169 = CARTESIAN_POINT('',(11.487244022456,-8.97482045979,
    189.85813403362));
#5170 = CARTESIAN_POINT('',(13.336220051249,-2.045424750569,
    190.66433034697));
#5171 = CARTESIAN_POINT('',(11.530585539176,4.044102531892,
    191.46962725395));
#5172 = CARTESIAN_POINT('',(7.549627107715,7.865305809621,
    192.27524615454));
#5173 = CARTESIAN_POINT('',(3.568654114334,11.686507567588,
    193.08082472769));
#5174 = CARTESIAN_POINT('',(-2.589759548648,13.241238280616,
    193.88618937398));
#5175 = CARTESIAN_POINT('',(-9.437466571375,11.110257719777,
    194.69228940583));
#5176 = CARTESIAN_POINT('',(-14.47723839001,5.013812871791,
    195.49689086241));
#5177 = CARTESIAN_POINT('',(-14.96050149419,-3.302660040771,
    196.30358671225));
#5178 = CARTESIAN_POINT('',(-10.66132238582,-9.941859643654,
    197.10819083126));
#5179 = CARTESIAN_POINT('',(-4.10648763549,-12.85204178582,
    197.91428781775));
#5180 = CARTESIAN_POINT('',(2.190531644316,-12.02127061265,
    198.71965412575));
#5181 = CARTESIAN_POINT('',(6.587449417179,-8.687078802181,
    199.52523230362));
#5182 = CARTESIAN_POINT('',(10.984365427367,-5.352899219794,
    200.3308515989));
#5183 = CARTESIAN_POINT('',(13.483347618311,0.486501215626,
    201.13614684656));
#5184 = CARTESIAN_POINT('',(12.44981049744,7.583235579742,
    201.94234620018));
#5185 = CARTESIAN_POINT('',(7.21683401959,13.514677083672,
    202.74682555085));
#5186 = CARTESIAN_POINT('',(-0.921674337506,15.292956519807,
    203.55365202384));
#5187 = CARTESIAN_POINT('',(-8.151646239579,12.085315102059,
    204.35813403691));
#5188 = CARTESIAN_POINT('',(-12.05142797305,6.066433174182,
    205.16433034499));
#5189 = CARTESIAN_POINT('',(-12.21593492342,-0.283023178761,
    205.96962725485));
#5190 = CARTESIAN_POINT('',(-9.610635217421,-5.147387265446,
    206.77524615425));
#5191 = CARTESIAN_POINT('',(-7.005321193196,-10.01175440652,
    207.58082472785));
#5192 = CARTESIAN_POINT('',(-1.6287599609,-13.39344566228,
    208.38618937432));
#5193 = CARTESIAN_POINT('',(5.542305632783,-13.48282055705,
    209.19228940471));
#5194 = CARTESIAN_POINT('',(12.219318524801,-9.242132096446,
    209.9968908642));
#5195 = CARTESIAN_POINT('',(15.248860512166,-1.482032854187,
    210.80358671026));
#5196 = CARTESIAN_POINT('',(13.211723713199,6.160740599255,
    211.60819083294));
#5197 = CARTESIAN_POINT('',(7.877001148839,10.954043621083,
    212.41428781664));
#5198 = CARTESIAN_POINT('',(1.631457518916,12.109819255315,
    213.2196541263));
#5199 = CARTESIAN_POINT('',(-3.580581712648,10.29753672182,
    214.02523230343));
#5200 = CARTESIAN_POINT('',(-8.792615938768,8.485265559317,
    214.83085006066));
#5201 = CARTESIAN_POINT('',(-12.97376090618,3.703892228236,
    215.63615317802));
#5202 = CARTESIAN_POINT('',(-14.18382660091,-3.364879713301,
    216.44233069051));
#5203 = CARTESIAN_POINT('',(-11.03987386866,-10.62310245585,
    217.2468530705));
#5204 = CARTESIAN_POINT('',(-3.849230121259,-14.8292719726,
    218.05361423507));
#5205 = CARTESIAN_POINT('',(4.018120594048,-14.01282255978,
    218.85817531909));
#5206 = CARTESIAN_POINT('',(9.586947577379,-9.493610135138,
    219.66429415071));
#5207 = CARTESIAN_POINT('',(11.705510889184,-3.505765155499,
    220.46965258686));
#5208 = CARTESIAN_POINT('',(10.730883341792,1.925609161791,
    221.27523230361));
#5209 = CARTESIAN_POINT('',(9.756265677884,7.356975867982,
    222.08085159902));
#5210 = CARTESIAN_POINT('',(5.687835966166,12.2346176259,222.88614684617
    ));
#5211 = CARTESIAN_POINT('',(-1.104616686501,14.535579288431,
    223.69234620097));
#5212 = CARTESIAN_POINT('',(-8.765291370816,12.56578119878,
    224.49682554971));
#5213 = CARTESIAN_POINT('',(-14.04455542641,6.121639124675,
    225.30365202505));
#5214 = CARTESIAN_POINT('',(-14.46886455269,-1.776551739363,
    226.10813403596));
#5215 = CARTESIAN_POINT('',(-10.87646534491,-7.983797921542,
    226.91433034553));
#5216 = CARTESIAN_POINT('',(-5.293742901856,-11.01296755015,
    227.71962725466));
#5217 = CARTESIAN_POINT('',(0.223218550868,-10.9000035973,
    228.52524615426));
#5218 = CARTESIAN_POINT('',(5.740189225567,-10.78702827334,
    229.33082472736));
#5219 = CARTESIAN_POINT('',(11.194205917404,-7.531732841204,
    230.13618937571));
#5220 = CARTESIAN_POINT('',(14.529435185672,-1.182841964492,
    230.94228940233));
#5221 = CARTESIAN_POINT('',(13.782254517559,6.691652357588,
    231.74689086716));
#5222 = CARTESIAN_POINT('',(8.243338747846,12.914005366402,
    232.55358670745));
#5223 = CARTESIAN_POINT('',(0.508736982287,14.568649728053,
    233.35819083498));
#5224 = CARTESIAN_POINT('',(-6.184040644192,11.991491152063,
    234.16428781556));
#5225 = CARTESIAN_POINT('',(-10.04926174901,6.951382188879,
    234.96965412664));
#5226 = CARTESIAN_POINT('',(-10.8007224833,1.484662176071,
    235.77523230346));
#5227 = CARTESIAN_POINT('',(-11.5521906182,-3.98204794319,
    236.58085159969));
#5228 = CARTESIAN_POINT('',(-9.190158225099,-9.878174843186,
    237.38614684463));
#5229 = CARTESIAN_POINT('',(-3.441188125681,-14.16550272796,
    238.19234620343));
#5230 = CARTESIAN_POINT('',(4.453247537366,-14.65939208673,
    238.99682554674));
#5231 = CARTESIAN_POINT('',(11.465475434124,-10.1620310841,
    239.80365202784));
#5232 = CARTESIAN_POINT('',(14.309692594646,-2.781523928559,
    240.60813403389));
#5233 = CARTESIAN_POINT('',(12.8112624783,4.23203040813,241.41433034676)
  );
#5234 = CARTESIAN_POINT('',(8.437842813707,8.838098031653,
    242.21962725407));
#5235 = CARTESIAN_POINT('',(3.155992893031,10.435497774578,
    243.02524615448));
#5236 = CARTESIAN_POINT('',(3.,0.223221722725,11.025232303313));
#5237 = CARTESIAN_POINT('',(2.887034156674,1.74168475574,11.830726052947
    ));
#5238 = CARTESIAN_POINT('',(1.909112360472,3.196026008297,12.63653238444
    ));
#5239 = CARTESIAN_POINT('',(0.11045897896,4.021051463447,13.441469029109
    ));
#5240 = CARTESIAN_POINT('',(-2.048446790555,3.698045182,14.248055096808)
  );
#5241 = CARTESIAN_POINT('',(-3.680314642829,2.079771396977,
    15.052405044631));
#5242 = CARTESIAN_POINT('',(-4.021877472222,-7.595913897084E-02,
    15.858957732932));
#5243 = CARTESIAN_POINT('',(-3.212215040895,-1.88184853704,
    16.663946967845));
#5244 = CARTESIAN_POINT('',(-1.766262467701,-2.872032501696,
    17.46970130422));
#5245 = CARTESIAN_POINT('',(-0.248829902219,-2.997984592563,
    18.27523230332));
#5246 = CARTESIAN_POINT('',(1.268610082387,-3.123949498487,
    19.080726052924));
#5247 = CARTESIAN_POINT('',(2.858026653819,-2.385576638168,
    19.886532384489));
#5248 = CARTESIAN_POINT('',(3.954266056094,-0.738130080252,
    20.691469029034));
#5249 = CARTESIAN_POINT('',(3.972963787109,1.444725291668,
    21.498055096893));
#5250 = CARTESIAN_POINT('',(2.629894012215,3.309655936504,
    22.302405044562));
#5251 = CARTESIAN_POINT('',(0.554136294911,3.984244113919,
    23.108957732971));
#5252 = CARTESIAN_POINT('',(-1.356178717287,3.467053312541,
    23.913946967836));
#5253 = CARTESIAN_POINT('',(-2.560368691482,2.193801713762,
    24.719701304213));
#5254 = CARTESIAN_POINT('',(-2.922148854716,0.71475450915,25.52523230333
    ));
#5255 = CARTESIAN_POINT('',(-3.283942835858,-0.76429801853,
    26.330726052889));
#5256 = CARTESIAN_POINT('',(-2.803300101749,-2.449653197882,
    27.136532384571));
#5257 = CARTESIAN_POINT('',(-1.347625969264,-3.790113494975,
    27.941469028894));
#5258 = CARTESIAN_POINT('',(0.805429861335,-4.150054838286,
    28.748055097077));
#5259 = CARTESIAN_POINT('',(2.85750251691,-3.11525990873,29.552405044378
    ));
#5260 = CARTESIAN_POINT('',(3.848505442573,-1.170587054165,
    30.35895773311));
#5261 = CARTESIAN_POINT('',(3.636521225146,0.797115276634,
    31.163946967757));
#5262 = CARTESIAN_POINT('',(2.567322280821,2.185660106696,
    31.969701304244));
#5263 = CARTESIAN_POINT('',(1.163079487931,2.774360114014,
    32.775232303324));
#5264 = CARTESIAN_POINT('',(-0.241166400889,3.363074601808,
    33.580726052916));
#5265 = CARTESIAN_POINT('',(-1.980961150288,3.151997013257,
    34.386532384507));
#5266 = CARTESIAN_POINT('',(-3.532635760944,1.923938834309,
    35.191469029004));
#5267 = CARTESIAN_POINT('',(-4.224957766081,-0.146302074639,
    35.998055096937));
#5268 = CARTESIAN_POINT('',(-3.523917767374,-2.334987901937,
    36.802405044506));
#5269 = CARTESIAN_POINT('',(-1.758214075153,-3.618003794717,
    37.608957733032));
#5270 = CARTESIAN_POINT('',(0.218424212378,-3.716445916289,
    38.413946967779));
#5271 = CARTESIAN_POINT('',(1.757133316296,-2.877626852867,
    39.219701304255));
#5272 = CARTESIAN_POINT('',(2.558257419737,-1.582765589678,
    40.025232303306));
#5273 = CARTESIAN_POINT('',(3.359396276214,-0.287904065774,
    40.830724513951));
#5274 = CARTESIAN_POINT('',(3.423081435015,1.463493453387,
    41.636538717734));
#5275 = CARTESIAN_POINT('',(2.452877603064,3.188167449447,42.44145351624
    ));
#5276 = CARTESIAN_POINT('',(0.516428752593,4.195837723468,
    43.248082620745));
#5277 = CARTESIAN_POINT('',(-1.754978956412,3.845792014903,
    44.052367251338));
#5278 = CARTESIAN_POINT('',(-3.298413989137,2.302562297893,
    44.858999018904));
#5279 = CARTESIAN_POINT('',(-3.704860161075,0.365632672124,
    45.663910771014));
#5280 = CARTESIAN_POINT('',(-3.1170741512,-1.285331317445,
    46.469726637587));
#5281 = CARTESIAN_POINT('',(-1.963479050591,-2.279166724058,
    47.275218452132));
#5282 = CARTESIAN_POINT('',(-0.809883777931,-3.272989776531,
    48.080751386341));
#5283 = CARTESIAN_POINT('',(0.909984580897,-3.609890468286,
    48.886496187516));
#5284 = CARTESIAN_POINT('',(2.765207361079,-2.921404782822,
    49.691510315244));
#5285 = CARTESIAN_POINT('',(4.063382620844,-1.166455269384,
    50.498017303313));
#5286 = CARTESIAN_POINT('',(4.072996496877,1.131764494409,
    51.302432568767));
#5287 = CARTESIAN_POINT('',(2.790185274451,2.897602695057,
    52.108942219902));
#5288 = CARTESIAN_POINT('',(0.94071131393,3.602049088402,52.913953301247
    ));
#5289 = CARTESIAN_POINT('',(-0.781897522912,3.279769294159,
    53.719699765167));
#5290 = CARTESIAN_POINT('',(-1.943945924068,2.295844546514,
    54.525232303335));
#5291 = CARTESIAN_POINT('',(-3.106008666419,1.311923082534,
    55.330726052867));
#5292 = CARTESIAN_POINT('',(-3.707787445583,-0.334072609864,
    56.136532384613));
#5293 = CARTESIAN_POINT('',(-3.318025128066,-2.274151557681,
    56.941469028837));
#5294 = CARTESIAN_POINT('',(-1.787734584549,-3.830884686045,
    57.748055097139));
#5295 = CARTESIAN_POINT('',(0.480664266244,-4.199896045848,
    58.552405044312));
#5296 = CARTESIAN_POINT('',(2.425452499015,-3.209119562759,
    59.358957733179));
#5297 = CARTESIAN_POINT('',(3.41054007554,-1.492613740492,
    60.163946967695));
#5298 = CARTESIAN_POINT('',(3.361706132455,0.25920199568,60.969701304288
    ));
#5299 = CARTESIAN_POINT('',(2.571679031114,1.560863510512,61.7752323033)
  );
#5300 = CARTESIAN_POINT('',(1.781657936497,2.862538559973,
    62.580726053004));
#5301 = CARTESIAN_POINT('',(0.250066123921,3.714398899513,
    63.386532384312));
#5302 = CARTESIAN_POINT('',(-1.727099492497,3.632930415008,
    64.191469029306));
#5303 = CARTESIAN_POINT('',(-3.504056835025,2.365007001849,
    64.998055096587));
#5304 = CARTESIAN_POINT('',(-4.223380813724,0.182261999579,
    65.802405044815));
#5305 = CARTESIAN_POINT('',(-3.549034339755,-1.893574251879,
    66.608957732824));
#5306 = CARTESIAN_POINT('',(-2.007763200771,-3.135054435729,
    67.41394696788));
#5307 = CARTESIAN_POINT('',(-0.269875911443,-3.360866077072,
    68.219701304227));
#5308 = CARTESIAN_POINT('',(1.139347457105,-2.784190243051,
    69.025232303303));
#5309 = CARTESIAN_POINT('',(2.548583254017,-2.207522459097,
    69.830726052982));
#5310 = CARTESIAN_POINT('',(3.629549525031,-0.828047399758,
    70.636532384353));
#5311 = CARTESIAN_POINT('',(3.858380898296,1.137520505778,
    71.441469029269));
#5312 = CARTESIAN_POINT('',(2.884045097596,3.090947475586,72.24805509659
    ));
#5313 = CARTESIAN_POINT('',(0.840700370181,4.142871929223,73.05240504485
    ));
#5314 = CARTESIAN_POINT('',(-1.315069922287,3.801560112833,
    73.858957732775));
#5315 = CARTESIAN_POINT('',(-2.782373351057,2.473474867617,
    74.663946967917));
#5316 = CARTESIAN_POINT('',(-3.277270344795,0.792308577973,
    75.469701304211));
#5317 = CARTESIAN_POINT('',(-2.928145451007,-0.689776888027,
    76.275232303304));
#5318 = CARTESIAN_POINT('',(-2.579030804844,-2.171872970365,
    77.080724513944));
#5319 = CARTESIAN_POINT('',(-1.385637950141,-3.455330240365,
    77.886538717746));
#5320 = CARTESIAN_POINT('',(0.519928436518,-3.988821209605,
    78.691453516248));
#5321 = CARTESIAN_POINT('',(2.601735034053,-3.332075579987,
    79.49808262069));
#5322 = CARTESIAN_POINT('',(3.96034313371,-1.478428091853,
    80.302367251441));
#5323 = CARTESIAN_POINT('',(3.960488313801,0.704173483944,
    81.108999018788));
#5324 = CARTESIAN_POINT('',(2.878273085144,2.361190401348,
    81.913910771103));
#5325 = CARTESIAN_POINT('',(1.295237779129,3.112970760422,
    82.719726637537));
#5326 = CARTESIAN_POINT('',(-0.223224894642,3.000003597421,
    83.525218452151));
#5327 = CARTESIAN_POINT('',(-1.74167895439,2.887027577075,
    84.330751386372));
#5328 = CARTESIAN_POINT('',(-3.196034297395,1.909121761596,
    85.136496187361));
#5329 = CARTESIAN_POINT('',(-4.021042008949,0.110448256,85.941510315567)
  );
#5330 = CARTESIAN_POINT('',(-3.698053836624,-2.048436974667,
    86.748017302864));
#5331 = CARTESIAN_POINT('',(-2.079765094087,-3.680321791536,
    87.552432569228));
#5332 = CARTESIAN_POINT('',(7.595558662954E-02,-4.021873443095,
    88.358942219534));
#5333 = CARTESIAN_POINT('',(1.881849987285,-3.212216685845,
    89.163953301479));
#5334 = CARTESIAN_POINT('',(2.872032149308,-1.766262067961,
    89.969699765051));
#5335 = CARTESIAN_POINT('',(2.997984592546,-0.24882990223,
    90.775232303378));
#5336 = CARTESIAN_POINT('',(3.123949498555,1.268610082427,
    91.580726052719));
#5337 = CARTESIAN_POINT('',(2.385576638008,2.858026653752,
    92.386532384922));
#5338 = CARTESIAN_POINT('',(0.738130080508,3.95426605616,93.191469028386
    ));
#5339 = CARTESIAN_POINT('',(-1.444725291955,3.972963787082,
    93.998055097612));
#5340 = CARTESIAN_POINT('',(-3.30965593628,2.629894012201,
    94.802405043979));
#5341 = CARTESIAN_POINT('',(-3.984244114035,0.554136294934,
    95.608957733291));
#5342 = CARTESIAN_POINT('',(-3.467053312507,-1.35617871729,
    96.413946967751));
#5343 = CARTESIAN_POINT('',(-2.19380171376,-2.560368691496,
    97.21970130418));
#5344 = CARTESIAN_POINT('',(-0.714754509158,-2.9221488547,
    98.025232303379));
#5345 = CARTESIAN_POINT('',(0.764298018549,-3.28394283592,
    98.830726052701));
#5346 = CARTESIAN_POINT('',(2.449653197864,-2.803300101599,
    99.636532385024));
#5347 = CARTESIAN_POINT('',(3.790113494952,-1.347625969509,
    100.44146902811));
#5348 = CARTESIAN_POINT('',(4.15005483839,0.805429861619,101.24805509807
    ));
#5349 = CARTESIAN_POINT('',(3.115259908554,2.857502516674,
    102.05240504339));
#5350 = CARTESIAN_POINT('',(1.170587054348,3.848505442714,
    102.85895773385));
#5351 = CARTESIAN_POINT('',(-0.797115276764,3.636521225086,
    103.66394696731));
#5352 = CARTESIAN_POINT('',(-2.185660106632,2.56732228084,
    104.46970130444));
#5353 = CARTESIAN_POINT('',(-2.774360114036,1.163079487925,
    105.27523230326));
#5354 = CARTESIAN_POINT('',(-3.363074601711,-0.241166400859,
    106.08072605315));
#5355 = CARTESIAN_POINT('',(-3.151997013503,-1.980961150344,
    106.88653238393));
#5356 = CARTESIAN_POINT('',(-1.923938833886,-3.532635760899,
    107.69146902995));
#5357 = CARTESIAN_POINT('',(0.146302074129,-4.224957766069,
    108.49805509577));
#5358 = CARTESIAN_POINT('',(2.33498790237,-3.523917767439,
    109.30240504553));
#5359 = CARTESIAN_POINT('',(3.618003794469,-1.758214075101,
    110.10895773243));
#5360 = CARTESIAN_POINT('',(3.716445916374,0.218424212388,
    110.91394696791));
#5361 = CARTESIAN_POINT('',(2.87762685286,1.757133316237,111.71970130438
    ));
#5362 = CARTESIAN_POINT('',(1.582765589671,2.558257419797,
    112.52523230313));
#5363 = CARTESIAN_POINT('',(0.287904065774,3.359396276011,113.3307245145
    ));
#5364 = CARTESIAN_POINT('',(-1.463493453306,3.423081435453,
    114.13653871652));
#5365 = CARTESIAN_POINT('',(-3.188167449715,2.452877602406,
    114.94145351817));
#5366 = CARTESIAN_POINT('',(-4.195837722983,0.516428753296,
    115.74808261837));
#5367 = CARTESIAN_POINT('',(-3.845792015485,-1.75497895694,
    116.55236725359));
#5368 = CARTESIAN_POINT('',(-2.3025622974,-3.298413988874,
    117.35899901722));
#5369 = CARTESIAN_POINT('',(-0.365632672426,-3.704860161149,
    118.16391077197));
#5370 = CARTESIAN_POINT('',(1.285331317578,-3.117074151197,
    118.96972663717));
#5371 = CARTESIAN_POINT('',(2.279166724019,-1.963479050587,
    119.77521845224));
#5372 = CARTESIAN_POINT('',(3.272989776579,-0.809883777927,
    120.58075138618));
#5373 = CARTESIAN_POINT('',(3.609890468256,0.909984580859,
    121.38649618763));
#5374 = CARTESIAN_POINT('',(2.921404782815,2.765207361181,
    122.19151031524));
#5375 = CARTESIAN_POINT('',(1.166455269415,4.063382620675,
    122.99801730315));
#5376 = CARTESIAN_POINT('',(-1.131764494432,4.072996497067,
    123.80243256903));
#5377 = CARTESIAN_POINT('',(-2.89760269506,2.790185274298,
    124.60894221963));
#5378 = CARTESIAN_POINT('',(-3.602049088386,0.940711314018,
    125.41395330143));
#5379 = CARTESIAN_POINT('',(-3.27976929417,-0.781897522945,
    126.21969976508));
#5380 = CARTESIAN_POINT('',(-2.295844546513,-1.943945924064,
    127.02523230334));
#5381 = CARTESIAN_POINT('',(-1.311923082546,-3.106008666447,
    127.83072605276));
#5382 = CARTESIAN_POINT('',(0.334072609908,-3.707787445524,
    128.63653238489));
#5383 = CARTESIAN_POINT('',(2.274151557586,-3.318025128136,
    129.44146902832));
#5384 = CARTESIAN_POINT('',(3.830884686188,-1.787734584514,
    130.24805509781));
#5385 = CARTESIAN_POINT('',(4.199896045686,0.480664266267,
    131.05240504363));
#5386 = CARTESIAN_POINT('',(3.209119562904,2.425452498958,131.8589577337
    ));
#5387 = CARTESIAN_POINT('',(1.492613740386,3.410540075591,
    132.66394696734));
#5388 = CARTESIAN_POINT('',(-0.259201995615,3.361706132426,
    133.46970130448));
#5389 = CARTESIAN_POINT('',(-1.560863510546,2.571679031126,
    134.2752323032));
#5390 = CARTESIAN_POINT('',(-2.862538559852,1.781657936443,
    135.08072605335));
#5391 = CARTESIAN_POINT('',(-3.71439889977,0.250066124088,
    135.88653238351));
#5392 = CARTESIAN_POINT('',(-3.632930414639,-1.727099492842,
    136.69146903062));
#5393 = CARTESIAN_POINT('',(-2.365007002209,-3.504056834524,
    137.49805509492));
#5394 = CARTESIAN_POINT('',(-0.182261999355,-4.223380814244,
    138.30240504641));
#5395 = CARTESIAN_POINT('',(1.893574251811,-3.549034339377,
    139.10895773168));
#5396 = CARTESIAN_POINT('',(3.135054435717,-2.007763200954,
    139.91394696845));
#5397 = CARTESIAN_POINT('',(3.360866077088,-0.269875911396,
    140.71970130406));
#5398 = CARTESIAN_POINT('',(2.784190243054,1.139347457112,
    141.52523230328));
#5399 = CARTESIAN_POINT('',(2.207522459093,2.548583254021,
    142.33072605298));
#5400 = CARTESIAN_POINT('',(0.828047399754,3.629549524997,
    143.13653238442));
#5401 = CARTESIAN_POINT('',(-1.137520505745,3.858380898369,
    143.94146902906));
#5402 = CARTESIAN_POINT('',(-3.090947475659,2.884045097504,
    144.7480550969));
#5403 = CARTESIAN_POINT('',(-4.142871929129,0.840700370256,
    145.55240504451));
#5404 = CARTESIAN_POINT('',(-3.801560112904,-1.315069922329,
    146.358957733));
#5405 = CARTESIAN_POINT('',(-2.473474867592,-2.782373351038,
    147.16394696783));
#5406 = CARTESIAN_POINT('',(-0.792308577965,-3.277270344808,
    147.96970130418));
#5407 = CARTESIAN_POINT('',(0.689776888012,-2.928145450996,
    148.77523230335));
#5408 = CARTESIAN_POINT('',(2.17187297041,-2.579030804888,
    149.58072451377));
#5409 = CARTESIAN_POINT('',(3.455330240286,-1.385637950033,
    150.38653871812));
#5410 = CARTESIAN_POINT('',(3.988821209688,0.519928436341,
    151.19145351565));
#5411 = CARTESIAN_POINT('',(3.332075579947,2.601735034255,
    151.99808262137));
#5412 = CARTESIAN_POINT('',(1.478428091832,3.96034313355,152.80236725085
    ));
#5413 = CARTESIAN_POINT('',(-0.704173483897,3.960488313884,
    153.60899901914));
#5414 = CARTESIAN_POINT('',(-2.361190401381,2.87827308512,
    154.41391077096));
#5415 = CARTESIAN_POINT('',(-3.112970760417,1.295237779127,
    155.21972663754));
#5416 = CARTESIAN_POINT('',(-3.000003597412,-0.223224894636,
    156.02521845218));
#5417 = CARTESIAN_POINT('',(-2.887027576985,-1.741678954319,
    156.83075138662));
#5418 = CARTESIAN_POINT('',(-1.909121761935,-3.19603429757,
    157.63649618652));
#5419 = CARTESIAN_POINT('',(-0.110448255326,-4.021042008739,
    158.44151031707));
#5420 = CARTESIAN_POINT('',(2.048436973786,-3.698053836748,
    159.24801730097));
#5421 = CARTESIAN_POINT('',(3.680321792322,-2.079765094098,
    160.05243257093));
#5422 = CARTESIAN_POINT('',(4.021873442632,7.595558670095E-02,
    160.85894221847));
#5423 = CARTESIAN_POINT('',(3.212216685995,1.881849987252,
    161.66395330184));
#5424 = CARTESIAN_POINT('',(1.766262067969,2.872032149277,
    162.46969976511));
#5425 = CARTESIAN_POINT('',(0.248829902193,2.9979845926,163.27523230319)
  );
#5426 = CARTESIAN_POINT('',(-1.268610082331,3.123949498372,
    164.08072605326));
#5427 = CARTESIAN_POINT('',(-2.858026653887,2.385576638423,
    164.8865323838));
#5428 = CARTESIAN_POINT('',(-3.954266056075,0.738130079841,
    165.69146903009));
#5429 = CARTESIAN_POINT('',(-3.972963787023,-1.444725291186,
    166.49805509561));
#5430 = CARTESIAN_POINT('',(-2.629894012397,-3.309655936916,
    167.30240504579));
#5431 = CARTESIAN_POINT('',(-0.554136294706,-3.984244113665,
    168.10895773202));
#5432 = CARTESIAN_POINT('',(1.356178717135,-3.467053312653,
    168.9139469684));
#5433 = CARTESIAN_POINT('',(2.560368691558,-2.193801713725,
    169.71970130396));
#5434 = CARTESIAN_POINT('',(2.922148854693,-0.71475450916,
    170.52523230339));
#5435 = CARTESIAN_POINT('',(3.283942968515,0.764297502415,
    171.33072451356));
#5436 = CARTESIAN_POINT('',(2.80329955601,2.449655321888,172.13653871865
    ));
#5437 = CARTESIAN_POINT('',(1.347627305792,3.790108292296,172.9414535147
    ));
#5438 = CARTESIAN_POINT('',(-0.805432232426,4.150064069312,
    173.74808262264));
#5439 = CARTESIAN_POINT('',(-2.857499261415,3.115247233507,
    174.55236724953));
#5440 = CARTESIAN_POINT('',(-3.848508998732,1.170600900748,
    175.3589990202));
#5441 = CARTESIAN_POINT('',(-3.636518107439,-0.797127416351,
    176.16391077031));
#5442 = CARTESIAN_POINT('',(-2.567324462803,-2.185651610425,
    176.96972663782));
#5443 = CARTESIAN_POINT('',(-1.163078294922,-2.774364759379,
    177.77521845211));
#5444 = CARTESIAN_POINT('',(0.241164218889,-3.363066105416,
    178.58075138677));
#5445 = CARTESIAN_POINT('',(1.980964267925,-3.152009153355,
    179.3864961863));
#5446 = CARTESIAN_POINT('',(3.532632205159,-1.923924987038,
    180.19151031736));
#5447 = CARTESIAN_POINT('',(4.224961020782,0.146289398575,
    180.99801730066));
#5448 = CARTESIAN_POINT('',(3.523915397315,2.334997133688,
    181.80243257121));
#5449 = CARTESIAN_POINT('',(1.758215410791,3.617998591597,
    182.60894221824));
#5450 = CARTESIAN_POINT('',(-0.21842475761,3.716448040482,
    183.41395330199));
#5451 = CARTESIAN_POINT('',(-1.757133183802,2.877626336701,
    184.21969976503));
#5452 = CARTESIAN_POINT('',(-2.558257419761,1.582765589675,
    185.02523230323));
#5453 = CARTESIAN_POINT('',(-3.359396276166,0.28790406577,
    185.83072451407));
#5454 = CARTESIAN_POINT('',(-3.423081435086,-1.463493453362,
    186.63653871757));
#5455 = CARTESIAN_POINT('',(-2.452877602991,-3.188167449495,
    187.44145351636));
#5456 = CARTESIAN_POINT('',(-0.516428752641,-4.195837723422,
    188.24808262072));
#5457 = CARTESIAN_POINT('',(1.754978956425,-3.845792014917,
    189.05236725124));
#5458 = CARTESIAN_POINT('',(3.298413989146,-2.302562297914,
    189.85899901904));
#5459 = CARTESIAN_POINT('',(3.704860161066,-0.365632672092,
    190.66391077089));
#5460 = CARTESIAN_POINT('',(3.117074151203,1.285331317422,
    191.46972663765));
#5461 = CARTESIAN_POINT('',(1.963479050592,2.279166724068,
    192.27521845209));
#5462 = CARTESIAN_POINT('',(0.809883777956,3.27298977657,193.08075138619
    ));
#5463 = CARTESIAN_POINT('',(-0.909984581024,3.609890468159,
    193.8864961881));
#5464 = CARTESIAN_POINT('',(-2.765207360762,2.921404783008,
    194.69151031405));
#5465 = CARTESIAN_POINT('',(-4.063382621361,1.166455269245,
    195.49801730499));
#5466 = CARTESIAN_POINT('',(-4.072996496265,-1.131764494399,
    196.30243256693));
#5467 = CARTESIAN_POINT('',(-2.790185275008,-2.897602694964,
    197.10894222151));
#5468 = CARTESIAN_POINT('',(-0.940711313525,-3.602049088509,
    197.91395330008));
#5469 = CARTESIAN_POINT('',(0.781897522672,-3.279769294095,
    198.71969976585));
#5470 = CARTESIAN_POINT('',(1.943945924181,-2.295844546536,
    199.52523230301));
#5471 = CARTESIAN_POINT('',(3.106008469856,-1.311923577897,
    200.33072451504));
#5472 = CARTESIAN_POINT('',(3.707788253645,0.334074648448,
    201.13653871524));
#5473 = CARTESIAN_POINT('',(3.318023149703,2.274146564258,
    201.94145352031));
#5474 = CARTESIAN_POINT('',(1.787738093673,3.83089354594,202.74808261568
    ));
#5475 = CARTESIAN_POINT('',(-0.480669083728,4.199883879844,
    203.5523672562));
#5476 = CARTESIAN_POINT('',(-2.425447236933,3.209132853572,
    204.35899901527));
#5477 = CARTESIAN_POINT('',(-3.410544688719,1.492602087607,
    205.1639107731));
#5478 = CARTESIAN_POINT('',(-3.36170290385,-0.259193839882,
    205.96972663669));
#5479 = CARTESIAN_POINT('',(-2.571680796387,-1.560867969828,
    206.77521845238));
#5480 = CARTESIAN_POINT('',(-1.781654707824,-2.862530403963,
    207.58075138605));
#5481 = CARTESIAN_POINT('',(-0.250070737223,-3.714410553081,
    208.38649618765));
#5482 = CARTESIAN_POINT('',(1.727104754573,-3.632917122911,
    209.19151031542));
#5483 = CARTESIAN_POINT('',(3.50405201795,-2.365019169498,
    209.99801730286));
#5484 = CARTESIAN_POINT('',(4.223384321972,-0.182253138198,
    210.80243256924));
#5485 = CARTESIAN_POINT('',(3.549032362444,1.893569257512,
    211.60894221963));
#5486 = CARTESIAN_POINT('',(2.007764008002,3.135056474728,
    212.41395330125));
#5487 = CARTESIAN_POINT('',(0.26987571532,3.360865581579,213.2196997653)
  );
#5488 = CARTESIAN_POINT('',(-1.13934745714,2.78419024307,214.02523230319
    ));
#5489 = CARTESIAN_POINT('',(-2.54858325391,2.207522459038,
    214.83072605325));
#5490 = CARTESIAN_POINT('',(-3.629549525234,0.828047399886,
    215.63653238394));
#5491 = CARTESIAN_POINT('',(-3.858380898015,-1.137520505962,
    216.44146902958));
#5492 = CARTESIAN_POINT('',(-2.884045097914,-3.09094747543,
    217.24805509663));
#5493 = CARTESIAN_POINT('',(-0.840700369867,-4.142871929251,
    218.05240504435));
#5494 = CARTESIAN_POINT('',(1.315069922013,-3.801560112945,
    218.85895773353));
#5495 = CARTESIAN_POINT('',(2.782373351262,-2.473474867448,
    219.66394696717));
#5496 = CARTESIAN_POINT('',(3.277270344668,-0.792308578113,
    220.46970130473));
#5497 = CARTESIAN_POINT('',(2.92814545107,0.689776888106,221.27523230302
    ));
#5498 = CARTESIAN_POINT('',(2.579030804595,2.171872970109,
    222.08072451493));
#5499 = CARTESIAN_POINT('',(1.385637950774,3.455330240816,
    222.88653871562));
#5500 = CARTESIAN_POINT('',(-0.519928437634,3.988821209106,
    223.69145351953));
#5501 = CARTESIAN_POINT('',(-2.601735032647,3.332075580298,
    224.49808261683));
#5502 = CARTESIAN_POINT('',(-3.960343134995,1.478428091844,
    225.30236725496));
#5503 = CARTESIAN_POINT('',(-3.960488312942,-0.70417348414,
    226.10899901624));
#5504 = CARTESIAN_POINT('',(-2.878273085568,-2.361190401128,
    226.91391077256));
#5505 = CARTESIAN_POINT('',(-1.29523777897,-3.112970760564,
    227.71972663687));
#5506 = CARTESIAN_POINT('',(0.223224894594,-3.00000359736,
    228.52521845239));
#5507 = CARTESIAN_POINT('',(1.741678954325,-2.88702757697,
    229.33075138657));
#5508 = CARTESIAN_POINT('',(3.196034297623,-1.90912176217,
    230.13649618607));
#5509 = CARTESIAN_POINT('',(4.021042008693,-0.110448254769,
    230.94151031825));
#5510 = CARTESIAN_POINT('',(3.698053836673,2.048436973016,
    231.74801729923));
#5511 = CARTESIAN_POINT('',(2.079765094323,3.680321793029,
    232.55243257273));
#5512 = CARTESIAN_POINT('',(-7.595558697077E-02,4.021873442193,
    233.35894221712));
#5513 = CARTESIAN_POINT('',(-1.881849987069,3.212216686169,
    234.16395330254));
#5514 = CARTESIAN_POINT('',(-2.872032149338,1.766262067936,
    234.96969976492));
#5515 = CARTESIAN_POINT('',(-2.99798459261,0.248829902185,
    235.77523230316));
#5516 = CARTESIAN_POINT('',(-3.123949710036,-1.268609593271,
    236.58072451424));
#5517 = CARTESIAN_POINT('',(-2.385575767351,-2.858028666433,
    237.38653871727));
#5518 = CARTESIAN_POINT('',(-0.738132213463,-3.954261126509,
    238.19145351676));
#5519 = CARTESIAN_POINT('',(1.444729076775,-3.972972533428,
    238.99808262027));
#5520 = CARTESIAN_POINT('',(3.309650738935,-2.629882002594,
    239.80236725168));
#5521 = CARTESIAN_POINT('',(3.984249791982,-0.554149414427,
    240.60899901867));
#5522 = CARTESIAN_POINT('',(3.467048334303,1.356190219634,
    241.41391077114));
#5523 = CARTESIAN_POINT('',(2.193805197951,2.560360641234,
    242.21972663752));
#5524 = CARTESIAN_POINT('',(0.714752604141,2.922153256247,
    243.02521845215));
#5525 = DEFINITIONAL_REPRESENTATION('',(#5526),#5529);
#5526 = B_SPLINE_CURVE_WITH_KNOTS('',1,(#5527,#5528),.UNSPECIFIED.,.F.,
  .F.,(2,2),(0.,273.99427638432),.PIECEWISE_BEZIER_KNOTS.);
#5527 = CARTESIAN_POINT('',(0.,0.));
#5528 = CARTESIAN_POINT('',(0.,273.99427638432));
#5529 = ( GEOMETRIC_REPRESENTATION_CONTEXT(2) 
PARAMETRIC_REPRESENTATION_CONTEXT() REPRESENTATION_CONTEXT('2D SPACE',''
  ) );
#5530 = ORIENTED_EDGE('',*,*,#5531,.F.);
#5531 = EDGE_CURVE('',#3709,#4645,#5532,.T.);
#5532 = SURFACE_CURVE('',#5533,(#5536,#5543),.PCURVE_S1.);
#5533 = B_SPLINE_CURVE_WITH_KNOTS('',1,(#5534,#5535),.UNSPECIFIED.,.F.,
  .F.,(2,2),(0.,2.),.PIECEWISE_BEZIER_KNOTS.);
#5534 = CARTESIAN_POINT('',(3.58058361767,10.297532320256,
    244.97478154784));
#5535 = CARTESIAN_POINT('',(3.155992893031,10.435497774578,
    243.02524615448));
#5536 = PCURVE('',#4010,#5537);
#5537 = DEFINITIONAL_REPRESENTATION('',(#5538),#5542);
#5538 = LINE('',#5539,#5540);
#5539 = CARTESIAN_POINT('',(0.,273.99427638432));
#5540 = VECTOR('',#5541,1.);
#5541 = DIRECTION('',(1.,0.));
#5542 = ( GEOMETRIC_REPRESENTATION_CONTEXT(2) 
PARAMETRIC_REPRESENTATION_CONTEXT() REPRESENTATION_CONTEXT('2D SPACE',''
  ) );
#5543 = PCURVE('',#4608,#5544);
#5544 = DEFINITIONAL_REPRESENTATION('',(#5545),#5548);
#5545 = B_SPLINE_CURVE_WITH_KNOTS('',1,(#5546,#5547),.UNSPECIFIED.,.F.,
  .F.,(2,2),(0.,2.),.PIECEWISE_BEZIER_KNOTS.);
#5546 = CARTESIAN_POINT('',(-3.94999640258,1.000014209703));
#5547 = CARTESIAN_POINT('',(-3.950003597369,-0.999985790284));
#5548 = ( GEOMETRIC_REPRESENTATION_CONTEXT(2) 
PARAMETRIC_REPRESENTATION_CONTEXT() REPRESENTATION_CONTEXT('2D SPACE',''
  ) );
#5549 = ADVANCED_FACE('',(#5550),#4946,.T.);
#5550 = FACE_BOUND('',#5551,.T.);
#5551 = EDGE_LOOP('',(#5552,#5553,#5574,#5882));
#5552 = ORIENTED_EDGE('',*,*,#4644,.F.);
#5553 = ORIENTED_EDGE('',*,*,#5554,.T.);
#5554 = EDGE_CURVE('',#4624,#5555,#5557,.T.);
#5555 = VERTEX_POINT('',#5556);
#5556 = CARTESIAN_POINT('',(3.,0.223221722725,11.025232303313));
#5557 = SURFACE_CURVE('',#5558,(#5561,#5568),.PCURVE_S1.);
#5558 = B_SPLINE_CURVE_WITH_KNOTS('',1,(#5559,#5560),.UNSPECIFIED.,.F.,
  .F.,(2,2),(0.,7.9),.PIECEWISE_BEZIER_KNOTS.);
#5559 = CARTESIAN_POINT('',(10.9,0.223221722725,11.025232303313));
#5560 = CARTESIAN_POINT('',(3.,0.223221722725,11.025232303313));
#5561 = PCURVE('',#4946,#5562);
#5562 = DEFINITIONAL_REPRESENTATION('',(#5563),#5567);
#5563 = LINE('',#5564,#5565);
#5564 = CARTESIAN_POINT('',(0.,0.));
#5565 = VECTOR('',#5566,1.);
#5566 = DIRECTION('',(1.,0.));
#5567 = ( GEOMETRIC_REPRESENTATION_CONTEXT(2) 
PARAMETRIC_REPRESENTATION_CONTEXT() REPRESENTATION_CONTEXT('2D SPACE',''
  ) );
#5568 = PCURVE('',#3697,#5569);
#5569 = DEFINITIONAL_REPRESENTATION('',(#5570),#5573);
#5570 = B_SPLINE_CURVE_WITH_KNOTS('',1,(#5571,#5572),.UNSPECIFIED.,.F.,
  .F.,(2,2),(0.,7.9),.PIECEWISE_BEZIER_KNOTS.);
#5571 = CARTESIAN_POINT('',(-1.,3.95));
#5572 = CARTESIAN_POINT('',(-1.,-3.95));
#5573 = ( GEOMETRIC_REPRESENTATION_CONTEXT(2) 
PARAMETRIC_REPRESENTATION_CONTEXT() REPRESENTATION_CONTEXT('2D SPACE',''
  ) );
#5574 = ORIENTED_EDGE('',*,*,#5575,.T.);
#5575 = EDGE_CURVE('',#5555,#5576,#5578,.T.);
#5576 = VERTEX_POINT('',#5577);
#5577 = CARTESIAN_POINT('',(0.714752604141,2.922153256247,
    243.02521845215));
#5578 = SURFACE_CURVE('',#5579,(#5869,#5876),.PCURVE_S1.);
#5579 = B_SPLINE_CURVE_WITH_KNOTS('',9,(#5580,#5581,#5582,#5583,#5584,
    #5585,#5586,#5587,#5588,#5589,#5590,#5591,#5592,#5593,#5594,#5595,
    #5596,#5597,#5598,#5599,#5600,#5601,#5602,#5603,#5604,#5605,#5606,
    #5607,#5608,#5609,#5610,#5611,#5612,#5613,#5614,#5615,#5616,#5617,
    #5618,#5619,#5620,#5621,#5622,#5623,#5624,#5625,#5626,#5627,#5628,
    #5629,#5630,#5631,#5632,#5633,#5634,#5635,#5636,#5637,#5638,#5639,
    #5640,#5641,#5642,#5643,#5644,#5645,#5646,#5647,#5648,#5649,#5650,
    #5651,#5652,#5653,#5654,#5655,#5656,#5657,#5658,#5659,#5660,#5661,
    #5662,#5663,#5664,#5665,#5666,#5667,#5668,#5669,#5670,#5671,#5672,
    #5673,#5674,#5675,#5676,#5677,#5678,#5679,#5680,#5681,#5682,#5683,
    #5684,#5685,#5686,#5687,#5688,#5689,#5690,#5691,#5692,#5693,#5694,
    #5695,#5696,#5697,#5698,#5699,#5700,#5701,#5702,#5703,#5704,#5705,
    #5706,#5707,#5708,#5709,#5710,#5711,#5712,#5713,#5714,#5715,#5716,
    #5717,#5718,#5719,#5720,#5721,#5722,#5723,#5724,#5725,#5726,#5727,
    #5728,#5729,#5730,#5731,#5732,#5733,#5734,#5735,#5736,#5737,#5738,
    #5739,#5740,#5741,#5742,#5743,#5744,#5745,#5746,#5747,#5748,#5749,
    #5750,#5751,#5752,#5753,#5754,#5755,#5756,#5757,#5758,#5759,#5760,
    #5761,#5762,#5763,#5764,#5765,#5766,#5767,#5768,#5769,#5770,#5771,
    #5772,#5773,#5774,#5775,#5776,#5777,#5778,#5779,#5780,#5781,#5782,
    #5783,#5784,#5785,#5786,#5787,#5788,#5789,#5790,#5791,#5792,#5793,
    #5794,#5795,#5796,#5797,#5798,#5799,#5800,#5801,#5802,#5803,#5804,
    #5805,#5806,#5807,#5808,#5809,#5810,#5811,#5812,#5813,#5814,#5815,
    #5816,#5817,#5818,#5819,#5820,#5821,#5822,#5823,#5824,#5825,#5826,
    #5827,#5828,#5829,#5830,#5831,#5832,#5833,#5834,#5835,#5836,#5837,
    #5838,#5839,#5840,#5841,#5842,#5843,#5844,#5845,#5846,#5847,#5848,
    #5849,#5850,#5851,#5852,#5853,#5854,#5855,#5856,#5857,#5858,#5859,
    #5860,#5861,#5862,#5863,#5864,#5865,#5866,#5867,#5868),
  .UNSPECIFIED.,.F.,.F.,(10,9,9,9,9,9,9,9,9,9,9,9,9,9,9,9,9,9,9,9,9,9,9,
    9,9,9,9,9,9,9,9,9,10),(0.,8.56232113701,17.12464227402,
    25.68696341103,34.24928454804,42.811605685051,51.373926822061,
    59.936247959071,68.498569096081,77.060890233091,85.623211370101,
    94.185532507111,102.74785364412,111.31017478113,119.87249591814,
    128.43481705515,136.99713819216,145.55945932917,154.12178046618,
    162.68410160319,171.2464227402,179.80874387721,188.37106501422,
    196.93338615123,205.49570728824,214.05802842525,222.62034956226,
    231.18267069927,239.74499183628,248.30731297329,256.8696341103,
    265.43195524731,273.99427638432),.PIECEWISE_BEZIER_KNOTS.);
#5580 = CARTESIAN_POINT('',(3.,0.223221722725,11.025232303313));
#5581 = CARTESIAN_POINT('',(2.887034156674,1.74168475574,11.830726052947
    ));
#5582 = CARTESIAN_POINT('',(1.909112360472,3.196026008297,12.63653238444
    ));
#5583 = CARTESIAN_POINT('',(0.11045897896,4.021051463447,13.441469029109
    ));
#5584 = CARTESIAN_POINT('',(-2.048446790555,3.698045182,14.248055096808)
  );
#5585 = CARTESIAN_POINT('',(-3.680314642829,2.079771396977,
    15.052405044631));
#5586 = CARTESIAN_POINT('',(-4.021877472222,-7.595913897084E-02,
    15.858957732932));
#5587 = CARTESIAN_POINT('',(-3.212215040895,-1.88184853704,
    16.663946967845));
#5588 = CARTESIAN_POINT('',(-1.766262467701,-2.872032501696,
    17.46970130422));
#5589 = CARTESIAN_POINT('',(-0.248829902219,-2.997984592563,
    18.27523230332));
#5590 = CARTESIAN_POINT('',(1.268610082387,-3.123949498487,
    19.080726052924));
#5591 = CARTESIAN_POINT('',(2.858026653819,-2.385576638168,
    19.886532384489));
#5592 = CARTESIAN_POINT('',(3.954266056094,-0.738130080252,
    20.691469029034));
#5593 = CARTESIAN_POINT('',(3.972963787109,1.444725291668,
    21.498055096893));
#5594 = CARTESIAN_POINT('',(2.629894012215,3.309655936504,
    22.302405044562));
#5595 = CARTESIAN_POINT('',(0.554136294911,3.984244113919,
    23.108957732971));
#5596 = CARTESIAN_POINT('',(-1.356178717287,3.467053312541,
    23.913946967836));
#5597 = CARTESIAN_POINT('',(-2.560368691482,2.193801713762,
    24.719701304213));
#5598 = CARTESIAN_POINT('',(-2.922148854716,0.71475450915,25.52523230333
    ));
#5599 = CARTESIAN_POINT('',(-3.283942835858,-0.76429801853,
    26.330726052889));
#5600 = CARTESIAN_POINT('',(-2.803300101749,-2.449653197882,
    27.136532384571));
#5601 = CARTESIAN_POINT('',(-1.347625969264,-3.790113494975,
    27.941469028894));
#5602 = CARTESIAN_POINT('',(0.805429861335,-4.150054838286,
    28.748055097077));
#5603 = CARTESIAN_POINT('',(2.85750251691,-3.11525990873,29.552405044378
    ));
#5604 = CARTESIAN_POINT('',(3.848505442573,-1.170587054165,
    30.35895773311));
#5605 = CARTESIAN_POINT('',(3.636521225146,0.797115276634,
    31.163946967757));
#5606 = CARTESIAN_POINT('',(2.567322280821,2.185660106696,
    31.969701304244));
#5607 = CARTESIAN_POINT('',(1.163079487931,2.774360114014,
    32.775232303324));
#5608 = CARTESIAN_POINT('',(-0.241166400889,3.363074601808,
    33.580726052916));
#5609 = CARTESIAN_POINT('',(-1.980961150288,3.151997013257,
    34.386532384507));
#5610 = CARTESIAN_POINT('',(-3.532635760944,1.923938834309,
    35.191469029004));
#5611 = CARTESIAN_POINT('',(-4.224957766081,-0.146302074639,
    35.998055096937));
#5612 = CARTESIAN_POINT('',(-3.523917767374,-2.334987901937,
    36.802405044506));
#5613 = CARTESIAN_POINT('',(-1.758214075153,-3.618003794717,
    37.608957733032));
#5614 = CARTESIAN_POINT('',(0.218424212378,-3.716445916289,
    38.413946967779));
#5615 = CARTESIAN_POINT('',(1.757133316296,-2.877626852867,
    39.219701304255));
#5616 = CARTESIAN_POINT('',(2.558257419737,-1.582765589678,
    40.025232303306));
#5617 = CARTESIAN_POINT('',(3.359396276214,-0.287904065774,
    40.830724513951));
#5618 = CARTESIAN_POINT('',(3.423081435015,1.463493453387,
    41.636538717734));
#5619 = CARTESIAN_POINT('',(2.452877603064,3.188167449447,42.44145351624
    ));
#5620 = CARTESIAN_POINT('',(0.516428752593,4.195837723468,
    43.248082620745));
#5621 = CARTESIAN_POINT('',(-1.754978956412,3.845792014903,
    44.052367251338));
#5622 = CARTESIAN_POINT('',(-3.298413989137,2.302562297893,
    44.858999018904));
#5623 = CARTESIAN_POINT('',(-3.704860161075,0.365632672124,
    45.663910771014));
#5624 = CARTESIAN_POINT('',(-3.1170741512,-1.285331317445,
    46.469726637587));
#5625 = CARTESIAN_POINT('',(-1.963479050591,-2.279166724058,
    47.275218452132));
#5626 = CARTESIAN_POINT('',(-0.809883777931,-3.272989776531,
    48.080751386341));
#5627 = CARTESIAN_POINT('',(0.909984580897,-3.609890468286,
    48.886496187516));
#5628 = CARTESIAN_POINT('',(2.765207361079,-2.921404782822,
    49.691510315244));
#5629 = CARTESIAN_POINT('',(4.063382620844,-1.166455269384,
    50.498017303313));
#5630 = CARTESIAN_POINT('',(4.072996496877,1.131764494409,
    51.302432568767));
#5631 = CARTESIAN_POINT('',(2.790185274451,2.897602695057,
    52.108942219902));
#5632 = CARTESIAN_POINT('',(0.94071131393,3.602049088402,52.913953301247
    ));
#5633 = CARTESIAN_POINT('',(-0.781897522912,3.279769294159,
    53.719699765167));
#5634 = CARTESIAN_POINT('',(-1.943945924068,2.295844546514,
    54.525232303335));
#5635 = CARTESIAN_POINT('',(-3.106008666419,1.311923082534,
    55.330726052867));
#5636 = CARTESIAN_POINT('',(-3.707787445583,-0.334072609864,
    56.136532384613));
#5637 = CARTESIAN_POINT('',(-3.318025128066,-2.274151557681,
    56.941469028837));
#5638 = CARTESIAN_POINT('',(-1.787734584549,-3.830884686045,
    57.748055097139));
#5639 = CARTESIAN_POINT('',(0.480664266244,-4.199896045848,
    58.552405044312));
#5640 = CARTESIAN_POINT('',(2.425452499015,-3.209119562759,
    59.358957733179));
#5641 = CARTESIAN_POINT('',(3.41054007554,-1.492613740492,
    60.163946967695));
#5642 = CARTESIAN_POINT('',(3.361706132455,0.25920199568,60.969701304288
    ));
#5643 = CARTESIAN_POINT('',(2.571679031114,1.560863510512,61.7752323033)
  );
#5644 = CARTESIAN_POINT('',(1.781657936497,2.862538559973,
    62.580726053004));
#5645 = CARTESIAN_POINT('',(0.250066123921,3.714398899513,
    63.386532384312));
#5646 = CARTESIAN_POINT('',(-1.727099492497,3.632930415008,
    64.191469029306));
#5647 = CARTESIAN_POINT('',(-3.504056835025,2.365007001849,
    64.998055096587));
#5648 = CARTESIAN_POINT('',(-4.223380813724,0.182261999579,
    65.802405044815));
#5649 = CARTESIAN_POINT('',(-3.549034339755,-1.893574251879,
    66.608957732824));
#5650 = CARTESIAN_POINT('',(-2.007763200771,-3.135054435729,
    67.41394696788));
#5651 = CARTESIAN_POINT('',(-0.269875911443,-3.360866077072,
    68.219701304227));
#5652 = CARTESIAN_POINT('',(1.139347457105,-2.784190243051,
    69.025232303303));
#5653 = CARTESIAN_POINT('',(2.548583254017,-2.207522459097,
    69.830726052982));
#5654 = CARTESIAN_POINT('',(3.629549525031,-0.828047399758,
    70.636532384353));
#5655 = CARTESIAN_POINT('',(3.858380898296,1.137520505778,
    71.441469029269));
#5656 = CARTESIAN_POINT('',(2.884045097596,3.090947475586,72.24805509659
    ));
#5657 = CARTESIAN_POINT('',(0.840700370181,4.142871929223,73.05240504485
    ));
#5658 = CARTESIAN_POINT('',(-1.315069922287,3.801560112833,
    73.858957732775));
#5659 = CARTESIAN_POINT('',(-2.782373351057,2.473474867617,
    74.663946967917));
#5660 = CARTESIAN_POINT('',(-3.277270344795,0.792308577973,
    75.469701304211));
#5661 = CARTESIAN_POINT('',(-2.928145451007,-0.689776888027,
    76.275232303304));
#5662 = CARTESIAN_POINT('',(-2.579030804844,-2.171872970365,
    77.080724513944));
#5663 = CARTESIAN_POINT('',(-1.385637950141,-3.455330240365,
    77.886538717746));
#5664 = CARTESIAN_POINT('',(0.519928436518,-3.988821209605,
    78.691453516248));
#5665 = CARTESIAN_POINT('',(2.601735034053,-3.332075579987,
    79.49808262069));
#5666 = CARTESIAN_POINT('',(3.96034313371,-1.478428091853,
    80.302367251441));
#5667 = CARTESIAN_POINT('',(3.960488313801,0.704173483944,
    81.108999018788));
#5668 = CARTESIAN_POINT('',(2.878273085144,2.361190401348,
    81.913910771103));
#5669 = CARTESIAN_POINT('',(1.295237779129,3.112970760422,
    82.719726637537));
#5670 = CARTESIAN_POINT('',(-0.223224894642,3.000003597421,
    83.525218452151));
#5671 = CARTESIAN_POINT('',(-1.74167895439,2.887027577075,
    84.330751386372));
#5672 = CARTESIAN_POINT('',(-3.196034297395,1.909121761596,
    85.136496187361));
#5673 = CARTESIAN_POINT('',(-4.021042008949,0.110448256,85.941510315567)
  );
#5674 = CARTESIAN_POINT('',(-3.698053836624,-2.048436974667,
    86.748017302864));
#5675 = CARTESIAN_POINT('',(-2.079765094087,-3.680321791536,
    87.552432569228));
#5676 = CARTESIAN_POINT('',(7.595558662954E-02,-4.021873443095,
    88.358942219534));
#5677 = CARTESIAN_POINT('',(1.881849987285,-3.212216685845,
    89.163953301479));
#5678 = CARTESIAN_POINT('',(2.872032149308,-1.766262067961,
    89.969699765051));
#5679 = CARTESIAN_POINT('',(2.997984592546,-0.24882990223,
    90.775232303378));
#5680 = CARTESIAN_POINT('',(3.123949498555,1.268610082427,
    91.580726052719));
#5681 = CARTESIAN_POINT('',(2.385576638008,2.858026653752,
    92.386532384922));
#5682 = CARTESIAN_POINT('',(0.738130080508,3.95426605616,93.191469028386
    ));
#5683 = CARTESIAN_POINT('',(-1.444725291955,3.972963787082,
    93.998055097612));
#5684 = CARTESIAN_POINT('',(-3.30965593628,2.629894012201,
    94.802405043979));
#5685 = CARTESIAN_POINT('',(-3.984244114035,0.554136294934,
    95.608957733291));
#5686 = CARTESIAN_POINT('',(-3.467053312507,-1.35617871729,
    96.413946967751));
#5687 = CARTESIAN_POINT('',(-2.19380171376,-2.560368691496,
    97.21970130418));
#5688 = CARTESIAN_POINT('',(-0.714754509158,-2.9221488547,
    98.025232303379));
#5689 = CARTESIAN_POINT('',(0.764298018549,-3.28394283592,
    98.830726052701));
#5690 = CARTESIAN_POINT('',(2.449653197864,-2.803300101599,
    99.636532385024));
#5691 = CARTESIAN_POINT('',(3.790113494952,-1.347625969509,
    100.44146902811));
#5692 = CARTESIAN_POINT('',(4.15005483839,0.805429861619,101.24805509807
    ));
#5693 = CARTESIAN_POINT('',(3.115259908554,2.857502516674,
    102.05240504339));
#5694 = CARTESIAN_POINT('',(1.170587054348,3.848505442714,
    102.85895773385));
#5695 = CARTESIAN_POINT('',(-0.797115276764,3.636521225086,
    103.66394696731));
#5696 = CARTESIAN_POINT('',(-2.185660106632,2.56732228084,
    104.46970130444));
#5697 = CARTESIAN_POINT('',(-2.774360114036,1.163079487925,
    105.27523230326));
#5698 = CARTESIAN_POINT('',(-3.363074601711,-0.241166400859,
    106.08072605315));
#5699 = CARTESIAN_POINT('',(-3.151997013503,-1.980961150344,
    106.88653238393));
#5700 = CARTESIAN_POINT('',(-1.923938833886,-3.532635760899,
    107.69146902995));
#5701 = CARTESIAN_POINT('',(0.146302074129,-4.224957766069,
    108.49805509577));
#5702 = CARTESIAN_POINT('',(2.33498790237,-3.523917767439,
    109.30240504553));
#5703 = CARTESIAN_POINT('',(3.618003794469,-1.758214075101,
    110.10895773243));
#5704 = CARTESIAN_POINT('',(3.716445916374,0.218424212388,
    110.91394696791));
#5705 = CARTESIAN_POINT('',(2.87762685286,1.757133316237,111.71970130438
    ));
#5706 = CARTESIAN_POINT('',(1.582765589671,2.558257419797,
    112.52523230313));
#5707 = CARTESIAN_POINT('',(0.287904065774,3.359396276011,113.3307245145
    ));
#5708 = CARTESIAN_POINT('',(-1.463493453306,3.423081435453,
    114.13653871652));
#5709 = CARTESIAN_POINT('',(-3.188167449715,2.452877602406,
    114.94145351817));
#5710 = CARTESIAN_POINT('',(-4.195837722983,0.516428753296,
    115.74808261837));
#5711 = CARTESIAN_POINT('',(-3.845792015485,-1.75497895694,
    116.55236725359));
#5712 = CARTESIAN_POINT('',(-2.3025622974,-3.298413988874,
    117.35899901722));
#5713 = CARTESIAN_POINT('',(-0.365632672426,-3.704860161149,
    118.16391077197));
#5714 = CARTESIAN_POINT('',(1.285331317578,-3.117074151197,
    118.96972663717));
#5715 = CARTESIAN_POINT('',(2.279166724019,-1.963479050587,
    119.77521845224));
#5716 = CARTESIAN_POINT('',(3.272989776579,-0.809883777927,
    120.58075138618));
#5717 = CARTESIAN_POINT('',(3.609890468256,0.909984580859,
    121.38649618763));
#5718 = CARTESIAN_POINT('',(2.921404782815,2.765207361181,
    122.19151031524));
#5719 = CARTESIAN_POINT('',(1.166455269415,4.063382620675,
    122.99801730315));
#5720 = CARTESIAN_POINT('',(-1.131764494432,4.072996497067,
    123.80243256903));
#5721 = CARTESIAN_POINT('',(-2.89760269506,2.790185274298,
    124.60894221963));
#5722 = CARTESIAN_POINT('',(-3.602049088386,0.940711314018,
    125.41395330143));
#5723 = CARTESIAN_POINT('',(-3.27976929417,-0.781897522945,
    126.21969976508));
#5724 = CARTESIAN_POINT('',(-2.295844546513,-1.943945924064,
    127.02523230334));
#5725 = CARTESIAN_POINT('',(-1.311923082546,-3.106008666447,
    127.83072605276));
#5726 = CARTESIAN_POINT('',(0.334072609908,-3.707787445524,
    128.63653238489));
#5727 = CARTESIAN_POINT('',(2.274151557586,-3.318025128136,
    129.44146902832));
#5728 = CARTESIAN_POINT('',(3.830884686188,-1.787734584514,
    130.24805509781));
#5729 = CARTESIAN_POINT('',(4.199896045686,0.480664266267,
    131.05240504363));
#5730 = CARTESIAN_POINT('',(3.209119562904,2.425452498958,131.8589577337
    ));
#5731 = CARTESIAN_POINT('',(1.492613740386,3.410540075591,
    132.66394696734));
#5732 = CARTESIAN_POINT('',(-0.259201995615,3.361706132426,
    133.46970130448));
#5733 = CARTESIAN_POINT('',(-1.560863510546,2.571679031126,
    134.2752323032));
#5734 = CARTESIAN_POINT('',(-2.862538559852,1.781657936443,
    135.08072605335));
#5735 = CARTESIAN_POINT('',(-3.71439889977,0.250066124088,
    135.88653238351));
#5736 = CARTESIAN_POINT('',(-3.632930414639,-1.727099492842,
    136.69146903062));
#5737 = CARTESIAN_POINT('',(-2.365007002209,-3.504056834524,
    137.49805509492));
#5738 = CARTESIAN_POINT('',(-0.182261999355,-4.223380814244,
    138.30240504641));
#5739 = CARTESIAN_POINT('',(1.893574251811,-3.549034339377,
    139.10895773168));
#5740 = CARTESIAN_POINT('',(3.135054435717,-2.007763200954,
    139.91394696845));
#5741 = CARTESIAN_POINT('',(3.360866077088,-0.269875911396,
    140.71970130406));
#5742 = CARTESIAN_POINT('',(2.784190243054,1.139347457112,
    141.52523230328));
#5743 = CARTESIAN_POINT('',(2.207522459093,2.548583254021,
    142.33072605298));
#5744 = CARTESIAN_POINT('',(0.828047399754,3.629549524997,
    143.13653238442));
#5745 = CARTESIAN_POINT('',(-1.137520505745,3.858380898369,
    143.94146902906));
#5746 = CARTESIAN_POINT('',(-3.090947475659,2.884045097504,
    144.7480550969));
#5747 = CARTESIAN_POINT('',(-4.142871929129,0.840700370256,
    145.55240504451));
#5748 = CARTESIAN_POINT('',(-3.801560112904,-1.315069922329,
    146.358957733));
#5749 = CARTESIAN_POINT('',(-2.473474867592,-2.782373351038,
    147.16394696783));
#5750 = CARTESIAN_POINT('',(-0.792308577965,-3.277270344808,
    147.96970130418));
#5751 = CARTESIAN_POINT('',(0.689776888012,-2.928145450996,
    148.77523230335));
#5752 = CARTESIAN_POINT('',(2.17187297041,-2.579030804888,
    149.58072451377));
#5753 = CARTESIAN_POINT('',(3.455330240286,-1.385637950033,
    150.38653871812));
#5754 = CARTESIAN_POINT('',(3.988821209688,0.519928436341,
    151.19145351565));
#5755 = CARTESIAN_POINT('',(3.332075579947,2.601735034255,
    151.99808262137));
#5756 = CARTESIAN_POINT('',(1.478428091832,3.96034313355,152.80236725085
    ));
#5757 = CARTESIAN_POINT('',(-0.704173483897,3.960488313884,
    153.60899901914));
#5758 = CARTESIAN_POINT('',(-2.361190401381,2.87827308512,
    154.41391077096));
#5759 = CARTESIAN_POINT('',(-3.112970760417,1.295237779127,
    155.21972663754));
#5760 = CARTESIAN_POINT('',(-3.000003597412,-0.223224894636,
    156.02521845218));
#5761 = CARTESIAN_POINT('',(-2.887027576985,-1.741678954319,
    156.83075138662));
#5762 = CARTESIAN_POINT('',(-1.909121761935,-3.19603429757,
    157.63649618652));
#5763 = CARTESIAN_POINT('',(-0.110448255326,-4.021042008739,
    158.44151031707));
#5764 = CARTESIAN_POINT('',(2.048436973786,-3.698053836748,
    159.24801730097));
#5765 = CARTESIAN_POINT('',(3.680321792322,-2.079765094098,
    160.05243257093));
#5766 = CARTESIAN_POINT('',(4.021873442632,7.595558670095E-02,
    160.85894221847));
#5767 = CARTESIAN_POINT('',(3.212216685995,1.881849987252,
    161.66395330184));
#5768 = CARTESIAN_POINT('',(1.766262067969,2.872032149277,
    162.46969976511));
#5769 = CARTESIAN_POINT('',(0.248829902193,2.9979845926,163.27523230319)
  );
#5770 = CARTESIAN_POINT('',(-1.268610082331,3.123949498372,
    164.08072605326));
#5771 = CARTESIAN_POINT('',(-2.858026653887,2.385576638423,
    164.8865323838));
#5772 = CARTESIAN_POINT('',(-3.954266056075,0.738130079841,
    165.69146903009));
#5773 = CARTESIAN_POINT('',(-3.972963787023,-1.444725291186,
    166.49805509561));
#5774 = CARTESIAN_POINT('',(-2.629894012397,-3.309655936916,
    167.30240504579));
#5775 = CARTESIAN_POINT('',(-0.554136294706,-3.984244113665,
    168.10895773202));
#5776 = CARTESIAN_POINT('',(1.356178717135,-3.467053312653,
    168.9139469684));
#5777 = CARTESIAN_POINT('',(2.560368691558,-2.193801713725,
    169.71970130396));
#5778 = CARTESIAN_POINT('',(2.922148854693,-0.71475450916,
    170.52523230339));
#5779 = CARTESIAN_POINT('',(3.283942968515,0.764297502415,
    171.33072451356));
#5780 = CARTESIAN_POINT('',(2.80329955601,2.449655321888,172.13653871865
    ));
#5781 = CARTESIAN_POINT('',(1.347627305792,3.790108292296,172.9414535147
    ));
#5782 = CARTESIAN_POINT('',(-0.805432232426,4.150064069312,
    173.74808262264));
#5783 = CARTESIAN_POINT('',(-2.857499261415,3.115247233507,
    174.55236724953));
#5784 = CARTESIAN_POINT('',(-3.848508998732,1.170600900748,
    175.3589990202));
#5785 = CARTESIAN_POINT('',(-3.636518107439,-0.797127416351,
    176.16391077031));
#5786 = CARTESIAN_POINT('',(-2.567324462803,-2.185651610425,
    176.96972663782));
#5787 = CARTESIAN_POINT('',(-1.163078294922,-2.774364759379,
    177.77521845211));
#5788 = CARTESIAN_POINT('',(0.241164218889,-3.363066105416,
    178.58075138677));
#5789 = CARTESIAN_POINT('',(1.980964267925,-3.152009153355,
    179.3864961863));
#5790 = CARTESIAN_POINT('',(3.532632205159,-1.923924987038,
    180.19151031736));
#5791 = CARTESIAN_POINT('',(4.224961020782,0.146289398575,
    180.99801730066));
#5792 = CARTESIAN_POINT('',(3.523915397315,2.334997133688,
    181.80243257121));
#5793 = CARTESIAN_POINT('',(1.758215410791,3.617998591597,
    182.60894221824));
#5794 = CARTESIAN_POINT('',(-0.21842475761,3.716448040482,
    183.41395330199));
#5795 = CARTESIAN_POINT('',(-1.757133183802,2.877626336701,
    184.21969976503));
#5796 = CARTESIAN_POINT('',(-2.558257419761,1.582765589675,
    185.02523230323));
#5797 = CARTESIAN_POINT('',(-3.359396276166,0.28790406577,
    185.83072451407));
#5798 = CARTESIAN_POINT('',(-3.423081435086,-1.463493453362,
    186.63653871757));
#5799 = CARTESIAN_POINT('',(-2.452877602991,-3.188167449495,
    187.44145351636));
#5800 = CARTESIAN_POINT('',(-0.516428752641,-4.195837723422,
    188.24808262072));
#5801 = CARTESIAN_POINT('',(1.754978956425,-3.845792014917,
    189.05236725124));
#5802 = CARTESIAN_POINT('',(3.298413989146,-2.302562297914,
    189.85899901904));
#5803 = CARTESIAN_POINT('',(3.704860161066,-0.365632672092,
    190.66391077089));
#5804 = CARTESIAN_POINT('',(3.117074151203,1.285331317422,
    191.46972663765));
#5805 = CARTESIAN_POINT('',(1.963479050592,2.279166724068,
    192.27521845209));
#5806 = CARTESIAN_POINT('',(0.809883777956,3.27298977657,193.08075138619
    ));
#5807 = CARTESIAN_POINT('',(-0.909984581024,3.609890468159,
    193.8864961881));
#5808 = CARTESIAN_POINT('',(-2.765207360762,2.921404783008,
    194.69151031405));
#5809 = CARTESIAN_POINT('',(-4.063382621361,1.166455269245,
    195.49801730499));
#5810 = CARTESIAN_POINT('',(-4.072996496265,-1.131764494399,
    196.30243256693));
#5811 = CARTESIAN_POINT('',(-2.790185275008,-2.897602694964,
    197.10894222151));
#5812 = CARTESIAN_POINT('',(-0.940711313525,-3.602049088509,
    197.91395330008));
#5813 = CARTESIAN_POINT('',(0.781897522672,-3.279769294095,
    198.71969976585));
#5814 = CARTESIAN_POINT('',(1.943945924181,-2.295844546536,
    199.52523230301));
#5815 = CARTESIAN_POINT('',(3.106008469856,-1.311923577897,
    200.33072451504));
#5816 = CARTESIAN_POINT('',(3.707788253645,0.334074648448,
    201.13653871524));
#5817 = CARTESIAN_POINT('',(3.318023149703,2.274146564258,
    201.94145352031));
#5818 = CARTESIAN_POINT('',(1.787738093673,3.83089354594,202.74808261568
    ));
#5819 = CARTESIAN_POINT('',(-0.480669083728,4.199883879844,
    203.5523672562));
#5820 = CARTESIAN_POINT('',(-2.425447236933,3.209132853572,
    204.35899901527));
#5821 = CARTESIAN_POINT('',(-3.410544688719,1.492602087607,
    205.1639107731));
#5822 = CARTESIAN_POINT('',(-3.36170290385,-0.259193839882,
    205.96972663669));
#5823 = CARTESIAN_POINT('',(-2.571680796387,-1.560867969828,
    206.77521845238));
#5824 = CARTESIAN_POINT('',(-1.781654707824,-2.862530403963,
    207.58075138605));
#5825 = CARTESIAN_POINT('',(-0.250070737223,-3.714410553081,
    208.38649618765));
#5826 = CARTESIAN_POINT('',(1.727104754573,-3.632917122911,
    209.19151031542));
#5827 = CARTESIAN_POINT('',(3.50405201795,-2.365019169498,
    209.99801730286));
#5828 = CARTESIAN_POINT('',(4.223384321972,-0.182253138198,
    210.80243256924));
#5829 = CARTESIAN_POINT('',(3.549032362444,1.893569257512,
    211.60894221963));
#5830 = CARTESIAN_POINT('',(2.007764008002,3.135056474728,
    212.41395330125));
#5831 = CARTESIAN_POINT('',(0.26987571532,3.360865581579,213.2196997653)
  );
#5832 = CARTESIAN_POINT('',(-1.13934745714,2.78419024307,214.02523230319
    ));
#5833 = CARTESIAN_POINT('',(-2.54858325391,2.207522459038,
    214.83072605325));
#5834 = CARTESIAN_POINT('',(-3.629549525234,0.828047399886,
    215.63653238394));
#5835 = CARTESIAN_POINT('',(-3.858380898015,-1.137520505962,
    216.44146902958));
#5836 = CARTESIAN_POINT('',(-2.884045097914,-3.09094747543,
    217.24805509663));
#5837 = CARTESIAN_POINT('',(-0.840700369867,-4.142871929251,
    218.05240504435));
#5838 = CARTESIAN_POINT('',(1.315069922013,-3.801560112945,
    218.85895773353));
#5839 = CARTESIAN_POINT('',(2.782373351262,-2.473474867448,
    219.66394696717));
#5840 = CARTESIAN_POINT('',(3.277270344668,-0.792308578113,
    220.46970130473));
#5841 = CARTESIAN_POINT('',(2.92814545107,0.689776888106,221.27523230302
    ));
#5842 = CARTESIAN_POINT('',(2.579030804595,2.171872970109,
    222.08072451493));
#5843 = CARTESIAN_POINT('',(1.385637950774,3.455330240816,
    222.88653871562));
#5844 = CARTESIAN_POINT('',(-0.519928437634,3.988821209106,
    223.69145351953));
#5845 = CARTESIAN_POINT('',(-2.601735032647,3.332075580298,
    224.49808261683));
#5846 = CARTESIAN_POINT('',(-3.960343134995,1.478428091844,
    225.30236725496));
#5847 = CARTESIAN_POINT('',(-3.960488312942,-0.70417348414,
    226.10899901624));
#5848 = CARTESIAN_POINT('',(-2.878273085568,-2.361190401128,
    226.91391077256));
#5849 = CARTESIAN_POINT('',(-1.29523777897,-3.112970760564,
    227.71972663687));
#5850 = CARTESIAN_POINT('',(0.223224894594,-3.00000359736,
    228.52521845239));
#5851 = CARTESIAN_POINT('',(1.741678954325,-2.88702757697,
    229.33075138657));
#5852 = CARTESIAN_POINT('',(3.196034297623,-1.90912176217,
    230.13649618607));
#5853 = CARTESIAN_POINT('',(4.021042008693,-0.110448254769,
    230.94151031825));
#5854 = CARTESIAN_POINT('',(3.698053836673,2.048436973016,
    231.74801729923));
#5855 = CARTESIAN_POINT('',(2.079765094323,3.680321793029,
    232.55243257273));
#5856 = CARTESIAN_POINT('',(-7.595558697077E-02,4.021873442193,
    233.35894221712));
#5857 = CARTESIAN_POINT('',(-1.881849987069,3.212216686169,
    234.16395330254));
#5858 = CARTESIAN_POINT('',(-2.872032149338,1.766262067936,
    234.96969976492));
#5859 = CARTESIAN_POINT('',(-2.99798459261,0.248829902185,
    235.77523230316));
#5860 = CARTESIAN_POINT('',(-3.123949710036,-1.268609593271,
    236.58072451424));
#5861 = CARTESIAN_POINT('',(-2.385575767351,-2.858028666433,
    237.38653871727));
#5862 = CARTESIAN_POINT('',(-0.738132213463,-3.954261126509,
    238.19145351676));
#5863 = CARTESIAN_POINT('',(1.444729076775,-3.972972533428,
    238.99808262027));
#5864 = CARTESIAN_POINT('',(3.309650738935,-2.629882002594,
    239.80236725168));
#5865 = CARTESIAN_POINT('',(3.984249791982,-0.554149414427,
    240.60899901867));
#5866 = CARTESIAN_POINT('',(3.467048334303,1.356190219634,
    241.41391077114));
#5867 = CARTESIAN_POINT('',(2.193805197951,2.560360641234,
    242.21972663752));
#5868 = CARTESIAN_POINT('',(0.714752604141,2.922153256247,
    243.02521845215));
#5869 = PCURVE('',#4946,#5870);
#5870 = DEFINITIONAL_REPRESENTATION('',(#5871),#5875);
#5871 = LINE('',#5872,#5873);
#5872 = CARTESIAN_POINT('',(7.9,0.));
#5873 = VECTOR('',#5874,1.);
#5874 = DIRECTION('',(0.,1.));
#5875 = ( GEOMETRIC_REPRESENTATION_CONTEXT(2) 
PARAMETRIC_REPRESENTATION_CONTEXT() REPRESENTATION_CONTEXT('2D SPACE',''
  ) );
#5876 = PCURVE('',#3097,#5877);
#5877 = DEFINITIONAL_REPRESENTATION('',(#5878),#5881);
#5878 = B_SPLINE_CURVE_WITH_KNOTS('',1,(#5879,#5880),.UNSPECIFIED.,.F.,
  .F.,(2,2),(0.,273.99427638432),.PIECEWISE_BEZIER_KNOTS.);
#5879 = CARTESIAN_POINT('',(0.,0.));
#5880 = CARTESIAN_POINT('',(0.,273.99427638432));
#5881 = ( GEOMETRIC_REPRESENTATION_CONTEXT(2) 
PARAMETRIC_REPRESENTATION_CONTEXT() REPRESENTATION_CONTEXT('2D SPACE',''
  ) );
#5882 = ORIENTED_EDGE('',*,*,#5883,.F.);
#5883 = EDGE_CURVE('',#4645,#5576,#5884,.T.);
#5884 = SURFACE_CURVE('',#5885,(#5888,#5895),.PCURVE_S1.);
#5885 = B_SPLINE_CURVE_WITH_KNOTS('',1,(#5886,#5887),.UNSPECIFIED.,.F.,
  .F.,(2,2),(0.,7.9),.PIECEWISE_BEZIER_KNOTS.);
#5886 = CARTESIAN_POINT('',(3.155992893031,10.435497774578,
    243.02524615448));
#5887 = CARTESIAN_POINT('',(0.714752604141,2.922153256247,
    243.02521845215));
#5888 = PCURVE('',#4946,#5889);
#5889 = DEFINITIONAL_REPRESENTATION('',(#5890),#5894);
#5890 = LINE('',#5891,#5892);
#5891 = CARTESIAN_POINT('',(0.,273.99427638432));
#5892 = VECTOR('',#5893,1.);
#5893 = DIRECTION('',(1.,0.));
#5894 = ( GEOMETRIC_REPRESENTATION_CONTEXT(2) 
PARAMETRIC_REPRESENTATION_CONTEXT() REPRESENTATION_CONTEXT('2D SPACE',''
  ) );
#5895 = PCURVE('',#4608,#5896);
#5896 = DEFINITIONAL_REPRESENTATION('',(#5897),#5900);
#5897 = B_SPLINE_CURVE_WITH_KNOTS('',1,(#5898,#5899),.UNSPECIFIED.,.F.,
  .F.,(2,2),(0.,7.9),.PIECEWISE_BEZIER_KNOTS.);
#5898 = CARTESIAN_POINT('',(-3.950003597369,-0.999985790284));
#5899 = CARTESIAN_POINT('',(3.94999640258,-1.000014209703));
#5900 = ( GEOMETRIC_REPRESENTATION_CONTEXT(2) 
PARAMETRIC_REPRESENTATION_CONTEXT() REPRESENTATION_CONTEXT('2D SPACE',''
  ) );
#5901 = ADVANCED_FACE('',(#5902),#3097,.T.);
#5902 = FACE_BOUND('',#5903,.T.);
#5903 = EDGE_LOOP('',(#5904,#5905,#5924,#5925));
#5904 = ORIENTED_EDGE('',*,*,#5575,.F.);
#5905 = ORIENTED_EDGE('',*,*,#5906,.T.);
#5906 = EDGE_CURVE('',#5555,#2215,#5907,.T.);
#5907 = SURFACE_CURVE('',#5908,(#5911,#5918),.PCURVE_S1.);
#5908 = B_SPLINE_CURVE_WITH_KNOTS('',1,(#5909,#5910),.UNSPECIFIED.,.F.,
  .F.,(2,2),(0.,2.),.PIECEWISE_BEZIER_KNOTS.);
#5909 = CARTESIAN_POINT('',(3.,0.223221722725,11.025232303313));
#5910 = CARTESIAN_POINT('',(3.,-0.223221722725,12.974767696687));
#5911 = PCURVE('',#3097,#5912);
#5912 = DEFINITIONAL_REPRESENTATION('',(#5913),#5917);
#5913 = LINE('',#5914,#5915);
#5914 = CARTESIAN_POINT('',(0.,0.));
#5915 = VECTOR('',#5916,1.);
#5916 = DIRECTION('',(1.,0.));
#5917 = ( GEOMETRIC_REPRESENTATION_CONTEXT(2) 
PARAMETRIC_REPRESENTATION_CONTEXT() REPRESENTATION_CONTEXT('2D SPACE',''
  ) );
#5918 = PCURVE('',#3697,#5919);
#5919 = DEFINITIONAL_REPRESENTATION('',(#5920),#5923);
#5920 = B_SPLINE_CURVE_WITH_KNOTS('',1,(#5921,#5922),.UNSPECIFIED.,.F.,
  .F.,(2,2),(0.,2.),.PIECEWISE_BEZIER_KNOTS.);
#5921 = CARTESIAN_POINT('',(-1.,-3.95));
#5922 = CARTESIAN_POINT('',(1.,-3.95));
#5923 = ( GEOMETRIC_REPRESENTATION_CONTEXT(2) 
PARAMETRIC_REPRESENTATION_CONTEXT() REPRESENTATION_CONTEXT('2D SPACE',''
  ) );
#5924 = ORIENTED_EDGE('',*,*,#2214,.T.);
#5925 = ORIENTED_EDGE('',*,*,#5926,.F.);
#5926 = EDGE_CURVE('',#5576,#2217,#5927,.T.);
#5927 = SURFACE_CURVE('',#5928,(#5931,#5938),.PCURVE_S1.);
#5928 = B_SPLINE_CURVE_WITH_KNOTS('',1,(#5929,#5930),.UNSPECIFIED.,.F.,
  .F.,(2,2),(0.,2.),.PIECEWISE_BEZIER_KNOTS.);
#5929 = CARTESIAN_POINT('',(0.714752604141,2.922153256247,
    243.02521845215));
#5930 = CARTESIAN_POINT('',(1.139343328781,2.784187801925,
    244.97475384551));
#5931 = PCURVE('',#3097,#5932);
#5932 = DEFINITIONAL_REPRESENTATION('',(#5933),#5937);
#5933 = LINE('',#5934,#5935);
#5934 = CARTESIAN_POINT('',(0.,273.99427638432));
#5935 = VECTOR('',#5936,1.);
#5936 = DIRECTION('',(1.,0.));
#5937 = ( GEOMETRIC_REPRESENTATION_CONTEXT(2) 
PARAMETRIC_REPRESENTATION_CONTEXT() REPRESENTATION_CONTEXT('2D SPACE',''
  ) );
#5938 = PCURVE('',#4608,#5939);
#5939 = DEFINITIONAL_REPRESENTATION('',(#5940),#5943);
#5940 = B_SPLINE_CURVE_WITH_KNOTS('',1,(#5941,#5942),.UNSPECIFIED.,.F.,
  .F.,(2,2),(0.,2.),.PIECEWISE_BEZIER_KNOTS.);
#5941 = CARTESIAN_POINT('',(3.94999640258,-1.000014209703));
#5942 = CARTESIAN_POINT('',(3.950003597369,0.999985790284));
#5943 = ( GEOMETRIC_REPRESENTATION_CONTEXT(2) 
PARAMETRIC_REPRESENTATION_CONTEXT() REPRESENTATION_CONTEXT('2D SPACE',''
  ) );
#5944 = ADVANCED_FACE('',(#5945),#3697,.F.);
#5945 = FACE_BOUND('',#5946,.F.);
#5946 = EDGE_LOOP('',(#5947,#5948,#5949,#5950));
#5947 = ORIENTED_EDGE('',*,*,#3682,.T.);
#5948 = ORIENTED_EDGE('',*,*,#4623,.T.);
#5949 = ORIENTED_EDGE('',*,*,#5554,.T.);
#5950 = ORIENTED_EDGE('',*,*,#5906,.T.);
#5951 = ADVANCED_FACE('',(#5952),#4608,.T.);
#5952 = FACE_BOUND('',#5953,.T.);
#5953 = EDGE_LOOP('',(#5954,#5955,#5956,#5957));
#5954 = ORIENTED_EDGE('',*,*,#4595,.T.);
#5955 = ORIENTED_EDGE('',*,*,#5531,.T.);
#5956 = ORIENTED_EDGE('',*,*,#5883,.T.);
#5957 = ORIENTED_EDGE('',*,*,#5926,.T.);
#5958 = ( GEOMETRIC_REPRESENTATION_CONTEXT(3) 
GLOBAL_UNCERTAINTY_ASSIGNED_CONTEXT((#5962)) 
GLOBAL_UNIT_ASSIGNED_CONTEXT((#5959,#5960,#5961)) REPRESENTATION_CONTEXT
('Context #1','3D Context with UNIT and UNCERTAINTY') );
#5959 = ( LENGTH_UNIT() NAMED_UNIT(*) SI_UNIT(.MILLI.,.METRE.) );
#5960 = ( NAMED_UNIT(*) PLANE_ANGLE_UNIT() SI_UNIT($,.RADIAN.) );
#5961 = ( NAMED_UNIT(*) SI_UNIT($,.STERADIAN.) SOLID_ANGLE_UNIT() );
#5962 = UNCERTAINTY_MEASURE_WITH_UNIT(LENGTH_MEASURE(2.E-05),#5959,
  'distance_accuracy_value','confusion accuracy');
#5963 = CONTEXT_DEPENDENT_SHAPE_REPRESENTATION(#5964,#5966);
#5964 = ( REPRESENTATION_RELATIONSHIP('','',#2207,#10) 
REPRESENTATION_RELATIONSHIP_WITH_TRANSFORMATION(#5965) 
SHAPE_REPRESENTATION_RELATIONSHIP() );
#5965 = ITEM_DEFINED_TRANSFORMATION('','',#11,#19);
#5966 = PRODUCT_DEFINITION_SHAPE('Placement','Placement of an item',
  #5967);
#5967 = NEXT_ASSEMBLY_USAGE_OCCURRENCE('2','','',#5,#2202,$);
#5968 = PRODUCT_RELATED_PRODUCT_CATEGORY('part',$,(#2204));
ENDSEC;
END-ISO-10303-21;
